ISO-10303-21;
HEADER;
FILE_DESCRIPTION (( 'STEP AP214' ),
    '1' );
FILE_NAME ('A2 J7输出轴V2-250904外发文件.STEP',
    '2025-09-04T09:54:01',
    ( '' ),
    ( '' ),
    'SwSTEP 2.0',
    'SolidWorks 2021',
    '' );
FILE_SCHEMA (( 'AUTOMOTIVE_DESIGN' ));
ENDSEC;

DATA;
#1 = EDGE_CURVE ( 'NONE', #4127, #177, #2863, .T. ) ;
#2 = ORIENTED_EDGE ( 'NONE', *, *, #36, .T. ) ;
#3 = ADVANCED_FACE ( 'NONE', ( #3281 ), #4901, .F. ) ;
#4 = DIRECTION ( 'NONE',  ( 0.000000000000000000, 0.000000000000000000, 1.000000000000000000 ) ) ;
#5 = CARTESIAN_POINT ( 'NONE',  ( 24.64308257194780438, 267.3038415723867161, 758.0931354900990300 ) ) ;
#6 = DIRECTION ( 'NONE',  ( 1.000000000000000000, 0.000000000000000000, 0.000000000000000000 ) ) ;
#7 = ORIENTED_EDGE ( 'NONE', *, *, #2042, .T. ) ;
#8 = VERTEX_POINT ( 'NONE', #2000 ) ;
#9 = ORIENTED_EDGE ( 'NONE', *, *, #5067, .T. ) ;
#10 = FACE_OUTER_BOUND ( 'NONE', #2776, .T. ) ;
#11 = ORIENTED_EDGE ( 'NONE', *, *, #1058, .F. ) ;
#12 = CONICAL_SURFACE ( 'NONE', #3753, 3.000000000000006661, 0.7853981633973941001 ) ;
#13 = CARTESIAN_POINT ( 'NONE',  ( 28.79325657931044091, 253.9855797318795680, 749.0984944291249121 ) ) ;
#14 = CARTESIAN_POINT ( 'NONE',  ( -1.961003193912090214, 227.5853693722357320, 752.0931354135001357 ) ) ;
#15 = DIRECTION ( 'NONE',  ( 1.000000000000000000, 0.000000000000000000, 0.000000000000000000 ) ) ;
#16 = AXIS2_PLACEMENT_3D ( 'NONE', #4823, #1448, #1870 ) ;
#17 = DIRECTION ( 'NONE',  ( -0.000000000000000000, -0.000000000000000000, -1.000000000000000000 ) ) ;
#18 = CARTESIAN_POINT ( 'NONE',  ( 35.41988090264295863, 265.9699640283543545, 753.0702258569326659 ) ) ;
#19 = B_SPLINE_SURFACE_WITH_KNOTS ( 'NONE', 1, 3, ( 
 ( #2141, #5035, #386, #4158, #23, #3734, #2454, #336, #1865, #997, #1788, #4377, #3088, #2262, #1763, #3482, #3558, #3533 ),
 ( #3981, #4715, #3033, #559, #1307, #4741, #4797, #471, #5237, #2671, #919, #2172, #135, #3874, #159, #3508, #5211, #502 ) ),
 .UNSPECIFIED., .F., .F., .F.,
 ( 2, 2 ),
 ( 4, 2, 2, 2, 2, 2, 2, 2, 4 ),
 ( 0.000000000000000000, 1.000000000000000000 ),
 ( 3.141592653589793116, 3.337942194439155408, 3.534291735288517255, 3.730641276137879103, 3.926990816987241395, 4.123340357836603687, 4.319689898685965090, 4.516039439535327382, 4.712388980384689674 ),
 .UNSPECIFIED. ) ;
#20 = ORIENTED_EDGE ( 'NONE', *, *, #2853, .F. ) ;
#21 = CARTESIAN_POINT ( 'NONE',  ( -13.99999898208992910, 271.6503851739110473, 752.3931354135000902 ) ) ;
#22 = CARTESIAN_POINT ( 'NONE',  ( 22.65769569382622350, 260.5652066228175272, 752.0931354135001357 ) ) ;
#23 = CARTESIAN_POINT ( 'NONE',  ( 30.75550825971583535, 233.4261854950708255, 750.3272332525453976 ) ) ;
#24 = CARTESIAN_POINT ( 'NONE',  ( 26.86928395051860008, 232.5329339976121048, 757.5094847617978076 ) ) ;
#25 = AXIS2_PLACEMENT_3D ( 'NONE', #1319, #454, #841 ) ;
#26 = ORIENTED_EDGE ( 'NONE', *, *, #613, .T. ) ;
#27 = CARTESIAN_POINT ( 'NONE',  ( 28.05817531098729134, 244.4590953039782733, 749.5674746737170153 ) ) ;
#28 = APPLICATION_PROTOCOL_DEFINITION ( 'draft international standard', 'automotive_design', 1998, #902 ) ;
#29 = ORIENTED_EDGE ( 'NONE', *, *, #5420, .T. ) ;
#30 = CARTESIAN_POINT ( 'NONE',  ( -27.59909317012451879, 257.4997500792999858, 752.0931354135001357 ) ) ;
#31 = AXIS2_PLACEMENT_3D ( 'NONE', #367, #2096, #3261 ) ;
#32 = CARTESIAN_POINT ( 'NONE',  ( 29.17267088107334416, 232.3168609847186588, 759.2468350235974412 ) ) ;
#33 = CARTESIAN_POINT ( 'NONE',  ( -28.97480723772693523, 257.7757695203417256, 750.0707194390772656 ) ) ;
#34 = DIRECTION ( 'NONE',  ( -0.5792279653395915329, -0.4055797876726860429, 0.7071067811865021646 ) ) ;
#35 = AXIS2_PLACEMENT_3D ( 'NONE', #158, #5424, #4529 ) ;
#36 = EDGE_CURVE ( 'NONE', #2398, #2068, #98, .T. ) ;
#37 = ADVANCED_FACE ( 'NONE', ( #5354 ), #1123, .F. ) ;
#38 = VECTOR ( 'NONE', #337, 1000.000000000000114 ) ;
#39 = SURFACE_STYLE_FILL_AREA ( #4223 ) ;
#40 = DIRECTION ( 'NONE',  ( 0.7071067811865162644, 8.659560562354550754E-17, -0.7071067811865787700 ) ) ;
#41 = ORIENTED_EDGE ( 'NONE', *, *, #3718, .T. ) ;
#42 = ORIENTED_EDGE ( 'NONE', *, *, #2894, .F. ) ;
#43 = VERTEX_POINT ( 'NONE', #1055 ) ;
#44 = CARTESIAN_POINT ( 'NONE',  ( 2.955623769756390740, 271.8003072774261568, 757.5931354135000220 ) ) ;
#45 = ORIENTED_EDGE ( 'NONE', *, *, #4664, .F. ) ;
#46 = EDGE_CURVE ( 'NONE', #4801, #959, #4112, .T. ) ;
#47 = CYLINDRICAL_SURFACE ( 'NONE', #4143, 2.999999999999992450 ) ;
#48 = AXIS2_PLACEMENT_3D ( 'NONE', #2739, #1893, #3650 ) ;
#49 = CARTESIAN_POINT ( 'NONE',  ( -2.178892550781585058, 225.0948826270063989, 752.3681354135001129 ) ) ;
#50 = DIRECTION ( 'NONE',  ( 0.000000000000000000, 0.000000000000000000, -1.000000000000000000 ) ) ;
#51 = CARTESIAN_POINT ( 'NONE',  ( 35.50006279010563759, 232.7140951642864195, 756.0528456557160553 ) ) ;
#52 = CARTESIAN_POINT ( 'NONE',  ( 33.15637756907462830, 265.6993055716040999, 750.5829085641357779 ) ) ;
#53 = VERTEX_POINT ( 'NONE', #4009 ) ;
#54 = DIRECTION ( 'NONE',  ( -1.000000000000000000, -0.000000000000000000, -0.000000000000000000 ) ) ;
#55 = CARTESIAN_POINT ( 'NONE',  ( -20.47880008931489471, 235.6603391705239403, 758.0931354135000220 ) ) ;
#56 = SURFACE_SIDE_STYLE ('',( #4402 ) ) ;
#57 = CARTESIAN_POINT ( 'NONE',  ( 23.13604530441230622, 268.2841860988168605, 758.0931354134999083 ) ) ;
#58 = ORIENTED_EDGE ( 'NONE', *, *, #5317, .T. ) ;
#59 = CARTESIAN_POINT ( 'NONE',  ( 23.40854165025411149, 231.1763163842553013, 757.0825866192220701 ) ) ;
#60 = ORIENTED_EDGE ( 'NONE', *, *, #3949, .T. ) ;
#61 = CARTESIAN_POINT ( 'NONE',  ( -27.59909317012452590, 257.4997500793000427, 750.9460247586201831 ) ) ;
#62 = CARTESIAN_POINT ( 'NONE',  ( 1.017909983045999956E-06, 249.9997500793000142, 752.0931354135001357 ) ) ;
#63 = CARTESIAN_POINT ( 'NONE',  ( 35.50000101791005847, 266.3022832656000105, 748.1421073157999899 ) ) ;
#64 = DIRECTION ( 'NONE',  ( -0.000000000000000000, -0.000000000000000000, -1.000000000000000000 ) ) ;
#65 = PRESENTATION_LAYER_ASSIGNMENT (  '', '', ( #4341 ) ) ;
#66 = AXIS2_PLACEMENT_3D ( 'NONE', #4799, #3485, #4241 ) ;
#67 = CIRCLE ( 'NONE', #3177, 3.000000000000002665 ) ;
#68 = CARTESIAN_POINT ( 'NONE',  ( 25.17673483380838206, 233.5055978354453998, 749.6887127427775113 ) ) ;
#69 = ADVANCED_FACE ( 'NONE', ( #4514 ), #5225, .F. ) ;
#70 = FILL_AREA_STYLE ('',( #2188 ) ) ;
#71 = EDGE_CURVE ( 'NONE', #448, #3918, #780, .T. ) ;
#72 = VERTEX_POINT ( 'NONE', #1974 ) ;
#73 = ORIENTED_EDGE ( 'NONE', *, *, #520, .F. ) ;
#74 =( GEOMETRIC_REPRESENTATION_CONTEXT ( 3 ) GLOBAL_UNCERTAINTY_ASSIGNED_CONTEXT ( ( #238 ) ) GLOBAL_UNIT_ASSIGNED_CONTEXT ( ( #2814, #3178, #3566 ) ) REPRESENTATION_CONTEXT ( 'NONE', 'WORKASPACE' ) );
#75 = EDGE_LOOP ( 'NONE', ( #3009, #4717, #5520, #4295, #5143 ) ) ;
#76 = CARTESIAN_POINT ( 'NONE',  ( 28.41965775107883374, 246.7597624126361779, 749.5762979342705421 ) ) ;
#77 = ADVANCED_FACE ( 'NONE', ( #4458 ), #637, .F. ) ;
#78 = CARTESIAN_POINT ( 'NONE',  ( -22.00380008931491460, 264.3391609880760598, 752.0931354135001357 ) ) ;
#79 = CARTESIAN_POINT ( 'NONE',  ( 25.86704354535621775, 267.5279532865749843, 757.1623647322354600 ) ) ;
#80 = CARTESIAN_POINT ( 'NONE',  ( 31.13079947553672611, 265.5854010372372045, 749.5360715027545666 ) ) ;
#81 = EDGE_LOOP ( 'NONE', ( #3635, #2786, #561, #1714, #1039 ) ) ;
#82 = SURFACE_STYLE_USAGE ( .BOTH. , #2261 ) ;
#83 = SURFACE_STYLE_USAGE ( .BOTH. , #109 ) ;
#84 = CARTESIAN_POINT ( 'NONE',  ( -12.49999898208996996, 228.3491149846890096, 752.0931354135001357 ) ) ;
#85 = LINE ( 'NONE', #3456, #2878 ) ;
#86 = VERTEX_POINT ( 'NONE', #805 ) ;
#87 = DIRECTION ( 'NONE',  ( 1.000000000000000000, 0.000000000000000000, 0.000000000000000000 ) ) ;
#88 = ORIENTED_EDGE ( 'NONE', *, *, #3511, .F. ) ;
#89 = CARTESIAN_POINT ( 'NONE',  ( 28.18822906449563348, 254.8354552233807908, 749.5686336993488794 ) ) ;
#90 = DIRECTION ( 'NONE',  ( 1.000000000000000000, 0.000000000000000000, 0.000000000000000000 ) ) ;
#91 = DIRECTION ( 'NONE',  ( 0.000000000000000000, 0.000000000000000000, 1.000000000000000000 ) ) ;
#92 = CARTESIAN_POINT ( 'NONE',  ( -24.44546624695164994, 255.2374265828358944, 756.0971829971239231 ) ) ;
#93 = B_SPLINE_CURVE_WITH_KNOTS ( 'NONE', 3,
 ( #1558, #2859, #4286, #3450, #3053, #1332, #1243, #3808, #1358, #1758, #80, #1272, #3869, #1693, #103, #1812, #829, #5058, #4708, #3416, #5120, #2583, #52, #5151, #1785, #2940, #466, #4647, #883, #3475, #2972, #2525, #3926, #497, #4736, #4767, #3001, #945, #5085, #1302, #2167, #18, #3029, #2641, #4677, #912, #3901, #2614, #2135, #4348, #1724, #5175, #529, #4320, #3835, #4261, #2200, #2231, #4234, #406, #2110, #5512, #438, #852, #3385, #2553, #5258, #1412, #3160, #5233, #3132, #3580, #2691, #2309, #4476 ),
 .UNSPECIFIED., .F., .F.,
 ( 4, 2, 2, 2, 2, 1, 2, 2, 2, 1, 1, 2, 2, 2, 1, 1, 2, 2, 2, 2, 1, 1, 2, 2, 2, 2, 1, 1, 1, 2, 2, 2, 2, 1, 1, 1, 2, 2, 2, 1, 1, 1, 1, 2, 2, 4 ),
 ( 0.000000000000000000, 0.06249999999989584720, 0.09374999999984247323, 0.1249999999997890854, 0.1874999999996771194, 0.2187499999996209143, 0.2343749999995920485, 0.2499999999995631828, 0.3124999999994471644, 0.3437499999993822164, 0.3593749999993430255, 0.3671874999993167132, 0.3749999999992904565, 0.4374999999991802668, 0.4687499999991340260, 0.4843749999991098232, 0.4921874999990972777, 0.4999999999990846766, 0.5624999999988749000, 0.5937499999987598809, 0.6093749999986924903, 0.6171874999986692867, 0.6210937499986471932, 0.6249999999986252108, 0.6874999999983016918, 0.7187499999981401544, 0.7343749999980714316, 0.7421874999980371257, 0.7460937499980190291, 0.7480468749980214715, 0.7499999999980239140, 0.8124999999984591215, 0.8437499999986765031, 0.8593749999987734256, 0.8671874999988337107, 0.8710937499988760102, 0.8730468749988973265, 0.8749999999989185318, 0.9062499999992094102, 0.9218749999993556266, 0.9296874999994416688, 0.9335937499994848565, 0.9355468749995182742, 0.9365234374995350386, 0.9374999999995516919, 1.000000000000000000 ),
 .UNSPECIFIED. ) ;
#94 = SURFACE_SIDE_STYLE ('',( #3995 ) ) ;
#95 = FACE_OUTER_BOUND ( 'NONE', #2189, .T. ) ;
#96 = ORIENTED_EDGE ( 'NONE', *, *, #4563, .T. ) ;
#97 = EDGE_LOOP ( 'NONE', ( #4540, #2409, #3612, #2157 ) ) ;
#98 = CIRCLE ( 'NONE', #4729, 2.999999999999985345 ) ;
#99 = ORIENTED_EDGE ( 'NONE', *, *, #1874, .F. ) ;
#100 = CARTESIAN_POINT ( 'NONE',  ( 28.05817531098729134, 244.4590953039782733, 749.5674746737170153 ) ) ;
#101 = DIRECTION ( 'NONE',  ( -0.000000000000000000, -0.000000000000000000, -1.000000000000000000 ) ) ;
#102 = FILL_AREA_STYLE_COLOUR ( '', #3048 ) ;
#103 = CARTESIAN_POINT ( 'NONE',  ( 31.79909087691295966, 265.6141736177704047, 749.8005255742475583 ) ) ;
#104 = EDGE_CURVE ( 'NONE', #3155, #3695, #2572, .T. ) ;
#105 = EDGE_CURVE ( 'NONE', #2112, #4821, #1695, .T. ) ;
#106 = ORIENTED_EDGE ( 'NONE', *, *, #3410, .F. ) ;
#107 = VECTOR ( 'NONE', #1300, 1000.000000000000000 ) ;
#108 = DIRECTION ( 'NONE',  ( -0.000000000000000000, -0.000000000000000000, 1.000000000000000000 ) ) ;
#109 = SURFACE_SIDE_STYLE ('',( #1729 ) ) ;
#110 = CARTESIAN_POINT ( 'NONE',  ( -29.04737407864564958, 255.9997500793000427, 755.0931354135001357 ) ) ;
#111 = CARTESIAN_POINT ( 'NONE',  ( 23.94436735574503317, 231.6230245569254862, 757.0700703037455241 ) ) ;
#112 = ADVANCED_FACE ( 'NONE', ( #384 ), #2527, .F. ) ;
#113 = VERTEX_POINT ( 'NONE', #2498 ) ;
#114 = CARTESIAN_POINT ( 'NONE',  ( 0.3883656094874028963, 273.3524624045098790, 757.5931354135000220 ) ) ;
#115 = AXIS2_PLACEMENT_3D ( 'NONE', #1348, #542, #146 ) ;
#116 = DIRECTION ( 'NONE',  ( 1.000000000000000000, 0.000000000000000000, 0.000000000000000000 ) ) ;
#117 = CARTESIAN_POINT ( 'NONE',  ( 26.70997531963997673, 233.6947449808904196, 749.7717656427472548 ) ) ;
#118 = CARTESIAN_POINT ( 'NONE',  ( -24.53174745076944419, 254.8158043823866592, 754.6838004785212206 ) ) ;
#119 = DIRECTION ( 'NONE',  ( -0.000000000000000000, -0.000000000000000000, -1.000000000000000000 ) ) ;
#120 = VECTOR ( 'NONE', #5463, 1000.000000000000000 ) ;
#121 = LINE ( 'NONE', #5251, #1259 ) ;
#122 = ORIENTED_EDGE ( 'NONE', *, *, #2599, .F. ) ;
#123 = EDGE_LOOP ( 'NONE', ( #1235, #535 ) ) ;
#124 = MECHANICAL_DESIGN_GEOMETRIC_PRESENTATION_REPRESENTATION (  '', ( #4662 ), #834 ) ;
#125 = EDGE_LOOP ( 'NONE', ( #5452, #446, #42, #2385, #2120, #478, #1717, #1882, #748 ) ) ;
#126 = DIRECTION ( 'NONE',  ( -0.000000000000000000, -0.000000000000000000, 1.000000000000000000 ) ) ;
#127 = DIRECTION ( 'NONE',  ( 1.000000000000000000, 0.000000000000000000, 0.000000000000000000 ) ) ;
#128 = CIRCLE ( 'NONE', #5015, 2.999999999999999112 ) ;
#129 = CARTESIAN_POINT ( 'NONE',  ( 28.50000101791000517, 244.3718478698668832, 749.0931354135001357 ) ) ;
#130 = CARTESIAN_POINT ( 'NONE',  ( 26.63182842684904728, 234.3780301572611506, 749.0931354134999083 ) ) ;
#131 = MECHANICAL_DESIGN_GEOMETRIC_PRESENTATION_REPRESENTATION (  '', ( #2528 ), #3240 ) ;
#132 = VECTOR ( 'NONE', #763, 1000.000000000000000 ) ;
#133 = ORIENTED_EDGE ( 'NONE', *, *, #2288, .F. ) ;
#134 = DIRECTION ( 'NONE',  ( -1.000000000000000000, -0.000000000000000000, -0.000000000000000000 ) ) ;
#135 = CARTESIAN_POINT ( 'NONE',  ( 35.69066358100214131, 233.9782203421796396, 753.5479230577437875 ) ) ;
#136 = EDGE_CURVE ( 'NONE', #1713, #2778, #1141, .T. ) ;
#137 = CARTESIAN_POINT ( 'NONE',  ( 24.66328225302117616, 267.9406848741489284, 757.0555740067267152 ) ) ;
#138 = EDGE_CURVE ( 'NONE', #2578, #1862, #4037, .T. ) ;
#139 = ORIENTED_EDGE ( 'NONE', *, *, #2965, .F. ) ;
#140 = CARTESIAN_POINT ( 'NONE',  ( 28.40158337678401779, 253.3630222144584536, 749.5755600252128943 ) ) ;
#141 = CARTESIAN_POINT ( 'NONE',  ( 24.92328894869050160, 266.7348283808133829, 748.4680214558766238 ) ) ;
#142 = CARTESIAN_POINT ( 'NONE',  ( -29.04737407864564602, 257.4997500793000427, 757.0931354135110496 ) ) ;
#143 = EDGE_CURVE ( 'NONE', #4539, #4351, #4041, .T. ) ;
#144 = DIRECTION ( 'NONE',  ( 0.5792279653395560057, -0.4055797876726012774, 0.7071067811865798802 ) ) ;
#145 = CARTESIAN_POINT ( 'NONE',  ( -23.13368957999481523, 259.4777435019825020, 757.5931354135000220 ) ) ;
#146 = DIRECTION ( 'NONE',  ( 1.000000000000000000, 0.000000000000000000, 0.000000000000000000 ) ) ;
#147 = CARTESIAN_POINT ( 'NONE',  ( -29.04737407864564602, 242.4997500792999858, 749.0926354135001475 ) ) ;
#148 = CIRCLE ( 'NONE', #3257, 21.99999999999999645 ) ;
#149 = ORIENTED_EDGE ( 'NONE', *, *, #586, .T. ) ;
#150 = VERTEX_POINT ( 'NONE', #2890 ) ;
#151 = AXIS2_PLACEMENT_3D ( 'NONE', #2237, #5213, #1341 ) ;
#152 = ORIENTED_EDGE ( 'NONE', *, *, #3003, .F. ) ;
#153 = CARTESIAN_POINT ( 'NONE',  ( 27.92161774250213924, 232.4603457823492647, 758.0931354135000220 ) ) ;
#154 = VECTOR ( 'NONE', #691, 1000.000000000000114 ) ;
#155 = CARTESIAN_POINT ( 'NONE',  ( 20.39192622623458107, 259.5086609684657333, 752.0931354135001357 ) ) ;
#156 = ORIENTED_EDGE ( 'NONE', *, *, #683, .T. ) ;
#157 = CARTESIAN_POINT ( 'NONE',  ( 27.13637781819165795, 267.4814406970117489, 757.6242553650415630 ) ) ;
#158 = CARTESIAN_POINT ( 'NONE',  ( -27.59909317012451879, 257.4997500792999858, 749.0931354135001357 ) ) ;
#159 = CARTESIAN_POINT ( 'NONE',  ( 36.24413363623801132, 233.8181470808870301, 755.0188719940163082 ) ) ;
#160 = CARTESIAN_POINT ( 'NONE',  ( 23.01250546738167202, 269.2461689400399223, 757.0931354135104812 ) ) ;
#161 = CONICAL_SURFACE ( 'NONE', #2307, 25.00000000000007105, 0.7853981633974969068 ) ;
#162 = CARTESIAN_POINT ( 'NONE',  ( 24.87564072054714259, 267.8740026778629613, 757.4600140714258032 ) ) ;
#163 = ADVANCED_FACE ( 'NONE', ( #2919 ), #1861, .F. ) ;
#164 = ADVANCED_FACE ( 'NONE', ( #4622 ), #4087, .F. ) ;
#165 = COLOUR_RGB ( '',0.8980392156862745390, 0.9176470588235293713, 0.9294117647058823817 ) ;
#166 = VERTEX_POINT ( 'NONE', #21 ) ;
#167 = CARTESIAN_POINT ( 'NONE',  ( -27.56450512828848076, 257.6261520870793902, 750.3786816044267880 ) ) ;
#168 = CARTESIAN_POINT ( 'NONE',  ( 22.56962961276554225, 268.8757714363713376, 758.0931354135000220 ) ) ;
#169 = CARTESIAN_POINT ( 'NONE',  ( 28.18055182856850749, 245.1195046518494962, 749.5684978817105275 ) ) ;
#170 = CARTESIAN_POINT ( 'NONE',  ( 25.77541809568971232, 267.0178492096371770, 758.0931354135001357 ) ) ;
#171 = ADVANCED_FACE ( 'NONE', ( #3786 ), #1262, .T. ) ;
#172 = ADVANCED_FACE ( 'NONE', ( #2203 ), #4800, .T. ) ;
#173 = FILL_AREA_STYLE ('',( #1798 ) ) ;
#174 = DIRECTION ( 'NONE',  ( -1.000000000000000000, -0.000000000000000000, -0.000000000000000000 ) ) ;
#175 = VERTEX_POINT ( 'NONE', #3506 ) ;
#176 = ORIENTED_EDGE ( 'NONE', *, *, #4941, .T. ) ;
#177 = VERTEX_POINT ( 'NONE', #3031 ) ;
#178 = DIRECTION ( 'NONE',  ( -0.000000000000000000, -0.000000000000000000, 1.000000000000000000 ) ) ;
#179 = DIRECTION ( 'NONE',  ( -0.000000000000000000, -0.000000000000000000, -1.000000000000000000 ) ) ;
#180 = UNCERTAINTY_MEASURE_WITH_UNIT (LENGTH_MEASURE( 1.000000000000000082E-05 ), #5522, 'distance_accuracy_value', 'NONE');
#181 = CARTESIAN_POINT ( 'NONE',  ( 26.91006452280086592, 234.4436746219238898, 749.0931354135001357 ) ) ;
#182 = ORIENTED_EDGE ( 'NONE', *, *, #1126, .T. ) ;
#183 = DIRECTION ( 'NONE',  ( -1.000000000000000000, -0.000000000000000000, -0.000000000000000000 ) ) ;
#184 = CARTESIAN_POINT ( 'NONE',  ( -2.178892550781579285, 274.9046175315936580, 752.0931354135001357 ) ) ;
#185 = CYLINDRICAL_SURFACE ( 'NONE', #1804, 3.000000000000023537 ) ;
#186 = CARTESIAN_POINT ( 'NONE',  ( 23.52168149211869874, 268.7141550352414470, 757.0797248710200620 ) ) ;
#187 = CARTESIAN_POINT ( 'NONE',  ( -20.47880008931491602, 264.3391609880760598, 752.0931354135001357 ) ) ;
#188 = AXIS2_PLACEMENT_3D ( 'NONE', #1691, #3383, #4206 ) ;
#189 = CARTESIAN_POINT ( 'NONE',  ( 27.59196801971373603, 232.4888085002133664, 757.8642789280436318 ) ) ;
#190 = CARTESIAN_POINT ( 'NONE',  ( 25.62573987068414283, 267.5849023455806446, 757.1194136515446189 ) ) ;
#191 = DIRECTION ( 'NONE',  ( -0.000000000000000000, -0.000000000000000000, -1.000000000000000000 ) ) ;
#192 = FACE_OUTER_BOUND ( 'NONE', #125, .T. ) ;
#193 = CIRCLE ( 'NONE', #4555, 5.000000000000015099 ) ;
#194 = PLANE ( 'NONE',  #249 ) ;
#195 = DIRECTION ( 'NONE',  ( -0.000000000000000000, -0.000000000000000000, -1.000000000000000000 ) ) ;
#196 = CARTESIAN_POINT ( 'NONE',  ( 20.39192622623471252, 240.4908391901345226, 752.0931354135001357 ) ) ;
#197 = AXIS2_PLACEMENT_3D ( 'NONE', #5509, #2105, #1690 ) ;
#198 = STYLED_ITEM ( 'NONE', ( #4652 ), #2043 ) ;
#199 = VERTEX_POINT ( 'NONE', #4290 ) ;
#200 = EDGE_CURVE ( 'NONE', #53, #3614, #557, .T. ) ;
#201 = VERTEX_POINT ( 'NONE', #2697 ) ;
#202 = ADVANCED_FACE ( 'NONE', ( #971 ), #2233, .F. ) ;
#203 = ORIENTED_EDGE ( 'NONE', *, *, #990, .T. ) ;
#204 = CARTESIAN_POINT ( 'NONE',  ( -20.42831951386961364, 261.8396706977362101, 758.0931354135000220 ) ) ;
#205 = VECTOR ( 'NONE', #40, 1000.000000000000114 ) ;
#206 = CARTESIAN_POINT ( 'NONE',  ( 24.50000101791000517, 232.6194355975121937, 758.0931354135000220 ) ) ;
#207 = EDGE_CURVE ( 'NONE', #3469, #2359, #5235, .T. ) ;
#208 = AXIS2_PLACEMENT_3D ( 'NONE', #55, #2920, #2499 ) ;
#209 = AXIS2_PLACEMENT_3D ( 'NONE', #1246, #5491, #3006 ) ;
#210 = CARTESIAN_POINT ( 'NONE',  ( 25.85361597363396768, 234.0114344140270930, 749.0931354135002493 ) ) ;
#211 = ORIENTED_EDGE ( 'NONE', *, *, #4534, .T. ) ;
#212 = VECTOR ( 'NONE', #3760, 1000.000000000000000 ) ;
#213 = VERTEX_POINT ( 'NONE', #4739 ) ;
#214 = DIRECTION ( 'NONE',  ( -1.000000000000000000, 0.000000000000000000, 0.000000000000000000 ) ) ;
#215 = CARTESIAN_POINT ( 'NONE',  ( 23.66666257302655652, 231.4077081673854650, 757.0763278444870821 ) ) ;
#216 = LINE ( 'NONE', #1501, #1255 ) ;
#217 = CARTESIAN_POINT ( 'NONE',  ( 23.66012810187196180, 268.5942495030931809, 757.0764274834104981 ) ) ;
#218 = AXIS2_PLACEMENT_3D ( 'NONE', #1880, #2333, #4419 ) ;
#219 = CARTESIAN_POINT ( 'NONE',  ( 35.50000101791005136, 267.5397485182680839, 758.0931354135000220 ) ) ;
#220 = ORIENTED_EDGE ( 'NONE', *, *, #5389, .F. ) ;
#221 = EDGE_LOOP ( 'NONE', ( #3379, #1326, #2466, #9 ) ) ;
#222 = CARTESIAN_POINT ( 'NONE',  ( 24.64308257194780438, 267.3038415723867161, 758.0931354900990300 ) ) ;
#223 = AXIS2_PLACEMENT_3D ( 'NONE', #2929, #1598, #2463 ) ;
#224 = CARTESIAN_POINT ( 'NONE',  ( 28.05817531098728423, 255.5404048546217552, 749.5674746737170153 ) ) ;
#225 = LINE ( 'NONE', #1872, #3517 ) ;
#226 = CYLINDRICAL_SURFACE ( 'NONE', #603, 2.000000000000001776 ) ;
#227 = CARTESIAN_POINT ( 'NONE',  ( 26.25547130746352309, 267.4772115668029642, 757.2697172004761796 ) ) ;
#228 = LINE ( 'NONE', #2768, #2520 ) ;
#229 = DIRECTION ( 'NONE',  ( -0.7071067811865162644, 0.000000000000000000, 0.7071067811865787700 ) ) ;
#230 = ORIENTED_EDGE ( 'NONE', *, *, #754, .T. ) ;
#231 = ORIENTED_EDGE ( 'NONE', *, *, #4464, .F. ) ;
#232 = ORIENTED_EDGE ( 'NONE', *, *, #1780, .F. ) ;
#233 = EDGE_CURVE ( 'NONE', #2778, #201, #5095, .T. ) ;
#234 = EDGE_CURVE ( 'NONE', #2643, #1427, #3428, .T. ) ;
#235 = LINE ( 'NONE', #2437, #1984 ) ;
#236 = MECHANICAL_DESIGN_GEOMETRIC_PRESENTATION_REPRESENTATION (  '', ( #2642 ), #4595 ) ;
#237 = CARTESIAN_POINT ( 'NONE',  ( -0.03951075055704181271, 226.3883452329095007, 758.0931354135000220 ) ) ;
#238 = UNCERTAINTY_MEASURE_WITH_UNIT (LENGTH_MEASURE( 1.000000000000000082E-05 ), #2814, 'distance_accuracy_value', 'NONE');
#239 = CARTESIAN_POINT ( 'NONE',  ( 22.65769569382622350, 260.5652066228175272, 758.0931354135000220 ) ) ;
#240 = ORIENTED_EDGE ( 'NONE', *, *, #2148, .T. ) ;
#241 = VECTOR ( 'NONE', #2408, 1000.000000000000000 ) ;
#242 = ADVANCED_FACE ( 'NONE', ( #1761 ), #5155, .F. ) ;
#243 = CIRCLE ( 'NONE', #777, 1.249999999999999334 ) ;
#244 = DIRECTION ( 'NONE',  ( 0.000000000000000000, 0.000000000000000000, 1.000000000000000000 ) ) ;
#245 = DIRECTION ( 'NONE',  ( -1.000000000000000000, -0.000000000000000000, -0.000000000000000000 ) ) ;
#246 = CARTESIAN_POINT ( 'NONE',  ( -23.94581232234293822, 242.8164953541337638, 754.6817891617122314 ) ) ;
#247 = CARTESIAN_POINT ( 'NONE',  ( 23.13170338424388106, 269.1036572080479914, 757.0897427956323327 ) ) ;
#248 = CARTESIAN_POINT ( 'NONE',  ( 24.74716156738519857, 232.0991311837937872, 757.0540417672989406 ) ) ;
#249 = AXIS2_PLACEMENT_3D ( 'NONE', #1953, #1538, #4494 ) ;
#250 = ORIENTED_EDGE ( 'NONE', *, *, #3163, .T. ) ;
#251 = DIRECTION ( 'NONE',  ( -1.000000000000000000, 0.000000000000000000, 0.000000000000000000 ) ) ;
#252 = CARTESIAN_POINT ( 'NONE',  ( -27.45310961238005731, 259.4997500792999858, 749.0931354135001357 ) ) ;
#253 = CARTESIAN_POINT ( 'NONE',  ( 25.65257364682013730, 266.9460886883410922, 758.2270307415483330 ) ) ;
#254 = LINE ( 'NONE', #5332, #3412 ) ;
#255 = CARTESIAN_POINT ( 'NONE',  ( 19.77502939780759306, 234.7043830495668715, 752.5931354135001357 ) ) ;
#256 = CARTESIAN_POINT ( 'NONE',  ( -27.59909317012452235, 242.4997500792999858, 749.0931354135001357 ) ) ;
#257 = CARTESIAN_POINT ( 'NONE',  ( 22.84593193540697342, 231.4312759913480022, 758.0931354134999083 ) ) ;
#258 = CARTESIAN_POINT ( 'NONE',  ( 25.56881642438977309, 266.9632071697975562, 758.2079546328290007 ) ) ;
#259 = CARTESIAN_POINT ( 'NONE',  ( -12.49999898208992910, 271.6503851739110473, 752.3931354135000902 ) ) ;
#260 = PRESENTATION_STYLE_ASSIGNMENT (( #4109 ) ) ;
#261 = ORIENTED_EDGE ( 'NONE', *, *, #4066, .T. ) ;
#262 = ORIENTED_EDGE ( 'NONE', *, *, #1290, .T. ) ;
#263 =( BOUNDED_CURVE ( )  B_SPLINE_CURVE ( 3, ( #1638, #2422, #1587, #4950 ),
 .UNSPECIFIED., .F., .T. ) 
 B_SPLINE_CURVE_WITH_KNOTS ( ( 4, 4 ),
 ( 4.017736044004815099, 4.047684201583999553 ),
 .UNSPECIFIED. ) 
 CURVE ( )  GEOMETRIC_REPRESENTATION_ITEM ( )  RATIONAL_B_SPLINE_CURVE ( ( 1.000000000000000000, 0.9999252603846786602, 0.9999252603846786602, 1.000000000000000000 ) ) 
 REPRESENTATION_ITEM ( '' )  );
#264 = DIRECTION ( 'NONE',  ( -0.000000000000000000, -0.000000000000000000, 1.000000000000000000 ) ) ;
#265 = CARTESIAN_POINT ( 'NONE',  ( -29.04737407864564958, 243.9997500793000142, 755.0931354135001357 ) ) ;
#266 = CARTESIAN_POINT ( 'NONE',  ( 35.78471948122494695, 233.9535098347284077, 753.7749940876827850 ) ) ;
#267 = VERTEX_POINT ( 'NONE', #1914 ) ;
#268 = DIRECTION ( 'NONE',  ( -1.000000000000000000, 0.000000000000000000, 0.000000000000000000 ) ) ;
#269 = CARTESIAN_POINT ( 'NONE',  ( -23.92570847772987008, 242.7498931736740815, 755.0074107772651359 ) ) ;
#270 = EDGE_CURVE ( 'NONE', #860, #1029, #4855, .T. ) ;
#271 = EDGE_CURVE ( 'NONE', #374, #1857, #2190, .T. ) ;
#272 = DIRECTION ( 'NONE',  ( -0.000000000000000000, -0.000000000000000000, -1.000000000000000000 ) ) ;
#273 = EDGE_LOOP ( 'NONE', ( #650, #4262, #5140, #45, #2232, #1280, #3892, #765, #3997, #3569, #1973, #4242, #2436, #2213 ) ) ;
#274 = DIRECTION ( 'NONE',  ( 0.000000000000000000, 0.000000000000000000, -1.000000000000000000 ) ) ;
#275 = DIRECTION ( 'NONE',  ( 0.000000000000000000, 0.000000000000000000, -1.000000000000000000 ) ) ;
#276 = CARTESIAN_POINT ( 'NONE',  ( 1.017909983045999956E-06, 249.9997500793000142, 757.5931354135000220 ) ) ;
#277 = CARTESIAN_POINT ( 'NONE',  ( -24.34712279927338585, 244.3216008870101632, 756.3118797075559314 ) ) ;
#278 = CARTESIAN_POINT ( 'NONE',  ( 26.63596602300295757, 267.1292584913950350, 758.0931354135000220 ) ) ;
#279 = EDGE_CURVE ( 'NONE', #86, #1427, #4033, .T. ) ;
#280 = AXIS2_PLACEMENT_3D ( 'NONE', #5456, #436, #827 ) ;
#281 = CYLINDRICAL_SURFACE ( 'NONE', #5049, 1.249999999999973355 ) ;
#282 = CARTESIAN_POINT ( 'NONE',  ( 28.50000101791000517, 244.3718478698668832, 749.0931354135001357 ) ) ;
#283 = CARTESIAN_POINT ( 'NONE',  ( 25.35701632629417546, 267.6595266461243909, 757.0812467817858078 ) ) ;
#284 = CIRCLE ( 'NONE', #4116, 21.99999999999999645 ) ;
#285 = CARTESIAN_POINT ( 'NONE',  ( 24.84958801685870355, 267.8530569564020425, 757.0529895677112791 ) ) ;
#286 = FILL_AREA_STYLE_COLOUR ( '', #774 ) ;
#287 = VERTEX_POINT ( 'NONE', #1048 ) ;
#288 = ORIENTED_EDGE ( 'NONE', *, *, #104, .F. ) ;
#289 = AXIS2_PLACEMENT_3D ( 'NONE', #3930, #2285, #3110 ) ;
#290 = CARTESIAN_POINT ( 'NONE',  ( 27.62447481082141110, 266.5295582833005028, 749.9697304205026285 ) ) ;
#291 = CONICAL_SURFACE ( 'NONE', #1268, 2.999999999999985345, 0.7853981633974955745 ) ;
#292 = CARTESIAN_POINT ( 'NONE',  ( 26.86879529237381803, 267.4671431900436005, 757.5092825257954701 ) ) ;
#293 = UNCERTAINTY_MEASURE_WITH_UNIT (LENGTH_MEASURE( 1.000000000000000082E-05 ), #2690, 'distance_accuracy_value', 'NONE');
#294 = CARTESIAN_POINT ( 'NONE',  ( 36.46336113610277607, 233.6756491608248893, 756.3283146210101222 ) ) ;
#295 = VERTEX_POINT ( 'NONE', #3615 ) ;
#296 = VECTOR ( 'NONE', #487, 1000.000000000000000 ) ;
#297 = CARTESIAN_POINT ( 'NONE',  ( 1.017909983045999956E-06, 249.9997500793000142, 757.5931354135000220 ) ) ;
#298 = DIRECTION ( 'NONE',  ( -0.000000000000000000, -0.000000000000000000, 1.000000000000000000 ) ) ;
#300 = VECTOR ( 'NONE', #2284, 1000.000000000000114 ) ;
#299 = DIRECTION ( 'NONE',  ( 0.000000000000000000, 0.000000000000000000, -1.000000000000000000 ) ) ;
#301 = DIRECTION ( 'NONE',  ( -0.000000000000000000, -0.000000000000000000, -1.000000000000000000 ) ) ;
#302 = VECTOR ( 'NONE', #4019, 1000.000000000000000 ) ;
#303 = VERTEX_POINT ( 'NONE', #1471 ) ;
#304 = ADVANCED_FACE ( 'NONE', ( #4480 ), #498, .F. ) ;
#305 = VERTEX_POINT ( 'NONE', #4843 ) ;
#306 = EDGE_CURVE ( 'NONE', #4632, #4507, #5290, .T. ) ;
#307 = CARTESIAN_POINT ( 'NONE',  ( 24.19403591778352336, 268.2072928159841467, 757.0647768893275043 ) ) ;
#308 = CARTESIAN_POINT ( 'NONE',  ( 25.14909145418605618, 267.0821809492331340, 758.1347313639022332 ) ) ;
#309 = CARTESIAN_POINT ( 'NONE',  ( -29.04737407864564247, 257.4997500792999858, 751.0931354135001357 ) ) ;
#310 = DIRECTION ( 'NONE',  ( 0.06162841671621423906, 0.7044160264028018759, -0.7071067811865049402 ) ) ;
#311 =( GEOMETRIC_REPRESENTATION_CONTEXT ( 3 ) GLOBAL_UNCERTAINTY_ASSIGNED_CONTEXT ( ( #1809 ) ) GLOBAL_UNIT_ASSIGNED_CONTEXT ( ( #2459, #3711, #4521 ) ) REPRESENTATION_CONTEXT ( 'NONE', 'WORKASPACE' ) );
#312 = VECTOR ( 'NONE', #34, 1000.000000000000000 ) ;
#313 = CARTESIAN_POINT ( 'NONE',  ( 28.59800612055945734, 244.8387325398690280, 749.0931423228240646 ) ) ;
#314 = EDGE_CURVE ( 'NONE', #4254, #5122, #3609, .T. ) ;
#315 = CARTESIAN_POINT ( 'NONE',  ( 25.89422059021404010, 232.4725439142020207, 757.1727514884510128 ) ) ;
#316 = CARTESIAN_POINT ( 'NONE',  ( 17.40202599221985835, 236.5398270931348463, 758.0931354135000220 ) ) ;
#317 = DIRECTION ( 'NONE',  ( 1.000000000000000000, 1.088453945710935298E-15, 0.000000000000000000 ) ) ;
#318 = ORIENTED_EDGE ( 'NONE', *, *, #1364, .T. ) ;
#319 = ORIENTED_EDGE ( 'NONE', *, *, #4533, .T. ) ;
#320 = CONICAL_SURFACE ( 'NONE', #4586, 3.000000000000038192, 0.7853981633973923238 ) ;
#321 = DIRECTION ( 'NONE',  ( 0.7071067811865162644, 8.659560562354550754E-17, -0.7071067811865787700 ) ) ;
#322 = ORIENTED_EDGE ( 'NONE', *, *, #340, .T. ) ;
#323 = CARTESIAN_POINT ( 'NONE',  ( 26.63596602300295757, 267.1292584913950350, 758.0931354135000220 ) ) ;
#324 = CARTESIAN_POINT ( 'NONE',  ( 36.47891850090049104, 233.6558543625188520, 756.5101663040743460 ) ) ;
#325 = ORIENTED_EDGE ( 'NONE', *, *, #4876, .T. ) ;
#326 = DIRECTION ( 'NONE',  ( 0.000000000000000000, 0.000000000000000000, 1.000000000000000000 ) ) ;
#327 = LINE ( 'NONE', #5431, #1353 ) ;
#328 = SURFACE_STYLE_FILL_AREA ( #4619 ) ;
#329 = CIRCLE ( 'NONE', #3709, 2.999999999999999112 ) ;
#330 = DIRECTION ( 'NONE',  ( -0.000000000000000000, -0.000000000000000000, 1.000000000000000000 ) ) ;
#331 = AXIS2_PLACEMENT_3D ( 'NONE', #5094, #3908, #87 ) ;
#332 = AXIS2_PLACEMENT_3D ( 'NONE', #1187, #4097, #3699 ) ;
#333 = ORIENTED_EDGE ( 'NONE', *, *, #476, .F. ) ;
#334 = CARTESIAN_POINT ( 'NONE',  ( 26.69698168481545153, 266.9085034672673373, 758.5951086280475693 ) ) ;
#335 = CARTESIAN_POINT ( 'NONE',  ( 24.24012206747522313, 268.1783171506666008, 757.0638332284639773 ) ) ;
#336 = CARTESIAN_POINT ( 'NONE',  ( 32.76993169112336091, 233.2922731344814622, 751.4039650091524436 ) ) ;
#337 = DIRECTION ( 'NONE',  ( 0.01427806288621426278, -0.7069626135236206643, 0.7071067811865963115 ) ) ;
#338 = DIRECTION ( 'NONE',  ( -1.000000000000000000, 0.000000000000000000, 0.000000000000000000 ) ) ;
#339 = CONICAL_SURFACE ( 'NONE', #3451, 3.000000000000023537, 0.7853981633974964627 ) ;
#340 = EDGE_CURVE ( 'NONE', #3946, #3999, #1293, .T. ) ;
#341 = CARTESIAN_POINT ( 'NONE',  ( 1.017909983045999956E-06, 249.9997500793000142, 749.0931354135001357 ) ) ;
#342 = CARTESIAN_POINT ( 'NONE',  ( 19.65769569382620219, 260.5652066228175272, 762.0931354135001357 ) ) ;
#343 = CARTESIAN_POINT ( 'NONE',  ( -12.49999898208992910, 271.6503851739110473, 755.5931354135000220 ) ) ;
#344 = LINE ( 'NONE', #3350, #2888 ) ;
#345 = ORIENTED_EDGE ( 'NONE', *, *, #5282, .T. ) ;
#346 = EDGE_CURVE ( 'NONE', #4616, #2435, #4426, .T. ) ;
#347 = ADVANCED_FACE ( 'NONE', ( #4871 ), #320, .T. ) ;
#348 = LINE ( 'NONE', #5342, #2259 ) ;
#349 = ORIENTED_EDGE ( 'NONE', *, *, #71, .T. ) ;
#350 = ORIENTED_EDGE ( 'NONE', *, *, #2388, .F. ) ;
#351 = ORIENTED_EDGE ( 'NONE', *, *, #4534, .F. ) ;
#352 = PLANE ( 'NONE',  #3260 ) ;
#353 = ORIENTED_EDGE ( 'NONE', *, *, #3229, .T. ) ;
#354 = CARTESIAN_POINT ( 'NONE',  ( 31.07772357997658830, 265.5816610149171879, 749.5017254564039604 ) ) ;
#355 = DIRECTION ( 'NONE',  ( 1.000000000000000000, 0.000000000000000000, 0.000000000000000000 ) ) ;
#356 = CARTESIAN_POINT ( 'NONE',  ( 26.06528867651046610, 267.5002940130268030, 757.2154717432962343 ) ) ;
#357 = CARTESIAN_POINT ( 'NONE',  ( 19.65769569382620219, 260.5652066228175272, 757.5931354135000220 ) ) ;
#358 = ORIENTED_EDGE ( 'NONE', *, *, #547, .T. ) ;
#359 = CARTESIAN_POINT ( 'NONE',  ( 35.50006269238608780, 267.2862092710647062, 756.0543095415401922 ) ) ;
#360 = DIRECTION ( 'NONE',  ( -0.7043882075287619671, -0.7098149428508938596, -0.000000000000000000 ) ) ;
#361 = FACE_OUTER_BOUND ( 'NONE', #2668, .T. ) ;
#362 = CARTESIAN_POINT ( 'NONE',  ( -20.35764670824609368, 241.6591158673390680, 752.5931354135001357 ) ) ;
#363 = DIRECTION ( 'NONE',  ( -0.000000000000000000, -0.000000000000000000, -1.000000000000000000 ) ) ;
#364 = DIRECTION ( 'NONE',  ( -1.000000000000000000, 0.000000000000000000, 0.000000000000000000 ) ) ;
#365 = ORIENTED_EDGE ( 'NONE', *, *, #4710, .T. ) ;
#366 = CARTESIAN_POINT ( 'NONE',  ( 28.78511870875948020, 232.3709335024073539, 758.8120611408963896 ) ) ;
#367 = CARTESIAN_POINT ( 'NONE',  ( -20.35764670824625355, 258.3403842912605910, 758.0931354135000220 ) ) ;
#368 = CARTESIAN_POINT ( 'NONE',  ( 28.50000101791000517, 255.6276522887331453, 749.0931354135001357 ) ) ;
#369 = ORIENTED_EDGE ( 'NONE', *, *, #3270, .T. ) ;
#370 = AXIS2_PLACEMENT_3D ( 'NONE', #3129, #2721, #4420 ) ;
#371 = CARTESIAN_POINT ( 'NONE',  ( 1.017909983045999956E-06, 249.9997500793000142, 752.5931354135001357 ) ) ;
#372 = EDGE_CURVE ( 'NONE', #4471, #2339, #1297, .T. ) ;
#373 = ADVANCED_FACE ( 'NONE', ( #3444 ), #47, .F. ) ;
#374 = VERTEX_POINT ( 'NONE', #461 ) ;
#375 = CARTESIAN_POINT ( 'NONE',  ( 34.37657642343346254, 234.1831760075511681, 751.6645097835246361 ) ) ;
#376 = VERTEX_POINT ( 'NONE', #4315 ) ;
#377 = ADVANCED_FACE ( 'NONE', ( #3078 ), #3498, .F. ) ;
#378 = CARTESIAN_POINT ( 'NONE',  ( -27.59909317012450103, 242.4997500792999006, 750.7988507243537697 ) ) ;
#379 = CARTESIAN_POINT ( 'NONE',  ( -20.47880008931489471, 235.6603391705239403, 752.0931354135001357 ) ) ;
#380 = FILL_AREA_STYLE_COLOUR ( '', #4862 ) ;
#381 = CARTESIAN_POINT ( 'NONE',  ( -27.52213317379615631, 240.7298022320929363, 749.1028730795497950 ) ) ;
#382 = B_SPLINE_CURVE_WITH_KNOTS ( 'NONE', 1,
 ( #1569, #4081 ),
 .UNSPECIFIED., .F., .F.,
 ( 2, 2 ),
 ( 0.000000000000000000, 1.000000000000000000 ),
 .UNSPECIFIED. ) ;
#383 = EDGE_LOOP ( 'NONE', ( #2099, #2805, #1273, #1067 ) ) ;
#384 = FACE_OUTER_BOUND ( 'NONE', #4785, .T. ) ;
#385 = DIRECTION ( 'NONE',  ( -0.000000000000000000, -0.000000000000000000, -1.000000000000000000 ) ) ;
#386 = CARTESIAN_POINT ( 'NONE',  ( 29.41628503406187889, 233.4650377354461739, 750.0148390803919938 ) ) ;
#387 = CARTESIAN_POINT ( 'NONE',  ( -24.49400257149906679, 244.9939597017385893, 755.8682416577256618 ) ) ;
#388 = VECTOR ( 'NONE', #1063, 1000.000000000000000 ) ;
#389 = CARTESIAN_POINT ( 'NONE',  ( 28.60000101790997817, 249.9997500793000142, 749.0931354135001357 ) ) ;
#390 = ORIENTED_EDGE ( 'NONE', *, *, #5247, .F. ) ;
#391 = B_SPLINE_CURVE_WITH_KNOTS ( 'NONE', 3,
 ( #5008, #1247, #2003, #808, #3735, #5063, #3284, #3342, #1646, #2402, #4981, #2895, #4214, #1978, #783 ),
 .UNSPECIFIED., .F., .F.,
 ( 4, 2, 2, 2, 1, 2, 2, 4 ),
 ( 0.000000000000000000, 0.2499999999999889533, 0.3749999999999834577, 0.4999999999999779066, 0.6249999999999723554, 0.6874999999999743538, 0.7499999999999763522, 1.000000000000000000 ),
 .UNSPECIFIED. ) ;
#392 = PLANE ( 'NONE',  #1169 ) ;
#393 = FACE_BOUND ( 'NONE', #3917, .T. ) ;
#394 = FACE_OUTER_BOUND ( 'NONE', #1667, .T. ) ;
#395 = AXIS2_PLACEMENT_3D ( 'NONE', #2383, #2872, #3599 ) ;
#396 = AXIS2_PLACEMENT_3D ( 'NONE', #697, #4013, #4104 ) ;
#397 = ORIENTED_EDGE ( 'NONE', *, *, #2957, .T. ) ;
#398 = VERTEX_POINT ( 'NONE', #3897 ) ;
#399 = DIRECTION ( 'NONE',  ( -0.000000000000000000, -0.000000000000000000, -1.000000000000000000 ) ) ;
#400 = ORIENTED_EDGE ( 'NONE', *, *, #4603, .F. ) ;
#401 = ADVANCED_FACE ( 'NONE', ( #964 ), #4209, .T. ) ;
#402 = EDGE_CURVE ( 'NONE', #3944, #2771, #3258, .T. ) ;
#403 = PLANE ( 'NONE',  #197 ) ;
#404 = DIRECTION ( 'NONE',  ( 1.000000000000000000, 1.586032892321658557E-14, 0.000000000000000000 ) ) ;
#405 = DIRECTION ( 'NONE',  ( -1.000000000000000000, 0.000000000000000000, 0.000000000000000000 ) ) ;
#406 = CARTESIAN_POINT ( 'NONE',  ( 36.33914758512946719, 266.2340061196286456, 755.4969328042134293 ) ) ;
#407 = EDGE_CURVE ( 'NONE', #630, #4668, #3180, .T. ) ;
#408 = EDGE_CURVE ( 'NONE', #2578, #1715, #2838, .T. ) ;
#409 = MANIFOLD_SOLID_BREP ( '切除-拉伸22', #1343 ) ;
#410 = VERTEX_POINT ( 'NONE', #3653 ) ;
#411 = CARTESIAN_POINT ( 'NONE',  ( 29.21976085775835941, 267.3307944141040480, 761.4249719772894878 ) ) ;
#413 = CARTESIAN_POINT ( 'NONE',  ( 1.017909983045999956E-06, 249.9997500793000142, 758.0931354135000220 ) ) ;
#412 = CIRCLE ( 'NONE', #1035, 1.524999999999998579 ) ;
#414 =( NAMED_UNIT ( * ) SI_UNIT ( $, .STERADIAN. ) SOLID_ANGLE_UNIT ( ) );
#415 = CARTESIAN_POINT ( 'NONE',  ( 24.31465210953481559, 267.4715720660560692, 758.0931354135000220 ) ) ;
#416 = ORIENTED_EDGE ( 'NONE', *, *, #1576, .F. ) ;
#417 = CARTESIAN_POINT ( 'NONE',  ( 23.42455438339929330, 231.1915624888225409, 757.0821859521098531 ) ) ;
#418 = B_SPLINE_CURVE_WITH_KNOTS ( 'NONE', 3,
 ( #1822, #4748, #5243, #89, #1344, #1002, #928, #1869, #2705, #2596, #508, #2214, #3562, #1446, #3962, #3144, #589, #1420, #5218, #1794, #4850, #2651, #140, #4358, #3515, #2293, #4301, #1398, #3093, #562, #4822, #479, #2178, #3039, #3462, #3881, #1769, #2320, #1030, #2736, #4010, #4434, #616, #1432 ),
 .UNSPECIFIED., .F., .F.,
 ( 4, 2, 2, 1, 1, 1, 2, 2, 1, 1, 1, 2, 2, 2, 1, 1, 1, 2, 2, 1, 1, 2, 2, 2, 2, 1, 1, 1, 4 ),
 ( 0.000000000000000000, 0.06238269801396323366, 0.06628161663982745644, 0.07018053526569167921, 0.07797837251740401265, 0.09357404702082872117, 0.1247653960276783186, 0.1267148553406114153, 0.1286643146535445259, 0.1325632332794109414, 0.1403610705311435780, 0.1559567450346088791, 0.1871480940415247429, 0.1910470126673784463, 0.1949459312932321498, 0.2027437685449396676, 0.2183394430483697191, 0.2495307920552297110, 0.2573286293069372288, 0.2651264665586447467, 0.2807221410620597268, 0.3119134900688748102, 0.3431048390756898381, 0.3742961880825049215, 0.3820940253342046122, 0.3898918625859044140, 0.4054875370892893627, 0.4366788860960443275, 0.4990615841095693561 ),
 .UNSPECIFIED. ) ;
#419 = AXIS2_PLACEMENT_3D ( 'NONE', #4346, #2552, #3806 ) ;
#420 = B_SPLINE_SURFACE_WITH_KNOTS ( 'NONE', 1, 3, ( 
 ( #5084, #4319, #4233, #496, #880, #4258 ),
 ( #3834, #79, #2640, #4285, #437, #851 ) ),
 .UNSPECIFIED., .F., .F., .F.,
 ( 2, 2 ),
 ( 4, 2, 4 ),
 ( 0.000000000000000000, 1.000000000000000000 ),
 ( 0.000000000000000000, 0.0006811646598486093994, 0.001362329319697218799 ),
 .UNSPECIFIED. ) ;
#421 = EDGE_LOOP ( 'NONE', ( #7, #3561, #490, #3468 ) ) ;
#422 = DIRECTION ( 'NONE',  ( 0.000000000000000000, 0.000000000000000000, 1.000000000000000000 ) ) ;
#423 = CARTESIAN_POINT ( 'NONE',  ( 29.50000769764329789, 232.4565158480432103, 762.8504561358793126 ) ) ;
#425 = FACE_OUTER_BOUND ( 'NONE', #1263, .T. ) ;
#424 = VECTOR ( 'NONE', #798, 1000.000000000000000 ) ;
#426 = FACE_OUTER_BOUND ( 'NONE', #439, .T. ) ;
#427 = CARTESIAN_POINT ( 'NONE',  ( 26.86928395051860008, 232.5329339976121048, 757.5094847617978076 ) ) ;
#428 = ORIENTED_EDGE ( 'NONE', *, *, #2007, .F. ) ;
#429 = ORIENTED_EDGE ( 'NONE', *, *, #1967, .T. ) ;
#430 = ORIENTED_EDGE ( 'NONE', *, *, #5273, .F. ) ;
#431 = CARTESIAN_POINT ( 'NONE',  ( 32.14963747372964775, 234.3672575688551944, 749.9729325743800246 ) ) ;
#432 = EDGE_LOOP ( 'NONE', ( #2516, #3524, #5022, #3954 ) ) ;
#433 =( GEOMETRIC_REPRESENTATION_CONTEXT ( 3 ) GLOBAL_UNCERTAINTY_ASSIGNED_CONTEXT ( ( #2367 ) ) GLOBAL_UNIT_ASSIGNED_CONTEXT ( ( #3109, #3480, #532 ) ) REPRESENTATION_CONTEXT ( 'NONE', 'WORKASPACE' ) );
#434 = CARTESIAN_POINT ( 'NONE',  ( 17.40202599221967006, 263.4596730654654948, 762.0931354135001357 ) ) ;
#435 = CARTESIAN_POINT ( 'NONE',  ( 22.65769569382622350, 260.5652066228175272, 752.0931354135001357 ) ) ;
#436 = DIRECTION ( 'NONE',  ( 0.000000000000000000, -1.000000000000000000, 0.000000000000000000 ) ) ;
#437 = CARTESIAN_POINT ( 'NONE',  ( 25.09049553633471774, 267.7485604263106893, 757.0563628912533432 ) ) ;
#438 = CARTESIAN_POINT ( 'NONE',  ( 36.36898471290702872, 266.2502849759576407, 755.6465407423887655 ) ) ;
#439 = EDGE_LOOP ( 'NONE', ( #4808, #863, #2905, #2505 ) ) ;
#440 = CARTESIAN_POINT ( 'NONE',  ( 23.02444303935720882, 269.2318954572589860, 756.9592258222054397 ) ) ;
#441 = FILL_AREA_STYLE_COLOUR ( '', #3323 ) ;
#442 = FACE_OUTER_BOUND ( 'NONE', #421, .T. ) ;
#443 = EDGE_CURVE ( 'NONE', #72, #2913, #1090, .T. ) ;
#444 = DIRECTION ( 'NONE',  ( -1.000000000000000000, -0.000000000000000000, -0.000000000000000000 ) ) ;
#445 = EDGE_CURVE ( 'NONE', #4757, #2837, #4581, .T. ) ;
#446 = ORIENTED_EDGE ( 'NONE', *, *, #1879, .T. ) ;
#447 = CARTESIAN_POINT ( 'NONE',  ( 19.65769569382639403, 239.4342935357827855, 762.0931354135001357 ) ) ;
#448 = VERTEX_POINT ( 'NONE', #4960 ) ;
#449 = DIRECTION ( 'NONE',  ( -1.000000000000000000, 0.000000000000000000, 0.000000000000000000 ) ) ;
#450 = CARTESIAN_POINT ( 'NONE',  ( 29.48230201836049602, 232.4927336122158010, 762.6077799017974712 ) ) ;
#451 = CARTESIAN_POINT ( 'NONE',  ( -28.82881385987952427, 258.3010869021071585, 749.4869177994006577 ) ) ;
#452 = EDGE_CURVE ( 'NONE', #1431, #4678, #382, .T. ) ;
#453 = CARTESIAN_POINT ( 'NONE',  ( -23.92561890652369883, 257.2499025781866635, 754.9284633689118209 ) ) ;
#454 = DIRECTION ( 'NONE',  ( 0.000000000000000000, 0.000000000000000000, -1.000000000000000000 ) ) ;
#455 = CARTESIAN_POINT ( 'NONE',  ( 25.50821149344507077, 234.2095253077585539, 747.5783695764858976 ) ) ;
#456 = ORIENTED_EDGE ( 'NONE', *, *, #2296, .T. ) ;
#457 = ORIENTED_EDGE ( 'NONE', *, *, #3959, .T. ) ;
#458 = CARTESIAN_POINT ( 'NONE',  ( 32.97224720485566252, 234.3142711932636644, 750.4598765881725058 ) ) ;
#459 = ORIENTED_EDGE ( 'NONE', *, *, #233, .T. ) ;
#460 = AXIS2_PLACEMENT_3D ( 'NONE', #1103, #2938, #1157 ) ;
#461 = CARTESIAN_POINT ( 'NONE',  ( -19.22880008931489826, 235.6603391705239403, 758.0931354135000220 ) ) ;
#462 = FACE_OUTER_BOUND ( 'NONE', #3550, .T. ) ;
#463 = FACE_OUTER_BOUND ( 'NONE', #3525, .T. ) ;
#464 = AXIS2_PLACEMENT_3D ( 'NONE', #539, #3489, #3069 ) ;
#465 = DIRECTION ( 'NONE',  ( -1.000000000000000000, 0.000000000000000000, 0.000000000000000000 ) ) ;
#466 = CARTESIAN_POINT ( 'NONE',  ( 33.98898783243070199, 265.7743512837256503, 751.2725826937823967 ) ) ;
#467 = ORIENTED_EDGE ( 'NONE', *, *, #4363, .F. ) ;
#468 = AXIS2_PLACEMENT_3D ( 'NONE', #2372, #1995, #4998 ) ;
#469 = AXIS2_PLACEMENT_3D ( 'NONE', #1137, #1083, #1592 ) ;
#470 = CARTESIAN_POINT ( 'NONE',  ( 1.017909983045999956E-06, 249.9997500793000142, 758.0931354135000220 ) ) ;
#471 = CARTESIAN_POINT ( 'NONE',  ( 33.37992178729527382, 234.2846278525996127, 750.7322760353811191 ) ) ;
#472 = CARTESIAN_POINT ( 'NONE',  ( 23.99990473063923346, 267.6490188270317958, 758.0931354134999083 ) ) ;
#473 = ORIENTED_EDGE ( 'NONE', *, *, #5427, .F. ) ;
#474 = CARTESIAN_POINT ( 'NONE',  ( 23.16997185078154331, 230.9416187151392705, 757.0886651222696173 ) ) ;
#475 = DIRECTION ( 'NONE',  ( 0.000000000000000000, 0.000000000000000000, 1.000000000000000000 ) ) ;
#476 = EDGE_CURVE ( 'NONE', #5315, #2934, #5114, .T. ) ;
#477 = ADVANCED_FACE ( 'NONE', ( #4882 ), #4794, .T. ) ;
#478 = ORIENTED_EDGE ( 'NONE', *, *, #683, .F. ) ;
#479 = CARTESIAN_POINT ( 'NONE',  ( 28.51561586901524592, 252.1984935135433545, 749.5818220034375372 ) ) ;
#480 = CIRCLE ( 'NONE', #1279, 1.249999999999997558 ) ;
#481 = CARTESIAN_POINT ( 'NONE',  ( 25.37656294901460896, 266.0608942046993093, 749.5557374288335950 ) ) ;
#482 = CARTESIAN_POINT ( 'NONE',  ( -3.428892550781572623, 274.9046175315936580, 758.0931354135000220 ) ) ;
#483 = CARTESIAN_POINT ( 'NONE',  ( -18.02134395644772979, 237.3810684795768111, 757.5931354135000220 ) ) ;
#484 = VECTOR ( 'NONE', #321, 1000.000000000000114 ) ;
#485 = EDGE_CURVE ( 'NONE', #2715, #2643, #1915, .T. ) ;
#486 = CARTESIAN_POINT ( 'NONE',  ( 27.10974577880385894, 232.8203031967426568, 755.1988724985777708 ) ) ;
#487 = DIRECTION ( 'NONE',  ( -0.000000000000000000, -0.000000000000000000, 1.000000000000000000 ) ) ;
#488 = CIRCLE ( 'NONE', #2627, 25.00000000000007461 ) ;
#489 = ORIENTED_EDGE ( 'NONE', *, *, #4430, .T. ) ;
#490 = ORIENTED_EDGE ( 'NONE', *, *, #3067, .F. ) ;
#491 = DIRECTION ( 'NONE',  ( 0.000000000000000000, 0.000000000000000000, 1.000000000000000000 ) ) ;
#492 = ORIENTED_EDGE ( 'NONE', *, *, #46, .T. ) ;
#493 = CARTESIAN_POINT ( 'NONE',  ( 28.58847152030690708, 249.0655144152143521, 749.5867410217489351 ) ) ;
#494 = CARTESIAN_POINT ( 'NONE',  ( -20.47880008931489471, 235.6603391705239403, 752.0931354135001357 ) ) ;
#495 = DIRECTION ( 'NONE',  ( -0.000000000000000000, -0.000000000000000000, -1.000000000000000000 ) ) ;
#496 = CARTESIAN_POINT ( 'NONE',  ( 24.99705659513891121, 267.1349840639020385, 758.1145686867257609 ) ) ;
#497 = CARTESIAN_POINT ( 'NONE',  ( 34.83895009212400851, 265.8764628589036647, 752.2109687865489605 ) ) ;
#498 = CONICAL_SURFACE ( 'NONE', #4328, 25.00000000000007461, 0.7853981633974831400 ) ;
#499 = ORIENTED_EDGE ( 'NONE', *, *, #3885, .T. ) ;
#500 = CARTESIAN_POINT ( 'NONE',  ( 28.12862152251067371, 267.5573428786409522, 758.2346197695692354 ) ) ;
#501 = CARTESIAN_POINT ( 'NONE',  ( -18.02134395644787190, 262.6184316790228763, 752.5931354135001357 ) ) ;
#502 = CARTESIAN_POINT ( 'NONE',  ( 36.50000101791000162, 233.5924192516273763, 757.0931354135001357 ) ) ;
#503 = CYLINDRICAL_SURFACE ( 'NONE', #3084, 2.999999999999985345 ) ;
#504 = EDGE_LOOP ( 'NONE', ( #820, #5216, #843, #3800, #5160 ) ) ;
#505 = DIRECTION ( 'NONE',  ( -1.000000000000000000, 0.000000000000000000, 0.000000000000000000 ) ) ;
#506 =( GEOMETRIC_REPRESENTATION_CONTEXT ( 3 ) GLOBAL_UNCERTAINTY_ASSIGNED_CONTEXT ( ( #2413 ) ) GLOBAL_UNIT_ASSIGNED_CONTEXT ( ( #665, #2672, #4874 ) ) REPRESENTATION_CONTEXT ( 'NONE', 'WORKASPACE' ) );
#507 = EDGE_LOOP ( 'NONE', ( #3392, #950, #4339, #2544 ) ) ;
#508 = CARTESIAN_POINT ( 'NONE',  ( 28.29718751603054372, 254.1505694167288709, 749.5713915406855676 ) ) ;
#509 = CARTESIAN_POINT ( 'NONE',  ( -20.47880008931488049, 264.3391609880760029, 758.0931354135000220 ) ) ;
#510 = CARTESIAN_POINT ( 'NONE',  ( 26.95791599084332546, 234.0762742585934859, 749.4347475179904450 ) ) ;
#511 = LINE ( 'NONE', #2218, #942 ) ;
#512 = CIRCLE ( 'NONE', #2645, 1.249999999999994227 ) ;
#513 = AXIS2_PLACEMENT_3D ( 'NONE', #187, #3644, #2783 ) ;
#514 = CIRCLE ( 'NONE', #3000, 3.000000000000023537 ) ;
#515 = CARTESIAN_POINT ( 'NONE',  ( 25.52346535553747486, 233.0257740096472219, 758.1988146055870175 ) ) ;
#516 = DIRECTION ( 'NONE',  ( -0.000000000000000000, -0.000000000000000000, 1.000000000000000000 ) ) ;
#517 = ORIENTED_EDGE ( 'NONE', *, *, #1, .T. ) ;
#518 = EDGE_CURVE ( 'NONE', #376, #1340, #3420, .T. ) ;
#519 = EDGE_LOOP ( 'NONE', ( #4469, #2250, #429, #970 ) ) ;
#520 = EDGE_CURVE ( 'NONE', #5025, #5048, #5296, .T. ) ;
#521 = AXIS2_PLACEMENT_3D ( 'NONE', #698, #5271, #1925 ) ;
#522 = ORIENTED_EDGE ( 'NONE', *, *, #3814, .F. ) ;
#523 = CARTESIAN_POINT ( 'NONE',  ( 28.98894290812376440, 252.3381176294508634, 749.1079422414470628 ) ) ;
#524 = CARTESIAN_POINT ( 'NONE',  ( 25.17751830377927647, 266.5307563050749877, 749.0931354134999083 ) ) ;
#525 = B_SPLINE_CURVE_WITH_KNOTS ( 'NONE', 3,
 ( #4083, #5365, #285, #4052 ),
 .UNSPECIFIED., .F., .F.,
 ( 4, 4 ),
 ( 0.000000000000000000, 1.000000000000000000 ),
 .UNSPECIFIED. ) ;
#526 = LINE ( 'NONE', #910, #5495 ) ;
#527 = EDGE_CURVE ( 'NONE', #747, #4632, #5387, .T. ) ;
#528 = UNCERTAINTY_MEASURE_WITH_UNIT (LENGTH_MEASURE( 1.000000000000000082E-05 ), #3840, 'distance_accuracy_value', 'NONE');
#529 = CARTESIAN_POINT ( 'NONE',  ( 36.06578009195448686, 266.1233904294782633, 754.4801819270787746 ) ) ;
#530 = B_SPLINE_CURVE_WITH_KNOTS ( 'NONE', 1,
 ( #5057, #4676 ),
 .UNSPECIFIED., .F., .F.,
 ( 2, 2 ),
 ( 0.000000000000000000, 1.000000000000000000 ),
 .UNSPECIFIED. ) ;
#531 = VERTEX_POINT ( 'NONE', #4481 ) ;
#532 =( NAMED_UNIT ( * ) SI_UNIT ( $, .STERADIAN. ) SOLID_ANGLE_UNIT ( ) );
#533 = CARTESIAN_POINT ( 'NONE',  ( 2.955623769756390740, 271.8003072774261568, 762.0931354135001357 ) ) ;
#534 = CARTESIAN_POINT ( 'NONE',  ( 1.017909983045999956E-06, 249.9997500793000142, 749.0931354135001357 ) ) ;
#535 = ORIENTED_EDGE ( 'NONE', *, *, #3519, .F. ) ;
#536 = CARTESIAN_POINT ( 'NONE',  ( 23.01293462730535211, 230.7538443669267849, 757.0931413762962165 ) ) ;
#537 = ORIENTED_EDGE ( 'NONE', *, *, #914, .F. ) ;
#538 = CARTESIAN_POINT ( 'NONE',  ( -27.46274596470266971, 257.9878445637909294, 749.7528585179020411 ) ) ;
#539 = CARTESIAN_POINT ( 'NONE',  ( 1.017909983045999956E-06, 249.9997500793000142, 752.0931354135001357 ) ) ;
#540 = CARTESIAN_POINT ( 'NONE',  ( -28.99211430034398163, 257.7107891392130909, 750.1891477149730463 ) ) ;
#541 = CARTESIAN_POINT ( 'NONE',  ( -24.00383757121544548, 256.9867418424173593, 755.8645588902602412 ) ) ;
#542 = DIRECTION ( 'NONE',  ( 0.000000000000000000, 0.000000000000000000, 1.000000000000000000 ) ) ;
#543 = SURFACE_STYLE_FILL_AREA ( #70 ) ;
#544 = EDGE_LOOP ( 'NONE', ( #4557, #5309, #660, #4118 ) ) ;
#545 = ORIENTED_EDGE ( 'NONE', *, *, #3072, .T. ) ;
#546 = ORIENTED_EDGE ( 'NONE', *, *, #787, .T. ) ;
#547 = EDGE_CURVE ( 'NONE', #4613, #3928, #1173, .T. ) ;
#548 = EDGE_CURVE ( 'NONE', #1856, #2112, #4309, .T. ) ;
#549 = DIRECTION ( 'NONE',  ( 1.000000000000000000, 0.000000000000000000, 0.000000000000000000 ) ) ;
#550 = DIRECTION ( 'NONE',  ( -1.000000000000000000, 0.000000000000000000, 0.000000000000000000 ) ) ;
#551 = CARTESIAN_POINT ( 'NONE',  ( -21.72880008931489115, 235.6603391705239403, 752.3681354135001129 ) ) ;
#552 = CARTESIAN_POINT ( 'NONE',  ( 26.09709585521821751, 234.1608492987745933, 749.0931354135001357 ) ) ;
#553 = VECTOR ( 'NONE', #4345, 1000.000000000000000 ) ;
#554 = ADVANCED_FACE ( 'NONE', ( #3274 ), #3299, .F. ) ;
#555 = ORIENTED_EDGE ( 'NONE', *, *, #1460, .F. ) ;
#556 = CIRCLE ( 'NONE', #464, 25.50000000000002487 ) ;
#557 = LINE ( 'NONE', #4796, #2396 ) ;
#558 = CYLINDRICAL_SURFACE ( 'NONE', #3142, 1.249999999999973355 ) ;
#559 = CARTESIAN_POINT ( 'NONE',  ( 30.57426443741918831, 234.4351599705800879, 749.3490027951772845 ) ) ;
#560 = DIRECTION ( 'NONE',  ( -1.000000000000000000, -0.000000000000000000, -0.000000000000000000 ) ) ;
#561 = ORIENTED_EDGE ( 'NONE', *, *, #3921, .F. ) ;
#562 = CARTESIAN_POINT ( 'NONE',  ( 28.48387387843550300, 252.5755138308734615, 749.5799169441596632 ) ) ;
#563 = CIRCLE ( 'NONE', #2431, 21.99999999999999645 ) ;
#564 = CARTESIAN_POINT ( 'NONE',  ( 25.90540230698706381, 267.4988781268044136, 750.8259761627608668 ) ) ;
#565 = CARTESIAN_POINT ( 'NONE',  ( 24.96901015062494977, 266.8058147163674789, 752.1912356468653797 ) ) ;
#566 = CARTESIAN_POINT ( 'NONE',  ( -24.54296747091953890, 254.7582137115455510, 754.9260913523839918 ) ) ;
#567 = MECHANICAL_DESIGN_GEOMETRIC_PRESENTATION_REPRESENTATION (  '', ( #4575 ), #3681 ) ;
#568 = SURFACE_STYLE_USAGE ( .BOTH. , #3074 ) ;
#569 = ORIENTED_EDGE ( 'NONE', *, *, #741, .T. ) ;
#570 = VERTEX_POINT ( 'NONE', #689 ) ;
#571 = AXIS2_PLACEMENT_3D ( 'NONE', #2356, #1485, #2407 ) ;
#572 = ORIENTED_EDGE ( 'NONE', *, *, #4665, .T. ) ;
#573 = DIRECTION ( 'NONE',  ( -0.000000000000000000, -0.000000000000000000, 1.000000000000000000 ) ) ;
#574 = SURFACE_SIDE_STYLE ('',( #3898 ) ) ;
#575 = AXIS2_PLACEMENT_3D ( 'NONE', #1820, #475, #2238 ) ;
#576 = EDGE_CURVE ( 'NONE', #5315, #2045, #1942, .T. ) ;
#577 = EDGE_CURVE ( 'NONE', #5505, #1323, #1443, .T. ) ;
#578 = LINE ( 'NONE', #3107, #3979 ) ;
#579 = CONICAL_SURFACE ( 'NONE', #2185, 2.999999999999999112, 0.7853981633974943533 ) ;
#580 = ORIENTED_EDGE ( 'NONE', *, *, #741, .F. ) ;
#581 = CARTESIAN_POINT ( 'NONE',  ( -29.04737407864564247, 257.4997500792999858, 749.0931354135001357 ) ) ;
#582 = DIRECTION ( 'NONE',  ( -0.000000000000000000, -0.000000000000000000, -1.000000000000000000 ) ) ;
#583 = CARTESIAN_POINT ( 'NONE',  ( 27.92159833232462418, 267.5397485166848810, 758.0931354135005904 ) ) ;
#584 = DIRECTION ( 'NONE',  ( -1.000000000000000000, 0.000000000000000000, 0.000000000000000000 ) ) ;
#585 = ADVANCED_FACE ( 'NONE', ( #2443 ), #3106, .F. ) ;
#586 = EDGE_CURVE ( 'NONE', #1094, #962, #5458, .T. ) ;
#587 = DIRECTION ( 'NONE',  ( 0.000000000000000000, 0.000000000000000000, -1.000000000000000000 ) ) ;
#588 = ORIENTED_EDGE ( 'NONE', *, *, #527, .T. ) ;
#589 = CARTESIAN_POINT ( 'NONE',  ( 28.33218000110340284, 253.9050065383766537, 749.5726218695363059 ) ) ;
#590 = CARTESIAN_POINT ( 'NONE',  ( -24.26932118111372816, 243.9997500793005543, 753.8431354134936555 ) ) ;
#591 = CARTESIAN_POINT ( 'NONE',  ( 28.20343525136413021, 245.2524234795333768, 749.5688965010959919 ) ) ;
#592 = CARTESIAN_POINT ( 'NONE',  ( 22.65769569382641890, 239.4342935357827855, 752.5931354135001357 ) ) ;
#593 = CARTESIAN_POINT ( 'NONE',  ( 28.50000101791000517, 249.9997500793000142, 749.0931354135001357 ) ) ;
#594 = CARTESIAN_POINT ( 'NONE',  ( 25.39712185862719807, 232.9948090037944723, 758.1735285799858275 ) ) ;
#595 = CARTESIAN_POINT ( 'NONE',  ( 23.90769569382621995, 260.5652066228175272, 752.0931354135001357 ) ) ;
#596 = ORIENTED_EDGE ( 'NONE', *, *, #4809, .T. ) ;
#597 = VERTEX_POINT ( 'NONE', #1964 ) ;
#598 = AXIS2_PLACEMENT_3D ( 'NONE', #861, #1281, #2981 ) ;
#599 = ORIENTED_EDGE ( 'NONE', *, *, #372, .T. ) ;
#600 = VECTOR ( 'NONE', #5003, 1000.000000000000000 ) ;
#601 = FACE_OUTER_BOUND ( 'NONE', #5068, .T. ) ;
#602 = CARTESIAN_POINT ( 'NONE',  ( -2.178892550781579285, 274.9046175315936580, 752.0931354135001357 ) ) ;
#603 = AXIS2_PLACEMENT_3D ( 'NONE', #2324, #4015, #4440 ) ;
#604 = CARTESIAN_POINT ( 'NONE',  ( 27.05191032214262137, 234.4630042588713366, 749.0931354135002493 ) ) ;
#605 = ORIENTED_EDGE ( 'NONE', *, *, #5447, .T. ) ;
#606 = CARTESIAN_POINT ( 'NONE',  ( -24.99999898209004812, 249.9997500793000142, 762.0931354135001357 ) ) ;
#607 = CONICAL_SURFACE ( 'NONE', #3623, 3.000000000000033751, 0.7853981633973901033 ) ;
#608 = CARTESIAN_POINT ( 'NONE',  ( 36.50000101791000162, 233.4680499648782472, 758.0931354135000220 ) ) ;
#609 = PLANE ( 'NONE',  #723 ) ;
#610 = FACE_OUTER_BOUND ( 'NONE', #4173, .T. ) ;
#611 = CIRCLE ( 'NONE', #2032, 3.499999999999989342 ) ;
#612 = DIRECTION ( 'NONE',  ( -0.000000000000000000, -0.000000000000000000, -1.000000000000000000 ) ) ;
#613 = EDGE_CURVE ( 'NONE', #4487, #4127, #2315, .T. ) ;
#614 = ORIENTED_EDGE ( 'NONE', *, *, #4902, .T. ) ;
#615 = EDGE_CURVE ( 'NONE', #4110, #4374, #5001, .T. ) ;
#616 = CARTESIAN_POINT ( 'NONE',  ( 28.60000101787953852, 250.2230056776158449, 749.5876255329210380 ) ) ;
#617 = CARTESIAN_POINT ( 'NONE',  ( 25.71618531070914315, 267.5635729296649288, 757.1355979560852347 ) ) ;
#618 = CARTESIAN_POINT ( 'NONE',  ( 28.44483982707963676, 247.0236719046271503, 749.5777302992030400 ) ) ;
#619 = DIRECTION ( 'NONE',  ( -1.000000000000000000, 0.000000000000000000, 0.000000000000000000 ) ) ;
#620 = DIRECTION ( 'NONE',  ( -0.000000000000000000, -0.000000000000000000, -1.000000000000000000 ) ) ;
#621 = CARTESIAN_POINT ( 'NONE',  ( 1.017909983045999956E-06, 249.9997500793000142, 827.1756946511300157 ) ) ;
#622 = DIRECTION ( 'NONE',  ( 1.000000000000000000, 0.000000000000000000, 0.000000000000000000 ) ) ;
#623 = ORIENTED_EDGE ( 'NONE', *, *, #2296, .F. ) ;
#624 = ORIENTED_EDGE ( 'NONE', *, *, #3445, .F. ) ;
#625 = ORIENTED_EDGE ( 'NONE', *, *, #4098, .T. ) ;
#626 = CARTESIAN_POINT ( 'NONE',  ( -29.04737407864564958, 243.9997500793000142, 753.5681354135000447 ) ) ;
#627 = DIRECTION ( 'NONE',  ( -0.000000000000000000, -0.000000000000000000, -1.000000000000000000 ) ) ;
#628 = DIRECTION ( 'NONE',  ( 0.000000000000000000, 0.000000000000000000, -1.000000000000000000 ) ) ;
#629 = VERTEX_POINT ( 'NONE', #2937 ) ;
#630 = VERTEX_POINT ( 'NONE', #14 ) ;
#631 = CARTESIAN_POINT ( 'NONE',  ( -2.178892550781579285, 274.9046175315936580, 752.5931354135001357 ) ) ;
#632 = CARTESIAN_POINT ( 'NONE',  ( 26.88266467686903027, 267.4505207197674395, 757.3756135856662013 ) ) ;
#633 = DIRECTION ( 'NONE',  ( -0.000000000000000000, 0.6620353281757456188, 0.7494726307526065057 ) ) ;
#634 = CARTESIAN_POINT ( 'NONE',  ( 24.33774991366186313, 268.1187471623213128, 757.0618606585768475 ) ) ;
#635 = DIRECTION ( 'NONE',  ( 0.000000000000000000, 0.000000000000000000, 1.000000000000000000 ) ) ;
#636 = AXIS2_PLACEMENT_3D ( 'NONE', #5261, #1886, #3166 ) ;
#637 = CYLINDRICAL_SURFACE ( 'NONE', #4264, 3.000000000000002665 ) ;
#638 = DIRECTION ( 'NONE',  ( 1.000000000000000000, 0.000000000000000000, 0.000000000000000000 ) ) ;
#639 = CARTESIAN_POINT ( 'NONE',  ( 28.56199681648944377, 248.5254860146414160, 749.5848938660004706 ) ) ;
#640 = DIRECTION ( 'NONE',  ( -1.000000000000000000, 0.000000000000000000, 0.000000000000000000 ) ) ;
#641 = ADVANCED_FACE ( 'NONE', ( #771 ), #2160, .F. ) ;
#642 = ADVANCED_FACE ( 'NONE', ( #826 ), #4349, .T. ) ;
#643 = CARTESIAN_POINT ( 'NONE',  ( 23.26096185797583971, 231.0299464089468131, 757.0863634370672344 ) ) ;
#644 = CARTESIAN_POINT ( 'NONE',  ( 26.86879529237381448, 267.4671431900436005, 757.5092825257954701 ) ) ;
#645 = AXIS2_PLACEMENT_3D ( 'NONE', #297, #326, #3696 ) ;
#646 = CIRCLE ( 'NONE', #2161, 3.000000000000023537 ) ;
#647 = DIRECTION ( 'NONE',  ( 0.000000000000000000, 0.000000000000000000, 1.000000000000000000 ) ) ;
#648 = EDGE_LOOP ( 'NONE', ( #2331, #4224, #2248, #3858, #1250, #2055, #3876 ) ) ;
#649 = ORIENTED_EDGE ( 'NONE', *, *, #1019, .F. ) ;
#650 = ORIENTED_EDGE ( 'NONE', *, *, #4634, .T. ) ;
#651 = EDGE_CURVE ( 'NONE', #4154, #3429, #2869, .T. ) ;
#652 = DIRECTION ( 'NONE',  ( -0.000000000000000000, -0.000000000000000000, -1.000000000000000000 ) ) ;
#653 = VECTOR ( 'NONE', #4779, 1000.000000000000114 ) ;
#654 = DIRECTION ( 'NONE',  ( 1.000000000000000000, 0.000000000000000000, 0.000000000000000000 ) ) ;
#655 = AXIS2_PLACEMENT_3D ( 'NONE', #1109, #2001, #4515 ) ;
#656 = VECTOR ( 'NONE', #1762, 1000.000000000000000 ) ;
#657 = FACE_BOUND ( 'NONE', #4860, .T. ) ;
#658 = ORIENTED_EDGE ( 'NONE', *, *, #5046, .T. ) ;
#659 = AXIS2_PLACEMENT_3D ( 'NONE', #1536, #2295, #4492 ) ;
#660 = ORIENTED_EDGE ( 'NONE', *, *, #4900, .T. ) ;
#661 = AXIS2_PLACEMENT_3D ( 'NONE', #2062, #786, #4574 ) ;
#662 = DIRECTION ( 'NONE',  ( 0.000000000000000000, 0.000000000000000000, 1.000000000000000000 ) ) ;
#663 = CARTESIAN_POINT ( 'NONE',  ( -29.04737407864564602, 255.9997500793000427, 753.8431354135001357 ) ) ;
#664 = CARTESIAN_POINT ( 'NONE',  ( 19.45283122758999994, 233.4706495407533566, 749.9697169650055457 ) ) ;
#665 =( LENGTH_UNIT ( ) NAMED_UNIT ( * ) SI_UNIT ( .MILLI., .METRE. ) );
#666 = PRESENTATION_LAYER_ASSIGNMENT (  '', '', ( #2528 ) ) ;
#667 = FACE_OUTER_BOUND ( 'NONE', #4148, .T. ) ;
#668 = VERTEX_POINT ( 'NONE', #2522 ) ;
#669 = ORIENTED_EDGE ( 'NONE', *, *, #4562, .F. ) ;
#670 = DIRECTION ( 'NONE',  ( -0.000000000000000000, -0.000000000000000000, -1.000000000000000000 ) ) ;
#671 = CARTESIAN_POINT ( 'NONE',  ( 26.31275354722981774, 266.8838736920033625, 758.4300170527606042 ) ) ;
#672 = DIRECTION ( 'NONE',  ( -0.000000000000000000, -0.000000000000000000, -1.000000000000000000 ) ) ;
#673 = CARTESIAN_POINT ( 'NONE',  ( -2.178892550781585058, 225.0948826270063989, 752.0931354135001357 ) ) ;
#674 = CARTESIAN_POINT ( 'NONE',  ( 22.57005103486834230, 231.1242326184638216, 758.0931354135000220 ) ) ;
#675 = CARTESIAN_POINT ( 'NONE',  ( 26.31275354722981774, 266.8838736920033625, 758.4300170527606042 ) ) ;
#676 = CARTESIAN_POINT ( 'NONE',  ( 17.40202599221967006, 263.4596730654654948, 757.5931354135000220 ) ) ;
#677 = CARTESIAN_POINT ( 'NONE',  ( -18.43091997859222175, 237.0942802614012805, 758.0931354135000220 ) ) ;
#678 = ORIENTED_EDGE ( 'NONE', *, *, #1121, .F. ) ;
#679 = VERTEX_POINT ( 'NONE', #4231 ) ;
#680 = DIRECTION ( 'NONE',  ( -1.000000000000000000, 0.000000000000000000, 0.000000000000000000 ) ) ;
#681 = STYLED_ITEM ( 'NONE', ( #1887 ), #3744 ) ;
#682 = ADVANCED_FACE ( 'NONE', ( #462 ), #403, .T. ) ;
#683 = EDGE_CURVE ( 'NONE', #177, #4655, #5081, .T. ) ;
#684 = CARTESIAN_POINT ( 'NONE',  ( -0.9288925507815800620, 274.9046175315936580, 752.3681354135001129 ) ) ;
#685 = CARTESIAN_POINT ( 'NONE',  ( 36.47239788956412099, 233.6647352638064206, 756.4285811143126921 ) ) ;
#686 = ORIENTED_EDGE ( 'NONE', *, *, #4527, .F. ) ;
#687 = CIRCLE ( 'NONE', #2467, 2.500000000000043965 ) ;
#688 = ADVANCED_FACE ( 'NONE', ( #4674 ), #4754, .F. ) ;
#689 = CARTESIAN_POINT ( 'NONE',  ( 20.90202599221984769, 236.5398270931348463, 758.0931354135000220 ) ) ;
#690 = DIRECTION ( 'NONE',  ( -1.000000000000000000, 0.000000000000000000, 0.000000000000000000 ) ) ;
#691 = DIRECTION ( 'NONE',  ( -0.6408563820558099700, -0.2988362387301566891, -0.7071067811865124897 ) ) ;
#692 = EDGE_LOOP ( 'NONE', ( #2136, #3030, #2518, #4390 ) ) ;
#693 = DIRECTION ( 'NONE',  ( -0.000000000000000000, -0.000000000000000000, -1.000000000000000000 ) ) ;
#694 = CARTESIAN_POINT ( 'NONE',  ( 24.74710971146051364, 267.9007586810965336, 757.0540388499747451 ) ) ;
#695 = DIRECTION ( 'NONE',  ( -1.000000000000000000, -0.000000000000000000, -0.000000000000000000 ) ) ;
#696 = CYLINDRICAL_SURFACE ( 'NONE', #1012, 21.99999999999999645 ) ;
#697 = CARTESIAN_POINT ( 'NONE',  ( 22.65769569382622350, 260.5652066228175272, 758.0931354135000220 ) ) ;
#698 = CARTESIAN_POINT ( 'NONE',  ( -12.49999898208992910, 271.6503851739110473, 752.3931354135000902 ) ) ;
#699 = AXIS2_PLACEMENT_3D ( 'NONE', #1245, #1728, #5006 ) ;
#700 = CARTESIAN_POINT ( 'NONE',  ( 24.13329693271358778, 232.4328085275000149, 758.0931354135001357 ) ) ;
#701 = CARTESIAN_POINT ( 'NONE',  ( 25.44609866481473404, 267.6325305775732772, 757.0919274623821593 ) ) ;
#702 = DIRECTION ( 'NONE',  ( -1.000000000000000000, 0.000000000000000000, 0.000000000000000000 ) ) ;
#703 = CARTESIAN_POINT ( 'NONE',  ( -0.6538925507815788185, 274.9046175315936580, 752.0931354135001357 ) ) ;
#704 = ORIENTED_EDGE ( 'NONE', *, *, #5215, .F. ) ;
#705 = VERTEX_POINT ( 'NONE', #4733 ) ;
#706 = DIRECTION ( 'NONE',  ( -1.000000000000000000, 0.000000000000000000, 0.000000000000000000 ) ) ;
#707 = DIRECTION ( 'NONE',  ( -1.000000000000000000, 0.000000000000000000, 0.000000000000000000 ) ) ;
#708 = CARTESIAN_POINT ( 'NONE',  ( -13.99999898208992910, 271.6503851739110473, 755.5931354135000220 ) ) ;
#709 = ORIENTED_EDGE ( 'NONE', *, *, #2257, .T. ) ;
#710 = ADVANCED_FACE ( 'NONE', ( #3527 ), #4765, .F. ) ;
#711 = ADVANCED_FACE ( 'NONE', ( #5257 ), #3934, .T. ) ;
#712 = CARTESIAN_POINT ( 'NONE',  ( -27.50877275752206330, 242.1744348508378266, 749.9904611464526170 ) ) ;
#713 = CARTESIAN_POINT ( 'NONE',  ( 1.017909983045999956E-06, 249.9997500793000142, 758.0931354135000220 ) ) ;
#714 = CARTESIAN_POINT ( 'NONE',  ( 25.42733816864367569, 267.6387457530906886, 757.0901362694228283 ) ) ;
#715 = DIRECTION ( 'NONE',  ( -0.000000000000000000, -0.000000000000000000, 1.000000000000000000 ) ) ;
#716 = EDGE_CURVE ( 'NONE', #287, #3395, #1239, .T. ) ;
#717 = ORIENTED_EDGE ( 'NONE', *, *, #443, .F. ) ;
#718 = VERTEX_POINT ( 'NONE', #3051 ) ;
#719 = DIRECTION ( 'NONE',  ( 0.000000000000000000, 0.000000000000000000, -1.000000000000000000 ) ) ;
#720 = CYLINDRICAL_SURFACE ( 'NONE', #4478, 25.00000000000002842 ) ;
#721 = CARTESIAN_POINT ( 'NONE',  ( 22.65769569382620219, 239.4342935357824445, 752.0931354135001357 ) ) ;
#722 = CARTESIAN_POINT ( 'NONE',  ( 24.46579845020873023, 231.9544951016652305, 757.0593465567818612 ) ) ;
#723 = AXIS2_PLACEMENT_3D ( 'NONE', #664, #633, #2781 ) ;
#724 = CARTESIAN_POINT ( 'NONE',  ( -27.59909317012452235, 242.4997500792999858, 752.0931354135001357 ) ) ;
#725 = DIRECTION ( 'NONE',  ( 0.000000000000000000, 0.000000000000000000, -1.000000000000000000 ) ) ;
#726 = CARTESIAN_POINT ( 'NONE',  ( 25.71291252783448300, 232.4364232148122653, 757.1342865446592896 ) ) ;
#727 = AXIS2_PLACEMENT_3D ( 'NONE', #5442, #3348, #4688 ) ;
#728 = DIRECTION ( 'NONE',  ( 0.7071067811865644481, 8.659560562355138702E-17, -0.7071067811865306973 ) ) ;
#729 = DIRECTION ( 'NONE',  ( 0.5593222666232396945, 0.4326183098984310860, -0.7071067811865946462 ) ) ;
#730 = VERTEX_POINT ( 'NONE', #78 ) ;
#731 = ORIENTED_EDGE ( 'NONE', *, *, #4016, .F. ) ;
#732 = STYLED_ITEM ( 'NONE', ( #1386 ), #710 ) ;
#733 = CONICAL_SURFACE ( 'NONE', #5276, 1.524999999999998579, 0.7853981633974042031 ) ;
#734 = CONICAL_SURFACE ( 'NONE', #4026, 21.99999999999999645, 0.7853981633973857734 ) ;
#735 = CARTESIAN_POINT ( 'NONE',  ( 23.38387169701594814, 268.8470117627769582, 757.0831975614274825 ) ) ;
#736 = CARTESIAN_POINT ( 'NONE',  ( 36.50000101790999452, 233.6114028106883325, 756.9186912509837839 ) ) ;
#737 = ORIENTED_EDGE ( 'NONE', *, *, #3538, .F. ) ;
#738 = CIRCLE ( 'NONE', #31, 3.499999999999961364 ) ;
#739 = DIRECTION ( 'NONE',  ( -0.000000000000000000, -0.000000000000000000, -1.000000000000000000 ) ) ;
#740 = DIRECTION ( 'NONE',  ( -0.000000000000000000, -0.000000000000000000, -1.000000000000000000 ) ) ;
#741 = EDGE_CURVE ( 'NONE', #4236, #4728, #1411, .T. ) ;
#743 = AXIS2_PLACEMENT_3D ( 'NONE', #470, #385, #2089 ) ;
#742 = LINE ( 'NONE', #4560, #2104 ) ;
#744 = EDGE_CURVE ( 'NONE', #4550, #5093, #1256, .T. ) ;
#745 = DIRECTION ( 'NONE',  ( -1.000000000000000000, 0.000000000000000000, 0.000000000000000000 ) ) ;
#746 = AXIS2_PLACEMENT_3D ( 'NONE', #2921, #4103, #5438 ) ;
#747 = VERTEX_POINT ( 'NONE', #3024 ) ;
#748 = ORIENTED_EDGE ( 'NONE', *, *, #2117, .T. ) ;
#749 = MECHANICAL_DESIGN_GEOMETRIC_PRESENTATION_REPRESENTATION (  '', ( #4846 ), #936 ) ;
#750 = FILL_AREA_STYLE ('',( #1921 ) ) ;
#751 = DIRECTION ( 'NONE',  ( -1.000000000000000000, 3.700743415417186364E-15, 0.000000000000000000 ) ) ;
#752 = ADVANCED_FACE ( 'NONE', ( #2308 ), #4908, .T. ) ;
#753 = CARTESIAN_POINT ( 'NONE',  ( -24.34711811865237507, 244.3215857122735031, 753.8744139137924094 ) ) ;
#754 = EDGE_CURVE ( 'NONE', #4500, #5025, #2639, .T. ) ;
#755 = CARTESIAN_POINT ( 'NONE',  ( 1.017909983045999956E-06, 249.9997500793000142, 843.9459491558857280 ) ) ;
#756 = PRESENTATION_LAYER_ASSIGNMENT (  '', '', ( #2801 ) ) ;
#757 = DIRECTION ( 'NONE',  ( -1.000000000000000000, 0.000000000000000000, 0.000000000000000000 ) ) ;
#758 = AXIS2_PLACEMENT_3D ( 'NONE', #341, #725, #2352 ) ;
#759 = CIRCLE ( 'NONE', #1106, 1.249999999999993339 ) ;
#760 = PRESENTATION_STYLE_ASSIGNMENT (( #1954 ) ) ;
#761 = CARTESIAN_POINT ( 'NONE',  ( 25.62303231089969202, 232.4151403421581676, 757.1183036862188374 ) ) ;
#762 = DIRECTION ( 'NONE',  ( -1.000000000000000000, 0.000000000000000000, 0.000000000000000000 ) ) ;
#763 = DIRECTION ( 'NONE',  ( -0.06162841671622462658, 0.7044160264028014318, 0.7071067811865044961 ) ) ;
#764 = ORIENTED_EDGE ( 'NONE', *, *, #548, .T. ) ;
#765 = ORIENTED_EDGE ( 'NONE', *, *, #2661, .T. ) ;
#766 = ORIENTED_EDGE ( 'NONE', *, *, #1154, .T. ) ;
#767 = ORIENTED_EDGE ( 'NONE', *, *, #4997, .T. ) ;
#768 = CARTESIAN_POINT ( 'NONE',  ( 35.90218946917099174, 233.9226333992023399, 754.0587228172016694 ) ) ;
#769 = ORIENTED_EDGE ( 'NONE', *, *, #2076, .F. ) ;
#770 = AXIS2_PLACEMENT_3D ( 'NONE', #5404, #1636, #3219 ) ;
#771 = FACE_OUTER_BOUND ( 'NONE', #3406, .T. ) ;
#772 = CARTESIAN_POINT ( 'NONE',  ( 24.50000101790997675, 267.3804298565852378, 758.0931354135000220 ) ) ;
#773 = DIRECTION ( 'NONE',  ( -1.000000000000000000, 0.000000000000000000, 0.000000000000000000 ) ) ;
#774 = COLOUR_RGB ( '',0.8980392156862745390, 0.9176470588235293713, 0.9294117647058823817 ) ;
#775 = CARTESIAN_POINT ( 'NONE',  ( 20.02986084302312619, 237.9870603144588017, 762.0931354135001357 ) ) ;
#776 = VECTOR ( 'NONE', #310, 1000.000000000000000 ) ;
#777 = AXIS2_PLACEMENT_3D ( 'NONE', #4971, #1208, #2049 ) ;
#778 = VERTEX_POINT ( 'NONE', #2196 ) ;
#779 = CARTESIAN_POINT ( 'NONE',  ( 29.50000101791000517, 267.5797288077538951, 763.0931354135000220 ) ) ;
#780 = B_SPLINE_CURVE_WITH_KNOTS ( 'NONE', 1,
 ( #5297, #1561 ),
 .UNSPECIFIED., .F., .F.,
 ( 2, 2 ),
 ( 0.1479563062757641156, 1.000000000000000000 ),
 .UNSPECIFIED. ) ;
#781 = DIRECTION ( 'NONE',  ( -1.000000000000000000, 9.554297365084064513E-16, 0.000000000000000000 ) ) ;
#782 = SURFACE_STYLE_USAGE ( .BOTH. , #2865 ) ;
#783 = CARTESIAN_POINT ( 'NONE',  ( 24.74716156738519857, 232.0991311837937872, 757.0540417672989406 ) ) ;
#784 = FACE_OUTER_BOUND ( 'NONE', #4532, .T. ) ;
#785 = CONICAL_SURFACE ( 'NONE', #521, 1.500000000000001332, 0.7853981633974721488 ) ;
#786 = DIRECTION ( 'NONE',  ( 0.000000000000000000, 0.000000000000000000, -1.000000000000000000 ) ) ;
#787 = EDGE_CURVE ( 'NONE', #2934, #1233, #4812, .T. ) ;
#788 = ADVANCED_FACE ( 'NONE', ( #2229 ), #3661, .F. ) ;
#789 = ORIENTED_EDGE ( 'NONE', *, *, #1155, .F. ) ;
#790 = DIRECTION ( 'NONE',  ( -0.000000000000000000, -0.000000000000000000, -1.000000000000000000 ) ) ;
#791 = CARTESIAN_POINT ( 'NONE',  ( 30.50000903357889470, 231.8835795844125300, 762.7306646058954129 ) ) ;
#792 = CYLINDRICAL_SURFACE ( 'NONE', #1372, 1.500000000000001332 ) ;
#793 = DIRECTION ( 'NONE',  ( 0.000000000000000000, 0.000000000000000000, 1.000000000000000000 ) ) ;
#794 = EDGE_LOOP ( 'NONE', ( #2515, #149 ) ) ;
#795 = DIRECTION ( 'NONE',  ( -0.000000000000000000, -0.000000000000000000, -1.000000000000000000 ) ) ;
#796 = EDGE_LOOP ( 'NONE', ( #4776, #1414, #2177, #1488 ) ) ;
#797 = ORIENTED_EDGE ( 'NONE', *, *, #982, .F. ) ;
#798 = DIRECTION ( 'NONE',  ( 0.6051085513942597860, 0.3658464719381264718, -0.7071067811865235919 ) ) ;
#799 = ORIENTED_EDGE ( 'NONE', *, *, #4430, .F. ) ;
#800 = CARTESIAN_POINT ( 'NONE',  ( -27.59909317012452235, 242.4997500792999858, 751.0931354135001357 ) ) ;
#801 = CARTESIAN_POINT ( 'NONE',  ( 2.955623769756390740, 271.8003072774261568, 752.5931354135001357 ) ) ;
#802 = FACE_OUTER_BOUND ( 'NONE', #1107, .T. ) ;
#803 = DIRECTION ( 'NONE',  ( -1.000000000000000000, 0.000000000000000000, 0.000000000000000000 ) ) ;
#804 = VERTEX_POINT ( 'NONE', #1807 ) ;
#805 = CARTESIAN_POINT ( 'NONE',  ( -24.26932118111322723, 255.9997500793000427, 756.3431354135000220 ) ) ;
#806 = FACE_OUTER_BOUND ( 'NONE', #4878, .T. ) ;
#807 = FACE_OUTER_BOUND ( 'NONE', #4502, .T. ) ;
#808 = CARTESIAN_POINT ( 'NONE',  ( 26.25434140437161545, 232.5227368177307028, 757.2693343995355235 ) ) ;
#809 = DIRECTION ( 'NONE',  ( -0.000000000000000000, -0.000000000000000000, -1.000000000000000000 ) ) ;
#810 = ORIENTED_EDGE ( 'NONE', *, *, #3298, .F. ) ;
#811 = CARTESIAN_POINT ( 'NONE',  ( 25.91053101872718045, 266.8435923324195755, 750.2070245180120764 ) ) ;
#812 = CARTESIAN_POINT ( 'NONE',  ( 29.21980312782801192, 232.6692413352192261, 761.4250942644139286 ) ) ;
#813 = CARTESIAN_POINT ( 'NONE',  ( 27.92159833232462418, 267.5397485166848810, 758.0931354135005904 ) ) ;
#814 = CARTESIAN_POINT ( 'NONE',  ( 29.03600174188165539, 248.1123816660121690, 749.1105193103021520 ) ) ;
#815 = ORIENTED_EDGE ( 'NONE', *, *, #1671, .T. ) ;
#816 = EDGE_CURVE ( 'NONE', #199, #3314, #3212, .T. ) ;
#817 = ADVANCED_FACE ( 'NONE', ( #2253 ), #1859, .F. ) ;
#818 = AXIS2_PLACEMENT_3D ( 'NONE', #3473, #4371, #550 ) ;
#819 = FACE_OUTER_BOUND ( 'NONE', #2330, .T. ) ;
#820 = ORIENTED_EDGE ( 'NONE', *, *, #4973, .T. ) ;
#821 = ORIENTED_EDGE ( 'NONE', *, *, #4563, .F. ) ;
#822 = EDGE_CURVE ( 'NONE', #4892, #1236, #2749, .T. ) ;
#823 = CARTESIAN_POINT ( 'NONE',  ( 31.79825407389193259, 234.3856010926828901, 749.8043975850555398 ) ) ;
#824 = ORIENTED_EDGE ( 'NONE', *, *, #4634, .F. ) ;
#825 = AXIS2_PLACEMENT_3D ( 'NONE', #934, #3043, #2244 ) ;
#826 = FACE_OUTER_BOUND ( 'NONE', #2392, .T. ) ;
#827 = DIRECTION ( 'NONE',  ( 0.000000000000000000, 0.000000000000000000, -1.000000000000000000 ) ) ;
#828 = CARTESIAN_POINT ( 'NONE',  ( 30.33354359482039442, 233.4479136051454589, 750.1525268548281247 ) ) ;
#829 = CARTESIAN_POINT ( 'NONE',  ( 32.38058628853104892, 265.6463424083285076, 750.0961222873654606 ) ) ;
#830 = VERTEX_POINT ( 'NONE', #684 ) ;
#831 = CIRCLE ( 'NONE', #1453, 25.00000000000002842 ) ;
#832 = DIRECTION ( 'NONE',  ( 0.000000000000000000, 0.9923563914760095139, -0.1234049929974996990 ) ) ;
#833 = FACE_OUTER_BOUND ( 'NONE', #3785, .T. ) ;
#834 =( GEOMETRIC_REPRESENTATION_CONTEXT ( 3 ) GLOBAL_UNCERTAINTY_ASSIGNED_CONTEXT ( ( #4090 ) ) GLOBAL_UNIT_ASSIGNED_CONTEXT ( ( #1800, #5194, #1543 ) ) REPRESENTATION_CONTEXT ( 'NONE', 'WORKASPACE' ) );
#835 = VERTEX_POINT ( 'NONE', #5371 ) ;
#836 = ORIENTED_EDGE ( 'NONE', *, *, #4774, .T. ) ;
#837 = DIRECTION ( 'NONE',  ( -1.000000000000000000, 0.000000000000000000, 0.000000000000000000 ) ) ;
#838 = CARTESIAN_POINT ( 'NONE',  ( 29.41187971959682912, 232.5644035245098280, 762.1275574250674936 ) ) ;
#839 = CARTESIAN_POINT ( 'NONE',  ( -29.04737407864564958, 255.9997500793000427, 756.6181354135001129 ) ) ;
#840 = CARTESIAN_POINT ( 'NONE',  ( 28.82941847091372267, 246.2399406928339261, 749.0995875509413509 ) ) ;
#841 = DIRECTION ( 'NONE',  ( -1.000000000000000000, 0.000000000000000000, 0.000000000000000000 ) ) ;
#842 = ORIENTED_EDGE ( 'NONE', *, *, #2007, .T. ) ;
#843 = ORIENTED_EDGE ( 'NONE', *, *, #2766, .F. ) ;
#844 = FACE_OUTER_BOUND ( 'NONE', #1676, .T. ) ;
#845 = ORIENTED_EDGE ( 'NONE', *, *, #2048, .T. ) ;
#846 = EDGE_CURVE ( 'NONE', #1856, #5513, #5171, .T. ) ;
#847 = EDGE_CURVE ( 'NONE', #3907, #201, #3914, .T. ) ;
#848 = CARTESIAN_POINT ( 'NONE',  ( 28.89031850341567420, 246.7087430616836059, 749.1025148004893026 ) ) ;
#849 = CARTESIAN_POINT ( 'NONE',  ( 33.12578646056689990, 266.7442320332153258, 751.6960209265477033 ) ) ;
#850 = DIRECTION ( 'NONE',  ( -0.000000000000000000, -0.000000000000000000, -1.000000000000000000 ) ) ;
#851 = CARTESIAN_POINT ( 'NONE',  ( 24.90075308271774546, 267.8308610114893895, 757.0537046993430295 ) ) ;
#852 = CARTESIAN_POINT ( 'NONE',  ( 36.39062463894118338, 266.2635359441908918, 755.7682981941842399 ) ) ;
#853 = EDGE_CURVE ( 'NONE', #1342, #1803, #1068, .T. ) ;
#854 = ORIENTED_EDGE ( 'NONE', *, *, #3519, .T. ) ;
#855 = CARTESIAN_POINT ( 'NONE',  ( 26.91297043618384421, 266.9252296107631537, 758.7071941482491866 ) ) ;
#857 = CARTESIAN_POINT ( 'NONE',  ( 26.88965786858478424, 272.4039093907528013, 756.6910943386649251 ) ) ;
#856 = AXIS2_PLACEMENT_3D ( 'NONE', #2142, #920, #5126 ) ;
#858 = CARTESIAN_POINT ( 'NONE',  ( -12.49999898208992910, 271.6503851739110473, 755.5931354135000220 ) ) ;
#859 = DIRECTION ( 'NONE',  ( -0.000000000000000000, -0.000000000000000000, -1.000000000000000000 ) ) ;
#860 = VERTEX_POINT ( 'NONE', #3241 ) ;
#861 = CARTESIAN_POINT ( 'NONE',  ( -12.49999898208996996, 228.3491149846890096, 752.0931354135001357 ) ) ;
#862 = AXIS2_PLACEMENT_3D ( 'NONE', #3408, #5112, #1295 ) ;
#863 = ORIENTED_EDGE ( 'NONE', *, *, #2800, .F. ) ;
#864 = CARTESIAN_POINT ( 'NONE',  ( 29.50000101791000517, 232.4202976296436702, 763.0931354135000220 ) ) ;
#866 = FACE_OUTER_BOUND ( 'NONE', #3368, .T. ) ;
#865 = VECTOR ( 'NONE', #5314, 1000.000000000000000 ) ;
#867 = CARTESIAN_POINT ( 'NONE',  ( -12.49999898208992910, 271.6503851739110473, 752.3931354135000902 ) ) ;
#868 = DIRECTION ( 'NONE',  ( -1.000000000000000000, 0.000000000000000000, 0.000000000000000000 ) ) ;
#869 = CARTESIAN_POINT ( 'NONE',  ( 24.92372315559522633, 233.2653176249622788, 748.4680246110333428 ) ) ;
#870 = CIRCLE ( 'NONE', #1776, 3.000000000000033751 ) ;
#871 = VERTEX_POINT ( 'NONE', #2750 ) ;
#872 = ORIENTED_EDGE ( 'NONE', *, *, #5273, .T. ) ;
#873 = ORIENTED_EDGE ( 'NONE', *, *, #452, .T. ) ;
#874 = CARTESIAN_POINT ( 'NONE',  ( -2.178892550781213799, 225.0948826270063421, 757.5931354135000220 ) ) ;
#875 = EDGE_LOOP ( 'NONE', ( #2223, #4140, #1821, #1686, #522 ) ) ;
#876 = AXIS2_PLACEMENT_3D ( 'NONE', #3531, #4400, #3980 ) ;
#877 = CARTESIAN_POINT ( 'NONE',  ( 28.54456163208634223, 251.8389299142981201, 749.5836745467315723 ) ) ;
#878 = CARTESIAN_POINT ( 'NONE',  ( 35.69066358100213421, 266.0219321383565330, 753.5479230577436738 ) ) ;
#879 = CARTESIAN_POINT ( 'NONE',  ( 1.017909983045999956E-06, 249.9997500793000142, 749.5674746737170153 ) ) ;
#880 = CARTESIAN_POINT ( 'NONE',  ( 24.81869020271152593, 267.2113888541855999, 758.1001983095250125 ) ) ;
#881 = EDGE_CURVE ( 'NONE', #2068, #1233, #870, .T. ) ;
#882 = EDGE_CURVE ( 'NONE', #3583, #2734, #5152, .T. ) ;
#883 = CARTESIAN_POINT ( 'NONE',  ( 34.10921782351339004, 265.7870113588481331, 751.3889431984902103 ) ) ;
#884 = ORIENTED_EDGE ( 'NONE', *, *, #4094, .T. ) ;
#885 = CARTESIAN_POINT ( 'NONE',  ( 22.83500271565779016, 231.4410408693850059, 758.0931354134999083 ) ) ;
#886 = CARTESIAN_POINT ( 'NONE',  ( -29.04050014880964170, 242.4731274635221894, 755.0014687468335524 ) ) ;
#887 = FILL_AREA_STYLE_COLOUR ( '', #2692 ) ;
#888 = DIRECTION ( 'NONE',  ( 0.000000000000000000, 0.000000000000000000, -1.000000000000000000 ) ) ;
#889 = ORIENTED_EDGE ( 'NONE', *, *, #2360, .T. ) ;
#890 = ADVANCED_FACE ( 'NONE', ( #1961 ), #3993, .T. ) ;
#891 = CARTESIAN_POINT ( 'NONE',  ( 23.51969806850726386, 231.2798666203650271, 757.0798387039927775 ) ) ;
#892 = SHAPE_DEFINITION_REPRESENTATION ( #2212, #3211 ) ;
#893 = ORIENTED_EDGE ( 'NONE', *, *, #1780, .T. ) ;
#894 = CARTESIAN_POINT ( 'NONE',  ( 24.83261260078564092, 267.8600355000747868, 757.0524733158781601 ) ) ;
#895 = DIRECTION ( 'NONE',  ( -1.000000000000000000, 0.000000000000000000, 0.000000000000000000 ) ) ;
#896 = CARTESIAN_POINT ( 'NONE',  ( 23.04827830092330387, 269.2033152244841290, 756.6910945364479630 ) ) ;
#897 = CARTESIAN_POINT ( 'NONE',  ( -24.12741590986994922, 256.5475583197429046, 756.2196264862269572 ) ) ;
#898 = CARTESIAN_POINT ( 'NONE',  ( 24.73136205795312037, 232.8507807150185158, 754.9538158683051279 ) ) ;
#899 = DIRECTION ( 'NONE',  ( -1.000000000000000000, 0.000000000000000000, 0.000000000000000000 ) ) ;
#900 = VERTEX_POINT ( 'NONE', #3692 ) ;
#901 = VERTEX_POINT ( 'NONE', #237 ) ;
#902 = APPLICATION_CONTEXT ( 'automotive_design' ) ;
#903 = CARTESIAN_POINT ( 'NONE',  ( -20.47880008931488049, 264.3391609880760029, 757.5931354135000220 ) ) ;
#904 = EDGE_LOOP ( 'NONE', ( #3978, #5341, #1876, #2608, #649 ) ) ;
#905 = VECTOR ( 'NONE', #740, 1000.000000000000000 ) ;
#906 = CARTESIAN_POINT ( 'NONE',  ( 28.31346081148298310, 254.0397650813139876, 749.5719234515793232 ) ) ;
#907 =( NAMED_UNIT ( * ) PLANE_ANGLE_UNIT ( ) SI_UNIT ( $, .RADIAN. ) );
#908 = CARTESIAN_POINT ( 'NONE',  ( 19.45283122758999994, 226.4932591726000339, 806.0719151084000487 ) ) ;
#909 = CIRCLE ( 'NONE', #727, 3.500000000000003109 ) ;
#910 = CARTESIAN_POINT ( 'NONE',  ( 20.02986084302294501, 262.0124398441415110, 762.0931354135001357 ) ) ;
#911 = PRODUCT_DEFINITION_CONTEXT ( 'detailed design', #902, 'design' ) ;
#912 = CARTESIAN_POINT ( 'NONE',  ( 35.79578987528779521, 266.0504399605590038, 753.8098924649144692 ) ) ;
#913 = ORIENTED_EDGE ( 'NONE', *, *, #1219, .T. ) ;
#914 = EDGE_CURVE ( 'NONE', #410, #5025, #611, .T. ) ;
#915 = VECTOR ( 'NONE', #2969, 1000.000000000000000 ) ;
#916 = CARTESIAN_POINT ( 'NONE',  ( -12.49999898208996996, 228.3491149846890096, 755.5931354135000220 ) ) ;
#917 = CIRCLE ( 'NONE', #2256, 30.00000000000000000 ) ;
#918 = CARTESIAN_POINT ( 'NONE',  ( -29.04050014880964881, 242.4731274635221894, 755.1848020801668326 ) ) ;
#919 = CARTESIAN_POINT ( 'NONE',  ( 34.86086039603468834, 234.1234674839220986, 752.2132146441236955 ) ) ;
#920 = DIRECTION ( 'NONE',  ( -0.000000000000000000, -0.000000000000000000, -1.000000000000000000 ) ) ;
#922 = ORIENTED_EDGE ( 'NONE', *, *, #2759, .T. ) ;
#921 = B_SPLINE_CURVE_WITH_KNOTS ( 'NONE', 3,
 ( #3147, #4438, #1981, #278 ),
 .UNSPECIFIED., .F., .F.,
 ( 4, 4 ),
 ( 0.000000000000000000, 0.0008677296605938428914 ),
 .UNSPECIFIED. ) ;
#923 = DIRECTION ( 'NONE',  ( -0.000000000000000000, -0.000000000000000000, -1.000000000000000000 ) ) ;
#924 = B_SPLINE_CURVE_WITH_KNOTS ( 'NONE', 1,
 ( #5464, #5062 ),
 .UNSPECIFIED., .F., .F.,
 ( 2, 2 ),
 ( 0.000000000000000000, 1.000000000000000000 ),
 .UNSPECIFIED. ) ;
#925 = EDGE_CURVE ( 'NONE', #4637, #630, #1591, .T. ) ;
#926 = ORIENTED_EDGE ( 'NONE', *, *, #1846, .F. ) ;
#927 = ADVANCED_FACE ( 'NONE', ( #4474 ), #161, .F. ) ;
#928 = CARTESIAN_POINT ( 'NONE',  ( 28.20125702333573159, 254.7589963010891552, 749.5688761059293483 ) ) ;
#929 = CARTESIAN_POINT ( 'NONE',  ( 24.12707809359001487, 267.5575362250950207, 758.0931354134999083 ) ) ;
#930 = CYLINDRICAL_SURFACE ( 'NONE', #4044, 25.00000000000002842 ) ;
#931 = CARTESIAN_POINT ( 'NONE',  ( -24.10743130706688575, 256.6221185570325929, 753.9970765365962961 ) ) ;
#932 = VECTOR ( 'NONE', #3454, 1000.000000000000114 ) ;
#933 = CIRCLE ( 'NONE', #1547, 2.500000000000035971 ) ;
#934 = CARTESIAN_POINT ( 'NONE',  ( -20.35764670824625355, 258.3403842912605910, 752.0931354135001357 ) ) ;
#935 = CARTESIAN_POINT ( 'NONE',  ( -18.43091997859222531, 237.0942802614013090, 752.0931354135001357 ) ) ;
#936 =( GEOMETRIC_REPRESENTATION_CONTEXT ( 3 ) GLOBAL_UNCERTAINTY_ASSIGNED_CONTEXT ( ( #3082 ) ) GLOBAL_UNIT_ASSIGNED_CONTEXT ( ( #1036, #4414, #4805 ) ) REPRESENTATION_CONTEXT ( 'NONE', 'WORKASPACE' ) );
#937 = ORIENTED_EDGE ( 'NONE', *, *, #5103, .F. ) ;
#938 = EDGE_LOOP ( 'NONE', ( #2770, #1910 ) ) ;
#939 = VERTEX_POINT ( 'NONE', #3159 ) ;
#940 = DIRECTION ( 'NONE',  ( -0.000000000000000000, -0.000000000000000000, -1.000000000000000000 ) ) ;
#941 = CARTESIAN_POINT ( 'NONE',  ( -21.72880008931488760, 235.6603391705239403, 758.0931354135000220 ) ) ;
#942 = VECTOR ( 'NONE', #3913, 1000.000000000000000 ) ;
#943 = CARTESIAN_POINT ( 'NONE',  ( -29.04737407864564602, 256.5836668170810526, 757.4898111020427223 ) ) ;
#944 = DIRECTION ( 'NONE',  ( -0.000000000000000000, -0.000000000000000000, -1.000000000000000000 ) ) ;
#945 = CARTESIAN_POINT ( 'NONE',  ( 35.11377485777477148, 265.9179407310531928, 752.5922150895399909 ) ) ;
#946 = ORIENTED_EDGE ( 'NONE', *, *, #3958, .T. ) ;
#947 = DIRECTION ( 'NONE',  ( -1.000000000000000000, 0.000000000000000000, 0.000000000000000000 ) ) ;
#948 = EDGE_LOOP ( 'NONE', ( #1599, #1199, #1507, #2662 ) ) ;
#949 = CARTESIAN_POINT ( 'NONE',  ( 23.57287467487716270, 231.3267900937746333, 757.0785607117622931 ) ) ;
#950 = ORIENTED_EDGE ( 'NONE', *, *, #518, .T. ) ;
#951 = CARTESIAN_POINT ( 'NONE',  ( -28.49881950481498549, 240.6276946426182519, 749.0931354135003630 ) ) ;
#952 = CARTESIAN_POINT ( 'NONE',  ( 24.74548342942651047, 267.0167413227047746, 750.4000820798255518 ) ) ;
#953 = CARTESIAN_POINT ( 'NONE',  ( 24.75702974741484041, 267.1117114872648131, 754.6510924812658914 ) ) ;
#954 = CARTESIAN_POINT ( 'NONE',  ( -24.30942910422380621, 255.8375180611827773, 756.3431354135001357 ) ) ;
#955 = EDGE_CURVE ( 'NONE', #4539, #1777, #4959, .T. ) ;
#956 = EDGE_CURVE ( 'NONE', #4374, #5505, #1162, .T. ) ;
#957 = VECTOR ( 'NONE', #3730, 1000.000000000000000 ) ;
#958 = LINE ( 'NONE', #935, #5283 ) ;
#959 = VERTEX_POINT ( 'NONE', #4157 ) ;
#960 = B_SPLINE_SURFACE_WITH_KNOTS ( 'NONE', 1, 3, ( 
 ( #4239, #4294, #415, #2115, #3906, #3815, #472, #1764, #1698, #1278, #2978, #4683, #57, #2700, #4845, #974 ),
 ( #5262, #137, #1502, #4455, #3587, #634, #5350, #998, #2287, #3559, #4036, #217, #186, #1526, #247, #160 ) ),
 .UNSPECIFIED., .F., .F., .F.,
 ( 2, 2 ),
 ( 4, 2, 2, 2, 2, 2, 2, 4 ),
 ( 0.000000000000000000, 1.000000000000000000 ),
 ( 0.000000000000000000, 0.0003055608447072891642, 0.0004583412670609337191, 0.0006111216894145783283, 0.0009166825341218674383, 0.001222243378829156657, 0.001833365068243734877, 0.002444486757658313313 ),
 .UNSPECIFIED. ) ;
#961 = ORIENTED_EDGE ( 'NONE', *, *, #744, .F. ) ;
#962 = VERTEX_POINT ( 'NONE', #2400 ) ;
#963 = EDGE_CURVE ( 'NONE', #962, #1094, #4441, .T. ) ;
#964 = FACE_OUTER_BOUND ( 'NONE', #1660, .T. ) ;
#965 = CARTESIAN_POINT ( 'NONE',  ( 26.62146842699283766, 265.6140566559021750, 749.0931354135002493 ) ) ;
#966 = DIRECTION ( 'NONE',  ( -0.000000000000000000, -0.000000000000000000, 1.000000000000000000 ) ) ;
#967 = CARTESIAN_POINT ( 'NONE',  ( 19.77502939780734081, 265.2951171090334697, 752.5931354135001357 ) ) ;
#968 = UNCERTAINTY_MEASURE_WITH_UNIT (LENGTH_MEASURE( 1.000000000000000082E-05 ), #3013, 'distance_accuracy_value', 'NONE');
#969 = FACE_BOUND ( 'NONE', #938, .T. ) ;
#970 = ORIENTED_EDGE ( 'NONE', *, *, #2931, .F. ) ;
#971 = FACE_OUTER_BOUND ( 'NONE', #3062, .T. ) ;
#972 = CYLINDRICAL_SURFACE ( 'NONE', #2968, 3.000000000000006661 ) ;
#973 = DIRECTION ( 'NONE',  ( -0.000000000000000000, -0.000000000000000000, -1.000000000000000000 ) ) ;
#974 = CARTESIAN_POINT ( 'NONE',  ( 22.56962961276554225, 268.8757714363713376, 758.0931354135000220 ) ) ;
#975 = CARTESIAN_POINT ( 'NONE',  ( 23.67760156961989537, 231.4168021138793847, 757.0760758478811567 ) ) ;
#976 = ORIENTED_EDGE ( 'NONE', *, *, #2800, .T. ) ;
#977 = CARTESIAN_POINT ( 'NONE',  ( -28.91130195295564320, 241.9906317324362988, 749.7536099220062624 ) ) ;
#978 = CARTESIAN_POINT ( 'NONE',  ( 26.58484155597837173, 266.5264193220980928, 749.9669576286499932 ) ) ;
#979 = CARTESIAN_POINT ( 'NONE',  ( 24.54051497773139445, 267.4123204566412824, 757.0684276740711312 ) ) ;
#980 = CARTESIAN_POINT ( 'NONE',  ( -24.51154560017648976, 254.9177047268933336, 755.7243384763631866 ) ) ;
#981 = CARTESIAN_POINT ( 'NONE',  ( 25.09172041513619433, 232.2509975583555786, 757.0569156621841103 ) ) ;
#982 = EDGE_CURVE ( 'NONE', #4526, #1431, #3011, .T. ) ;
#983 = CARTESIAN_POINT ( 'NONE',  ( 25.94765201779052433, 234.9194164935184403, 748.6899705597753609 ) ) ;
#984 = EDGE_CURVE ( 'NONE', #2643, #3153, #4953, .T. ) ;
#985 = ORIENTED_EDGE ( 'NONE', *, *, #4774, .F. ) ;
#986 = ORIENTED_EDGE ( 'NONE', *, *, #3920, .F. ) ;
#987 = ORIENTED_EDGE ( 'NONE', *, *, #4260, .F. ) ;
#988 = CARTESIAN_POINT ( 'NONE',  ( 28.50000101790999807, 266.5295582833005028, 749.9697304205026285 ) ) ;
#989 = EDGE_CURVE ( 'NONE', #374, #3946, #1975, .T. ) ;
#990 = EDGE_CURVE ( 'NONE', #1340, #376, #4040, .T. ) ;
#991 = CARTESIAN_POINT ( 'NONE',  ( 22.65769569382622350, 260.5652066228175272, 752.0931354135001357 ) ) ;
#992 = AXIS2_PLACEMENT_3D ( 'NONE', #879, #495, #2133 ) ;
#993 = FACE_BOUND ( 'NONE', #3774, .T. ) ;
#994 = ORIENTED_EDGE ( 'NONE', *, *, #4633, .F. ) ;
#995 = CONICAL_SURFACE ( 'NONE', #2686, 3.000000000000033751, 0.7853981633974908005 ) ;
#996 = CARTESIAN_POINT ( 'NONE',  ( 27.39556431983363893, 267.4981668405075084, 757.7587579892833674 ) ) ;
#997 = CARTESIAN_POINT ( 'NONE',  ( 33.77371051186487705, 233.1753701696671044, 752.3439315223486119 ) ) ;
#998 = CARTESIAN_POINT ( 'NONE',  ( 24.17962677419289008, 268.2156239913955460, 757.0650610002281837 ) ) ;
#999 = CARTESIAN_POINT ( 'NONE',  ( 24.91365242073640118, 267.8254321956857211, 757.0557161212359460 ) ) ;
#1000 = STYLED_ITEM ( 'NONE', ( #3455 ), #2146 ) ;
#1001 = ORIENTED_EDGE ( 'NONE', *, *, #989, .T. ) ;
#1002 = CARTESIAN_POINT ( 'NONE',  ( 28.19453291454312449, 254.7985569658528959, 749.5687491223008010 ) ) ;
#1003 = CARTESIAN_POINT ( 'NONE',  ( -1.917425322538588661, 271.9160334373183900, 752.5931354135001357 ) ) ;
#1004 = CARTESIAN_POINT ( 'NONE',  ( 28.49145509214180905, 247.4957282467796063, 749.5803065455827436 ) ) ;
#1005 = FACE_OUTER_BOUND ( 'NONE', #3494, .T. ) ;
#1006 = CARTESIAN_POINT ( 'NONE',  ( 31.62253309257610212, 234.3939823303895480, 749.7273929454325980 ) ) ;
#1007 = AXIS2_PLACEMENT_3D ( 'NONE', #3767, #5475, #762 ) ;
#1008 = MECHANICAL_DESIGN_GEOMETRIC_PRESENTATION_REPRESENTATION (  '', ( #2519 ), #5011 ) ;
#1009 = CARTESIAN_POINT ( 'NONE',  ( 36.16666768457668013, 233.2616343455880497, 757.0519959306686815 ) ) ;
#1010 = ORIENTED_EDGE ( 'NONE', *, *, #4931, .F. ) ;
#1011 = ORIENTED_EDGE ( 'NONE', *, *, #5249, .T. ) ;
#1012 = AXIS2_PLACEMENT_3D ( 'NONE', #5357, #2322, #4905 ) ;
#1013 = ORIENTED_EDGE ( 'NONE', *, *, #3072, .F. ) ;
#1014 = ADVANCED_FACE ( 'NONE', ( #4185 ), #2615, .F. ) ;
#1015 = FACE_OUTER_BOUND ( 'NONE', #4913, .T. ) ;
#1016 = DIRECTION ( 'NONE',  ( -1.000000000000000000, 0.000000000000000000, 0.000000000000000000 ) ) ;
#1017 = AXIS2_PLACEMENT_3D ( 'NONE', #1075, #2341, #2855 ) ;
#1018 = FACE_BOUND ( 'NONE', #4251, .T. ) ;
#1019 = EDGE_CURVE ( 'NONE', #199, #3245, #4281, .T. ) ;
#1020 = ADVANCED_FACE ( 'NONE', ( #1949 ), #4490, .F. ) ;
#1021 = VECTOR ( 'NONE', #1318, 1000.000000000000000 ) ;
#1022 = ORIENTED_EDGE ( 'NONE', *, *, #3511, .T. ) ;
#1023 = DIRECTION ( 'NONE',  ( -0.000000000000000000, -0.000000000000000000, 1.000000000000000000 ) ) ;
#1024 =( LENGTH_UNIT ( ) NAMED_UNIT ( * ) SI_UNIT ( .MILLI., .METRE. ) );
#1025 = CARTESIAN_POINT ( 'NONE',  ( 20.46783331815699469, 238.2282658513461229, 758.0931354135000220 ) ) ;
#1026 = AXIS2_PLACEMENT_3D ( 'NONE', #4453, #1884, #1073 ) ;
#1027 = CARTESIAN_POINT ( 'NONE',  ( -28.45610553235441031, 259.4997500792999858, 749.0931354135001357 ) ) ;
#1028 = EDGE_CURVE ( 'NONE', #1857, #374, #1181, .T. ) ;
#1029 = VERTEX_POINT ( 'NONE', #5124 ) ;
#1030 = CARTESIAN_POINT ( 'NONE',  ( 28.57199120389910263, 251.2655534758344515, 749.5855930872710360 ) ) ;
#1031 = FACE_OUTER_BOUND ( 'NONE', #1753, .T. ) ;
#1032 = CARTESIAN_POINT ( 'NONE',  ( 28.45947493849683951, 247.1680448085299133, 749.5785221473124693 ) ) ;
#1033 = CARTESIAN_POINT ( 'NONE',  ( 20.90202599221965585, 263.4596730654654948, 758.0931354135000220 ) ) ;
#1034 = LINE ( 'NONE', #1567, #5141 ) ;
#1035 = AXIS2_PLACEMENT_3D ( 'NONE', #4122, #2053, #3698 ) ;
#1036 =( LENGTH_UNIT ( ) NAMED_UNIT ( * ) SI_UNIT ( .MILLI., .METRE. ) );
#1037 = DIRECTION ( 'NONE',  ( 0.000000000000000000, 0.000000000000000000, 1.000000000000000000 ) ) ;
#1038 = AXIS2_PLACEMENT_3D ( 'NONE', #1609, #2419, #1132 ) ;
#1039 = ORIENTED_EDGE ( 'NONE', *, *, #3036, .T. ) ;
#1040 = ORIENTED_EDGE ( 'NONE', *, *, #3719, .F. ) ;
#1041 = ORIENTED_EDGE ( 'NONE', *, *, #1940, .F. ) ;
#1042 = CARTESIAN_POINT ( 'NONE',  ( 27.49942578676055760, 232.6159131011584122, 758.0931354180891049 ) ) ;
#1043 = CARTESIAN_POINT ( 'NONE',  ( 25.17836833097454274, 232.9054452830098683, 758.0931354135001357 ) ) ;
#1044 = PRESENTATION_LAYER_ASSIGNMENT (  '', '', ( #4350 ) ) ;
#1045 = CARTESIAN_POINT ( 'NONE',  ( 28.25011611022999958, 221.1996873712000138, 752.0931354135001357 ) ) ;
#1046 = ORIENTED_EDGE ( 'NONE', *, *, #853, .F. ) ;
#1047 = EDGE_LOOP ( 'NONE', ( #3263, #3191, #854, #5507 ) ) ;
#1048 = CARTESIAN_POINT ( 'NONE',  ( -29.04737407864564602, 254.6840127942140555, 758.0931354135000220 ) ) ;
#1049 = CARTESIAN_POINT ( 'NONE',  ( 28.50000101791000517, 255.6276522887331453, 749.0931354135001357 ) ) ;
#1050 = EDGE_CURVE ( 'NONE', #4057, #1606, #2976, .T. ) ;
#1051 = DIRECTION ( 'NONE',  ( -1.000000000000000000, 0.000000000000000000, 0.000000000000000000 ) ) ;
#1052 = ADVANCED_FACE ( 'NONE', ( #806 ), #5061, .T. ) ;
#1053 = AXIS2_PLACEMENT_3D ( 'NONE', #2803, #1494, #1125 ) ;
#1054 = CARTESIAN_POINT ( 'NONE',  ( -2.178892550781579285, 274.9046175315936580, 752.0931354135001357 ) ) ;
#1055 = CARTESIAN_POINT ( 'NONE',  ( 19.93877233271625826, 259.2973518375953859, 757.5931354135000220 ) ) ;
#1056 = CARTESIAN_POINT ( 'NONE',  ( 25.76163983635508004, 267.5536145694173342, 757.1444119020660537 ) ) ;
#1057 = CARTESIAN_POINT ( 'NONE',  ( 28.36102655883701118, 246.3029760806641377, 749.5736732591030886 ) ) ;
#1058 = EDGE_CURVE ( 'NONE', #705, #287, #2796, .T. ) ;
#1059 = DIRECTION ( 'NONE',  ( -1.000000000000000000, 0.000000000000000000, 0.000000000000000000 ) ) ;
#1060 = CARTESIAN_POINT ( 'NONE',  ( -0.03951075055743753783, 273.6111549256904709, 752.0931354135001357 ) ) ;
#1061 = CARTESIAN_POINT ( 'NONE',  ( 23.61821979696899376, 232.1030813418383048, 758.0931354135003630 ) ) ;
#1062 = CARTESIAN_POINT ( 'NONE',  ( 26.47399624663345818, 266.8942059602993027, 758.4992979286756736 ) ) ;
#1063 = DIRECTION ( 'NONE',  ( -0.000000000000000000, -0.000000000000000000, -1.000000000000000000 ) ) ;
#1064 = LINE ( 'NONE', #1486, #4512 ) ;
#1065 = ORIENTED_EDGE ( 'NONE', *, *, #4171, .F. ) ;
#1066 = ORIENTED_EDGE ( 'NONE', *, *, #5247, .T. ) ;
#1067 = ORIENTED_EDGE ( 'NONE', *, *, #2388, .T. ) ;
#1068 = LINE ( 'NONE', #4917, #4178 ) ;
#1069 = UNCERTAINTY_MEASURE_WITH_UNIT (LENGTH_MEASURE( 1.000000000000000082E-05 ), #1145, 'distance_accuracy_value', 'NONE');
#1070 = DIRECTION ( 'NONE',  ( 1.000000000000000000, 0.000000000000000000, 0.000000000000000000 ) ) ;
#1071 = ORIENTED_EDGE ( 'NONE', *, *, #3362, .T. ) ;
#1072 = ORIENTED_EDGE ( 'NONE', *, *, #4228, .T. ) ;
#1073 = DIRECTION ( 'NONE',  ( -1.000000000000000000, 0.000000000000000000, 0.000000000000000000 ) ) ;
#1074 = B_SPLINE_CURVE_WITH_KNOTS ( 'NONE', 3,
 ( #988, #4000, #2720, #4448 ),
 .UNSPECIFIED., .F., .F.,
 ( 4, 4 ),
 ( 0.000000000000000000, 1.000000000000000000 ),
 .UNSPECIFIED. ) ;
#1075 = CARTESIAN_POINT ( 'NONE',  ( -20.47880008931491602, 264.3391609880760598, 758.0931354135000220 ) ) ;
#1076 = DIRECTION ( 'NONE',  ( -0.000000000000000000, -0.000000000000000000, -1.000000000000000000 ) ) ;
#1077 = DIRECTION ( 'NONE',  ( -0.6051085513942209282, 0.3658464719380760122, -0.7071067811865829889 ) ) ;
#1078 = CARTESIAN_POINT ( 'NONE',  ( 27.19766392736488569, 234.4630042588713934, 749.0931354135001357 ) ) ;
#1079 = CIRCLE ( 'NONE', #4207, 25.00000000000007105 ) ;
#1080 = EDGE_LOOP ( 'NONE', ( #1455, #2282, #614, #2585, #4030, #5064 ) ) ;
#1081 = DIRECTION ( 'NONE',  ( -0.000000000000000000, -0.000000000000000000, -1.000000000000000000 ) ) ;
#1082 =( NAMED_UNIT ( * ) SI_UNIT ( $, .STERADIAN. ) SOLID_ANGLE_UNIT ( ) );
#1083 = DIRECTION ( 'NONE',  ( -0.000000000000000000, -0.000000000000000000, -1.000000000000000000 ) ) ;
#1084 = CARTESIAN_POINT ( 'NONE',  ( 28.51197800684040828, 247.7457181272606306, 749.5815678237451039 ) ) ;
#1085 = DIRECTION ( 'NONE',  ( -0.000000000000000000, -0.000000000000000000, -1.000000000000000000 ) ) ;
#1086 = SURFACE_STYLE_USAGE ( .BOTH. , #3628 ) ;
#1087 = EDGE_CURVE ( 'NONE', #1204, #1491, #2619, .T. ) ;
#1088 = EDGE_CURVE ( 'NONE', #3581, #3583, #2679, .T. ) ;
#1089 = STYLED_ITEM ( 'NONE', ( #1655 ), #1533 ) ;
#1090 = LINE ( 'NONE', #5391, #3151 ) ;
#1091 = CARTESIAN_POINT ( 'NONE',  ( 26.16502371906099711, 232.5134206338989031, 757.2423961009104687 ) ) ;
#1092 = DIRECTION ( 'NONE',  ( -0.01427806288621584832, -0.7069626135236990461, 0.7071067811865179298 ) ) ;
#1093 = CARTESIAN_POINT ( 'NONE',  ( 22.65769569382622350, 260.5652066228175272, 752.0931354135001357 ) ) ;
#1094 = VERTEX_POINT ( 'NONE', #2057 ) ;
#1095 = EDGE_LOOP ( 'NONE', ( #1792, #1546, #4758, #4858 ) ) ;
#1096 = ADVANCED_FACE ( 'NONE', ( #3389 ), #4623, .F. ) ;
#1097 = SURFACE_SIDE_STYLE ('',( #3720 ) ) ;
#1098 = CIRCLE ( 'NONE', #3682, 1.249999999999997558 ) ;
#1099 = CARTESIAN_POINT ( 'NONE',  ( -20.47880008931471352, 235.6603391705236277, 752.5931354135001357 ) ) ;
#1100 = CARTESIAN_POINT ( 'NONE',  ( 35.48195772416337945, 234.0176467824433928, 753.1855254941418707 ) ) ;
#1101 = VERTEX_POINT ( 'NONE', #2171 ) ;
#1102 = CARTESIAN_POINT ( 'NONE',  ( 26.86867006790508583, 267.4672932005270809, 757.5104888291909901 ) ) ;
#1103 = CARTESIAN_POINT ( 'NONE',  ( -12.49999898208992910, 271.6503851739110473, 755.5931354135000220 ) ) ;
#1104 = PRESENTATION_LAYER_ASSIGNMENT (  '', '', ( #4846 ) ) ;
#1105 = DIRECTION ( 'NONE',  ( -0.7071067811865821007, 0.000000000000000000, -0.7071067811865129338 ) ) ;
#1106 = AXIS2_PLACEMENT_3D ( 'NONE', #3626, #4047, #5333 ) ;
#1107 = EDGE_LOOP ( 'NONE', ( #2472, #5429, #4249, #3523 ) ) ;
#1108 = ORIENTED_EDGE ( 'NONE', *, *, #1428, .F. ) ;
#1109 = CARTESIAN_POINT ( 'NONE',  ( -2.178892550781579285, 274.9046175315936580, 752.0931354135001357 ) ) ;
#1110 = CARTESIAN_POINT ( 'NONE',  ( 24.57933010404096663, 267.3352215668728604, 758.0931356572682489 ) ) ;
#1111 = CARTESIAN_POINT ( 'NONE',  ( 3.358663235917264345, 274.7731105317160996, 762.0931354135001357 ) ) ;
#1112 = DIRECTION ( 'NONE',  ( -0.000000000000000000, -0.000000000000000000, -1.000000000000000000 ) ) ;
#1113 = CARTESIAN_POINT ( 'NONE',  ( -29.04737407864564958, 257.4997500792999858, 754.8181354134998173 ) ) ;
#1114 = DIRECTION ( 'NONE',  ( -0.000000000000000000, -0.000000000000000000, -1.000000000000000000 ) ) ;
#1115 = CARTESIAN_POINT ( 'NONE',  ( 25.76163983635508004, 267.5536145694173342, 757.1444119020660537 ) ) ;
#1116 = LINE ( 'NONE', #5393, #1991 ) ;
#1117 = FACE_OUTER_BOUND ( 'NONE', #4951, .T. ) ;
#1118 = ORIENTED_EDGE ( 'NONE', *, *, #576, .T. ) ;
#1119 = EDGE_CURVE ( 'NONE', #3539, #267, #3863, .T. ) ;
#1120 = ORIENTED_EDGE ( 'NONE', *, *, #615, .F. ) ;
#1121 = EDGE_CURVE ( 'NONE', #2961, #830, #3812, .T. ) ;
#1122 = DIRECTION ( 'NONE',  ( 1.000000000000000000, 1.850371707708594366E-15, 0.000000000000000000 ) ) ;
#1123 = CONICAL_SURFACE ( 'NONE', #4949, 3.000000000000007105, 0.7853981633974934651 ) ;
#1124 = AXIS2_PLACEMENT_3D ( 'NONE', #2457, #2867, #338 ) ;
#1125 = DIRECTION ( 'NONE',  ( -1.000000000000000000, -1.233581138472396901E-15, 0.000000000000000000 ) ) ;
#1126 = EDGE_CURVE ( 'NONE', #4550, #3776, #4651, .T. ) ;
#1127 = CARTESIAN_POINT ( 'NONE',  ( 35.89661941370822262, 233.9241082924348234, 754.0451705220531267 ) ) ;
#1128 = EDGE_LOOP ( 'NONE', ( #1022, #4314, #1010, #4391 ) ) ;
#1129 = CIRCLE ( 'NONE', #4079, 1.249999999999999334 ) ;
#1130 = CARTESIAN_POINT ( 'NONE',  ( 26.04697954156531736, 267.5177356697337814, 757.3497823842997150 ) ) ;
#1131 = CARTESIAN_POINT ( 'NONE',  ( -24.26932118111372816, 243.9997500793005543, 753.8431354134936555 ) ) ;
#1132 = DIRECTION ( 'NONE',  ( -1.000000000000000000, 0.000000000000000000, -0.000000000000000000 ) ) ;
#1133 = FACE_OUTER_BOUND ( 'NONE', #3164, .T. ) ;
#1134 = ORIENTED_EDGE ( 'NONE', *, *, #5486, .T. ) ;
#1135 = ORIENTED_EDGE ( 'NONE', *, *, #4370, .F. ) ;
#1136 = CARTESIAN_POINT ( 'NONE',  ( -27.53665314913027373, 258.5854740700772822, 749.3105196949413767 ) ) ;
#1137 = CARTESIAN_POINT ( 'NONE',  ( 1.017909983045999956E-06, 249.9997500793000142, 758.0931354135000220 ) ) ;
#1138 = CARTESIAN_POINT ( 'NONE',  ( 20.46783331815680640, 261.7712343072541898, 758.0931354135000220 ) ) ;
#1139 = DIRECTION ( 'NONE',  ( 0.6408563820557446888, 0.2988362387301216061, -0.7071067811865865416 ) ) ;
#1140 = DIRECTION ( 'NONE',  ( -1.000000000000000000, 0.000000000000000000, 0.000000000000000000 ) ) ;
#1141 = CIRCLE ( 'NONE', #1682, 29.42264973081680068 ) ;
#1142 = DIRECTION ( 'NONE',  ( 1.000000000000000000, 0.000000000000000000, 0.000000000000000000 ) ) ;
#1143 = CARTESIAN_POINT ( 'NONE',  ( 26.45395468556661456, 233.3185899581803255, 750.1040365005300146 ) ) ;
#1144 = FACE_BOUND ( 'NONE', #5075, .T. ) ;
#1145 =( LENGTH_UNIT ( ) NAMED_UNIT ( * ) SI_UNIT ( .MILLI., .METRE. ) );
#1146 = ORIENTED_EDGE ( 'NONE', *, *, #989, .F. ) ;
#1147 = VERTEX_POINT ( 'NONE', #5156 ) ;
#1148 = EDGE_CURVE ( 'NONE', #3894, #3614, #1637, .T. ) ;
#1149 = ADVANCED_FACE ( 'NONE', ( #4681 ), #4762, .F. ) ;
#1150 = DIRECTION ( 'NONE',  ( 0.000000000000000000, -1.000000000000000000, -0.000000000000000000 ) ) ;
#1151 = CARTESIAN_POINT ( 'NONE',  ( 23.28716438589756166, 268.9428205460631602, 757.0856779803932568 ) ) ;
#1152 = CARTESIAN_POINT ( 'NONE',  ( 36.46909206056658093, 233.6689525157831895, 756.3898399205925216 ) ) ;
#1153 = EDGE_LOOP ( 'NONE', ( #1108, #2933, #365, #5488 ) ) ;
#1154 = EDGE_CURVE ( 'NONE', #4507, #597, #3056, .T. ) ;
#1155 = EDGE_CURVE ( 'NONE', #4190, #4351, #5377, .T. ) ;
#1156 = CARTESIAN_POINT ( 'NONE',  ( 23.45924100437471438, 231.2251828807187337, 757.0813090305524611 ) ) ;
#1157 = DIRECTION ( 'NONE',  ( 1.000000000000000000, 0.000000000000000000, 0.000000000000000000 ) ) ;
#1158 =( NAMED_UNIT ( * ) SI_UNIT ( $, .STERADIAN. ) SOLID_ANGLE_UNIT ( ) );
#1159 = DIRECTION ( 'NONE',  ( 0.000000000000000000, 0.000000000000000000, -1.000000000000000000 ) ) ;
#1160 = ORIENTED_EDGE ( 'NONE', *, *, #1541, .F. ) ;
#1161 = CARTESIAN_POINT ( 'NONE',  ( 2.955623769756390740, 271.8003072774261568, 757.5931354135000220 ) ) ;
#1162 = LINE ( 'NONE', #2864, #4709 ) ;
#1163 = CARTESIAN_POINT ( 'NONE',  ( 26.69600733936292514, 267.4570734714402533, 757.4282619876444187 ) ) ;
#1164 = CARTESIAN_POINT ( 'NONE',  ( 28.05817531098728423, 255.5404048546217552, 749.5674746737170153 ) ) ;
#1165 = CARTESIAN_POINT ( 'NONE',  ( -27.45310961238004666, 240.4997500792999858, 749.0931354135001357 ) ) ;
#1166 = CIRCLE ( 'NONE', #2601, 1.500000000000001332 ) ;
#1167 = CARTESIAN_POINT ( 'NONE',  ( 24.31337920776420347, 232.5307760142336235, 758.0931354134996809 ) ) ;
#1168 = CARTESIAN_POINT ( 'NONE',  ( 24.50000101790915252, 267.3804298565856925, 758.0931354135000220 ) ) ;
#1169 = AXIS2_PLACEMENT_3D ( 'NONE', #1252, #2483, #4219 ) ;
#1170 = CARTESIAN_POINT ( 'NONE',  ( 27.59084723852642895, 267.5111933952304639, 757.8635105160993817 ) ) ;
#1171 = CARTESIAN_POINT ( 'NONE',  ( 28.89035364639435599, 246.7090897825856075, 749.1025166025307271 ) ) ;
#1172 = ORIENTED_EDGE ( 'NONE', *, *, #270, .F. ) ;
#1173 = CIRCLE ( 'NONE', #645, 21.99999999999999645 ) ;
#1174 =( LENGTH_UNIT ( ) NAMED_UNIT ( * ) SI_UNIT ( .MILLI., .METRE. ) );
#1175 = ORIENTED_EDGE ( 'NONE', *, *, #1640, .T. ) ;
#1176 = CARTESIAN_POINT ( 'NONE',  ( 35.91053235647511599, 233.9204155840515114, 754.0791010052328147 ) ) ;
#1177 = ORIENTED_EDGE ( 'NONE', *, *, #2358, .T. ) ;
#1178 = PRESENTATION_LAYER_ASSIGNMENT (  '', '', ( #4662 ) ) ;
#1179 = APPLICATION_CONTEXT ( 'automotive_design' ) ;
#1180 = CARTESIAN_POINT ( 'NONE',  ( 29.41628503406188244, 266.5351694673278757, 750.0148525358890765 ) ) ;
#1181 = CIRCLE ( 'NONE', #208, 1.249999999999994227 ) ;
#1182 = DIRECTION ( 'NONE',  ( 0.7071067811865813235, 0.000000000000000000, 0.7071067811865138220 ) ) ;
#1184 = AXIS2_PLACEMENT_3D ( 'NONE', #184, #4427, #1439 ) ;
#1183 = CARTESIAN_POINT ( 'NONE',  ( 22.65769569382622350, 260.5652066228175272, 752.5931354135001357 ) ) ;
#1185 = ADVANCED_FACE ( 'NONE', ( #2529 ), #1274, .F. ) ;
#1186 = EDGE_CURVE ( 'NONE', #1204, #2493, #2114, .T. ) ;
#1187 = CARTESIAN_POINT ( 'NONE',  ( -20.47880008931471352, 235.6603391705236277, 752.5931354135001357 ) ) ;
#1188 = AXIS2_PLACEMENT_3D ( 'NONE', #1849, #3542, #3990 ) ;
#1189 =( GEOMETRIC_REPRESENTATION_CONTEXT ( 3 ) GLOBAL_UNCERTAINTY_ASSIGNED_CONTEXT ( ( #180 ) ) GLOBAL_UNIT_ASSIGNED_CONTEXT ( ( #5522, #2119, #1701 ) ) REPRESENTATION_CONTEXT ( 'NONE', 'WORKASPACE' ) );
#1190 = B_SPLINE_CURVE_WITH_KNOTS ( 'NONE', 3,
 ( #3938, #4273, #2217, #3883, #3041, #1707, #3095, #451, #4360, #3015, #1796, #33, #540, #3490, #5220, #3070 ),
 .UNSPECIFIED., .F., .F.,
 ( 4, 2, 2, 2, 2, 2, 2, 4 ),
 ( 0.000000000000000000, 0.0003993061524217375461, 0.0007986123048434750921, 0.001197918457265212530, 0.001597224609686950184, 0.001996530762108687622, 0.002395836914530425060, 0.003194449219373532173 ),
 .UNSPECIFIED. ) ;
#1191 = ORIENTED_EDGE ( 'NONE', *, *, #3230, .T. ) ;
#1192 = CARTESIAN_POINT ( 'NONE',  ( 35.50000101791005847, 266.3022832656000105, 748.1421073157999899 ) ) ;
#1193 = DIRECTION ( 'NONE',  ( -0.000000000000000000, -0.000000000000000000, -1.000000000000000000 ) ) ;
#1194 = LINE ( 'NONE', #1138, #212 ) ;
#1195 = DIRECTION ( 'NONE',  ( -1.000000000000000000, 0.000000000000000000, 0.000000000000000000 ) ) ;
#1196 = ADVANCED_FACE ( 'NONE', ( #1696 ), #2560, .F. ) ;
#1197 = CARTESIAN_POINT ( 'NONE',  ( 23.01293462730535211, 230.7538443669267849, 757.0931413762962165 ) ) ;
#1198 = VECTOR ( 'NONE', #3768, 1000.000000000000000 ) ;
#1199 = ORIENTED_EDGE ( 'NONE', *, *, #5397, .T. ) ;
#1200 = CARTESIAN_POINT ( 'NONE',  ( 23.61296861103718570, 268.5045538190299794, 750.1355218244198113 ) ) ;
#1201 = CARTESIAN_POINT ( 'NONE',  ( 27.39599141998176179, 232.5019036514702009, 757.7589864430650550 ) ) ;
#1202 = CARTESIAN_POINT ( 'NONE',  ( 27.23854005584546201, 267.4868994439919447, 757.6681516639156371 ) ) ;
#1203 = CARTESIAN_POINT ( 'NONE',  ( 29.08523726147976163, 250.4587309091251939, 749.1145704688383375 ) ) ;
#1204 = VERTEX_POINT ( 'NONE', #608 ) ;
#1205 = AXIS2_PLACEMENT_3D ( 'NONE', #916, #5322, #214 ) ;
#1206 = LINE ( 'NONE', #3324, #4565 ) ;
#1207 = ORIENTED_EDGE ( 'NONE', *, *, #1087, .F. ) ;
#1208 = DIRECTION ( 'NONE',  ( -0.000000000000000000, -0.000000000000000000, -1.000000000000000000 ) ) ;
#1209 = ORIENTED_EDGE ( 'NONE', *, *, #4130, .T. ) ;
#1210 = AXIS2_PLACEMENT_3D ( 'NONE', #3333, #299, #773 ) ;
#1211 = DIRECTION ( 'NONE',  ( -1.000000000000000000, 0.000000000000000000, 0.000000000000000000 ) ) ;
#1212 = DIRECTION ( 'NONE',  ( -1.000000000000000000, 0.000000000000000000, 0.000000000000000000 ) ) ;
#1213 = FACE_OUTER_BOUND ( 'NONE', #4270, .T. ) ;
#1214 = AXIS2_PLACEMENT_3D ( 'NONE', #5204, #647, #2820 ) ;
#1215 = CYLINDRICAL_SURFACE ( 'NONE', #3713, 3.000000000000002665 ) ;
#1216 = AXIS2_PLACEMENT_3D ( 'NONE', #5185, #3393, #4773 ) ;
#1217 = PRODUCT ( 'A2 J7输出轴V2-250904外发文件', 'A2 J7输出轴V2-250904外发文件', '', ( #3933 ) ) ;
#1218 = ORIENTED_EDGE ( 'NONE', *, *, #4968, .T. ) ;
#1219 = EDGE_CURVE ( 'NONE', #2046, #305, #2670, .T. ) ;
#1220 = DIRECTION ( 'NONE',  ( 1.000000000000000000, 0.000000000000000000, 0.000000000000000000 ) ) ;
#1221 = EDGE_CURVE ( 'NONE', #4616, #4500, #831, .T. ) ;
#1222 = CARTESIAN_POINT ( 'NONE',  ( 22.65769569382620219, 239.4342935357824445, 752.0931354135001357 ) ) ;
#1223 = DIRECTION ( 'NONE',  ( 0.000000000000000000, -0.000000000000000000, 1.000000000000000000 ) ) ;
#1224 = DIRECTION ( 'NONE',  ( -0.000000000000000000, -0.000000000000000000, -1.000000000000000000 ) ) ;
#1225 = CYLINDRICAL_SURFACE ( 'NONE', #4423, 30.00000000000000000 ) ;
#1226 = CARTESIAN_POINT ( 'NONE',  ( 26.86879529237381803, 267.4671431900436005, 757.5092825257954701 ) ) ;
#1227 = VERTEX_POINT ( 'NONE', #4005 ) ;
#1228 = ADVANCED_FACE ( 'NONE', ( #3557 ), #972, .F. ) ;
#1229 = CARTESIAN_POINT ( 'NONE',  ( 25.18033424892036365, 267.7190298503095391, 757.0650218339902722 ) ) ;
#1230 = FACE_OUTER_BOUND ( 'NONE', #4772, .T. ) ;
#1231 = DIRECTION ( 'NONE',  ( -1.000000000000000000, 0.000000000000000000, 0.000000000000000000 ) ) ;
#1232 = DIRECTION ( 'NONE',  ( -1.000000000000000000, 0.000000000000000000, 0.000000000000000000 ) ) ;
#1233 = VERTEX_POINT ( 'NONE', #501 ) ;
#1234 = CARTESIAN_POINT ( 'NONE',  ( -28.77237407864564744, 255.9997500793000427, 756.3431354135000220 ) ) ;
#1235 = ORIENTED_EDGE ( 'NONE', *, *, #1154, .F. ) ;
#1236 = VERTEX_POINT ( 'NONE', #1885 ) ;
#1237 = CARTESIAN_POINT ( 'NONE',  ( 32.49612549479998336, 234.3471448960916632, 750.1577530819590720 ) ) ;
#1238 = VERTEX_POINT ( 'NONE', #5260 ) ;
#1239 = B_SPLINE_CURVE_WITH_KNOTS ( 'NONE', 3,
 ( #3080, #1355, #943, #1834 ),
 .UNSPECIFIED., .F., .F.,
 ( 4, 4 ),
 ( 0.000000000000000000, 0.002988038898441793770 ),
 .UNSPECIFIED. ) ;
#1240 = CARTESIAN_POINT ( 'NONE',  ( 36.24413363623801132, 266.1819876780267577, 755.0188719940161945 ) ) ;
#1241 = DIRECTION ( 'NONE',  ( -0.000000000000000000, -0.000000000000000000, -1.000000000000000000 ) ) ;
#1242 = CARTESIAN_POINT ( 'NONE',  ( 26.06528867651046610, 267.5002940130268030, 757.2154717432962343 ) ) ;
#1243 = CARTESIAN_POINT ( 'NONE',  ( 29.93362246679143013, 265.5511772122244452, 749.2215711841568009 ) ) ;
#1244 = VERTEX_POINT ( 'NONE', #3585 ) ;
#1245 = CARTESIAN_POINT ( 'NONE',  ( 1.017909983045999956E-06, 249.9997500793000142, 758.0931354135000220 ) ) ;
#1246 = CARTESIAN_POINT ( 'NONE',  ( 1.017909983045999956E-06, 249.9997500793000142, 762.0931354135001357 ) ) ;
#1247 = CARTESIAN_POINT ( 'NONE',  ( 26.69666282787620304, 232.5430040268690561, 757.4285159830897101 ) ) ;
#1248 = EDGE_LOOP ( 'NONE', ( #3551, #3377, #5197, #1381 ) ) ;
#1249 = DIRECTION ( 'NONE',  ( 0.000000000000000000, 0.000000000000000000, -1.000000000000000000 ) ) ;
#1250 = ORIENTED_EDGE ( 'NONE', *, *, #2994, .T. ) ;
#1251 = CARTESIAN_POINT ( 'NONE',  ( 24.64217191017773345, 267.5104369972553968, 750.2529148259584417 ) ) ;
#1252 = CARTESIAN_POINT ( 'NONE',  ( 36.50000101791000162, 223.5005589826000119, 832.2840705731000526 ) ) ;
#1253 = FACE_OUTER_BOUND ( 'NONE', #1641, .T. ) ;
#1254 = FACE_OUTER_BOUND ( 'NONE', #3573, .T. ) ;
#1255 = VECTOR ( 'NONE', #3194, 1000.000000000000000 ) ;
#1256 = CIRCLE ( 'NONE', #370, 3.499999999999992895 ) ;
#1257 = EDGE_CURVE ( 'NONE', #5051, #2029, #5291, .T. ) ;
#1258 = ADVANCED_FACE ( 'NONE', ( #5210 ), #558, .F. ) ;
#1259 = VECTOR ( 'NONE', #1854, 1000.000000000000000 ) ;
#1260 = CARTESIAN_POINT ( 'NONE',  ( 35.50000101791005847, 232.4603457823492647, 758.0931354135000220 ) ) ;
#1261 = EDGE_LOOP ( 'NONE', ( #3791, #4368 ) ) ;
#1262 = B_SPLINE_SURFACE_WITH_KNOTS ( 'NONE', 1, 3, ( 
 ( #779, #2975, #3005, #2477, #5462, #411, #3388, #4713, #5435, #4155, #5489, #4679, #1642, #2087, #1668, #855, #334, #5060 ),
 ( #2030, #2559, #4649, #3732, #3453, #1415, #2617, #4322, #2644, #5179, #4352, #4770, #3057, #500, #3086, #996, #157, #4817 ) ),
 .UNSPECIFIED., .F., .F., .F.,
 ( 2, 2 ),
 ( 4, 2, 2, 2, 2, 2, 2, 2, 4 ),
 ( 0.000000000000000000, 1.000000000000000000 ),
 ( 4.712388980384689674, 4.858007381331340468, 5.003625782277991263, 5.149244183224642057, 5.294862584171291964, 5.440480985117941870, 5.586099386064592665, 5.731717787011243459, 5.877336187957894253 ),
 .UNSPECIFIED. ) ;
#1263 = EDGE_LOOP ( 'NONE', ( #4277, #824, #4203, #459, #4020, #2424, #4602, #1207, #1733, #3161, #3764, #3047, #1135, #4338, #3591, #2684 ) ) ;
#1264 = ORIENTED_EDGE ( 'NONE', *, *, #4066, .F. ) ;
#1265 = CARTESIAN_POINT ( 'NONE',  ( 33.12905989732353618, 234.3025169956298157, 750.5678763961943787 ) ) ;
#1266 = ORIENTED_EDGE ( 'NONE', *, *, #2759, .F. ) ;
#1267 = ADVANCED_FACE ( 'NONE', ( #3532 ), #5236, .F. ) ;
#1268 = AXIS2_PLACEMENT_3D ( 'NONE', #2825, #3268, #4088 ) ;
#1269 = CARTESIAN_POINT ( 'NONE',  ( -29.04737407864563536, 242.4997500792999858, 749.0931354135001357 ) ) ;
#1270 = CYLINDRICAL_SURFACE ( 'NONE', #2245, 3.000000000000040856 ) ;
#1271 = CARTESIAN_POINT ( 'NONE',  ( 28.50000101791001228, 233.4706495407533566, 749.9697169650055457 ) ) ;
#1272 = CARTESIAN_POINT ( 'NONE',  ( 31.31603176600879834, 265.5928840530884827, 749.6048566406274176 ) ) ;
#1273 = ORIENTED_EDGE ( 'NONE', *, *, #2076, .T. ) ;
#1274 = CONICAL_SURFACE ( 'NONE', #3590, 29.05035771344207518, 0.7594694829967075789 ) ;
#1275 = CARTESIAN_POINT ( 'NONE',  ( 23.03636732649997398, 269.2176108742582983, 756.8252120919230492 ) ) ;
#1276 = DIRECTION ( 'NONE',  ( -0.000000000000000000, -0.000000000000000000, -1.000000000000000000 ) ) ;
#1277 = CARTESIAN_POINT ( 'NONE',  ( 24.43955285262021349, 267.3982645595224881, 749.0931354135001357 ) ) ;
#1278 = CARTESIAN_POINT ( 'NONE',  ( 23.61410679626608200, 267.9029686151959595, 758.0931354135001357 ) ) ;
#1279 = AXIS2_PLACEMENT_3D ( 'NONE', #4108, #1987, #4498 ) ;
#1280 = ORIENTED_EDGE ( 'NONE', *, *, #1810, .F. ) ;
#1281 = DIRECTION ( 'NONE',  ( -0.000000000000000000, -0.000000000000000000, 1.000000000000000000 ) ) ;
#1282 = EDGE_LOOP ( 'NONE', ( #2304, #2047, #5278, #3038 ) ) ;
#1283 = FACE_OUTER_BOUND ( 'NONE', #4250, .T. ) ;
#1284 = CARTESIAN_POINT ( 'NONE',  ( 30.39425545992322242, 231.9914672608792330, 761.8631861529221396 ) ) ;
#1285 = DIRECTION ( 'NONE',  ( -1.000000000000000000, 0.000000000000000000, 0.000000000000000000 ) ) ;
#1286 = DIRECTION ( 'NONE',  ( -1.000000000000000000, 0.000000000000000000, 0.000000000000000000 ) ) ;
#1287 = MECHANICAL_DESIGN_GEOMETRIC_PRESENTATION_REPRESENTATION (  '', ( #2974 ), #311 ) ;
#1288 = AXIS2_PLACEMENT_3D ( 'NONE', #867, #3825, #2067 ) ;
#1289 = LINE ( 'NONE', #4275, #2069 ) ;
#1290 = EDGE_CURVE ( 'NONE', #3695, #3961, #933, .T. ) ;
#1291 = EDGE_CURVE ( 'NONE', #4745, #4057, #5102, .T. ) ;
#1292 = VERTEX_POINT ( 'NONE', #1936 ) ;
#1293 = CIRCLE ( 'NONE', #1026, 1.249999999999997558 ) ;
#1294 = ORIENTED_EDGE ( 'NONE', *, *, #1846, .T. ) ;
#1295 = DIRECTION ( 'NONE',  ( -1.000000000000000000, 0.000000000000000000, 0.000000000000000000 ) ) ;
#1296 = ORIENTED_EDGE ( 'NONE', *, *, #3335, .F. ) ;
#1297 = LINE ( 'NONE', #4732, #3158 ) ;
#1298 = EDGE_CURVE ( 'NONE', #747, #597, #4144, .T. ) ;
#1299 = CARTESIAN_POINT ( 'NONE',  ( 31.60206182921547580, 266.6176231624044703, 750.6779006778043595 ) ) ;
#1300 = DIRECTION ( 'NONE',  ( -1.000000000000000000, 0.000000000000000000, 0.000000000000000000 ) ) ;
#1301 = LINE ( 'NONE', #1723, #4600 ) ;
#1302 = CARTESIAN_POINT ( 'NONE',  ( 35.14322490012766309, 265.9226833759214514, 752.6358029881213270 ) ) ;
#1303 = ORIENTED_EDGE ( 'NONE', *, *, #1818, .F. ) ;
#1304 = CARTESIAN_POINT ( 'NONE',  ( 23.04827831848838215, 269.2033152034023828, 756.6910943386649251 ) ) ;
#1306 = DIRECTION ( 'NONE',  ( 0.000000000000000000, 0.1234184484944973320, -0.9923547181180786270 ) ) ;
#1305 = CIRCLE ( 'NONE', #3795, 29.99999999999999289 ) ;
#1307 = CARTESIAN_POINT ( 'NONE',  ( 31.07772357997656343, 234.4185402131886917, 749.5017254564040741 ) ) ;
#1308 = CARTESIAN_POINT ( 'NONE',  ( 21.13269569382622493, 260.5652066228175272, 752.0931354135001357 ) ) ;
#1309 = CIRCLE ( 'NONE', #5135, 2.999999999999992450 ) ;
#1310 = EDGE_LOOP ( 'NONE', ( #1118, #2941, #4195, #60 ) ) ;
#1311 = CARTESIAN_POINT ( 'NONE',  ( -29.04737407864564958, 243.9997500793000142, 755.0931354135001357 ) ) ;
#1312 = CONICAL_SURFACE ( 'NONE', #4166, 3.000000000000002665, 0.7853981633973927678 ) ;
#1313 = ORIENTED_EDGE ( 'NONE', *, *, #2826, .F. ) ;
#1314 = SURFACE_STYLE_USAGE ( .BOTH. , #5069 ) ;
#1315 = CARTESIAN_POINT ( 'NONE',  ( 30.50000101789893492, 231.8473613660129615, 763.0218797390396048 ) ) ;
#1317 = CARTESIAN_POINT ( 'NONE',  ( 23.47387072188246293, 268.6837596310887193, 751.8167777187708225 ) ) ;
#1316 = VECTOR ( 'NONE', #4412, 1000.000000000000000 ) ;
#1318 = DIRECTION ( 'NONE',  ( -0.7071067811865165975, 0.000000000000000000, -0.7071067811865784369 ) ) ;
#1319 = CARTESIAN_POINT ( 'NONE',  ( 1.017909983045999956E-06, 249.9997500793000142, 752.5931354135001357 ) ) ;
#1320 = CIRCLE ( 'NONE', #1216, 1.524999999999998579 ) ;
#1321 = CARTESIAN_POINT ( 'NONE',  ( 1.017909983045999956E-06, 249.9997500793000142, 752.5931354135001357 ) ) ;
#1322 = VECTOR ( 'NONE', #2031, 1000.000000000000114 ) ;
#1323 = VERTEX_POINT ( 'NONE', #1548 ) ;
#1324 = EDGE_LOOP ( 'NONE', ( #20, #767, #4849, #1988, #3717, #625 ) ) ;
#1325 = CARTESIAN_POINT ( 'NONE',  ( 34.20121829928859114, 234.2031594242592121, 751.4809059927700901 ) ) ;
#1326 = ORIENTED_EDGE ( 'NONE', *, *, #1333, .T. ) ;
#1327 = ADVANCED_FACE ( 'NONE', ( #4967 ), #291, .F. ) ;
#1328 = CARTESIAN_POINT ( 'NONE',  ( 28.10355922246816363, 255.3105777967946608, 749.5674750365521959 ) ) ;
#1329 = CARTESIAN_POINT ( 'NONE',  ( -23.13368957999465536, 240.5217566566171286, 757.5931354135000220 ) ) ;
#1330 = DIRECTION ( 'NONE',  ( 0.000000000000000000, 0.9923563914760095139, -0.1234049929974996990 ) ) ;
#1331 = DIRECTION ( 'NONE',  ( -0.000000000000000000, -0.000000000000000000, -1.000000000000000000 ) ) ;
#1332 = CARTESIAN_POINT ( 'NONE',  ( 29.80251438423119126, 265.5486994775042149, 749.1987921595808757 ) ) ;
#1333 = EDGE_CURVE ( 'NONE', #3077, #1204, #348, .T. ) ;
#1334 = ADVANCED_FACE ( 'NONE', ( #2015 ), #2773, .F. ) ;
#1335 = ORIENTED_EDGE ( 'NONE', *, *, #2831, .F. ) ;
#1336 = FILL_AREA_STYLE_COLOUR ( '', #165 ) ;
#1337 = DIRECTION ( 'NONE',  ( -0.000000000000000000, -0.000000000000000000, -1.000000000000000000 ) ) ;
#1338 =( LENGTH_UNIT ( ) NAMED_UNIT ( * ) SI_UNIT ( .MILLI., .METRE. ) );
#1339 = CARTESIAN_POINT ( 'NONE',  ( 22.50000101790996609, 249.9997500793000142, 758.0931354135000220 ) ) ;
#1340 = VERTEX_POINT ( 'NONE', #5448 ) ;
#1341 = DIRECTION ( 'NONE',  ( -1.000000000000000000, 0.000000000000000000, 0.000000000000000000 ) ) ;
#1342 = VERTEX_POINT ( 'NONE', #4172 ) ;
#1343 = CLOSED_SHELL ( 'NONE', ( #3546, #1258, #1703, #202, #4121, #5358, #4259, #172, #2137, #3098, #3297, #1052, #4334, #3651, #5349, #242, #554, #5222, #3744, #69, #1568, #2085, #1334, #788, #3985, #4781, #1196, #4744, #3845, #1899, #5145, #2633, #2555, #3987, #112, #1575, #2556, #171, #1632, #3854, #2006, #4834, #4505, #1461, #377, #3364, #682, #3745, #4340, #5038, #3156, #1786, #1267, #2722, #2146, #3400, #1020, #688, #1533, #641, #1710, #3476, #2924, #817, #710, #2318, #3203, #2077, #3846, #4594, #4123, #2220, #2393, #1185, #401, #4711, #5328, #5036, #2183, #2109, #642, #5255, #3266, #585, #1434, #2687, #2827, #3, #3927, #1702, #77, #4592, #2222, #373, #1096, #1228, #3891, #3239, #3545, #1941, #4909, #2366, #3195, #347, #4463, #2488, #1014, #5217, #4197, #4996, #4775, #1781, #890, #1531, #3121, #3509, #711, #3816, #1149, #1511, #304, #37, #1631, #3824, #752, #4437, #1979, #2591, #3893, #1327, #2723, #164, #927, #4059, #3103, #4835, #3435, #163, #4742, #2043, #2228, #5388, #1906, #4457, #477, #3673, #3401 ) ) ;
#1344 = CARTESIAN_POINT ( 'NONE',  ( 28.19006365519885549, 254.8247417798546905, 749.5686668176803096 ) ) ;
#1345 = CARTESIAN_POINT ( 'NONE',  ( -24.26932118111323433, 255.9997500793000427, 753.8431354135001357 ) ) ;
#1346 = DIRECTION ( 'NONE',  ( -1.000000000000000000, 0.000000000000000000, 0.000000000000000000 ) ) ;
#1347 = CARTESIAN_POINT ( 'NONE',  ( -24.48198610579435552, 255.0629346219623415, 755.9247386631051313 ) ) ;
#1348 = CARTESIAN_POINT ( 'NONE',  ( 17.40202599221967006, 263.4596730654654948, 757.5931354135000220 ) ) ;
#1349 = LINE ( 'NONE', #4387, #1549 ) ;
#1350 = ORIENTED_EDGE ( 'NONE', *, *, #1844, .F. ) ;
#1351 = ORIENTED_EDGE ( 'NONE', *, *, #5275, .F. ) ;
#1352 = ORIENTED_EDGE ( 'NONE', *, *, #2108, .T. ) ;
#1353 = VECTOR ( 'NONE', #1182, 999.9999999999998863 ) ;
#1354 = CARTESIAN_POINT ( 'NONE',  ( 28.72051182667745906, 254.4565435391623680, 749.0960904645450000 ) ) ;
#1355 = CARTESIAN_POINT ( 'NONE',  ( -29.04737407864564602, 255.6466959363449689, 757.8276727443184200 ) ) ;
#1356 = CARTESIAN_POINT ( 'NONE',  ( 22.65769569382641890, 239.4342935357827855, 762.0931354135001357 ) ) ;
#1357 = UNCERTAINTY_MEASURE_WITH_UNIT (LENGTH_MEASURE( 1.000000000000000082E-05 ), #1338, 'distance_accuracy_value', 'NONE');
#1358 = CARTESIAN_POINT ( 'NONE',  ( 30.56795800864329493, 265.5663086938649258, 749.3606007188526519 ) ) ;
#1359 =( GEOMETRIC_REPRESENTATION_CONTEXT ( 3 ) GLOBAL_UNCERTAINTY_ASSIGNED_CONTEXT ( ( #3578 ) ) GLOBAL_UNIT_ASSIGNED_CONTEXT ( ( #5502, #4362, #5250 ) ) REPRESENTATION_CONTEXT ( 'NONE', 'WORKASPACE' ) );
#1360 = ORIENTED_EDGE ( 'NONE', *, *, #2661, .F. ) ;
#1361 = CIRCLE ( 'NONE', #4830, 1.249999999999973355 ) ;
#1362 = DIRECTION ( 'NONE',  ( -1.000000000000000000, 0.000000000000000000, 0.000000000000000000 ) ) ;
#1363 = SURFACE_STYLE_USAGE ( .BOTH. , #56 ) ;
#1364 = EDGE_CURVE ( 'NONE', #3395, #4539, #4749, .T. ) ;
#1365 = DIRECTION ( 'NONE',  ( -0.000000000000000000, -0.000000000000000000, -1.000000000000000000 ) ) ;
#1366 = EDGE_CURVE ( 'NONE', #1606, #5052, #5092, .T. ) ;
#1367 = ORIENTED_EDGE ( 'NONE', *, *, #5454, .T. ) ;
#1368 = CYLINDRICAL_SURFACE ( 'NONE', #2747, 25.00000000000007105 ) ;
#1369 =( LENGTH_UNIT ( ) NAMED_UNIT ( * ) SI_UNIT ( .MILLI., .METRE. ) );
#1370 = ORIENTED_EDGE ( 'NONE', *, *, #3606, .T. ) ;
#1371 = CARTESIAN_POINT ( 'NONE',  ( -27.51346347477438314, 257.8090585174455782, 749.9864210105558868 ) ) ;
#1372 = AXIS2_PLACEMENT_3D ( 'NONE', #343, #2010, #5045 ) ;
#1373 = CARTESIAN_POINT ( 'NONE',  ( 23.12947192813393116, 268.2754597331760920, 758.0931354135000220 ) ) ;
#1374 = CARTESIAN_POINT ( 'NONE',  ( 27.38618233975981653, 266.8359792649720816, 752.4338026776953257 ) ) ;
#1375 = EDGE_CURVE ( 'NONE', #2339, #3998, #4654, .T. ) ;
#1376 = LINE ( 'NONE', #3965, #4409 ) ;
#1377 = CARTESIAN_POINT ( 'NONE',  ( 26.31256541436864893, 233.1131378402553764, 758.4324273033589634 ) ) ;
#1378 = CARTESIAN_POINT ( 'NONE',  ( 25.90588280639277130, 232.5012723354993511, 750.8260016775800523 ) ) ;
#1379 = VECTOR ( 'NONE', #4107, 1000.000000000000114 ) ;
#1380 = ORIENTED_EDGE ( 'NONE', *, *, #1874, .T. ) ;
#1381 = ORIENTED_EDGE ( 'NONE', *, *, #1291, .F. ) ;
#1382 = ORIENTED_EDGE ( 'NONE', *, *, #4997, .F. ) ;
#1383 = CARTESIAN_POINT ( 'NONE',  ( 28.82688656970909946, 253.7500994030294521, 749.0997988835140404 ) ) ;
#1384 = DIRECTION ( 'NONE',  ( 0.000000000000000000, 0.000000000000000000, -1.000000000000000000 ) ) ;
#1385 = B_SPLINE_CURVE_WITH_KNOTS ( 'NONE', 3,
 ( #129, #5338, #3656, #5501, #4987, #840, #1171, #814, #2485, #1203, #2509, #4221, #4194, #4168, #2124, #5476, #5018, #5444, #2011, #368 ),
 .UNSPECIFIED., .F., .F.,
 ( 4, 2, 2, 2, 2, 2, 2, 2, 2, 4 ),
 ( 0.000000000000000000, 0.06249999999999782119, 0.1249999999999956424, 0.2499999999999983902, 0.5000000000000037748, 0.6250000000000138778, 0.6875000000000115463, 0.7500000000000092149, 0.8750000000000046629, 1.000000000000000000 ),
 .UNSPECIFIED. ) ;
#1386 = PRESENTATION_STYLE_ASSIGNMENT (( #2280 ) ) ;
#1387 = CARTESIAN_POINT ( 'NONE',  ( 19.93877233271642879, 240.7021483210048416, 752.5931354135001357 ) ) ;
#1388 = CARTESIAN_POINT ( 'NONE',  ( 26.45395468556661456, 233.3185899581803255, 750.1040365005300146 ) ) ;
#1389 = ORIENTED_EDGE ( 'NONE', *, *, #4641, .T. ) ;
#1390 = CARTESIAN_POINT ( 'NONE',  ( 24.50000101791000517, 232.6194355975121937, 758.0931354135000220 ) ) ;
#1391 = CYLINDRICAL_SURFACE ( 'NONE', #4467, 1.249999999999994227 ) ;
#1392 = CARTESIAN_POINT ( 'NONE',  ( 3.425836480277825835, 224.7309224178356430, 758.0931354135000220 ) ) ;
#1393 = FACE_OUTER_BOUND ( 'NONE', #794, .T. ) ;
#1394 = EDGE_CURVE ( 'NONE', #4445, #570, #1626, .T. ) ;
#1395 = EDGE_CURVE ( 'NONE', #1601, #4747, #2335, .T. ) ;
#1396 = VECTOR ( 'NONE', #2343, 1000.000000000000114 ) ;
#1397 = ORIENTED_EDGE ( 'NONE', *, *, #5485, .F. ) ;
#1398 = CARTESIAN_POINT ( 'NONE',  ( 28.47083153387821497, 252.7150012466903206, 749.5791616943649842 ) ) ;
#1399 = CARTESIAN_POINT ( 'NONE',  ( 23.77296055602966973, 267.7763240585138078, 758.0931354135001357 ) ) ;
#1400 = CARTESIAN_POINT ( 'NONE',  ( 27.62447481082141110, 266.5295582833005028, 749.9697304205026285 ) ) ;
#1401 = CARTESIAN_POINT ( 'NONE',  ( -24.54457688453010178, 254.7498759310137757, 755.0081146900778322 ) ) ;
#1402 = EDGE_CURVE ( 'NONE', #213, #4526, #235, .T. ) ;
#1403 = EDGE_CURVE ( 'NONE', #3020, #43, #563, .T. ) ;
#1404 = AXIS2_PLACEMENT_3D ( 'NONE', #2804, #1581, #2880 ) ;
#1405 = CARTESIAN_POINT ( 'NONE',  ( 24.91814477388056659, 232.1805802974500921, 757.0509148961659776 ) ) ;
#1406 = CARTESIAN_POINT ( 'NONE',  ( -18.95380008931489613, 235.6603391705239403, 752.0931354135001357 ) ) ;
#1407 = ORIENTED_EDGE ( 'NONE', *, *, #1019, .T. ) ;
#1408 = ORIENTED_EDGE ( 'NONE', *, *, #1, .F. ) ;
#1409 = ORIENTED_EDGE ( 'NONE', *, *, #1364, .F. ) ;
#1410 = DIRECTION ( 'NONE',  ( -1.000000000000000000, 0.000000000000000000, 0.000000000000000000 ) ) ;
#1411 = LINE ( 'NONE', #5202, #4204 ) ;
#1412 = CARTESIAN_POINT ( 'NONE',  ( 36.45506777202700732, 266.3155234818980261, 756.2460947137208223 ) ) ;
#1413 = AXIS2_PLACEMENT_3D ( 'NONE', #1192, #3838, #2451 ) ;
#1414 = ORIENTED_EDGE ( 'NONE', *, *, #2659, .T. ) ;
#1415 = CARTESIAN_POINT ( 'NONE',  ( 30.16371282571740764, 267.9037316438483458, 761.0200913841249530 ) ) ;
#1416 =( LENGTH_UNIT ( ) NAMED_UNIT ( * ) SI_UNIT ( .MILLI., .METRE. ) );
#1417 = CARTESIAN_POINT ( 'NONE',  ( 21.40769569382620929, 239.4342935357824445, 758.0931354135000220 ) ) ;
#1418 = DIRECTION ( 'NONE',  ( 0.000000000000000000, 0.000000000000000000, 1.000000000000000000 ) ) ;
#1419 = ORIENTED_EDGE ( 'NONE', *, *, #4060, .T. ) ;
#1420 = CARTESIAN_POINT ( 'NONE',  ( 28.35569200152436053, 253.7318225101663529, 749.5735312410774895 ) ) ;
#1421 = CARTESIAN_POINT ( 'NONE',  ( -29.04737407864564958, 243.9997500793000142, 756.6181354135001129 ) ) ;
#1422 = CARTESIAN_POINT ( 'NONE',  ( 1.017909983045999956E-06, 249.9997500793000142, 757.0931354135110496 ) ) ;
#1423 = CARTESIAN_POINT ( 'NONE',  ( -24.49293842555178102, 255.0095517665252771, 755.8604337600449981 ) ) ;
#1424 = CARTESIAN_POINT ( 'NONE',  ( 35.16121056349829388, 234.0745508521976035, 752.6627204355672802 ) ) ;
#1425 = CARTESIAN_POINT ( 'NONE',  ( 25.06514314543924016, 232.8872295557609107, 758.1244976521747958 ) ) ;
#1426 = FACE_OUTER_BOUND ( 'NONE', #2650, .T. ) ;
#1427 = VERTEX_POINT ( 'NONE', #1234 ) ;
#1428 = EDGE_CURVE ( 'NONE', #3907, #959, #3743, .T. ) ;
#1429 = EDGE_LOOP ( 'NONE', ( #1959, #1041, #2787, #926 ) ) ;
#1430 = EDGE_CURVE ( 'NONE', #3210, #1713, #2145, .T. ) ;
#1431 = VERTEX_POINT ( 'NONE', #5050 ) ;
#1432 = CARTESIAN_POINT ( 'NONE',  ( 28.60000101835010611, 249.9997500831982506, 749.5876257030953411 ) ) ;
#1433 = DIRECTION ( 'NONE',  ( -0.000000000000000000, -0.000000000000000000, -1.000000000000000000 ) ) ;
#1434 = ADVANCED_FACE ( 'NONE', ( #819 ), #2898, .F. ) ;
#1435 = MECHANICAL_DESIGN_GEOMETRIC_PRESENTATION_REPRESENTATION (  '', ( #1000 ), #4018 ) ;
#1436 = DIRECTION ( 'NONE',  ( 1.000000000000000000, -0.000000000000000000, 0.000000000000000000 ) ) ;
#1437 = ORIENTED_EDGE ( 'NONE', *, *, #2993, .T. ) ;
#1438 = AXIS2_PLACEMENT_3D ( 'NONE', #4750, #2707, #5219 ) ;
#1439 = DIRECTION ( 'NONE',  ( -1.000000000000000000, 0.000000000000000000, 0.000000000000000000 ) ) ;
#1440 = CARTESIAN_POINT ( 'NONE',  ( -23.92827198776672049, 242.7583379538274642, 754.9249952627486664 ) ) ;
#1441 = LINE ( 'NONE', #4798, #5134 ) ;
#1442 = CARTESIAN_POINT ( 'NONE',  ( 22.65769569382622350, 260.5652066228175272, 757.5931354135000220 ) ) ;
#1443 = CIRCLE ( 'NONE', #3579, 1.525000000000000355 ) ;
#1444 = PRESENTATION_LAYER_ASSIGNMENT (  '', '', ( #1000 ) ) ;
#1445 = ORIENTED_EDGE ( 'NONE', *, *, #1257, .F. ) ;
#1446 = CARTESIAN_POINT ( 'NONE',  ( 28.30208997117816594, 254.1170318467328855, 749.5715538289474580 ) ) ;
#1447 = COLOUR_RGB ( '',0.8980392156862745390, 0.9176470588235293713, 0.9294117647058823817 ) ;
#1448 = DIRECTION ( 'NONE',  ( 0.000000000000000000, 0.000000000000000000, 1.000000000000000000 ) ) ;
#1449 = CARTESIAN_POINT ( 'NONE',  ( -24.30944133033179710, 244.1620315506430643, 756.3431354135002493 ) ) ;
#1450 = DIRECTION ( 'NONE',  ( -1.000000000000000000, 0.000000000000000000, 0.000000000000000000 ) ) ;
#1451 = FILL_AREA_STYLE_COLOUR ( '', #2653 ) ;
#1452 = VECTOR ( 'NONE', #4193, 1000.000000000000114 ) ;
#1453 = AXIS2_PLACEMENT_3D ( 'NONE', #4872, #2204, #4376 ) ;
#1454 = CARTESIAN_POINT ( 'NONE',  ( -29.04737407864564602, 243.9997500793000142, 756.3431354135000220 ) ) ;
#1455 = ORIENTED_EDGE ( 'NONE', *, *, #1751, .T. ) ;
#1456 = EDGE_LOOP ( 'NONE', ( #546, #1832, #4869, #3809 ) ) ;
#1457 = CIRCLE ( 'NONE', #4576, 3.000000000000002665 ) ;
#1458 = ORIENTED_EDGE ( 'NONE', *, *, #2666, .T. ) ;
#1459 = MECHANICAL_DESIGN_GEOMETRIC_PRESENTATION_REPRESENTATION (  '', ( #2801 ), #4848 ) ;
#1460 = EDGE_CURVE ( 'NONE', #2616, #5228, #4125, .T. ) ;
#1461 = ADVANCED_FACE ( 'NONE', ( #3887 ), #3434, .F. ) ;
#1462 = VECTOR ( 'NONE', #4330, 1000.000000000000000 ) ;
#1463 = DIRECTION ( 'NONE',  ( 1.000000000000000000, 0.000000000000000000, 0.000000000000000000 ) ) ;
#1464 = CARTESIAN_POINT ( 'NONE',  ( 23.37954443781989866, 268.8511976650443103, 757.0833068912229464 ) ) ;
#1465 = VECTOR ( 'NONE', #245, 1000.000000000000000 ) ;
#1466 = DIRECTION ( 'NONE',  ( -1.000000000000000000, 0.000000000000000000, -0.000000000000000000 ) ) ;
#1467 = ORIENTED_EDGE ( 'NONE', *, *, #4235, .T. ) ;
#1468 = AXIS2_PLACEMENT_3D ( 'NONE', #1623, #2955, #4661 ) ;
#1469 = EDGE_CURVE ( 'NONE', #1715, #3077, #4198, .T. ) ;
#1470 = ORIENTED_EDGE ( 'NONE', *, *, #2429, .T. ) ;
#1471 = CARTESIAN_POINT ( 'NONE',  ( -27.59909317012451879, 257.4997500792999858, 751.0931354135001357 ) ) ;
#1472 = SURFACE_STYLE_USAGE ( .BOTH. , #1816 ) ;
#1473 = DIRECTION ( 'NONE',  ( -1.000000000000000000, -0.000000000000000000, -0.000000000000000000 ) ) ;
#1474 = CYLINDRICAL_SURFACE ( 'NONE', #3438, 1.249999999999994227 ) ;
#1475 = VECTOR ( 'NONE', #3165, 1000.000000000000000 ) ;
#1476 = CARTESIAN_POINT ( 'NONE',  ( -18.95380008931491744, 264.3391609880760598, 752.0931354135001357 ) ) ;
#1477 = EDGE_LOOP ( 'NONE', ( #4657, #1160, #4893, #1351 ) ) ;
#1478 = DIRECTION ( 'NONE',  ( -1.000000000000000000, 0.000000000000000000, 0.000000000000000000 ) ) ;
#1479 = FACE_OUTER_BOUND ( 'NONE', #75, .T. ) ;
#1480 = CARTESIAN_POINT ( 'NONE',  ( 24.81898606539651553, 267.2157269960790131, 758.0931354134999083 ) ) ;
#1481 = SURFACE_STYLE_FILL_AREA ( #3148 ) ;
#1482 = CONICAL_SURFACE ( 'NONE', #4422, 1.524999999999998579, 0.7853981633974924659 ) ;
#1483 = CARTESIAN_POINT ( 'NONE',  ( 28.26239569101066706, 254.3874514015830357, 749.5702545126708856 ) ) ;
#1484 = CARTESIAN_POINT ( 'NONE',  ( 25.98483195147453273, 232.4879610935703909, 757.1944136922586495 ) ) ;
#1485 = DIRECTION ( 'NONE',  ( 0.000000000000000000, 0.000000000000000000, 1.000000000000000000 ) ) ;
#1486 = CARTESIAN_POINT ( 'NONE',  ( 3.358663235917262124, 274.7731105317160996, 752.5931354135001357 ) ) ;
#1487 = CIRCLE ( 'NONE', #3170, 3.000000000000038192 ) ;
#1488 = ORIENTED_EDGE ( 'NONE', *, *, #200, .F. ) ;
#1489 = ORIENTED_EDGE ( 'NONE', *, *, #5174, .T. ) ;
#1490 = VECTOR ( 'NONE', #1139, 1000.000000000000000 ) ;
#1491 = VERTEX_POINT ( 'NONE', #1260 ) ;
#1492 = AXIS2_PLACEMENT_3D ( 'NONE', #4793, #4373, #2255 ) ;
#1493 = CARTESIAN_POINT ( 'NONE',  ( 24.74710971146051364, 267.9007586810965336, 757.0540388499747451 ) ) ;
#1494 = DIRECTION ( 'NONE',  ( -0.000000000000000000, -0.000000000000000000, 1.000000000000000000 ) ) ;
#1495 = VECTOR ( 'NONE', #4545, 1000.000000000000000 ) ;
#1496 = CARTESIAN_POINT ( 'NONE',  ( 27.22125099389962344, 233.4706495407533566, 749.9697169650055457 ) ) ;
#1497 = ORIENTED_EDGE ( 'NONE', *, *, #3169, .F. ) ;
#1498 = ORIENTED_EDGE ( 'NONE', *, *, #3027, .F. ) ;
#1499 = DIRECTION ( 'NONE',  ( 1.000000000000000000, 0.000000000000000000, 0.000000000000000000 ) ) ;
#1500 = CARTESIAN_POINT ( 'NONE',  ( 26.04026346600160124, 267.5260699358948955, 757.4171835362068350 ) ) ;
#1501 = CARTESIAN_POINT ( 'NONE',  ( -27.59909317012451879, 257.4997500792999858, 752.0931354135001357 ) ) ;
#1502 = CARTESIAN_POINT ( 'NONE',  ( 24.58062745986047659, 267.9828501815509298, 757.0571272067136306 ) ) ;
#1503 = EDGE_CURVE ( 'NONE', #2224, #2628, #1206, .T. ) ;
#1504 = EDGE_CURVE ( 'NONE', #4655, #3581, #1289, .T. ) ;
#1505 = CARTESIAN_POINT ( 'NONE',  ( 23.77534219722578612, 268.3340831335905818, 757.2883622044025742 ) ) ;
#1506 = EDGE_LOOP ( 'NONE', ( #605, #3484, #588, #1654 ) ) ;
#1507 = ORIENTED_EDGE ( 'NONE', *, *, #314, .F. ) ;
#1508 = CARTESIAN_POINT ( 'NONE',  ( -28.77237407864564744, 243.9997500793000142, 755.0931354135001357 ) ) ;
#1509 = DIRECTION ( 'NONE',  ( -0.000000000000000000, -0.000000000000000000, -1.000000000000000000 ) ) ;
#1510 = FACE_OUTER_BOUND ( 'NONE', #2016, .T. ) ;
#1511 = ADVANCED_FACE ( 'NONE', ( #3771 ), #2694, .F. ) ;
#1512 = DIRECTION ( 'NONE',  ( -0.000000000000000000, -0.000000000000000000, 1.000000000000000000 ) ) ;
#1513 = SURFACE_SIDE_STYLE ('',( #5415 ) ) ;
#1514 = CARTESIAN_POINT ( 'NONE',  ( 26.86928395051856810, 232.5329339976120480, 757.5094847617982623 ) ) ;
#1515 = DIRECTION ( 'NONE',  ( -0.000000000000000000, -0.000000000000000000, -1.000000000000000000 ) ) ;
#1516 =( NAMED_UNIT ( * ) PLANE_ANGLE_UNIT ( ) SI_UNIT ( $, .RADIAN. ) );
#1517 = EDGE_LOOP ( 'NONE', ( #2275, #1934, #2526, #2810 ) ) ;
#1518 = VERTEX_POINT ( 'NONE', #3826 ) ;
#1519 = CARTESIAN_POINT ( 'NONE',  ( 23.74784255479605832, 268.5266650873429057, 757.0744574325858594 ) ) ;
#1520 = B_SPLINE_CURVE_WITH_KNOTS ( 'NONE', 3,
 ( #3543, #1797, #2181, #3491, #3465, #3939, #1773, #118, #5221, #566, #1401, #3096, #5164, #4804, #980, #1423, #1347, #92, #2678, #4825, #954, #5191 ),
 .UNSPECIFIED., .F., .F.,
 ( 4, 2, 2, 2, 2, 2, 2, 2, 2, 2, 4 ),
 ( 0.003977385554294893787, 0.004471633082022433148, 0.004965880609749972509, 0.005460128137477511870, 0.005707251901341161421, 0.005954375665204810972, 0.006448623192932439671, 0.006695746956796373717, 0.006942870720660309497, 0.007437118248388177588, 0.007931365776116047414 ),
 .UNSPECIFIED. ) ;
#1521 = UNCERTAINTY_MEASURE_WITH_UNIT (LENGTH_MEASURE( 1.000000000000000082E-05 ), #5484, 'distance_accuracy_value', 'NONE');
#1522 = CARTESIAN_POINT ( 'NONE',  ( 36.38495885235226268, 233.7397943093930621, 755.7388573524433468 ) ) ;
#1523 = ORIENTED_EDGE ( 'NONE', *, *, #1566, .T. ) ;
#1524 = CARTESIAN_POINT ( 'NONE',  ( 26.63596602300295757, 267.1292584913950350, 758.0931354135000220 ) ) ;
#1525 = CARTESIAN_POINT ( 'NONE',  ( -24.18758819224284906, 243.6764367156231685, 753.8750097334806242 ) ) ;
#1526 = CARTESIAN_POINT ( 'NONE',  ( 23.25746782242666910, 268.9688573486241694, 757.0863825205530020 ) ) ;
#1527 = AXIS2_PLACEMENT_3D ( 'NONE', #3500, #966, #127 ) ;
#1528 = DIRECTION ( 'NONE',  ( -1.000000000000000000, -0.000000000000000000, -0.000000000000000000 ) ) ;
#1529 = CIRCLE ( 'NONE', #4911, 25.00000000000002842 ) ;
#1530 = EDGE_LOOP ( 'NONE', ( #5419, #4832, #3123, #4367 ) ) ;
#1531 = ADVANCED_FACE ( 'NONE', ( #2154 ), #734, .F. ) ;
#1532 = DIRECTION ( 'NONE',  ( 1.000000000000000000, 0.000000000000000000, 0.000000000000000000 ) ) ;
#1533 = ADVANCED_FACE ( 'NONE', ( #5021 ), #4725, .F. ) ;
#1534 = CARTESIAN_POINT ( 'NONE',  ( -12.49999898208996996, 228.3491149846890096, 755.5931354135000220 ) ) ;
#1535 = CARTESIAN_POINT ( 'NONE',  ( 24.90215857997262106, 267.1785088562508008, 758.1086525601905350 ) ) ;
#1536 = CARTESIAN_POINT ( 'NONE',  ( -2.178892550781579285, 274.9046175315936580, 752.5931354135001357 ) ) ;
#1537 = CARTESIAN_POINT ( 'NONE',  ( 1.017909983045999956E-06, 249.9997500793000142, 843.9459491558857280 ) ) ;
#1538 = DIRECTION ( 'NONE',  ( 0.000000000000000000, -0.6620404092661451578, 0.7494681424174846063 ) ) ;
#1539 = STYLED_ITEM ( 'NONE', ( #3742 ), #1334 ) ;
#1540 = CARTESIAN_POINT ( 'NONE',  ( 22.95512017850598596, 231.5411754202968382, 758.0931354134999083 ) ) ;
#1541 = EDGE_CURVE ( 'NONE', #1236, #295, #4916, .T. ) ;
#1542 = CARTESIAN_POINT ( 'NONE',  ( 24.57933010404096663, 267.3352215668728604, 758.0931356572682489 ) ) ;
#1543 =( NAMED_UNIT ( * ) SI_UNIT ( $, .STERADIAN. ) SOLID_ANGLE_UNIT ( ) );
#1544 = FACE_OUTER_BOUND ( 'NONE', #5254, .T. ) ;
#1545 = ORIENTED_EDGE ( 'NONE', *, *, #2194, .F. ) ;
#1546 = ORIENTED_EDGE ( 'NONE', *, *, #2387, .T. ) ;
#1547 = AXIS2_PLACEMENT_3D ( 'NONE', #4058, #4472, #3660 ) ;
#1548 = CARTESIAN_POINT ( 'NONE',  ( -3.703892550781585413, 225.0948826270063989, 752.0931354135001357 ) ) ;
#1549 = VECTOR ( 'NONE', #4726, 1000.000000000000114 ) ;
#1550 = DIRECTION ( 'NONE',  ( -0.000000000000000000, -0.000000000000000000, -1.000000000000000000 ) ) ;
#1551 = CARTESIAN_POINT ( 'NONE',  ( 36.50000101791000162, 233.5924192516273763, 757.0931354135001357 ) ) ;
#1552 = ORIENTED_EDGE ( 'NONE', *, *, #4807, .T. ) ;
#1553 = CIRCLE ( 'NONE', #3418, 3.500000000000005329 ) ;
#1554 = CARTESIAN_POINT ( 'NONE',  ( 24.41777581343253800, 231.9310532386677153, 757.0602325202365819 ) ) ;
#1555 = DIRECTION ( 'NONE',  ( 1.000000000000000000, -1.233581138472396901E-15, 0.000000000000000000 ) ) ;
#1556 = DIRECTION ( 'NONE',  ( -0.000000000000000000, -0.000000000000000000, -1.000000000000000000 ) ) ;
#1557 = VECTOR ( 'NONE', #4025, 999.9999999999998863 ) ;
#1558 = CARTESIAN_POINT ( 'NONE',  ( 28.50000101791000517, 265.5372018918245089, 749.0931354135001357 ) ) ;
#1559 = CONICAL_SURFACE ( 'NONE', #4672, 21.99999999999999645, 0.7853981633975106735 ) ;
#1560 = ORIENTED_EDGE ( 'NONE', *, *, #3750, .T. ) ;
#1561 = CARTESIAN_POINT ( 'NONE',  ( 26.06528867651046610, 267.5002940130268030, 757.2154717432962343 ) ) ;
#1562 = SURFACE_STYLE_USAGE ( .BOTH. , #3702 ) ;
#1563 = CARTESIAN_POINT ( 'NONE',  ( 25.81926192649636320, 266.9184251439227751, 758.2695528375109006 ) ) ;
#1564 = CARTESIAN_POINT ( 'NONE',  ( -24.41416451454120917, 244.6189189626441021, 756.1820464166704596 ) ) ;
#1565 = CARTESIAN_POINT ( 'NONE',  ( 25.57872611465782242, 267.0222903321903232, 758.0931354135002493 ) ) ;
#1566 = EDGE_CURVE ( 'NONE', #1029, #4254, #3221, .T. ) ;
#1567 = CARTESIAN_POINT ( 'NONE',  ( -10.99999898209001792, 228.3491149846890096, 755.5931354135000220 ) ) ;
#1568 = ADVANCED_FACE ( 'NONE', ( #3967 ), #4443, .F. ) ;
#1569 = CARTESIAN_POINT ( 'NONE',  ( 28.50000101791000517, 244.3718478698668832, 749.0931354135001357 ) ) ;
#1570 = CARTESIAN_POINT ( 'NONE',  ( 24.90215857997262106, 267.1785088562508008, 758.1086525601905350 ) ) ;
#1571 = FACE_BOUND ( 'NONE', #1261, .T. ) ;
#1572 = CARTESIAN_POINT ( 'NONE',  ( 22.65769569382622350, 260.5652066228175272, 752.0931354135001357 ) ) ;
#1573 = ORIENTED_EDGE ( 'NONE', *, *, #5447, .F. ) ;
#1574 = ORIENTED_EDGE ( 'NONE', *, *, #3264, .T. ) ;
#1575 = ADVANCED_FACE ( 'NONE', ( #5165 ), #2554, .T. ) ;
#1576 = EDGE_CURVE ( 'NONE', #3055, #8, #4961, .T. ) ;
#1577 =( NAMED_UNIT ( * ) SI_UNIT ( $, .STERADIAN. ) SOLID_ANGLE_UNIT ( ) );
#1578 = AXIS2_PLACEMENT_3D ( 'NONE', #592, #2297, #1450 ) ;
#1579 = DIRECTION ( 'NONE',  ( 0.000000000000000000, 0.000000000000000000, 1.000000000000000000 ) ) ;
#1580 = AXIS2_PLACEMENT_3D ( 'NONE', #44, #1752, #2607 ) ;
#1581 = DIRECTION ( 'NONE',  ( -0.000000000000000000, -0.000000000000000000, 1.000000000000000000 ) ) ;
#1582 = VERTEX_POINT ( 'NONE', #1143 ) ;
#1583 = AXIS2_PLACEMENT_3D ( 'NONE', #1648, #1249, #364 ) ;
#1584 = DIRECTION ( 'NONE',  ( -0.000000000000000000, -0.000000000000000000, -1.000000000000000000 ) ) ;
#1585 = DIRECTION ( 'NONE',  ( -1.000000000000000000, 0.000000000000000000, 0.000000000000000000 ) ) ;
#1586 = CARTESIAN_POINT ( 'NONE',  ( 28.50000101791001228, 233.4706495407533566, 749.9697169650055457 ) ) ;
#1587 = CARTESIAN_POINT ( 'NONE',  ( 23.42823344785683304, 268.7402842532913496, 752.3470749957543831 ) ) ;
#1588 = VERTEX_POINT ( 'NONE', #4883 ) ;
#1589 = VERTEX_POINT ( 'NONE', #3685 ) ;
#1590 = PRESENTATION_STYLE_ASSIGNMENT (( #1562 ) ) ;
#1591 = CIRCLE ( 'NONE', #1053, 22.49999999999998579 ) ;
#1592 = DIRECTION ( 'NONE',  ( 1.000000000000000000, 2.176907891421870597E-15, 0.000000000000000000 ) ) ;
#1593 = CARTESIAN_POINT ( 'NONE',  ( -24.51294534969920491, 245.0885718045230703, 755.7287462835768110 ) ) ;
#1594 = DIRECTION ( 'NONE',  ( -0.000000000000000000, 0.000000000000000000, -1.000000000000000000 ) ) ;
#1595 = FILL_AREA_STYLE ('',( #3206 ) ) ;
#1596 = CARTESIAN_POINT ( 'NONE',  ( 26.78286873706634097, 232.5379747756527422, 757.4689512423702809 ) ) ;
#1597 = CARTESIAN_POINT ( 'NONE',  ( -29.04737407864564602, 242.4997500792999858, 757.0931354135110496 ) ) ;
#1598 = DIRECTION ( 'NONE',  ( -0.000000000000000000, -0.000000000000000000, 1.000000000000000000 ) ) ;
#1599 = ORIENTED_EDGE ( 'NONE', *, *, #2148, .F. ) ;
#1600 = DIRECTION ( 'NONE',  ( 0.000000000000000000, 0.000000000000000000, -1.000000000000000000 ) ) ;
#1601 = VERTEX_POINT ( 'NONE', #1955 ) ;
#1602 = EDGE_CURVE ( 'NONE', #3020, #3539, #1928, .T. ) ;
#1603 = EDGE_CURVE ( 'NONE', #4786, #2339, #5305, .T. ) ;
#1604 = CARTESIAN_POINT ( 'NONE',  ( 23.78872871852940207, 268.4943896143141160, 757.0735272417787201 ) ) ;
#1605 = CARTESIAN_POINT ( 'NONE',  ( 36.10445671119582300, 233.8631361908999793, 754.6052872793254664 ) ) ;
#1606 = VERTEX_POINT ( 'NONE', #196 ) ;
#1607 = CARTESIAN_POINT ( 'NONE',  ( 26.46525954780834056, 267.4452210198663806, 757.3329962576106027 ) ) ;
#1608 = DIRECTION ( 'NONE',  ( -0.000000000000000000, -0.000000000000000000, -1.000000000000000000 ) ) ;
#1609 = CARTESIAN_POINT ( 'NONE',  ( 1.017909983045999956E-06, 249.9997500793000142, 749.0931354135001357 ) ) ;
#1610 = CARTESIAN_POINT ( 'NONE',  ( 19.65769569382620219, 260.5652066228175272, 757.5931354135000220 ) ) ;
#1611 = ORIENTED_EDGE ( 'NONE', *, *, #5110, .T. ) ;
#1612 = CARTESIAN_POINT ( 'NONE',  ( 35.50000101791005847, 267.4000469085590908, 756.9697304205026285 ) ) ;
#1613 = CARTESIAN_POINT ( 'NONE',  ( 20.46783331815700535, 238.2282658513461229, 752.0931354135001357 ) ) ;
#1614 = DIRECTION ( 'NONE',  ( -1.000000000000000000, 0.000000000000000000, 0.000000000000000000 ) ) ;
#1615 = CARTESIAN_POINT ( 'NONE',  ( 24.58731606039851769, 232.0204645012598519, 757.0570067366857074 ) ) ;
#1616 = VECTOR ( 'NONE', #850, 1000.000000000000000 ) ;
#1617 = FILL_AREA_STYLE ('',( #5440 ) ) ;
#1618 = ORIENTED_EDGE ( 'NONE', *, *, #402, .F. ) ;
#1619 = CARTESIAN_POINT ( 'NONE',  ( 36.50000101791000162, 266.4076905170830969, 757.0931354135001357 ) ) ;
#1620 = CARTESIAN_POINT ( 'NONE',  ( -29.04737407864564602, 257.4997500793000427, 749.0926354135001475 ) ) ;
#1621 = AXIS2_PLACEMENT_3D ( 'NONE', #4734, #5148, #1722 ) ;
#1622 = DIRECTION ( 'NONE',  ( -1.000000000000000000, 0.000000000000000000, 0.000000000000000000 ) ) ;
#1623 = CARTESIAN_POINT ( 'NONE',  ( -2.178892550781579285, 274.9046175315936580, 752.0931354135001357 ) ) ;
#1624 = ORIENTED_EDGE ( 'NONE', *, *, #5144, .T. ) ;
#1625 = VECTOR ( 'NONE', #4889, 1000.000000000000114 ) ;
#1626 = LINE ( 'NONE', #4114, #1625 ) ;
#1627 = EDGE_LOOP ( 'NONE', ( #2881, #1948, #349, #2951 ) ) ;
#1628 = ORIENTED_EDGE ( 'NONE', *, *, #4633, .T. ) ;
#1629 = CARTESIAN_POINT ( 'NONE',  ( 36.35193868221158198, 233.7591399391216100, 755.5611012542484559 ) ) ;
#1630 = ORIENTED_EDGE ( 'NONE', *, *, #5389, .T. ) ;
#1631 = ADVANCED_FACE ( 'NONE', ( #2795 ), #3513, .F. ) ;
#1632 = ADVANCED_FACE ( 'NONE', ( #4497 ), #2693, .T. ) ;
#1633 = CONICAL_SURFACE ( 'NONE', #4759, 21.99999999999999645, 0.7853981633974101983 ) ;
#1634 = CARTESIAN_POINT ( 'NONE',  ( 32.00805360697116697, 266.6446091959841738, 750.8949078041204075 ) ) ;
#1635 = CARTESIAN_POINT ( 'NONE',  ( -20.47880008931489471, 235.6603391705239403, 752.0931354135001357 ) ) ;
#1637 = CIRCLE ( 'NONE', #5469, 1.524999999999998579 ) ;
#1636 = DIRECTION ( 'NONE',  ( -0.000000000000000000, -0.000000000000000000, -1.000000000000000000 ) ) ;
#1638 = CARTESIAN_POINT ( 'NONE',  ( 23.04827831848838215, 269.2033152034023828, 756.6910943386649251 ) ) ;
#1639 = AXIS2_PLACEMENT_3D ( 'NONE', #3432, #91, #5132 ) ;
#1640 = EDGE_CURVE ( 'NONE', #3012, #4175, #4932, .T. ) ;
#1641 = EDGE_LOOP ( 'NONE', ( #4022, #3479, #4183, #5277 ) ) ;
#1642 = CARTESIAN_POINT ( 'NONE',  ( 27.89601204364319997, 267.0309072278770941, 759.4153628119306632 ) ) ;
#1643 = AXIS2_PLACEMENT_3D ( 'NONE', #5230, #178, #1463 ) ;
#1644 = CARTESIAN_POINT ( 'NONE',  ( 2.955623769756750008, 228.1991928811738433, 752.5931354135001357 ) ) ;
#1645 = CARTESIAN_POINT ( 'NONE',  ( 1.017909983045999956E-06, 249.9997500793000142, 752.0931354135001357 ) ) ;
#1646 = CARTESIAN_POINT ( 'NONE',  ( 25.58113462565906104, 232.4052920075306474, 757.1107991579776808 ) ) ;
#1647 = CARTESIAN_POINT ( 'NONE',  ( 24.18869325885212973, 231.7898277266423577, 757.0648817083822451 ) ) ;
#1648 = CARTESIAN_POINT ( 'NONE',  ( -12.49999898208996996, 228.3491149846890096, 752.3931354135000902 ) ) ;
#1649 = ORIENTED_EDGE ( 'NONE', *, *, #3994, .T. ) ;
#1650 = LINE ( 'NONE', #342, #4227 ) ;
#1651 = CARTESIAN_POINT ( 'NONE',  ( 20.46783331815681706, 261.7712343072541898, 752.0931354135001357 ) ) ;
#1652 = CARTESIAN_POINT ( 'NONE',  ( 20.02986084302293790, 262.0124398441415110, 752.5931354135001357 ) ) ;
#1653 = CARTESIAN_POINT ( 'NONE',  ( 1.017909983045999956E-06, 249.9997500793000142, 758.0931354135000220 ) ) ;
#1654 = ORIENTED_EDGE ( 'NONE', *, *, #4900, .F. ) ;
#1655 = PRESENTATION_STYLE_ASSIGNMENT (( #4307 ) ) ;
#1656 = VERTEX_POINT ( 'NONE', #2926 ) ;
#1657 = ORIENTED_EDGE ( 'NONE', *, *, #1503, .F. ) ;
#1658 = B_SPLINE_CURVE_WITH_KNOTS ( 'NONE', 3,
 ( #5268, #1449, #277, #2456, #1564, #3254, #3367, #387, #1593, #5037, #2091, #3789, #3704, #5492, #4653, #4187, #1672, #753, #3309, #2502 ),
 .UNSPECIFIED., .F., .F.,
 ( 4, 2, 2, 2, 2, 2, 2, 2, 2, 4 ),
 ( 2.860979249076398407E-17, 0.0004945076513734914274, 0.0007417614770601854788, 0.0009890153027468794218, 0.001483522954120441214, 0.001978030605494003006, 0.002472538256867564364, 0.002967045908241126590, 0.003461553559614687949, 0.003956061210988249741 ),
 .UNSPECIFIED. ) ;
#1659 = CARTESIAN_POINT ( 'NONE',  ( 31.68012999352747627, 234.3912943746882434, 749.7520897079123188 ) ) ;
#1660 = EDGE_LOOP ( 'NONE', ( #873, #810, #3657, #624, #2879 ) ) ;
#1661 = CARTESIAN_POINT ( 'NONE',  ( 30.57426443741920608, 265.5650430974899905, 749.3490027951772845 ) ) ;
#1662 = CARTESIAN_POINT ( 'NONE',  ( 23.90769569382619864, 239.4342935357824445, 752.0931354135001357 ) ) ;
#1663 = CARTESIAN_POINT ( 'NONE',  ( -12.49999898208996996, 228.3491149846890096, 755.5931354135000220 ) ) ;
#1664 = AXIS2_PLACEMENT_3D ( 'NONE', #2254, #3948, #3632 ) ;
#1665 = CARTESIAN_POINT ( 'NONE',  ( -27.44336353204491274, 241.7076073396416120, 749.4951377951236964 ) ) ;
#1666 = AXIS2_PLACEMENT_3D ( 'NONE', #3829, #2577, #4253 ) ;
#1667 = EDGE_LOOP ( 'NONE', ( #3904, #3514, #985, #2369 ) ) ;
#1668 = CARTESIAN_POINT ( 'NONE',  ( 27.32640922541789763, 266.9631804815903138, 758.9615111759525234 ) ) ;
#1669 = CARTESIAN_POINT ( 'NONE',  ( 32.51654557676349100, 229.4539052559167089, 758.0931354135000220 ) ) ;
#1670 = DIRECTION ( 'NONE',  ( -1.000000000000000000, -0.000000000000000000, -0.000000000000000000 ) ) ;
#1671 = EDGE_CURVE ( 'NONE', #900, #150, #1684, .T. ) ;
#1672 = CARTESIAN_POINT ( 'NONE',  ( -24.41528537200928994, 244.6222458880275212, 753.9970700702754129 ) ) ;
#1673 = EDGE_CURVE ( 'NONE', #5252, #4616, #2176, .T. ) ;
#1674 = ORIENTED_EDGE ( 'NONE', *, *, #3706, .F. ) ;
#1675 = CARTESIAN_POINT ( 'NONE',  ( -3.703892550781579640, 274.9046175315936580, 752.0931354135001357 ) ) ;
#1676 = EDGE_LOOP ( 'NONE', ( #3639, #1266, #2576, #2319 ) ) ;
#1677 = FACE_OUTER_BOUND ( 'NONE', #544, .T. ) ;
#1678 = LINE ( 'NONE', #3373, #3394 ) ;
#1679 = CARTESIAN_POINT ( 'NONE',  ( -10.99999898208992732, 271.6503851739110473, 752.3931354135000902 ) ) ;
#1680 = EDGE_CURVE ( 'NONE', #4892, #2877, #1650, .T. ) ;
#1681 = CARTESIAN_POINT ( 'NONE',  ( 17.40202599221985835, 236.5398270931348463, 757.5931354135000220 ) ) ;
#1682 = AXIS2_PLACEMENT_3D ( 'NONE', #4263, #5087, #5123 ) ;
#1683 = CARTESIAN_POINT ( 'NONE',  ( 23.23692509749534807, 231.0215611009195982, 754.5817802695636374 ) ) ;
#1684 = B_SPLINE_CURVE_WITH_KNOTS ( 'NONE', 3,
 ( #1705, #3765, #811, #2568, #5130, #1251, #2506, #3347, #2952, #5497, #4658, #1200 ),
 .UNSPECIFIED., .F., .F.,
 ( 4, 2, 2, 2, 2, 4 ),
 ( 2.428612866367529932E-17, 0.0008579456742031424648, 0.001715891348406260643, 0.002573837022609379039, 0.003002809859710989411, 0.003431782696812599783 ),
 .UNSPECIFIED. ) ;
#1685 = ORIENTED_EDGE ( 'NONE', *, *, #5422, .T. ) ;
#1686 = ORIENTED_EDGE ( 'NONE', *, *, #2885, .F. ) ;
#1687 = ORIENTED_EDGE ( 'NONE', *, *, #2826, .T. ) ;
#1688 = CARTESIAN_POINT ( 'NONE',  ( 34.50601915669501096, 234.1676770748667593, 751.8069075499372502 ) ) ;
#1689 = ORIENTED_EDGE ( 'NONE', *, *, #207, .T. ) ;
#1690 = DIRECTION ( 'NONE',  ( -1.000000000000000000, 0.000000000000000000, -0.000000000000000000 ) ) ;
#1691 = CARTESIAN_POINT ( 'NONE',  ( 22.65769569382641890, 239.4342935357827855, 757.5931354135000220 ) ) ;
#1692 = DIRECTION ( 'NONE',  ( -0.000000000000000000, -0.000000000000000000, -1.000000000000000000 ) ) ;
#1693 = CARTESIAN_POINT ( 'NONE',  ( 31.50206287681017159, 265.6007864617109817, 749.6774925482004619 ) ) ;
#1694 = VERTEX_POINT ( 'NONE', #30 ) ;
#1695 = LINE ( 'NONE', #3339, #3549 ) ;
#1696 = FACE_OUTER_BOUND ( 'NONE', #2376, .T. ) ;
#1697 = SURFACE_STYLE_FILL_AREA ( #2561 ) ;
#1698 = CARTESIAN_POINT ( 'NONE',  ( 23.78235572208403781, 267.7863316698852714, 758.0931354134999083 ) ) ;
#1699 = VERTEX_POINT ( 'NONE', #2064 ) ;
#1700 = CARTESIAN_POINT ( 'NONE',  ( -29.04737407864564602, 242.4997500792999858, 752.0931354135001357 ) ) ;
#1701 =( NAMED_UNIT ( * ) SI_UNIT ( $, .STERADIAN. ) SOLID_ANGLE_UNIT ( ) );
#1702 = ADVANCED_FACE ( 'NONE', ( #1283 ), #2901, .T. ) ;
#1703 = ADVANCED_FACE ( 'NONE', ( #1737 ), #5020, .F. ) ;
#1704 = ORIENTED_EDGE ( 'NONE', *, *, #4864, .T. ) ;
#1705 = CARTESIAN_POINT ( 'NONE',  ( 26.45348218946441321, 266.6815942274616873, 750.1040309104087100 ) ) ;
#1706 = CARTESIAN_POINT ( 'NONE',  ( 29.35915730362917131, 232.5998547737505930, 761.8900172053484994 ) ) ;
#1707 = CARTESIAN_POINT ( 'NONE',  ( -28.73147835572163089, 258.6321187848244563, 749.2865058697872200 ) ) ;
#1708 = CARTESIAN_POINT ( 'NONE',  ( -21.72880008931488760, 235.6603391705239403, 752.0931354135001357 ) ) ;
#1709 = AXIS2_PLACEMENT_3D ( 'NONE', #4896, #1076, #4482 ) ;
#1710 = ADVANCED_FACE ( 'NONE', ( #1677 ), #3821, .F. ) ;
#1711 = CIRCLE ( 'NONE', #1621, 1.524999999999998579 ) ;
#1712 = DIRECTION ( 'NONE',  ( 1.000000000000000000, 0.000000000000000000, 0.000000000000000000 ) ) ;
#1713 = VERTEX_POINT ( 'NONE', #3848 ) ;
#1714 = ORIENTED_EDGE ( 'NONE', *, *, #1541, .T. ) ;
#1715 = VERTEX_POINT ( 'NONE', #1619 ) ;
#1716 = CARTESIAN_POINT ( 'NONE',  ( 35.18579632174922267, 234.0705028770478293, 752.6999157463186521 ) ) ;
#1717 = ORIENTED_EDGE ( 'NONE', *, *, #1743, .T. ) ;
#1718 = VECTOR ( 'NONE', #5356, 1000.000000000000114 ) ;
#1719 = CARTESIAN_POINT ( 'NONE',  ( 28.82957295868402881, 246.2409344528475117, 749.0995922305601198 ) ) ;
#1720 = COLOUR_RGB ( '',0.8980392156862745390, 0.9176470588235293713, 0.9294117647058823817 ) ;
#1721 = CARTESIAN_POINT ( 'NONE',  ( 35.50000101791006557, 267.4000469085590908, 756.9697304205026285 ) ) ;
#1722 = DIRECTION ( 'NONE',  ( 0.000000000000000000, 0.000000000000000000, 1.000000000000000000 ) ) ;
#1723 = CARTESIAN_POINT ( 'NONE',  ( -29.04737407864564247, 259.4997500792999858, 749.0931354135001357 ) ) ;
#1724 = CARTESIAN_POINT ( 'NONE',  ( 35.88824461582490244, 266.0738353307117450, 754.0249258716805798 ) ) ;
#1725 = AXIS2_PLACEMENT_3D ( 'NONE', #676, #1037, #622 ) ;
#1726 = ORIENTED_EDGE ( 'NONE', *, *, #3128, .T. ) ;
#1727 = VECTOR ( 'NONE', #4818, 999.9999999999998863 ) ;
#1728 = DIRECTION ( 'NONE',  ( -0.000000000000000000, -0.000000000000000000, -1.000000000000000000 ) ) ;
#1729 = SURFACE_STYLE_FILL_AREA ( #2140 ) ;
#1730 =( NAMED_UNIT ( * ) PLANE_ANGLE_UNIT ( ) SI_UNIT ( $, .RADIAN. ) );
#1731 = LINE ( 'NONE', #2562, #5033 ) ;
#1732 = VECTOR ( 'NONE', #2151, 1000.000000000000114 ) ;
#1733 = ORIENTED_EDGE ( 'NONE', *, *, #1333, .F. ) ;
#1734 = CARTESIAN_POINT ( 'NONE',  ( -20.35764670824625355, 258.3403842912605910, 757.5931354135000220 ) ) ;
#1735 = CIRCLE ( 'NONE', #5294, 21.99999999999999645 ) ;
#1736 = VERTEX_POINT ( 'NONE', #3315 ) ;
#1737 = FACE_OUTER_BOUND ( 'NONE', #2674, .T. ) ;
#1738 = CARTESIAN_POINT ( 'NONE',  ( 28.12895678236315433, 232.4427186656166384, 758.2348674857290689 ) ) ;
#1739 = CARTESIAN_POINT ( 'NONE',  ( -27.45310961238005731, 259.4997500792999858, 749.0931354135001357 ) ) ;
#1740 = LINE ( 'NONE', #3433, #1021 ) ;
#1741 = EDGE_CURVE ( 'NONE', #303, #199, #3136, .T. ) ;
#1742 = VECTOR ( 'NONE', #2844, 1000.000000000000114 ) ;
#1743 = EDGE_CURVE ( 'NONE', #177, #213, #4216, .T. ) ;
#1744 = CIRCLE ( 'NONE', #4583, 1.499999999999952704 ) ;
#1745 = CARTESIAN_POINT ( 'NONE',  ( 23.46160101786086472, 231.2999411384586494, 751.9703902795750992 ) ) ;
#1746 = CARTESIAN_POINT ( 'NONE',  ( 25.17466138981612644, 231.5694167922474094, 751.6491421967605220 ) ) ;
#1747 = ORIENTED_EDGE ( 'NONE', *, *, #4163, .T. ) ;
#1748 = VECTOR ( 'NONE', #4894, 1000.000000000000114 ) ;
#1749 = EDGE_CURVE ( 'NONE', #2967, #3961, #5266, .T. ) ;
#1750 = ORIENTED_EDGE ( 'NONE', *, *, #3119, .T. ) ;
#1751 = EDGE_CURVE ( 'NONE', #3314, #1656, #418, .T. ) ;
#1752 = DIRECTION ( 'NONE',  ( 0.000000000000000000, 0.000000000000000000, 1.000000000000000000 ) ) ;
#1753 = EDGE_LOOP ( 'NONE', ( #430, #517, #156, #1380 ) ) ;
#1754 = CARTESIAN_POINT ( 'NONE',  ( 28.44349643246791004, 252.9967029280793440, 749.5776244071116707 ) ) ;
#1755 = CARTESIAN_POINT ( 'NONE',  ( 34.79183076061665503, 267.0142885298327542, 753.8676696092179554 ) ) ;
#1756 = CARTESIAN_POINT ( 'NONE',  ( 26.69736343795645439, 233.0915693093472214, 758.5952961073290908 ) ) ;
#1757 = CARTESIAN_POINT ( 'NONE',  ( -23.13368957999481523, 259.4777435019825020, 762.0931354135001357 ) ) ;
#1758 = CARTESIAN_POINT ( 'NONE',  ( 30.94380349052916657, 265.5786926454277932, 749.4744108348921827 ) ) ;
#1759 = VECTOR ( 'NONE', #3510, 1000.000000000000114 ) ;
#1760 = ORIENTED_EDGE ( 'NONE', *, *, #4703, .F. ) ;
#1761 = FACE_OUTER_BOUND ( 'NONE', #5031, .T. ) ;
#1762 = DIRECTION ( 'NONE',  ( 0.6543195798259608953, 0.2680781368487943350, 0.7071067811865878738 ) ) ;
#1763 = CARTESIAN_POINT ( 'NONE',  ( 35.27611705894773309, 232.8257923627685955, 755.1547364729605079 ) ) ;
#1764 = CARTESIAN_POINT ( 'NONE',  ( 23.86826560415992304, 267.7301237452285818, 758.0931354135003630 ) ) ;
#1765 = AXIS2_PLACEMENT_3D ( 'NONE', #1734, #3010, #4847 ) ;
#1766 = ORIENTED_EDGE ( 'NONE', *, *, #1366, .T. ) ;
#1767 = CARTESIAN_POINT ( 'NONE',  ( 23.45645084117593981, 231.2215985078497624, 757.0813927859865089 ) ) ;
#1768 = ORIENTED_EDGE ( 'NONE', *, *, #984, .T. ) ;
#1769 = CARTESIAN_POINT ( 'NONE',  ( 28.56780987748030753, 251.3565950542853216, 749.5852995388487443 ) ) ;
#1770 = DIRECTION ( 'NONE',  ( -1.000000000000000000, 3.265361837132806092E-15, 0.000000000000000000 ) ) ;
#1772 = CARTESIAN_POINT ( 'NONE',  ( 27.19766392736488569, 234.4630042588713934, 749.0931354135001357 ) ) ;
#1771 = VECTOR ( 'NONE', #2404, 1000.000000000000000 ) ;
#1773 = CARTESIAN_POINT ( 'NONE',  ( -24.51278893550819404, 254.9117126832832128, 754.4561074440940729 ) ) ;
#1774 = DIRECTION ( 'NONE',  ( -0.000000000000000000, -0.000000000000000000, -1.000000000000000000 ) ) ;
#1775 = CARTESIAN_POINT ( 'NONE',  ( 24.28676493614168663, 232.3536106247990176, 749.3270567264654574 ) ) ;
#1776 = AXIS2_PLACEMENT_3D ( 'NONE', #4089, #4115, #5284 ) ;
#1777 = VERTEX_POINT ( 'NONE', #1493 ) ;
#1778 = VERTEX_POINT ( 'NONE', #4344 ) ;
#1779 = ORIENTED_EDGE ( 'NONE', *, *, #3334, .F. ) ;
#1780 = EDGE_CURVE ( 'NONE', #1588, #3749, #3972, .T. ) ;
#1781 = ADVANCED_FACE ( 'NONE', ( #1905 ), #3597, .T. ) ;
#1782 = CARTESIAN_POINT ( 'NONE',  ( 28.50000101791000517, 255.6276522887331453, 749.0931354135001357 ) ) ;
#1783 = CARTESIAN_POINT ( 'NONE',  ( -18.02134395644787190, 262.6184316790228763, 755.0931354135000220 ) ) ;
#1784 = LINE ( 'NONE', #1757, #2201 ) ;
#1785 = CARTESIAN_POINT ( 'NONE',  ( 33.66826246374350973, 265.7430909953739047, 750.9852545733580200 ) ) ;
#1786 = ADVANCED_FACE ( 'NONE', ( #601 ), #4861, .F. ) ;
#1787 = ORIENTED_EDGE ( 'NONE', *, *, #1940, .T. ) ;
#1788 = CARTESIAN_POINT ( 'NONE',  ( 34.06575297376997469, 233.1311127658039766, 752.6997862918024111 ) ) ;
#1789 = CARTESIAN_POINT ( 'NONE',  ( 27.62503186251879583, 233.4706495407533566, 749.9697169650055457 ) ) ;
#1790 = ORIENTED_EDGE ( 'NONE', *, *, #2695, .T. ) ;
#1791 = CARTESIAN_POINT ( 'NONE',  ( -29.04737407864564602, 257.4997500793000427, 758.0931354135000220 ) ) ;
#1792 = ORIENTED_EDGE ( 'NONE', *, *, #2766, .T. ) ;
#1793 = AXIS2_PLACEMENT_3D ( 'NONE', #4979, #1081, #2377 ) ;
#1794 = CARTESIAN_POINT ( 'NONE',  ( 28.39143699811349109, 253.4474553328803665, 749.5750914014303135 ) ) ;
#1795 = DIRECTION ( 'NONE',  ( -0.000000000000000000, -0.000000000000000000, -1.000000000000000000 ) ) ;
#1796 = CARTESIAN_POINT ( 'NONE',  ( -28.93429396720959446, 257.9251879544250414, 749.8528945065265816 ) ) ;
#1797 = CARTESIAN_POINT ( 'NONE',  ( -24.30893789732117583, 255.8395049376137536, 753.8431354135000220 ) ) ;
#1798 = FILL_AREA_STYLE_COLOUR ( '', #2882 ) ;
#1799 =( BOUNDED_SURFACE ( )  B_SPLINE_SURFACE ( 3, 2, ( 
 ( #1746, #3942, #2155 ),
 ( #1378, #2273, #1775 ),
 ( #5166, #4695, #869 ),
 ( #1828, #983, #455 ) ),
 .UNSPECIFIED., .F., .F., .F. ) 
 B_SPLINE_SURFACE_WITH_KNOTS ( ( 4, 4 ),
 ( 3, 3 ),
 ( 4.047050919520145840, 4.158097701276228797 ),
 ( 0.000000000000000000, 1.000000000000000000 ),
 .UNSPECIFIED. ) 
 GEOMETRIC_REPRESENTATION_ITEM ( )  RATIONAL_B_SPLINE_SURFACE ( (
 ( 1.000000000000000000, 0.8392529536884661967, 1.000000000000000000),
 ( 1.000000000000000000, 0.8335101583295621008, 1.000000000000000000),
 ( 1.000000000000000000, 0.8274579606445768842, 1.000000000000000000),
 ( 1.000000000000000000, 0.8211139449816111657, 1.000000000000000000) ) ) 
 REPRESENTATION_ITEM ( '' )  SURFACE ( )  );
#1800 =( LENGTH_UNIT ( ) NAMED_UNIT ( * ) SI_UNIT ( .MILLI., .METRE. ) );
#1801 = EDGE_LOOP ( 'NONE', ( #1920, #4666, #4640, #29 ) ) ;
#1802 = EDGE_LOOP ( 'NONE', ( #946, #2658, #4978, #3857 ) ) ;
#1803 = VERTEX_POINT ( 'NONE', #204 ) ;
#1804 = AXIS2_PLACEMENT_3D ( 'NONE', #1943, #3586, #690 ) ;
#1805 = CARTESIAN_POINT ( 'NONE',  ( 28.32976636145740912, 253.9237887843734995, 749.5725159404034912 ) ) ;
#1806 = DIRECTION ( 'NONE',  ( 0.000000000000000000, 0.000000000000000000, 1.000000000000000000 ) ) ;
#1807 = CARTESIAN_POINT ( 'NONE',  ( 23.61343303836958540, 231.4955389851967880, 750.1355523235664577 ) ) ;
#1808 = CARTESIAN_POINT ( 'NONE',  ( 22.65769569382622350, 260.5652066228175272, 758.0931354135000220 ) ) ;
#1809 = UNCERTAINTY_MEASURE_WITH_UNIT (LENGTH_MEASURE( 1.000000000000000082E-05 ), #2459, 'distance_accuracy_value', 'NONE');
#1810 = EDGE_CURVE ( 'NONE', #1736, #3153, #3149, .T. ) ;
#1811 = EDGE_CURVE ( 'NONE', #4801, #3907, #4815, .T. ) ;
#1812 = CARTESIAN_POINT ( 'NONE',  ( 32.03409712639181350, 265.6262319622277346, 749.9113039189949177 ) ) ;
#1813 = B_SPLINE_SURFACE_WITH_KNOTS ( 'NONE', 1, 3, ( 
 ( #3624, #671, #5331, #4491, #1563, #253, #2426, #2002, #4129, #4542, #3703, #308, #3648, #1535, #3225, #4516, #1110, #2811 ),
 ( #4980, #1163, #2321, #4954, #4435, #3174, #4011, #1056, #617, #190, #5298, #1891, #3593, #4879, #2762, #4459, #5437, #5518 ) ),
 .UNSPECIFIED., .F., .F., .F.,
 ( 2, 2 ),
 ( 4, 2, 2, 2, 2, 2, 2, 2, 4 ),
 ( 0.000000000000000000, 1.000000000000000000 ),
 ( 0.000000000000000000, 0.0006233476577007483624, 0.0009350214865511225978, 0.001246695315401496725, 0.001402532229826683897, 0.001558369144251870852, 0.001870042973102245196, 0.002181716801952619106, 0.002493390630802993450 ),
 .UNSPECIFIED. ) ;
#1814 = ORIENTED_EDGE ( 'NONE', *, *, #3229, .F. ) ;
#1815 = CARTESIAN_POINT ( 'NONE',  ( -28.77237407864564744, 255.9997500793000427, 755.0931354135001357 ) ) ;
#1816 = SURFACE_SIDE_STYLE ('',( #2234 ) ) ;
#1817 = DIRECTION ( 'NONE',  ( 0.000000000000000000, 0.000000000000000000, -1.000000000000000000 ) ) ;
#1818 = EDGE_CURVE ( 'NONE', #1233, #2045, #1735, .T. ) ;
#1819 = CARTESIAN_POINT ( 'NONE',  ( 21.40769569382623061, 260.5652066228175272, 752.0931354135001357 ) ) ;
#1820 = CARTESIAN_POINT ( 'NONE',  ( 0.000000000000000000, 0.000000000000000000, 0.000000000000000000 ) ) ;
#1821 = ORIENTED_EDGE ( 'NONE', *, *, #4503, .F. ) ;
#1822 = CARTESIAN_POINT ( 'NONE',  ( 28.05817531098728423, 255.5404048546217552, 749.5674746737170153 ) ) ;
#1823 = LINE ( 'NONE', #2652, #4297 ) ;
#1824 = FACE_OUTER_BOUND ( 'NONE', #1958, .T. ) ;
#1825 = DIRECTION ( 'NONE',  ( 0.000000000000000000, 0.000000000000000000, 1.000000000000000000 ) ) ;
#1826 = CIRCLE ( 'NONE', #3238, 2.500000000000043965 ) ;
#1827 = CARTESIAN_POINT ( 'NONE',  ( 24.81978514762176857, 232.7881128872362808, 758.1006654031720018 ) ) ;
#1828 = CARTESIAN_POINT ( 'NONE',  ( 27.20875885848074560, 234.4809143126739173, 749.0773148379911390 ) ) ;
#1829 = ORIENTED_EDGE ( 'NONE', *, *, #1119, .T. ) ;
#1830 = ORIENTED_EDGE ( 'NONE', *, *, #5153, .T. ) ;
#1831 = CONICAL_SURFACE ( 'NONE', #1288, 1.500000000000001332, 0.7853981633974721488 ) ;
#1832 = ORIENTED_EDGE ( 'NONE', *, *, #1818, .T. ) ;
#1833 = DIRECTION ( 'NONE',  ( 1.000000000000000000, 0.000000000000000000, 0.000000000000000000 ) ) ;
#1834 = CARTESIAN_POINT ( 'NONE',  ( -29.04737407864564602, 257.4997500793000427, 757.0931354135110496 ) ) ;
#1835 = FACE_OUTER_BOUND ( 'NONE', #3425, .T. ) ;
#1836 = CARTESIAN_POINT ( 'NONE',  ( 24.44000854914289178, 232.6018757300216180, 749.0931354135001357 ) ) ;
#1837 = ORIENTED_EDGE ( 'NONE', *, *, #1640, .F. ) ;
#1838 = CARTESIAN_POINT ( 'NONE',  ( -29.04737407864564602, 243.9997500793000142, 755.0931354135001357 ) ) ;
#1839 = DIRECTION ( 'NONE',  ( 0.000000000000000000, 0.000000000000000000, 1.000000000000000000 ) ) ;
#1840 = DIRECTION ( 'NONE',  ( -0.000000000000000000, -0.000000000000000000, 1.000000000000000000 ) ) ;
#1841 = CARTESIAN_POINT ( 'NONE',  ( 26.88270755701151060, 267.4504692546664160, 757.3751997310827164 ) ) ;
#1842 = CARTESIAN_POINT ( 'NONE',  ( 24.88832327573095426, 267.8578294268674540, 757.3253898694497366 ) ) ;
#1843 = PRESENTATION_LAYER_ASSIGNMENT (  '', '', ( #681 ) ) ;
#1844 = EDGE_CURVE ( 'NONE', #2837, #72, #3278, .T. ) ;
#1845 = VERTEX_POINT ( 'NONE', #4369 ) ;
#1846 = EDGE_CURVE ( 'NONE', #3944, #2046, #488, .T. ) ;
#1847 = CARTESIAN_POINT ( 'NONE',  ( -27.59909317012451879, 257.4997500792999858, 751.0931354135001357 ) ) ;
#1848 = FACE_OUTER_BOUND ( 'NONE', #1963, .T. ) ;
#1849 = CARTESIAN_POINT ( 'NONE',  ( -20.47880008931491602, 264.3391609880760598, 752.0931354135001357 ) ) ;
#1850 = CARTESIAN_POINT ( 'NONE',  ( -24.22897584172271479, 256.1629424194495641, 756.3431354135000220 ) ) ;
#1851 = FACE_OUTER_BOUND ( 'NONE', #3101, .T. ) ;
#1852 = CIRCLE ( 'NONE', #4957, 1.799999999999982059 ) ;
#1853 = EDGE_CURVE ( 'NONE', #1862, #2913, #1074, .T. ) ;
#1854 = DIRECTION ( 'NONE',  ( -0.000000000000000000, -0.000000000000000000, -1.000000000000000000 ) ) ;
#1855 = ORIENTED_EDGE ( 'NONE', *, *, #2042, .F. ) ;
#1856 = VERTEX_POINT ( 'NONE', #4392 ) ;
#1857 = VERTEX_POINT ( 'NONE', #941 ) ;
#1858 = CARTESIAN_POINT ( 'NONE',  ( 2.955623769756750008, 228.1991928811738433, 752.0931354135001357 ) ) ;
#1859 = CONICAL_SURFACE ( 'NONE', #4966, 1.525000000000000355, 0.7853981633974045362 ) ;
#1860 = DIRECTION ( 'NONE',  ( 0.000000000000000000, 0.000000000000000000, 1.000000000000000000 ) ) ;
#1861 = CONICAL_SURFACE ( 'NONE', #5508, 21.99999999999999645, 0.7853981633974899124 ) ;
#1862 = VERTEX_POINT ( 'NONE', #5200 ) ;
#1863 = PRESENTATION_STYLE_ASSIGNMENT (( #82 ) ) ;
#1864 =( NAMED_UNIT ( * ) SI_UNIT ( $, .STERADIAN. ) SOLID_ANGLE_UNIT ( ) );
#1865 = CARTESIAN_POINT ( 'NONE',  ( 33.12578646056689990, 233.2559520217947693, 751.6960074710508479 ) ) ;
#1866 = LINE ( 'NONE', #4403, #4510 ) ;
#1867 = CARTESIAN_POINT ( 'NONE',  ( 19.93877233271625826, 259.2973518375953859, 752.5931354135001357 ) ) ;
#1868 = ORIENTED_EDGE ( 'NONE', *, *, #4533, .F. ) ;
#1869 = CARTESIAN_POINT ( 'NONE',  ( 28.21707988852158522, 254.6647028543590352, 749.5691970879505561 ) ) ;
#1870 = DIRECTION ( 'NONE',  ( 1.000000000000000000, 0.000000000000000000, 0.000000000000000000 ) ) ;
#1871 = CARTESIAN_POINT ( 'NONE',  ( 28.53652144740723529, 248.0917734700581150, 749.5831548237779316 ) ) ;
#1872 = CARTESIAN_POINT ( 'NONE',  ( -23.13368957999465536, 240.5217566566171286, 762.0931354135001357 ) ) ;
#1873 = EDGE_CURVE ( 'NONE', #1292, #4786, #3330, .T. ) ;
#1874 = EDGE_CURVE ( 'NONE', #4655, #5434, #2306, .T. ) ;
#1875 = CARTESIAN_POINT ( 'NONE',  ( 22.65769569382620219, 239.4342935357824445, 752.3681354135001129 ) ) ;
#1876 = ORIENTED_EDGE ( 'NONE', *, *, #3270, .F. ) ;
#1877 = ORIENTED_EDGE ( 'NONE', *, *, #234, .F. ) ;
#1878 = ORIENTED_EDGE ( 'NONE', *, *, #5046, .F. ) ;
#1879 = EDGE_CURVE ( 'NONE', #1778, #3210, #917, .T. ) ;
#1880 = CARTESIAN_POINT ( 'NONE',  ( 1.017909983045999956E-06, 249.9997500793000142, 749.0931354135001357 ) ) ;
#1881 = CARTESIAN_POINT ( 'NONE',  ( 27.62503186251879583, 233.4706495407533566, 749.9697169650055457 ) ) ;
#1882 = ORIENTED_EDGE ( 'NONE', *, *, #3577, .F. ) ;
#1883 = AXIS2_PLACEMENT_3D ( 'NONE', #2241, #3937, #116 ) ;
#1884 = DIRECTION ( 'NONE',  ( -0.000000000000000000, -0.000000000000000000, -1.000000000000000000 ) ) ;
#1885 = CARTESIAN_POINT ( 'NONE',  ( 20.02986084302294501, 262.0124398441415110, 757.5931354135000220 ) ) ;
#1886 = DIRECTION ( 'NONE',  ( 0.000000000000000000, 0.000000000000000000, -1.000000000000000000 ) ) ;
#1887 = PRESENTATION_STYLE_ASSIGNMENT (( #5238 ) ) ;
#1888 = DIRECTION ( 'NONE',  ( 1.000000000000000000, 0.000000000000000000, 0.000000000000000000 ) ) ;
#1889 = AXIS2_PLACEMENT_3D ( 'NONE', #5256, #695, #2401 ) ;
#1890 = VERTEX_POINT ( 'NONE', #2279 ) ;
#1891 = CARTESIAN_POINT ( 'NONE',  ( 25.44609866481473404, 267.6325305775732772, 757.0919274623821593 ) ) ;
#1892 = CARTESIAN_POINT ( 'NONE',  ( 28.17525465453804756, 245.0890147030111166, 749.5684111638718150 ) ) ;
#1893 = DIRECTION ( 'NONE',  ( -0.000000000000000000, -0.000000000000000000, 1.000000000000000000 ) ) ;
#1894 = FACE_OUTER_BOUND ( 'NONE', #432, .T. ) ;
#1895 = AXIS2_PLACEMENT_3D ( 'NONE', #3968, #516, #4308 ) ;
#1896 = CARTESIAN_POINT ( 'NONE',  ( 28.59983021068599029, 249.5272567257602248, 749.5876129550588303 ) ) ;
#1897 = CARTESIAN_POINT ( 'NONE',  ( 25.44250252248054167, 266.9940125664343782, 758.1825809533727352 ) ) ;
#1898 = AXIS2_PLACEMENT_3D ( 'NONE', #3787, #4212, #5089 ) ;
#1899 = ADVANCED_FACE ( 'NONE', ( #3553 ), #2252, .F. ) ;
#1900 = DIRECTION ( 'NONE',  ( -0.000000000000000000, -0.000000000000000000, -1.000000000000000000 ) ) ;
#1901 = ORIENTED_EDGE ( 'NONE', *, *, #651, .T. ) ;
#1902 = ORIENTED_EDGE ( 'NONE', *, *, #1844, .T. ) ;
#1903 = CONICAL_SURFACE ( 'NONE', #4316, 3.000000000000023537, 0.7853981633973936560 ) ;
#1904 = ORIENTED_EDGE ( 'NONE', *, *, #4528, .F. ) ;
#1905 = FACE_OUTER_BOUND ( 'NONE', #875, .T. ) ;
#1906 = ADVANCED_FACE ( 'NONE', ( #1015 ), #5192, .F. ) ;
#1907 = EDGE_CURVE ( 'NONE', #3999, #3429, #2788, .T. ) ;
#1908 = DIRECTION ( 'NONE',  ( -0.000000000000000000, -0.000000000000000000, 1.000000000000000000 ) ) ;
#1909 = LINE ( 'NONE', #3611, #865 ) ;
#1910 = ORIENTED_EDGE ( 'NONE', *, *, #3778, .F. ) ;
#1911 = B_SPLINE_CURVE_WITH_KNOTS ( 'NONE', 3,
 ( #3204, #1480, #3227, #4881, #1565, #170 ),
 .UNSPECIFIED., .F., .F.,
 ( 4, 2, 4 ),
 ( 0.000000000000000000, 0.0005893757994851388455, 0.001178751598970277691 ),
 .UNSPECIFIED. ) ;
#1912 = CIRCLE ( 'NONE', #4933, 25.50000000000006040 ) ;
#1913 = ORIENTED_EDGE ( 'NONE', *, *, #4196, .T. ) ;
#1914 = CARTESIAN_POINT ( 'NONE',  ( 20.39192622623470896, 240.4908391901345226, 758.0931354135000220 ) ) ;
#1915 = LINE ( 'NONE', #663, #1465 ) ;
#1916 = DIRECTION ( 'NONE',  ( -0.000000000000000000, -0.000000000000000000, -1.000000000000000000 ) ) ;
#1917 = CARTESIAN_POINT ( 'NONE',  ( 26.88965786858478424, 267.4421274333727752, 757.3081193036523473 ) ) ;
#1918 = CARTESIAN_POINT ( 'NONE',  ( 23.78734463300316548, 268.3185759542171240, 757.1537287121789177 ) ) ;
#1919 = ORIENTED_EDGE ( 'NONE', *, *, #2184, .F. ) ;
#1920 = ORIENTED_EDGE ( 'NONE', *, *, #5318, .F. ) ;
#1921 = FILL_AREA_STYLE_COLOUR ( '', #3322 ) ;
#1922 = DIRECTION ( 'NONE',  ( -0.000000000000000000, -0.000000000000000000, 1.000000000000000000 ) ) ;
#1923 = CARTESIAN_POINT ( 'NONE',  ( 28.28673144610644385, 245.7782411606484914, 749.5710560813764687 ) ) ;
#1924 = DIRECTION ( 'NONE',  ( -0.000000000000000000, -0.000000000000000000, -1.000000000000000000 ) ) ;
#1925 = DIRECTION ( 'NONE',  ( -1.000000000000000000, 0.000000000000000000, 0.000000000000000000 ) ) ;
#1926 = COLOUR_RGB ( '',0.8980392156862745390, 0.9176470588235293713, 0.9294117647058823817 ) ;
#1927 = CARTESIAN_POINT ( 'NONE',  ( 23.78571835358366471, 232.2189595877408408, 758.0931354134999083 ) ) ;
#1928 = LINE ( 'NONE', #5392, #4768 ) ;
#1929 = LINE ( 'NONE', #595, #4222 ) ;
#1930 = LINE ( 'NONE', #4053, #3087 ) ;
#1931 = AXIS2_PLACEMENT_3D ( 'NONE', #4937, #3081, #2769 ) ;
#1932 = ORIENTED_EDGE ( 'NONE', *, *, #4260, .T. ) ;
#1933 = EDGE_LOOP ( 'NONE', ( #416, #4126, #2332, #5234 ) ) ;
#1934 = ORIENTED_EDGE ( 'NONE', *, *, #2521, .F. ) ;
#1935 = VECTOR ( 'NONE', #4923, 1000.000000000000000 ) ;
#1936 = CARTESIAN_POINT ( 'NONE',  ( -0.03951075055706890216, 226.3883452329094723, 752.0931354135001357 ) ) ;
#1937 = CARTESIAN_POINT ( 'NONE',  ( 23.25751876899670023, 268.9732032997841316, 757.0864524843250365 ) ) ;
#1938 = DIRECTION ( 'NONE',  ( 0.000000000000000000, 0.9923563914760094029, -0.1234049929975011700 ) ) ;
#1939 = EDGE_LOOP ( 'NONE', ( #1071, #4899, #3457, #2542 ) ) ;
#1940 = EDGE_CURVE ( 'NONE', #305, #3621, #2785, .T. ) ;
#1941 = ADVANCED_FACE ( 'NONE', ( #4045, #2349 ), #720, .F. ) ;
#1942 = LINE ( 'NONE', #4974, #2346 ) ;
#1943 = CARTESIAN_POINT ( 'NONE',  ( 22.65769569382622350, 260.5652066228175272, 762.0931354135001357 ) ) ;
#1944 = DIRECTION ( 'NONE',  ( -0.7071067811865162644, 0.000000000000000000, -0.7071067811865787700 ) ) ;
#1945 = FACE_OUTER_BOUND ( 'NONE', #3716, .T. ) ;
#1946 = EDGE_CURVE ( 'NONE', #901, #3112, #1983, .T. ) ;
#1947 = ORIENTED_EDGE ( 'NONE', *, *, #2659, .F. ) ;
#1948 = ORIENTED_EDGE ( 'NONE', *, *, #4397, .T. ) ;
#1949 = FACE_OUTER_BOUND ( 'NONE', #5023, .T. ) ;
#1950 = FACE_OUTER_BOUND ( 'NONE', #1530, .T. ) ;
#1951 = DIRECTION ( 'NONE',  ( -0.000000000000000000, -0.000000000000000000, 1.000000000000000000 ) ) ;
#1952 = CARTESIAN_POINT ( 'NONE',  ( 35.50000101791005847, 232.6000645335093395, 756.9697169650055457 ) ) ;
#1953 = CARTESIAN_POINT ( 'NONE',  ( 1.017909983045999956E-06, 265.5372018918245089, 749.0931354135001357 ) ) ;
#1954 = SURFACE_STYLE_USAGE ( .BOTH. , #1513 ) ;
#1955 = CARTESIAN_POINT ( 'NONE',  ( 27.62447481082141110, 266.5295582833005028, 749.9697304205026285 ) ) ;
#1956 = CARTESIAN_POINT ( 'NONE',  ( 22.00000101790997675, 249.9997500793000142, 757.5931354135000220 ) ) ;
#1957 = DIRECTION ( 'NONE',  ( 1.000000000000000000, 0.000000000000000000, 0.000000000000000000 ) ) ;
#1958 = EDGE_LOOP ( 'NONE', ( #2918, #2948, #240, #3045 ) ) ;
#1959 = ORIENTED_EDGE ( 'NONE', *, *, #2923, .F. ) ;
#1960 = CARTESIAN_POINT ( 'NONE',  ( 24.18269569382620077, 239.4342935357824445, 752.0931354135001357 ) ) ;
#1961 = FACE_OUTER_BOUND ( 'NONE', #2636, .T. ) ;
#1962 = CARTESIAN_POINT ( 'NONE',  ( 35.92991128793298117, 233.9152023549175965, 754.1269986934388498 ) ) ;
#1963 = EDGE_LOOP ( 'NONE', ( #3327, #1335, #1350, #2634 ) ) ;
#1964 = CARTESIAN_POINT ( 'NONE',  ( 24.18269569382620077, 239.4342935357824445, 752.0931354135001357 ) ) ;
#1965 = CARTESIAN_POINT ( 'NONE',  ( 20.17052996540528298, 265.6010244496281416, 752.0931354135001357 ) ) ;
#1966 = AXIS2_PLACEMENT_3D ( 'NONE', #1635, #1608, #3781 ) ;
#1967 = EDGE_CURVE ( 'NONE', #4141, #4190, #2186, .T. ) ;
#1968 = DIRECTION ( 'NONE',  ( -0.000000000000000000, -0.000000000000000000, 1.000000000000000000 ) ) ;
#1969 = EDGE_CURVE ( 'NONE', #4057, #1238, #646, .T. ) ;
#1970 = MECHANICAL_DESIGN_GEOMETRIC_PRESENTATION_REPRESENTATION (  '', ( #732 ), #2945 ) ;
#1971 = FACE_OUTER_BOUND ( 'NONE', #2267, .T. ) ;
#1972 = CIRCLE ( 'NONE', #4993, 25.00000000000002842 ) ;
#1973 = ORIENTED_EDGE ( 'NONE', *, *, #4752, .F. ) ;
#1974 = CARTESIAN_POINT ( 'NONE',  ( 27.19721994433344392, 265.5372018918245089, 749.0931354135001357 ) ) ;
#1975 = LINE ( 'NONE', #2478, #4380 ) ;
#1976 = DIRECTION ( 'NONE',  ( 1.000000000000000000, 0.000000000000000000, 0.000000000000000000 ) ) ;
#1977 = EDGE_CURVE ( 'NONE', #1588, #668, #1361, .T. ) ;
#1978 = CARTESIAN_POINT ( 'NONE',  ( 24.92097015914512781, 232.1819343837925373, 757.0508636706396146 ) ) ;
#1979 = ADVANCED_FACE ( 'NONE', ( #1950 ), #5002, .F. ) ;
#1980 = B_SPLINE_CURVE_WITH_KNOTS ( 'NONE', 3,
 ( #1131, #1996, #1525, #2417, #3617, #4068, #5292, #246, #4120, #1440, #269, #5324, #4844, #2807, #2756, #4454, #2342, #4035, #3641, #2729 ),
 .UNSPECIFIED., .F., .F.,
 ( 4, 2, 2, 2, 2, 2, 2, 2, 2, 4 ),
 ( 0.003956061210988249741, 0.004453193278309610856, 0.004950325345630971971, 0.005447457412952333086, 0.005696023446613014511, 0.005944589480273695936, 0.006441721547595388384, 0.006938853614917080831, 0.007435985682238773278, 0.007933117749560465726 ),
 .UNSPECIFIED. ) ;
#1981 = CARTESIAN_POINT ( 'NONE',  ( 26.35421594081832808, 267.0527345989274863, 758.0931354135000220 ) ) ;
#1982 = CARTESIAN_POINT ( 'NONE',  ( -1.917425322538588661, 271.9160334373183900, 757.5931354135000220 ) ) ;
#1983 = CIRCLE ( 'NONE', #3049, 2.499999999999998224 ) ;
#1984 = VECTOR ( 'NONE', #6, 1000.000000000000000 ) ;
#1985 = CARTESIAN_POINT ( 'NONE',  ( 23.13396608808205102, 230.8946582901230045, 757.0897451285948137 ) ) ;
#1986 = CARTESIAN_POINT ( 'NONE',  ( 26.03002228513699023, 232.4949021164784995, 757.2059162081184240 ) ) ;
#1987 = DIRECTION ( 'NONE',  ( -0.000000000000000000, -0.000000000000000000, -1.000000000000000000 ) ) ;
#1988 = ORIENTED_EDGE ( 'NONE', *, *, #5173, .T. ) ;
#1989 = ORIENTED_EDGE ( 'NONE', *, *, #1749, .F. ) ;
#1990 = FILL_AREA_STYLE ('',( #2802 ) ) ;
#1991 = VECTOR ( 'NONE', #2302, 1000.000000000000000 ) ;
#1992 = CARTESIAN_POINT ( 'NONE',  ( 25.91197414975144397, 233.0080541944247159, 758.0931354135001357 ) ) ;
#1993 = CARTESIAN_POINT ( 'NONE',  ( 36.46255257678381412, 233.6765569996939576, 756.3199728443959202 ) ) ;
#1994 = ORIENTED_EDGE ( 'NONE', *, *, #2286, .T. ) ;
#1995 = DIRECTION ( 'NONE',  ( -0.000000000000000000, -0.000000000000000000, -1.000000000000000000 ) ) ;
#1996 = CARTESIAN_POINT ( 'NONE',  ( -24.22947103285446246, 243.8385607313381058, 753.8431354135001357 ) ) ;
#1997 = CARTESIAN_POINT ( 'NONE',  ( 25.67397670249273745, 267.5686793466260838, 757.1238071976748643 ) ) ;
#1998 = LINE ( 'NONE', #2397, #4792 ) ;
#1999 = ORIENTED_EDGE ( 'NONE', *, *, #2688, .F. ) ;
#2000 = CARTESIAN_POINT ( 'NONE',  ( -10.69999898209004385, 228.3491149846890096, 752.0931354135001357 ) ) ;
#2001 = DIRECTION ( 'NONE',  ( -0.000000000000000000, -0.000000000000000000, -1.000000000000000000 ) ) ;
#2002 = CARTESIAN_POINT ( 'NONE',  ( 25.44250252248054167, 266.9940125664343782, 758.1825809533727352 ) ) ;
#2003 = CARTESIAN_POINT ( 'NONE',  ( 26.52145977534481247, 232.5419505246300673, 757.3585183261762950 ) ) ;
#2004 = CARTESIAN_POINT ( 'NONE',  ( 24.00128706900992981, 231.6634308042518171, 757.0688405447026526 ) ) ;
#2005 = CARTESIAN_POINT ( 'NONE',  ( -29.04737407864564958, 243.9997500793000142, 756.6181354135001129 ) ) ;
#2006 = ADVANCED_FACE ( 'NONE', ( #3283 ), #1813, .T. ) ;
#2007 = EDGE_CURVE ( 'NONE', #3998, #4668, #2070, .T. ) ;
#2008 = CARTESIAN_POINT ( 'NONE',  ( 23.29731582891374586, 231.8512656804548442, 758.0931354135001357 ) ) ;
#2009 = CARTESIAN_POINT ( 'NONE',  ( 25.14909145418605618, 267.0821809492331340, 758.1347313639022332 ) ) ;
#2010 = DIRECTION ( 'NONE',  ( -0.000000000000000000, -0.000000000000000000, -1.000000000000000000 ) ) ;
#2011 = CARTESIAN_POINT ( 'NONE',  ( 28.59797372016026173, 255.1609295395778645, 749.0931354135002493 ) ) ;
#2012 = ORIENTED_EDGE ( 'NONE', *, *, #1603, .F. ) ;
#2013 = ORIENTED_EDGE ( 'NONE', *, *, #5144, .F. ) ;
#2014 =( BOUNDED_SURFACE ( )  B_SPLINE_SURFACE ( 3, 2, ( 
 ( #2676, #5189, #2215 ),
 ( #978, #481, #141 ),
 ( #564, #952, #3911 ),
 ( #3040, #5244, #3463 ) ),
 .UNSPECIFIED., .F., .F., .F. ) 
 B_SPLINE_SURFACE_WITH_KNOTS ( ( 4, 4 ),
 ( 3, 3 ),
 ( 2.125113944983776371, 2.236159478322893523 ),
 ( 0.000000000000000000, 1.000000000000000000 ),
 .UNSPECIFIED. ) 
 GEOMETRIC_REPRESENTATION_ITEM ( )  RATIONAL_B_SPLINE_SURFACE ( (
 ( 1.000000000000000000, 0.8211192733788867937, 1.000000000000000000),
 ( 1.000000000000000000, 0.8274631218037211688, 1.000000000000000000),
 ( 1.000000000000000000, 0.8335151519866929037, 1.000000000000000000),
 ( 1.000000000000000000, 0.8392577807624509445, 1.000000000000000000) ) ) 
 REPRESENTATION_ITEM ( '' )  SURFACE ( )  );
#2015 = FACE_OUTER_BOUND ( 'NONE', #1506, .T. ) ;
#2016 = EDGE_LOOP ( 'NONE', ( #3186, #3216, #731, #4696 ) ) ;
#2017 = AXIS2_PLACEMENT_3D ( 'NONE', #4323, #888, #2590 ) ;
#2018 = CIRCLE ( 'NONE', #5150, 1.500000000000001332 ) ;
#2019 = CARTESIAN_POINT ( 'NONE',  ( 24.07262558924882612, 268.2870334874844502, 757.0673113370689862 ) ) ;
#2020 = AXIS2_PLACEMENT_3D ( 'NONE', #2758, #1528, #635 ) ;
#2021 = FACE_OUTER_BOUND ( 'NONE', #648, .T. ) ;
#2022 = ORIENTED_EDGE ( 'NONE', *, *, #1394, .F. ) ;
#2023 = VECTOR ( 'NONE', #1512, 1000.000000000000000 ) ;
#2024 = DIRECTION ( 'NONE',  ( -0.000000000000000000, -0.000000000000000000, -1.000000000000000000 ) ) ;
#2025 = LINE ( 'NONE', #3728, #3659 ) ;
#2026 = CARTESIAN_POINT ( 'NONE',  ( 25.09323248987122668, 267.7511423231281924, 757.0593316475718666 ) ) ;
#2027 = LINE ( 'NONE', #4590, #957 ) ;
#2028 = CIRCLE ( 'NONE', #3710, 3.499999999999985789 ) ;
#2029 = VERTEX_POINT ( 'NONE', #1613 ) ;
#2030 = CARTESIAN_POINT ( 'NONE',  ( 30.50000101789893492, 268.1526660374981930, 763.0218875075744336 ) ) ;
#2031 = DIRECTION ( 'NONE',  ( -0.7071067811865162644, 8.659560562355316195E-17, -0.7071067811865787700 ) ) ;
#2032 = AXIS2_PLACEMENT_3D ( 'NONE', #5399, #1550, #3610 ) ;
#2033 = CARTESIAN_POINT ( 'NONE',  ( 23.61296861103718570, 268.5045538190299794, 750.1355218244198113 ) ) ;
#2034 = DIRECTION ( 'NONE',  ( -1.000000000000000000, 0.000000000000000000, 0.000000000000000000 ) ) ;
#2035 = CARTESIAN_POINT ( 'NONE',  ( 24.74716156738519857, 232.0991311837937872, 757.0540417672989406 ) ) ;
#2036 = CARTESIAN_POINT ( 'NONE',  ( -20.47880008931491602, 264.3391609880760598, 752.0931354135001357 ) ) ;
#2037 = DIRECTION ( 'NONE',  ( 0.000000000000000000, 0.000000000000000000, 1.000000000000000000 ) ) ;
#2038 = LINE ( 'NONE', #1620, #4826 ) ;
#2039 = CARTESIAN_POINT ( 'NONE',  ( 2.955623769756750008, 228.1991928811738433, 757.5931354135000220 ) ) ;
#2040 = CARTESIAN_POINT ( 'NONE',  ( 24.90075310317163826, 267.8308609869404222, 757.0537045019334528 ) ) ;
#2041 = VERTEX_POINT ( 'NONE', #5125 ) ;
#2042 = EDGE_CURVE ( 'NONE', #3827, #4236, #924, .T. ) ;
#2043 = ADVANCED_FACE ( 'NONE', ( #807 ), #3759, .F. ) ;
#2044 = DIRECTION ( 'NONE',  ( -1.000000000000000000, 0.000000000000000000, 0.000000000000000000 ) ) ;
#2045 = VERTEX_POINT ( 'NONE', #3390 ) ;
#2046 = VERTEX_POINT ( 'NONE', #4624 ) ;
#2047 = ORIENTED_EDGE ( 'NONE', *, *, #4093, .T. ) ;
#2048 = EDGE_CURVE ( 'NONE', #150, #2837, #3471, .T. ) ;
#2049 = DIRECTION ( 'NONE',  ( -1.000000000000000000, 0.000000000000000000, 0.000000000000000000 ) ) ;
#2050 = ORIENTED_EDGE ( 'NONE', *, *, #4968, .F. ) ;
#2051 = CARTESIAN_POINT ( 'NONE',  ( -27.58141505903948243, 242.4339345259245988, 750.5081512338930452 ) ) ;
#2052 = DIRECTION ( 'NONE',  ( -0.000000000000000000, -0.000000000000000000, -1.000000000000000000 ) ) ;
#2053 = DIRECTION ( 'NONE',  ( -0.000000000000000000, -0.000000000000000000, -1.000000000000000000 ) ) ;
#2054 = DIRECTION ( 'NONE',  ( -1.000000000000000000, 0.000000000000000000, 0.000000000000000000 ) ) ;
#2055 = ORIENTED_EDGE ( 'NONE', *, *, #1395, .T. ) ;
#2056 = CARTESIAN_POINT ( 'NONE',  ( 1.017909983045999956E-06, 249.9997500793000142, 757.5931354135000220 ) ) ;
#2057 = CARTESIAN_POINT ( 'NONE',  ( -10.99999898209001792, 228.3491149846890096, 755.5931354135000220 ) ) ;
#2058 = AXIS2_PLACEMENT_3D ( 'NONE', #3105, #179, #5147 ) ;
#2059 = CARTESIAN_POINT ( 'NONE',  ( -20.41822339878056169, 261.3397726396682970, 752.5931354135001357 ) ) ;
#2060 = FACE_OUTER_BOUND ( 'NONE', #2875, .T. ) ;
#2061 = DIRECTION ( 'NONE',  ( 0.000000000000000000, 0.000000000000000000, -1.000000000000000000 ) ) ;
#2062 = CARTESIAN_POINT ( 'NONE',  ( 1.017909983045999956E-06, 249.9997500793000142, 752.5931354135001357 ) ) ;
#2063 = ORIENTED_EDGE ( 'NONE', *, *, #4673, .F. ) ;
#2064 = CARTESIAN_POINT ( 'NONE',  ( -10.99999898208992732, 271.6503851739110473, 755.5931354135000220 ) ) ;
#2065 = CARTESIAN_POINT ( 'NONE',  ( 30.33098856076244232, 232.0269185101197991, 761.5781378892611428 ) ) ;
#2066 = CARTESIAN_POINT ( 'NONE',  ( -28.55006543621999882, 221.1996873712000138, 758.0931354135000220 ) ) ;
#2067 = DIRECTION ( 'NONE',  ( -1.000000000000000000, 0.000000000000000000, 0.000000000000000000 ) ) ;
#2068 = VERTEX_POINT ( 'NONE', #2059 ) ;
#2069 = VECTOR ( 'NONE', #2960, 1000.000000000000000 ) ;
#2070 = CIRCLE ( 'NONE', #2610, 2.999999999999999112 ) ;
#2071 = DIRECTION ( 'NONE',  ( 0.000000000000000000, 0.000000000000000000, 1.000000000000000000 ) ) ;
#2072 = ORIENTED_EDGE ( 'NONE', *, *, #5184, .F. ) ;
#2073 = ORIENTED_EDGE ( 'NONE', *, *, #5453, .F. ) ;
#2074 = CARTESIAN_POINT ( 'NONE',  ( 31.06913215188047062, 234.4173789064935818, 749.5123634121853229 ) ) ;
#2075 = ORIENTED_EDGE ( 'NONE', *, *, #4875, .F. ) ;
#2076 = EDGE_CURVE ( 'NONE', #5167, #166, #4186, .T. ) ;
#2077 = ADVANCED_FACE ( 'NONE', ( #361 ), #4682, .F. ) ;
#2078 = AXIS2_PLACEMENT_3D ( 'NONE', #4444, #1900, #4936 ) ;
#2079 = CARTESIAN_POINT ( 'NONE',  ( 35.45487890251763474, 267.2861019351888103, 756.0534464043220169 ) ) ;
#2080 =( GEOMETRIC_REPRESENTATION_CONTEXT ( 3 ) GLOBAL_UNCERTAINTY_ASSIGNED_CONTEXT ( ( #2199 ) ) GLOBAL_UNIT_ASSIGNED_CONTEXT ( ( #3307, #5409, #1082 ) ) REPRESENTATION_CONTEXT ( 'NONE', 'WORKASPACE' ) );
#2081 = FACE_OUTER_BOUND ( 'NONE', #2128, .T. ) ;
#2082 =( NAMED_UNIT ( * ) PLANE_ANGLE_UNIT ( ) SI_UNIT ( $, .RADIAN. ) );
#2083 = CARTESIAN_POINT ( 'NONE',  ( -27.56518477762838160, 241.0812052794408942, 749.1758089712528772 ) ) ;
#2084 = CIRCLE ( 'NONE', #659, 3.000000000000038192 ) ;
#2085 = ADVANCED_FACE ( 'NONE', ( #2501 ), #733, .F. ) ;
#2086 = ORIENTED_EDGE ( 'NONE', *, *, #1403, .F. ) ;
#2087 = CARTESIAN_POINT ( 'NONE',  ( 27.52385143841608794, 266.9844056488966544, 759.1037456318214254 ) ) ;
#2088 = AXIS2_PLACEMENT_3D ( 'NONE', #5014, #790, #837 ) ;
#2089 = DIRECTION ( 'NONE',  ( 1.000000000000000000, 0.000000000000000000, 0.000000000000000000 ) ) ;
#2090 = DIRECTION ( 'NONE',  ( -0.000000000000000000, -0.000000000000000000, -1.000000000000000000 ) ) ;
#2091 = CARTESIAN_POINT ( 'NONE',  ( -24.54457904021358416, 245.2496353665857498, 755.2589850671224667 ) ) ;
#2092 = LINE ( 'NONE', #2005, #2442 ) ;
#2093 = ORIENTED_EDGE ( 'NONE', *, *, #71, .F. ) ;
#2094 = CARTESIAN_POINT ( 'NONE',  ( 25.09269604867451520, 267.7515448465026111, 757.0594701433709588 ) ) ;
#2095 = CARTESIAN_POINT ( 'NONE',  ( -28.77237407864564744, 255.9997500793000427, 753.8431354135001357 ) ) ;
#2096 = DIRECTION ( 'NONE',  ( -0.000000000000000000, -0.000000000000000000, -1.000000000000000000 ) ) ;
#2097 = LINE ( 'NONE', #3289, #1198 ) ;
#2098 = CARTESIAN_POINT ( 'NONE',  ( -2.178892550781579285, 274.9046175315936580, 752.0931354135001357 ) ) ;
#2099 = ORIENTED_EDGE ( 'NONE', *, *, #2452, .F. ) ;
#2100 = ORIENTED_EDGE ( 'NONE', *, *, #1221, .T. ) ;
#2101 = ORIENTED_EDGE ( 'NONE', *, *, #306, .T. ) ;
#2102 = CARTESIAN_POINT ( 'NONE',  ( 33.76959617942343073, 234.2480665781751270, 751.0681951023265128 ) ) ;
#2103 = EDGE_LOOP ( 'NONE', ( #3890, #5308, #3076, #3353 ) ) ;
#2104 = VECTOR ( 'NONE', #3729, 1000.000000000000000 ) ;
#2105 = DIRECTION ( 'NONE',  ( 0.000000000000000000, 0.000000000000000000, -1.000000000000000000 ) ) ;
#2106 = CARTESIAN_POINT ( 'NONE',  ( -29.04737407864564602, 257.4997500793000427, 752.0931354135001357 ) ) ;
#2107 = CARTESIAN_POINT ( 'NONE',  ( -20.47880008931471352, 235.6603391705236277, 758.0931354135000220 ) ) ;
#2108 = EDGE_CURVE ( 'NONE', #3439, #860, #5088, .T. ) ;
#2109 = ADVANCED_FACE ( 'NONE', ( #442 ), #19, .T. ) ;
#2110 = CARTESIAN_POINT ( 'NONE',  ( 36.34273390137663995, 266.2359336254696132, 755.5146479758457190 ) ) ;
#2111 = CIRCLE ( 'NONE', #1580, 3.000000000000007105 ) ;
#2112 = VERTEX_POINT ( 'NONE', #583 ) ;
#2113 = CARTESIAN_POINT ( 'NONE',  ( 32.80289991131496663, 266.7040667837983960, 751.3730336550758011 ) ) ;
#2114 = LINE ( 'NONE', #3839, #5285 ) ;
#2115 = CARTESIAN_POINT ( 'NONE',  ( 24.17865326257341252, 267.5454813974529884, 758.0931354135000220 ) ) ;
#2116 = VERTEX_POINT ( 'NONE', #1417 ) ;
#2117 = EDGE_CURVE ( 'NONE', #4054, #804, #5177, .T. ) ;
#2118 = FACE_OUTER_BOUND ( 'NONE', #1095, .T. ) ;
#2119 =( NAMED_UNIT ( * ) PLANE_ANGLE_UNIT ( ) SI_UNIT ( $, .RADIAN. ) );
#2120 = ORIENTED_EDGE ( 'NONE', *, *, #1504, .F. ) ;
#2121 = DIRECTION ( 'NONE',  ( 1.000000000000000000, 0.000000000000000000, 0.000000000000000000 ) ) ;
#2122 = DIRECTION ( 'NONE',  ( -0.000000000000000000, -0.000000000000000000, -1.000000000000000000 ) ) ;
#2123 = FACE_BOUND ( 'NONE', #4324, .T. ) ;
#2124 = CARTESIAN_POINT ( 'NONE',  ( 28.96472770363304150, 252.5726026433606819, 749.1066076939119966 ) ) ;
#2125 = PRESENTATION_LAYER_ASSIGNMENT (  '', '', ( #3811 ) ) ;
#2126 = DIRECTION ( 'NONE',  ( -0.000000000000000000, -0.000000000000000000, -1.000000000000000000 ) ) ;
#2127 = ORIENTED_EDGE ( 'NONE', *, *, #547, .F. ) ;
#2128 = EDGE_LOOP ( 'NONE', ( #1687, #4299, #2310, #3634 ) ) ;
#2129 = CARTESIAN_POINT ( 'NONE',  ( 33.96677187283719235, 234.2287014113871635, 751.2461977694425741 ) ) ;
#2130 = ORIENTED_EDGE ( 'NONE', *, *, #577, .F. ) ;
#2131 = CARTESIAN_POINT ( 'NONE',  ( 28.60016800299101902, 250.4513328341186877, 749.5876381738349892 ) ) ;
#2132 = CARTESIAN_POINT ( 'NONE',  ( 30.75550825971586377, 266.5740174063930681, 750.3272467080428214 ) ) ;
#2133 = DIRECTION ( 'NONE',  ( -1.000000000000000000, 0.000000000000000000, 0.000000000000000000 ) ) ;
#2134 = CARTESIAN_POINT ( 'NONE',  ( -1.917425322538268695, 228.0834667212815816, 757.5931354135000220 ) ) ;
#2135 = CARTESIAN_POINT ( 'NONE',  ( 35.87769586887855411, 266.0710843781028530, 753.9996432432200208 ) ) ;
#2136 = ORIENTED_EDGE ( 'NONE', *, *, #5101, .F. ) ;
#2137 = ADVANCED_FACE ( 'NONE', ( #2588 ), #3853, .F. ) ;
#2138 = DIRECTION ( 'NONE',  ( 1.000000000000000000, 0.000000000000000000, 0.000000000000000000 ) ) ;
#2139 = EDGE_CURVE ( 'NONE', #8, #3689, #2870, .T. ) ;
#2140 = FILL_AREA_STYLE ('',( #441 ) ) ;
#2141 = CARTESIAN_POINT ( 'NONE',  ( 28.50000101791000873, 233.4706495407533851, 749.9697169650055457 ) ) ;
#2142 = CARTESIAN_POINT ( 'NONE',  ( 22.65769569382622350, 260.5652066228175272, 752.3681354135001129 ) ) ;
#2143 = ORIENTED_EDGE ( 'NONE', *, *, #4710, .F. ) ;
#2144 = CARTESIAN_POINT ( 'NONE',  ( 23.39707868278584613, 231.1653334287904897, 757.0828744759926394 ) ) ;
#2145 = B_SPLINE_CURVE_WITH_KNOTS ( 'NONE', 3,
 ( #5137, #2573, #3376, #2187 ),
 .UNSPECIFIED., .F., .F.,
 ( 4, 4 ),
 ( 0.000000000000000000, 0.002988038898441767750 ),
 .UNSPECIFIED. ) ;
#2146 = ADVANCED_FACE ( 'NONE', ( #2620 ), #1391, .F. ) ;
#2147 = EDGE_LOOP ( 'NONE', ( #1218, #73, #3280, #2852, #4992 ) ) ;
#2148 = EDGE_CURVE ( 'NONE', #2435, #2398, #1529, .T. ) ;
#2149 = DIRECTION ( 'NONE',  ( 1.000000000000000000, 0.000000000000000000, 0.000000000000000000 ) ) ;
#2150 = CARTESIAN_POINT ( 'NONE',  ( 26.86928395051862495, 232.5329339976120764, 757.5094847617981486 ) ) ;
#2151 = DIRECTION ( 'NONE',  ( 0.000000000000000000, -0.1234049929975011561, -0.9923563914760092919 ) ) ;
#2152 = CARTESIAN_POINT ( 'NONE',  ( -23.93589016284154170, 257.2162311142303679, 754.7613352157433155 ) ) ;
#2153 = CONICAL_SURFACE ( 'NONE', #4643, 1.499999999999952704, 0.7853981633974594923 ) ;
#2154 = FACE_OUTER_BOUND ( 'NONE', #1248, .T. ) ;
#2155 = CARTESIAN_POINT ( 'NONE',  ( 23.60124511657199164, 231.4799963823586779, 750.1501969352552806 ) ) ;
#2156 = EDGE_LOOP ( 'NONE', ( #4416, #3290, #3880, #351 ) ) ;
#2157 = ORIENTED_EDGE ( 'NONE', *, *, #1155, .T. ) ;
#2158 = CARTESIAN_POINT ( 'NONE',  ( 30.31466074444570680, 234.4404286262493144, 749.3005763924037410 ) ) ;
#2159 = ORIENTED_EDGE ( 'NONE', *, *, #2421, .T. ) ;
#2160 = CONICAL_SURFACE ( 'NONE', #4028, 1.524999999999998579, 0.7853981633974042031 ) ;
#2161 = AXIS2_PLACEMENT_3D ( 'NONE', #4102, #1922, #1478 ) ;
#2162 = DIRECTION ( 'NONE',  ( -1.000000000000000000, 0.000000000000000000, 0.000000000000000000 ) ) ;
#2163 = AXIS2_PLACEMENT_3D ( 'NONE', #4942, #2465, #680 ) ;
#2164 = CARTESIAN_POINT ( 'NONE',  ( 36.50000101791000162, 266.4076905170830969, 757.0931354135001357 ) ) ;
#2165 = CARTESIAN_POINT ( 'NONE',  ( 1.017909983045999956E-06, 249.9997500793000142, 757.5931354135000220 ) ) ;
#2166 = CARTESIAN_POINT ( 'NONE',  ( 34.61699276310257289, 233.0383382890808548, 753.4457459989614563 ) ) ;
#2167 = CARTESIAN_POINT ( 'NONE',  ( 35.28828617557448410, 265.9463061132817074, 752.8529025288946741 ) ) ;
#2168 = CIRCLE ( 'NONE', #4924, 1.500000000000001332 ) ;
#2169 = ORIENTED_EDGE ( 'NONE', *, *, #1298, .F. ) ;
#2170 = DIRECTION ( 'NONE',  ( -1.000000000000000000, -0.000000000000000000, -0.000000000000000000 ) ) ;
#2171 = CARTESIAN_POINT ( 'NONE',  ( -18.02134395644772979, 237.3810684795768111, 752.5931354135001357 ) ) ;
#2172 = CARTESIAN_POINT ( 'NONE',  ( 35.44265543662607598, 234.0287132500085647, 753.0839324545629552 ) ) ;
#2173 = DIRECTION ( 'NONE',  ( -1.000000000000000000, 0.000000000000000000, 0.000000000000000000 ) ) ;
#2174 = EDGE_LOOP ( 'NONE', ( #4085, #2716, #5127, #4719 ) ) ;
#2175 = DIRECTION ( 'NONE',  ( -1.000000000000000000, -0.000000000000000000, -0.000000000000000000 ) ) ;
#2176 = CIRCLE ( 'NONE', #3064, 25.00000000000002842 ) ;
#2177 = ORIENTED_EDGE ( 'NONE', *, *, #1148, .T. ) ;
#2178 = CARTESIAN_POINT ( 'NONE',  ( 28.53326833943850360, 251.9561291285635320, 749.5829520880447490 ) ) ;
#2179 = CARTESIAN_POINT ( 'NONE',  ( -0.9288925507815919413, 225.0948826270063989, 752.0931354135001357 ) ) ;
#2180 = LINE ( 'NONE', #63, #1732 ) ;
#2181 = CARTESIAN_POINT ( 'NONE',  ( -24.34722838467550332, 255.6774135799592784, 753.8746951827255316 ) ) ;
#2182 = AXIS2_PLACEMENT_3D ( 'NONE', #621, #3411, #2162 ) ;
#2183 = ADVANCED_FACE ( 'NONE', ( #4428 ), #609, .F. ) ;
#2184 = EDGE_CURVE ( 'NONE', #4786, #3152, #2251, .T. ) ;
#2185 = AXIS2_PLACEMENT_3D ( 'NONE', #1681, #793, #5072 ) ;
#2186 = B_SPLINE_CURVE_WITH_KNOTS ( 'NONE', 1,
 ( #222, #5410 ),
 .UNSPECIFIED., .F., .F.,
 ( 2, 2 ),
 ( 0.001952158438906198773, 1.000000000000000000 ),
 .UNSPECIFIED. ) ;
#2187 = CARTESIAN_POINT ( 'NONE',  ( -29.04737407864564602, 245.3154873643859730, 758.0931354135000220 ) ) ;
#2188 = FILL_AREA_STYLE_COLOUR ( '', #3231 ) ;
#2189 = EDGE_LOOP ( 'NONE', ( #3688, #1011, #4582, #4310 ) ) ;
#2190 = CIRCLE ( 'NONE', #5303, 1.249999999999994227 ) ;
#2191 = ORIENTED_EDGE ( 'NONE', *, *, #3335, .T. ) ;
#2192 = CARTESIAN_POINT ( 'NONE',  ( 32.72308829975620625, 234.3323885245837346, 750.2933939303376292 ) ) ;
#2193 = ORIENTED_EDGE ( 'NONE', *, *, #271, .F. ) ;
#2194 = EDGE_CURVE ( 'NONE', #5051, #4366, #3940, .T. ) ;
#2195 = CARTESIAN_POINT ( 'NONE',  ( 28.50964832134801696, 247.6814698586113082, 749.5813201299655475 ) ) ;
#2196 = CARTESIAN_POINT ( 'NONE',  ( 24.74716156738519857, 232.0991311837937872, 757.0540417672989406 ) ) ;
#2197 = B_SPLINE_CURVE_WITH_KNOTS ( 'NONE', 3,
 ( #4523, #3120, #1009, #2713 ),
 .UNSPECIFIED., .F., .F.,
 ( 4, 4 ),
 ( 0.000000000000000000, 1.000000000000000000 ),
 .UNSPECIFIED. ) ;
#2198 = CARTESIAN_POINT ( 'NONE',  ( -2.178892550781579285, 274.9046175315936580, 762.0931354135001357 ) ) ;
#2199 = UNCERTAINTY_MEASURE_WITH_UNIT (LENGTH_MEASURE( 1.000000000000000082E-05 ), #3307, 'distance_accuracy_value', 'NONE');
#2200 = CARTESIAN_POINT ( 'NONE',  ( 36.29406008901111846, 266.2111883844276576, 755.2871912614883740 ) ) ;
#2201 = VECTOR ( 'NONE', #5119, 1000.000000000000000 ) ;
#2202 = ORIENTED_EDGE ( 'NONE', *, *, #2452, .T. ) ;
#2203 = FACE_OUTER_BOUND ( 'NONE', #692, .T. ) ;
#2204 = DIRECTION ( 'NONE',  ( 0.000000000000000000, 0.000000000000000000, 1.000000000000000000 ) ) ;
#2205 = CARTESIAN_POINT ( 'NONE',  ( 24.44000854914289178, 232.6018757300216180, 749.0931354135001357 ) ) ;
#2206 = DIRECTION ( 'NONE',  ( -1.000000000000000000, 0.000000000000000000, 0.000000000000000000 ) ) ;
#2207 = CIRCLE ( 'NONE', #66, 3.000000000000023537 ) ;
#2208 = ORIENTED_EDGE ( 'NONE', *, *, #4370, .T. ) ;
#2209 = LINE ( 'NONE', #1791, #3459 ) ;
#2210 =( NAMED_UNIT ( * ) PLANE_ANGLE_UNIT ( ) SI_UNIT ( $, .RADIAN. ) );
#2211 = AXIS2_PLACEMENT_3D ( 'NONE', #874, #399, #3802 ) ;
#2212 = PRODUCT_DEFINITION_SHAPE ( 'NONE', 'NONE',  #5028 ) ;
#2213 = ORIENTED_EDGE ( 'NONE', *, *, #1430, .T. ) ;
#2214 = CARTESIAN_POINT ( 'NONE',  ( 28.29782166096335416, 254.1462403272516895, 749.5714124137408589 ) ) ;
#2215 = CARTESIAN_POINT ( 'NONE',  ( 25.50779558459696261, 265.7906467081712094, 747.5783787729570804 ) ) ;
#2217 = CARTESIAN_POINT ( 'NONE',  ( -28.54006904171486170, 259.2453729355925702, 749.1053153412625534 ) ) ;
#2216 = CIRCLE ( 'NONE', #5327, 2.500000000000023093 ) ;
#2218 = CARTESIAN_POINT ( 'NONE',  ( -27.59909317012451879, 257.4997500792999858, 749.0931354135001357 ) ) ;
#2219 = CARTESIAN_POINT ( 'NONE',  ( 25.65013525114130033, 233.0526558361721357, 758.2270223614084443 ) ) ;
#2220 = ADVANCED_FACE ( 'NONE', ( #5375 ), #2153, .F. ) ;
#2221 = CARTESIAN_POINT ( 'NONE',  ( -28.77237407864564744, 255.9997500793000427, 755.0931354135001357 ) ) ;
#2222 = ADVANCED_FACE ( 'NONE', ( #4873 ), #185, .T. ) ;
#2223 = ORIENTED_EDGE ( 'NONE', *, *, #3162, .T. ) ;
#2224 = VERTEX_POINT ( 'NONE', #1025 ) ;
#2225 = EDGE_LOOP ( 'NONE', ( #1790, #821, #1040, #1779 ) ) ;
#2226 = CARTESIAN_POINT ( 'NONE',  ( 29.08486311635353516, 249.5198164800814311, 749.1145430023224208 ) ) ;
#2227 = DIRECTION ( 'NONE',  ( 1.000000000000000000, -0.000000000000000000, -0.000000000000000000 ) ) ;
#2228 = ADVANCED_FACE ( 'NONE', ( #4096 ), #5360, .F. ) ;
#2229 = FACE_OUTER_BOUND ( 'NONE', #796, .T. ) ;
#2230 = CARTESIAN_POINT ( 'NONE',  ( -2.178892550781579285, 274.9046175315936580, 757.5931354135000220 ) ) ;
#2231 = CARTESIAN_POINT ( 'NONE',  ( 36.32083874915624477, 266.2244252125386765, 755.4088711205198479 ) ) ;
#2232 = ORIENTED_EDGE ( 'NONE', *, *, #2545, .F. ) ;
#2233 = CYLINDRICAL_SURFACE ( 'NONE', #4149, 1.249999999999973355 ) ;
#2234 = SURFACE_STYLE_FILL_AREA ( #3481 ) ;
#2235 = CARTESIAN_POINT ( 'NONE',  ( 27.12656583189913206, 232.8411557701469974, 755.0312059150551249 ) ) ;
#2236 = VERTEX_POINT ( 'NONE', #1049 ) ;
#2237 = CARTESIAN_POINT ( 'NONE',  ( -2.178892550781579285, 274.9046175315936580, 752.0931354135001357 ) ) ;
#2238 = DIRECTION ( 'NONE',  ( 1.000000000000000000, 0.000000000000000000, 0.000000000000000000 ) ) ;
#2239 = ORIENTED_EDGE ( 'NONE', *, *, #2854, .F. ) ;
#2240 = CARTESIAN_POINT ( 'NONE',  ( -29.03014014067466064, 242.4332679121420142, 750.5647395355472327 ) ) ;
#2241 = CARTESIAN_POINT ( 'NONE',  ( 2.955623769756750008, 228.1991928811738433, 758.0931354135000220 ) ) ;
#2242 = CARTESIAN_POINT ( 'NONE',  ( 25.17605171049241619, 266.4949284596115717, 749.6912560570375490 ) ) ;
#2243 = LINE ( 'NONE', #483, #312 ) ;
#2244 = DIRECTION ( 'NONE',  ( -1.000000000000000000, 0.000000000000000000, 0.000000000000000000 ) ) ;
#2245 = AXIS2_PLACEMENT_3D ( 'NONE', #5056, #5082, #3805 ) ;
#2246 = PRESENTATION_STYLE_ASSIGNMENT (( #568 ) ) ;
#2247 = AXIS2_PLACEMENT_3D ( 'NONE', #991, #3924, #2664 ) ;
#2248 = ORIENTED_EDGE ( 'NONE', *, *, #3292, .T. ) ;
#2249 = EDGE_LOOP ( 'NONE', ( #2093, #2208, #4925, #2809 ) ) ;
#2250 = ORIENTED_EDGE ( 'NONE', *, *, #2450, .T. ) ;
#2251 = CIRCLE ( 'NONE', #4552, 25.50000000000006395 ) ;
#2252 = CYLINDRICAL_SURFACE ( 'NONE', #4306, 28.59999999999999787 ) ;
#2253 = FACE_OUTER_BOUND ( 'NONE', #4321, .T. ) ;
#2254 = CARTESIAN_POINT ( 'NONE',  ( -2.178892550781213799, 225.0948826270063421, 752.0931354135001357 ) ) ;
#2255 = DIRECTION ( 'NONE',  ( 1.000000000000000000, 0.000000000000000000, 0.000000000000000000 ) ) ;
#2256 = AXIS2_PLACEMENT_3D ( 'NONE', #3923, #101, #549 ) ;
#2257 = EDGE_CURVE ( 'NONE', #3836, #3539, #3837, .T. ) ;
#2258 = EDGE_CURVE ( 'NONE', #2719, #113, #1980, .T. ) ;
#2259 = VECTOR ( 'NONE', #1150, 1000.000000000000000 ) ;
#2260 = VERTEX_POINT ( 'NONE', #1965 ) ;
#2261 = SURFACE_SIDE_STYLE ('',( #5209 ) ) ;
#2262 = CARTESIAN_POINT ( 'NONE',  ( 35.14248473036146692, 232.8805803604329014, 754.7142097231788966 ) ) ;
#2263 = LINE ( 'NONE', #3139, #4691 ) ;
#2264 = LINE ( 'NONE', #1476, #5319 ) ;
#2265 = PRESENTATION_STYLE_ASSIGNMENT (( #2649 ) ) ;
#2266 = AXIS2_PLACEMENT_3D ( 'NONE', #1644, #3340, #5034 ) ;
#2267 = EDGE_LOOP ( 'NONE', ( #1649, #2013, #3817, #1904 ) ) ;
#2268 = CARTESIAN_POINT ( 'NONE',  ( -28.45610553235439966, 240.4997500792999858, 749.0931354135001357 ) ) ;
#2269 = AXIS2_PLACEMENT_3D ( 'NONE', #2819, #4912, #4857 ) ;
#2270 = DIRECTION ( 'NONE',  ( 0.000000000000000000, -1.000000000000000000, 0.000000000000000000 ) ) ;
#2271 = CARTESIAN_POINT ( 'NONE',  ( 26.88965784809217752, 267.4421274579681267, 757.3081195014354989 ) ) ;
#2272 = CARTESIAN_POINT ( 'NONE',  ( -20.41822339878056169, 261.3397726396682970, 762.0931354135001357 ) ) ;
#2273 = CARTESIAN_POINT ( 'NONE',  ( 24.74592843650725271, 232.9834042833752790, 750.4001177038928745 ) ) ;
#2274 = AXIS2_PLACEMENT_3D ( 'NONE', #3616, #1584, #4150 ) ;
#2275 = ORIENTED_EDGE ( 'NONE', *, *, #5004, .T. ) ;
#2276 = ORIENTED_EDGE ( 'NONE', *, *, #3537, .F. ) ;
#2277 = CONICAL_SURFACE ( 'NONE', #3604, 21.99999999999999645, 0.7853981633974934651 ) ;
#2278 = EDGE_LOOP ( 'NONE', ( #599, #5227, #139, #456 ) ) ;
#2279 = CARTESIAN_POINT ( 'NONE',  ( 21.40769569382623061, 260.5652066228175272, 758.0931354135000220 ) ) ;
#2280 = SURFACE_STYLE_USAGE ( .BOTH. , #574 ) ;
#2281 = PLANE ( 'NONE',  #3267 ) ;
#2282 = ORIENTED_EDGE ( 'NONE', *, *, #5427, .T. ) ;
#2283 = CARTESIAN_POINT ( 'NONE',  ( 22.57005103486834230, 231.1242326184638216, 758.0931354135000220 ) ) ;
#2284 = DIRECTION ( 'NONE',  ( 0.6193866142804075325, 0.3411161415855321066, -0.7071067811865848762 ) ) ;
#2285 = DIRECTION ( 'NONE',  ( 0.000000000000000000, 0.000000000000000000, 1.000000000000000000 ) ) ;
#2286 = EDGE_CURVE ( 'NONE', #1694, #2359, #216, .T. ) ;
#2287 = CARTESIAN_POINT ( 'NONE',  ( 24.10244311422070496, 268.2662135052970598, 757.0666697906960962 ) ) ;
#2288 = EDGE_CURVE ( 'NONE', #3614, #3894, #5080, .T. ) ;
#2289 = DIRECTION ( 'NONE',  ( -1.000000000000000000, 0.000000000000000000, 0.000000000000000000 ) ) ;
#2290 = PRESENTATION_LAYER_ASSIGNMENT (  '', '', ( #2642 ) ) ;
#2291 = ORIENTED_EDGE ( 'NONE', *, *, #2513, .F. ) ;
#2292 = CIRCLE ( 'NONE', #151, 2.500000000000029310 ) ;
#2293 = CARTESIAN_POINT ( 'NONE',  ( 28.45421981165544523, 252.8860909690682774, 749.5782104240630588 ) ) ;
#2294 = DIRECTION ( 'NONE',  ( 0.000000000000000000, 0.000000000000000000, 1.000000000000000000 ) ) ;
#2295 = DIRECTION ( 'NONE',  ( -0.000000000000000000, -0.000000000000000000, 1.000000000000000000 ) ) ;
#2296 = EDGE_CURVE ( 'NONE', #2992, #4471, #4288, .T. ) ;
#2297 = DIRECTION ( 'NONE',  ( -0.000000000000000000, -0.000000000000000000, 1.000000000000000000 ) ) ;
#2298 = CONICAL_SURFACE ( 'NONE', #3801, 1.525000000000000355, 0.7853981633974045362 ) ;
#2299 = FACE_OUTER_BOUND ( 'NONE', #4399, .T. ) ;
#2300 = CIRCLE ( 'NONE', #5413, 1.249999999999994227 ) ;
#2301 = CARTESIAN_POINT ( 'NONE',  ( 25.69220022792124070, 233.0604817750456448, 758.2371555626982627 ) ) ;
#2302 = DIRECTION ( 'NONE',  ( 0.7043888059730348816, -0.7098143489813953932, -0.000000000000000000 ) ) ;
#2303 = ORIENTED_EDGE ( 'NONE', *, *, #3067, .T. ) ;
#2304 = ORIENTED_EDGE ( 'NONE', *, *, #2993, .F. ) ;
#2305 = ORIENTED_EDGE ( 'NONE', *, *, #2962, .F. ) ;
#2306 = LINE ( 'NONE', #4789, #4388 ) ;
#2307 = AXIS2_PLACEMENT_3D ( 'NONE', #4530, #1579, #654 ) ;
#2308 = FACE_OUTER_BOUND ( 'NONE', #3035, .T. ) ;
#2309 = CARTESIAN_POINT ( 'NONE',  ( 36.50000101791000162, 266.3697228090219369, 756.7442030372753834 ) ) ;
#2310 = ORIENTED_EDGE ( 'NONE', *, *, #3362, .F. ) ;
#2311 = DIRECTION ( 'NONE',  ( -1.000000000000000000, 0.000000000000000000, 0.000000000000000000 ) ) ;
#2312 = CARTESIAN_POINT ( 'NONE',  ( 3.358663235917262124, 274.7731105317160996, 757.5931354135000220 ) ) ;
#2313 = DIRECTION ( 'NONE',  ( 0.000000000000000000, 0.000000000000000000, -1.000000000000000000 ) ) ;
#2314 = FILL_AREA_STYLE ('',( #4483 ) ) ;
#2315 = B_SPLINE_CURVE_WITH_KNOTS ( 'NONE', 3,
 ( #3666, #2832, #4535, #712, #3832, #2051, #378, #800 ),
 .UNSPECIFIED., .F., .F.,
 ( 4, 2, 2, 4 ),
 ( 0.000000000000000000, 0.0004350997717668081649, 0.0008701995435336163298, 0.001740399087067269089 ),
 .UNSPECIFIED. ) ;
#2316 = CARTESIAN_POINT ( 'NONE',  ( 23.01229066261265643, 269.2464257742949485, 757.0955449564827404 ) ) ;
#2317 = EDGE_CURVE ( 'NONE', #5167, #1699, #4738, .T. ) ;
#2318 = ADVANCED_FACE ( 'NONE', ( #2551 ), #3567, .F. ) ;
#2319 = ORIENTED_EDGE ( 'NONE', *, *, #5454, .F. ) ;
#2320 = CARTESIAN_POINT ( 'NONE',  ( 28.56930164091237145, 251.3248702019497216, 749.5854040512509755 ) ) ;
#2321 = CARTESIAN_POINT ( 'NONE',  ( 26.52101516559009298, 267.4581764577841341, 757.3584151146839076 ) ) ;
#2322 = DIRECTION ( 'NONE',  ( -0.000000000000000000, -0.000000000000000000, -1.000000000000000000 ) ) ;
#2323 = DIRECTION ( 'NONE',  ( 0.000000000000000000, 0.000000000000000000, -1.000000000000000000 ) ) ;
#2324 = CARTESIAN_POINT ( 'NONE',  ( 1.017909983045999956E-06, 240.4997500792999858, 751.0931354135001357 ) ) ;
#2325 = EDGE_CURVE ( 'NONE', #3429, #4154, #4379, .T. ) ;
#2326 = EDGE_CURVE ( 'NONE', #3405, #747, #3752, .T. ) ;
#2327 = CARTESIAN_POINT ( 'NONE',  ( 29.02518582574679229, 251.8678910620324984, 749.1103563577597697 ) ) ;
#2328 = CARTESIAN_POINT ( 'NONE',  ( -2.178892550781585058, 225.0948826270063989, 752.0931354135001357 ) ) ;
#2329 = CARTESIAN_POINT ( 'NONE',  ( -0.03951075055706890216, 226.3883452329094723, 752.0931354135001357 ) ) ;
#2330 = EDGE_LOOP ( 'NONE', ( #4240, #2696, #2073, #2772, #4446, #4200 ) ) ;
#2331 = ORIENTED_EDGE ( 'NONE', *, *, #3169, .T. ) ;
#2332 = ORIENTED_EDGE ( 'NONE', *, *, #4335, .T. ) ;
#2333 = DIRECTION ( 'NONE',  ( -0.000000000000000000, -0.000000000000000000, 1.000000000000000000 ) ) ;
#2334 = CARTESIAN_POINT ( 'NONE',  ( 26.63648091161130438, 232.8707103807673491, 758.0931354135000220 ) ) ;
#2335 =( BOUNDED_CURVE ( )  B_SPLINE_CURVE ( 3, ( #290, #3691, #5398, #4553 ),
 .UNSPECIFIED., .F., .T. ) 
 B_SPLINE_CURVE_WITH_KNOTS ( ( 4, 4 ),
 ( 2.231972294514033450, 2.265449263174772021 ),
 .UNSPECIFIED. ) 
 CURVE ( )  GEOMETRIC_REPRESENTATION_ITEM ( )  RATIONAL_B_SPLINE_CURVE ( ( 1.000000000000000000, 0.9999066098946167713, 0.9999066098946167713, 1.000000000000000000 ) ) 
 REPRESENTATION_ITEM ( '' )  );
#2336 = VECTOR ( 'NONE', #1241, 1000.000000000000000 ) ;
#2337 = CARTESIAN_POINT ( 'NONE',  ( -23.59636339195274601, 240.3321967881634862, 758.0931354135000220 ) ) ;
#2338 = ORIENTED_EDGE ( 'NONE', *, *, #846, .F. ) ;
#2339 = VERTEX_POINT ( 'NONE', #3332 ) ;
#2340 = DIRECTION ( 'NONE',  ( -0.000000000000000000, -0.000000000000000000, 1.000000000000000000 ) ) ;
#2341 = DIRECTION ( 'NONE',  ( 0.000000000000000000, 0.000000000000000000, 1.000000000000000000 ) ) ;
#2342 = CARTESIAN_POINT ( 'NONE',  ( -24.10728986467717050, 243.3768881008350888, 756.1887844768114064 ) ) ;
#2343 = DIRECTION ( 'NONE',  ( 0.01427806288621426278, 0.7069626135236206643, 0.7071067811865963115 ) ) ;
#2344 = LINE ( 'NONE', #4038, #1935 ) ;
#2345 = MECHANICAL_DESIGN_GEOMETRIC_PRESENTATION_REPRESENTATION (  '', ( #1089 ), #1359 ) ;
#2346 = VECTOR ( 'NONE', #2024, 1000.000000000000000 ) ;
#2347 = AXIS2_PLACEMENT_3D ( 'NONE', #1645, #3341, #751 ) ;
#2348 = CARTESIAN_POINT ( 'NONE',  ( 2.955623769756750008, 228.1991928811738433, 762.0931354135001357 ) ) ;
#2349 = FACE_BOUND ( 'NONE', #4086, .T. ) ;
#2350 = CARTESIAN_POINT ( 'NONE',  ( 28.55742223963836324, 248.4383010061984294, 749.5845755090442708 ) ) ;
#2351 = CARTESIAN_POINT ( 'NONE',  ( 23.04827831848838215, 269.2033152034023828, 756.6910943386649251 ) ) ;
#2352 = DIRECTION ( 'NONE',  ( -1.000000000000000000, 0.000000000000000000, 0.000000000000000000 ) ) ;
#2353 = CARTESIAN_POINT ( 'NONE',  ( -10.99999898209001792, 228.3491149846890096, 752.3931354135000902 ) ) ;
#2354 = MECHANICAL_DESIGN_GEOMETRIC_PRESENTATION_REPRESENTATION (  '', ( #4761 ), #2080 ) ;
#2355 = AXIS2_PLACEMENT_3D ( 'NONE', #1222, #4714, #3365 ) ;
#2356 = CARTESIAN_POINT ( 'NONE',  ( 22.65769569382641890, 239.4342935357827855, 758.0931354135000220 ) ) ;
#2357 = VERTEX_POINT ( 'NONE', #4588 ) ;
#2358 = EDGE_CURVE ( 'NONE', #3621, #4477, #2857, .T. ) ;
#2359 = VERTEX_POINT ( 'NONE', #2106 ) ;
#2360 = EDGE_CURVE ( 'NONE', #295, #4477, #327, .T. ) ;
#2361 = CONICAL_SURFACE ( 'NONE', #1188, 1.524999999999998579, 0.7853981633974042031 ) ;
#2362 = ORIENTED_EDGE ( 'NONE', *, *, #586, .F. ) ;
#2363 = AXIS2_PLACEMENT_3D ( 'NONE', #2328, #1774, #3466 ) ;
#2364 = CARTESIAN_POINT ( 'NONE',  ( 2.955623769756750008, 228.1991928811738433, 752.5931354135001357 ) ) ;
#2365 = CARTESIAN_POINT ( 'NONE',  ( 23.46264380787096115, 268.7710676283844577, 757.0812124817268796 ) ) ;
#2366 = ADVANCED_FACE ( 'NONE', ( #2081 ), #1270, .T. ) ;
#2367 = UNCERTAINTY_MEASURE_WITH_UNIT (LENGTH_MEASURE( 1.000000000000000082E-05 ), #3109, 'distance_accuracy_value', 'NONE');
#2368 = FACE_BOUND ( 'NONE', #3351, .T. ) ;
#2369 = ORIENTED_EDGE ( 'NONE', *, *, #1503, .T. ) ;
#2370 = ORIENTED_EDGE ( 'NONE', *, *, #1186, .F. ) ;
#2371 = DIRECTION ( 'NONE',  ( 1.000000000000000000, 0.000000000000000000, 0.000000000000000000 ) ) ;
#2372 = CARTESIAN_POINT ( 'NONE',  ( -12.49999898208992910, 271.6503851739110473, 755.5931354135000220 ) ) ;
#2373 = DIRECTION ( 'NONE',  ( -1.000000000000000000, 0.000000000000000000, 0.000000000000000000 ) ) ;
#2374 = CARTESIAN_POINT ( 'NONE',  ( -1.961003193912419285, 272.4141307863642965, 758.0931354135000220 ) ) ;
#2375 = DIRECTION ( 'NONE',  ( 1.000000000000000000, 7.930164461608292783E-15, 0.000000000000000000 ) ) ;
#2376 = EDGE_LOOP ( 'NONE', ( #1628, #2752, #1437, #5043 ) ) ;
#2377 = DIRECTION ( 'NONE',  ( -1.000000000000000000, 0.000000000000000000, 0.000000000000000000 ) ) ;
#2378 = CARTESIAN_POINT ( 'NONE',  ( -20.47880008931491602, 264.3391609880760598, 758.0931354135000220 ) ) ;
#2379 = DIRECTION ( 'NONE',  ( -1.000000000000000000, -0.000000000000000000, -0.000000000000000000 ) ) ;
#2380 = CARTESIAN_POINT ( 'NONE',  ( 28.42328943381749085, 246.8216593580028757, 749.5766119621727057 ) ) ;
#2381 = DIRECTION ( 'NONE',  ( -0.000000000000000000, -0.000000000000000000, -1.000000000000000000 ) ) ;
#2382 = CIRCLE ( 'NONE', #856, 1.249999999999997558 ) ;
#2383 = CARTESIAN_POINT ( 'NONE',  ( 17.40202599221967006, 263.4596730654654948, 757.5931354135000220 ) ) ;
#2384 = ORIENTED_EDGE ( 'NONE', *, *, #1087, .T. ) ;
#2385 = ORIENTED_EDGE ( 'NONE', *, *, #1088, .F. ) ;
#2386 = AXIS2_PLACEMENT_3D ( 'NONE', #5460, #301, #2054 ) ;
#2387 = EDGE_CURVE ( 'NONE', #4366, #2339, #2942, .T. ) ;
#2388 = EDGE_CURVE ( 'NONE', #166, #1845, #1166, .T. ) ;
#2389 = CARTESIAN_POINT ( 'NONE',  ( 1.017909983045999956E-06, 249.9997500793000142, 757.0931354135110496 ) ) ;
#2390 = CARTESIAN_POINT ( 'NONE',  ( 24.66176413862453742, 232.7116343474406506, 758.0931354135000220 ) ) ;
#2391 = CARTESIAN_POINT ( 'NONE',  ( 36.46201479283337221, 233.6771575756342827, 756.3144542631450804 ) ) ;
#2392 = EDGE_LOOP ( 'NONE', ( #4887, #1382, #3124, #2440 ) ) ;
#2393 = ADVANCED_FACE ( 'NONE', ( #2884 ), #4645, .T. ) ;
#2394 = CARTESIAN_POINT ( 'NONE',  ( -2.178892550781585058, 225.0948826270063989, 752.0931354135001357 ) ) ;
#2395 = DIRECTION ( 'NONE',  ( -1.000000000000000000, 0.000000000000000000, 0.000000000000000000 ) ) ;
#2396 = VECTOR ( 'NONE', #3905, 1000.000000000000114 ) ;
#2397 = CARTESIAN_POINT ( 'NONE',  ( -23.13368957999481523, 259.4777435019825020, 757.5931354135000220 ) ) ;
#2398 = VERTEX_POINT ( 'NONE', #5483 ) ;
#2399 = ORIENTED_EDGE ( 'NONE', *, *, #4940, .F. ) ;
#2400 = CARTESIAN_POINT ( 'NONE',  ( -13.99999898208992377, 228.3491149846890096, 755.5931354135000220 ) ) ;
#2401 = DIRECTION ( 'NONE',  ( 0.000000000000000000, 0.000000000000000000, 1.000000000000000000 ) ) ;
#2402 = CARTESIAN_POINT ( 'NONE',  ( 25.44694453048682803, 232.3669183810552852, 757.0926936005968173 ) ) ;
#2403 = CARTESIAN_POINT ( 'NONE',  ( -13.99999898208992377, 228.3491149846890096, 752.3931354135000902 ) ) ;
#2404 = DIRECTION ( 'NONE',  ( 0.000000000000000000, -1.000000000000000000, 0.000000000000000000 ) ) ;
#2405 = CARTESIAN_POINT ( 'NONE',  ( 22.91836614617771062, 231.5048441128362242, 758.0931354135001357 ) ) ;
#2406 = CARTESIAN_POINT ( 'NONE',  ( 26.14958660086822917, 266.8858257232328697, 758.3699264613059086 ) ) ;
#2407 = DIRECTION ( 'NONE',  ( 1.000000000000000000, 0.000000000000000000, 0.000000000000000000 ) ) ;
#2408 = DIRECTION ( 'NONE',  ( 0.7071067811865165975, 8.659560562354554451E-17, -0.7071067811865784369 ) ) ;
#2409 = ORIENTED_EDGE ( 'NONE', *, *, #955, .T. ) ;
#2410 = VERTEX_POINT ( 'NONE', #2523 ) ;
#2411 = DIRECTION ( 'NONE',  ( 0.000000000000000000, 0.000000000000000000, -1.000000000000000000 ) ) ;
#2412 = CARTESIAN_POINT ( 'NONE',  ( 22.65769569382622350, 260.5652066228175272, 757.5931354135000220 ) ) ;
#2413 = UNCERTAINTY_MEASURE_WITH_UNIT (LENGTH_MEASURE( 1.000000000000000082E-05 ), #665, 'distance_accuracy_value', 'NONE');
#2414 = CARTESIAN_POINT ( 'NONE',  ( 35.27011149771664122, 234.0563200951417286, 752.8302241299505795 ) ) ;
#2415 = ORIENTED_EDGE ( 'NONE', *, *, #408, .F. ) ;
#2416 = CARTESIAN_POINT ( 'NONE',  ( 27.49926205305408899, 267.3841273553885571, 758.0931354135005904 ) ) ;
#2417 = CARTESIAN_POINT ( 'NONE',  ( -24.10777039492851870, 243.3786382994942414, 753.9965124790134041 ) ) ;
#2418 = AXIS2_PLACEMENT_3D ( 'NONE', #3697, #3275, #3300 ) ;
#2419 = DIRECTION ( 'NONE',  ( 0.000000000000000000, 0.000000000000000000, -1.000000000000000000 ) ) ;
#2420 = EDGE_CURVE ( 'NONE', #3928, #4668, #4232, .T. ) ;
#2421 = EDGE_CURVE ( 'NONE', #2628, #718, #3387, .T. ) ;
#2422 = CARTESIAN_POINT ( 'NONE',  ( 23.23998928104395389, 268.9732221244357788, 754.5324291663662279 ) ) ;
#2423 = ORIENTED_EDGE ( 'NONE', *, *, #4429, .T. ) ;
#2424 = ORIENTED_EDGE ( 'NONE', *, *, #1811, .F. ) ;
#2425 = DIRECTION ( 'NONE',  ( 0.000000000000000000, 0.000000000000000000, 1.000000000000000000 ) ) ;
#2426 = CARTESIAN_POINT ( 'NONE',  ( 25.56881642438977309, 266.9632071697975562, 758.2079546328290007 ) ) ;
#2427 = DIRECTION ( 'NONE',  ( -0.000000000000000000, -0.000000000000000000, -1.000000000000000000 ) ) ;
#2428 = CARTESIAN_POINT ( 'NONE',  ( 24.11435217861962954, 231.7414798956167203, 757.0664279401548811 ) ) ;
#2429 = EDGE_CURVE ( 'NONE', #267, #4357, #4675, .T. ) ;
#2430 = CARTESIAN_POINT ( 'NONE',  ( 23.61343303836958540, 231.4955389851967880, 750.1355523235664577 ) ) ;
#2431 = AXIS2_PLACEMENT_3D ( 'NONE', #4663, #2071, #1712 ) ;
#2432 = CARTESIAN_POINT ( 'NONE',  ( 25.31610720215178389, 267.0290116452487723, 758.1600036997920142 ) ) ;
#2433 = CARTESIAN_POINT ( 'NONE',  ( 1.017909983045999956E-06, 249.9997500793000142, 752.5931354135001357 ) ) ;
#2434 = CARTESIAN_POINT ( 'NONE',  ( 23.01293462730535211, 230.7538443669267849, 757.0931413762962165 ) ) ;
#2435 = VERTEX_POINT ( 'NONE', #4975 ) ;
#2436 = ORIENTED_EDGE ( 'NONE', *, *, #2894, .T. ) ;
#2437 = CARTESIAN_POINT ( 'NONE',  ( -28.06551667335919831, 240.4997500792999858, 749.0931354135001357 ) ) ;
#2438 = DIRECTION ( 'NONE',  ( 0.000000000000000000, 0.000000000000000000, 1.000000000000000000 ) ) ;
#2439 = CARTESIAN_POINT ( 'NONE',  ( 36.36590196152022969, 233.7512099124753888, 755.6339675408073617 ) ) ;
#2440 = ORIENTED_EDGE ( 'NONE', *, *, #138, .F. ) ;
#2441 = AXIS2_PLACEMENT_3D ( 'NONE', #4271, #5097, #449 ) ;
#2442 = VECTOR ( 'NONE', #3369, 999.9999999999998863 ) ;
#2443 = FACE_OUTER_BOUND ( 'NONE', #3209, .T. ) ;
#2444 = CARTESIAN_POINT ( 'NONE',  ( 24.54700143292268066, 267.3536452156396308, 758.0931354135000220 ) ) ;
#2445 = DIRECTION ( 'NONE',  ( -1.000000000000000000, 0.000000000000000000, 0.000000000000000000 ) ) ;
#2446 = VECTOR ( 'NONE', #1114, 1000.000000000000000 ) ;
#2447 = LINE ( 'NONE', #4620, #2470 ) ;
#2448 = CIRCLE ( 'NONE', #48, 28.59999999999999787 ) ;
#2449 = ORIENTED_EDGE ( 'NONE', *, *, #445, .T. ) ;
#2450 = EDGE_CURVE ( 'NONE', #398, #4141, #5240, .T. ) ;
#2451 = DIRECTION ( 'NONE',  ( 0.000000000000000000, -0.1234049929975011561, -0.9923563914760092919 ) ) ;
#2452 = EDGE_CURVE ( 'NONE', #1699, #1845, #2856, .T. ) ;
#2453 = DIRECTION ( 'NONE',  ( -1.000000000000000000, 0.000000000000000000, 0.000000000000000000 ) ) ;
#2454 = CARTESIAN_POINT ( 'NONE',  ( 32.00805360697113855, 233.3555858894364690, 750.8948943486230974 ) ) ;
#2455 = AXIS2_PLACEMENT_3D ( 'NONE', #1815, #2170, #3872 ) ;
#2456 = CARTESIAN_POINT ( 'NONE',  ( -24.39830623987266378, 244.5473600474312548, 756.2197363730161896 ) ) ;
#2457 = CARTESIAN_POINT ( 'NONE',  ( 2.955623769756390740, 271.8003072774261568, 752.5931354135001357 ) ) ;
#2458 = DIRECTION ( 'NONE',  ( -1.000000000000000000, 0.000000000000000000, 0.000000000000000000 ) ) ;
#2459 =( LENGTH_UNIT ( ) NAMED_UNIT ( * ) SI_UNIT ( .MILLI., .METRE. ) );
#2460 = EDGE_CURVE ( 'NONE', #3272, #835, #2025, .T. ) ;
#2461 = CARTESIAN_POINT ( 'NONE',  ( 25.44447772307499633, 232.3669422260669535, 757.0917174560289595 ) ) ;
#2462 = CARTESIAN_POINT ( 'NONE',  ( -18.43091997859242426, 262.9052198971984353, 758.0931354135000220 ) ) ;
#2463 = DIRECTION ( 'NONE',  ( -1.000000000000000000, 0.000000000000000000, 0.000000000000000000 ) ) ;
#2464 = ORIENTED_EDGE ( 'NONE', *, *, #816, .F. ) ;
#2465 = DIRECTION ( 'NONE',  ( -0.000000000000000000, -0.000000000000000000, -1.000000000000000000 ) ) ;
#2466 = ORIENTED_EDGE ( 'NONE', *, *, #1186, .T. ) ;
#2467 = AXIS2_PLACEMENT_3D ( 'NONE', #2107, #5511, #4766 ) ;
#2468 = AXIS2_PLACEMENT_3D ( 'NONE', #3111, #3168, #3560 ) ;
#2469 = ORIENTED_EDGE ( 'NONE', *, *, #3684, .F. ) ;
#2470 = VECTOR ( 'NONE', #4538, 1000.000000000000000 ) ;
#2471 = CARTESIAN_POINT ( 'NONE',  ( 35.41802735120835166, 234.0298336686272194, 753.0735566093691205 ) ) ;
#2472 = ORIENTED_EDGE ( 'NONE', *, *, #1749, .T. ) ;
#2473 = CARTESIAN_POINT ( 'NONE',  ( -20.47880008931489471, 235.6603391705239403, 752.0931354135001357 ) ) ;
#2474 = CARTESIAN_POINT ( 'NONE',  ( 2.955623769756390740, 271.8003072774261568, 758.0931354135000220 ) ) ;
#2475 = CARTESIAN_POINT ( 'NONE',  ( -29.04737407864564958, 243.9997500793000142, 753.5681354135000447 ) ) ;
#2476 = ORIENTED_EDGE ( 'NONE', *, *, #2317, .T. ) ;
#2477 = CARTESIAN_POINT ( 'NONE',  ( 29.41186634025014257, 267.4356280180832641, 762.1274847256490830 ) ) ;
#2478 = CARTESIAN_POINT ( 'NONE',  ( -19.22880008931489826, 235.6603391705239403, 752.0931354135001357 ) ) ;
#2479 = LINE ( 'NONE', #4570, #38 ) ;
#2480 = CARTESIAN_POINT ( 'NONE',  ( 23.01250546738167557, 269.2461689400399223, 757.0931354135103675 ) ) ;
#2481 = ORIENTED_EDGE ( 'NONE', *, *, #2625, .T. ) ;
#2482 = PRESENTATION_STYLE_ASSIGNMENT (( #1314 ) ) ;
#2483 = DIRECTION ( 'NONE',  ( 1.000000000000000000, 0.000000000000000000, 0.000000000000000000 ) ) ;
#2484 = FACE_OUTER_BOUND ( 'NONE', #948, .T. ) ;
#2485 = CARTESIAN_POINT ( 'NONE',  ( 29.08466193252379028, 249.0499286098846881, 749.1145282817492443 ) ) ;
#2486 = ORIENTED_EDGE ( 'NONE', *, *, #4162, .T. ) ;
#2487 = EDGE_CURVE ( 'NONE', #3961, #305, #2681, .T. ) ;
#2488 = ADVANCED_FACE ( 'NONE', ( #5027 ), #12, .F. ) ;
#2489 = CARTESIAN_POINT ( 'NONE',  ( 24.50079900222307216, 232.5321678054170036, 757.5156453840479571 ) ) ;
#2490 = ORIENTED_EDGE ( 'NONE', *, *, #4702, .F. ) ;
#2491 = ORIENTED_EDGE ( 'NONE', *, *, #4841, .F. ) ;
#2492 = CARTESIAN_POINT ( 'NONE',  ( -25.49999898209004812, 249.9997500793000142, 752.0931354135001357 ) ) ;
#2493 = VERTEX_POINT ( 'NONE', #3025 ) ;
#2494 = CARTESIAN_POINT ( 'NONE',  ( 35.27611705894772598, 267.1743440695032064, 755.1547499284574769 ) ) ;
#2495 = DIRECTION ( 'NONE',  ( -0.000000000000000000, -0.000000000000000000, -1.000000000000000000 ) ) ;
#2496 = DIRECTION ( 'NONE',  ( -0.000000000000000000, -0.000000000000000000, -1.000000000000000000 ) ) ;
#2497 = EDGE_LOOP ( 'NONE', ( #4914, #569, #658, #4972, #5366, #5086 ) ) ;
#2498 = CARTESIAN_POINT ( 'NONE',  ( -24.26932118111325209, 243.9997500793000427, 756.3431354135000220 ) ) ;
#2499 = DIRECTION ( 'NONE',  ( 1.000000000000000000, 0.000000000000000000, 0.000000000000000000 ) ) ;
#2500 = VECTOR ( 'NONE', #4317, 1000.000000000000114 ) ;
#2501 = FACE_OUTER_BOUND ( 'NONE', #1047, .T. ) ;
#2502 = CARTESIAN_POINT ( 'NONE',  ( -24.26932118111372816, 243.9997500793005543, 753.8431354134936555 ) ) ;
#2503 = AXIS2_PLACEMENT_3D ( 'NONE', #379, #2052, #1212 ) ;
#2504 = DIRECTION ( 'NONE',  ( 1.000000000000000000, 0.000000000000000000, 0.000000000000000000 ) ) ;
#2505 = ORIENTED_EDGE ( 'NONE', *, *, #2791, .F. ) ;
#2506 = CARTESIAN_POINT ( 'NONE',  ( 24.41421509982028581, 267.6830234728732876, 750.2371977226508761 ) ) ;
#2507 = DIRECTION ( 'NONE',  ( -0.000000000000000000, -0.000000000000000000, 1.000000000000000000 ) ) ;
#2508 = CARTESIAN_POINT ( 'NONE',  ( 26.45348218946441321, 266.6815942274616873, 750.1040309104087100 ) ) ;
#2509 = CARTESIAN_POINT ( 'NONE',  ( 29.07337265972817519, 250.9271528603582055, 749.1136724438672445 ) ) ;
#2510 = EDGE_LOOP ( 'NONE', ( #797, #2531, #2291, #3250 ) ) ;
#2511 = AXIS2_PLACEMENT_3D ( 'NONE', #5272, #119, #2680 ) ;
#2512 = CARTESIAN_POINT ( 'NONE',  ( 26.63648091161130438, 232.8707103807673491, 758.0931354135000220 ) ) ;
#2513 = EDGE_CURVE ( 'NONE', #4678, #4487, #5178, .T. ) ;
#2514 = EDGE_CURVE ( 'NONE', #1491, #4801, #2998, .T. ) ;
#2515 = ORIENTED_EDGE ( 'NONE', *, *, #963, .T. ) ;
#2516 = ORIENTED_EDGE ( 'NONE', *, *, #485, .F. ) ;
#2517 = DIRECTION ( 'NONE',  ( -1.000000000000000000, 0.000000000000000000, 0.000000000000000000 ) ) ;
#2518 = ORIENTED_EDGE ( 'NONE', *, *, #4807, .F. ) ;
#2519 = STYLED_ITEM ( 'NONE', ( #4401 ), #1196 ) ;
#2520 = VECTOR ( 'NONE', #702, 1000.000000000000000 ) ;
#2521 = EDGE_CURVE ( 'NONE', #4471, #5496, #1079, .T. ) ;
#2522 = CARTESIAN_POINT ( 'NONE',  ( -28.77237407864564744, 243.9997500793000142, 756.3431354135000220 ) ) ;
#2523 = CARTESIAN_POINT ( 'NONE',  ( -14.29999898208991027, 271.6503851739110473, 752.0931354135001357 ) ) ;
#2524 = CARTESIAN_POINT ( 'NONE',  ( -19.22880008931489826, 235.6603391705239403, 752.3681354135001129 ) ) ;
#2525 = CARTESIAN_POINT ( 'NONE',  ( 34.50763631212187477, 265.8321616866518298, 751.8038200427560014 ) ) ;
#2526 = ORIENTED_EDGE ( 'NONE', *, *, #3643, .F. ) ;
#2527 = PLANE ( 'NONE',  #1413 ) ;
#2528 = STYLED_ITEM ( 'NONE', ( #2482 ), #1710 ) ;
#2529 = FACE_OUTER_BOUND ( 'NONE', #2510, .T. ) ;
#2530 = CARTESIAN_POINT ( 'NONE',  ( -20.41822339878040538, 238.6597275189313621, 757.5931354135000220 ) ) ;
#2531 = ORIENTED_EDGE ( 'NONE', *, *, #4930, .T. ) ;
#2532 = CIRCLE ( 'NONE', #3154, 1.525000000000000355 ) ;
#2533 = CARTESIAN_POINT ( 'NONE',  ( 2.955623769756390740, 271.8003072774261568, 752.0931354135001357 ) ) ;
#2534 = ORIENTED_EDGE ( 'NONE', *, *, #4641, .F. ) ;
#2535 =( NAMED_UNIT ( * ) SI_UNIT ( $, .STERADIAN. ) SOLID_ANGLE_UNIT ( ) );
#2536 = CARTESIAN_POINT ( 'NONE',  ( 29.67095843361394358, 232.2275736670338517, 759.9647559831737453 ) ) ;
#2537 = CARTESIAN_POINT ( 'NONE',  ( 20.17052996540553167, 234.3984757089721995, 752.0931354135001357 ) ) ;
#2538 = CARTESIAN_POINT ( 'NONE',  ( -0.9288925507815919413, 225.0948826270063989, 758.0931354135000220 ) ) ;
#2539 =( BOUNDED_CURVE ( )  B_SPLINE_CURVE ( 3, ( #24, #2235, #3424, #1789 ),
 .UNSPECIFIED., .F., .T. ) 
 B_SPLINE_CURVE_WITH_KNOTS ( ( 4, 4 ),
 ( 4.016827158552752408, 4.051238932617167166 ),
 .UNSPECIFIED. ) 
 CURVE ( )  GEOMETRIC_REPRESENTATION_ITEM ( )  RATIONAL_B_SPLINE_CURVE ( ( 1.000000000000000000, 0.9999013215849317238, 0.9999013215849317238, 1.000000000000000000 ) ) 
 REPRESENTATION_ITEM ( '' )  );
#2540 = CARTESIAN_POINT ( 'NONE',  ( 24.95683572054340260, 233.1753761447047566, 752.3438834809327318 ) ) ;
#2541 = ORIENTED_EDGE ( 'NONE', *, *, #4665, .F. ) ;
#2542 = ORIENTED_EDGE ( 'NONE', *, *, #5073, .T. ) ;
#2543 = CARTESIAN_POINT ( 'NONE',  ( 30.56738400448568171, 234.4335484849976297, 749.3637826846357939 ) ) ;
#2544 = ORIENTED_EDGE ( 'NONE', *, *, #3027, .T. ) ;
#2545 = EDGE_CURVE ( 'NONE', #3153, #3122, #1711, .T. ) ;
#2546 = EDGE_CURVE ( 'NONE', #4747, #3918, #193, .T. ) ;
#2547 = CIRCLE ( 'NONE', #5312, 29.05035771344207518 ) ;
#2548 = AXIS2_PLACEMENT_3D ( 'NONE', #5521, #3843, #3037 ) ;
#2549 = CARTESIAN_POINT ( 'NONE',  ( 28.68341725190077796, 245.3059291804826501, 749.0949043630241704 ) ) ;
#2550 = CARTESIAN_POINT ( 'NONE',  ( 34.06575297376997469, 266.8690574683210457, 752.6997997472994939 ) ) ;
#2551 = FACE_OUTER_BOUND ( 'NONE', #3452, .T. ) ;
#2552 = DIRECTION ( 'NONE',  ( -0.000000000000000000, -0.000000000000000000, -1.000000000000000000 ) ) ;
#2553 = CARTESIAN_POINT ( 'NONE',  ( 36.43385123547432869, 266.2955362059734625, 756.0623920181849371 ) ) ;
#2554 = B_SPLINE_SURFACE_WITH_KNOTS ( 'NONE', 1, 3, ( 
 ( #2712, #3547, #1827, #1425, #3118, #4756, #594, #515, #4828, #2219, #2301, #3521, #3492, #3915, #5193, #1377, #3073, #5223 ),
 ( #4782, #1405, #981, #2656, #2461, #761, #726, #2845, #315, #1484, #1986, #1091, #3712, #4910, #4547, #5416, #1596, #1514 ) ),
 .UNSPECIFIED., .F., .F., .F.,
 ( 2, 2 ),
 ( 4, 2, 2, 2, 2, 2, 2, 2, 4 ),
 ( 0.000000000000000000, 1.000000000000000000 ),
 ( 0.000000000000000000, 0.0006239069171235865196, 0.0009358603756853797794, 0.001247813834247173039, 0.001403790563528069723, 0.001559767292808966407, 0.001871720751370759559, 0.002183674209932552710, 0.002495627668494346078 ),
 .UNSPECIFIED. ) ;
#2555 = ADVANCED_FACE ( 'NONE', ( #463 ), #2581, .T. ) ;
#2556 = ADVANCED_FACE ( 'NONE', ( #2612 ), #3902, .T. ) ;
#2557 = VECTOR ( 'NONE', #1105, 1000.000000000000114 ) ;
#2558 = ORIENTED_EDGE ( 'NONE', *, *, #5174, .F. ) ;
#2559 = CARTESIAN_POINT ( 'NONE',  ( 30.50000903601645774, 268.1164490728858709, 762.7306502128760712 ) ) ;
#2560 = CYLINDRICAL_SURFACE ( 'NONE', #1184, 1.249999999999993339 ) ;
#2561 = FILL_AREA_STYLE ('',( #3308 ) ) ;
#2562 = CARTESIAN_POINT ( 'NONE',  ( -13.99999898208992377, 228.3491149846890096, 755.5931354135000220 ) ) ;
#2563 = EDGE_LOOP ( 'NONE', ( #467, #3700 ) ) ;
#2564 = CARTESIAN_POINT ( 'NONE',  ( -1.917425322538268695, 228.0834667212815816, 752.5931354135001357 ) ) ;
#2565 = SURFACE_SIDE_STYLE ('',( #2594 ) ) ;
#2566 = AXIS2_PLACEMENT_3D ( 'NONE', #2412, #627, #2774 ) ;
#2567 = VERTEX_POINT ( 'NONE', #1651 ) ;
#2568 = CARTESIAN_POINT ( 'NONE',  ( 25.38606916930617530, 267.0675494900530111, 750.2545320613423883 ) ) ;
#2569 = CARTESIAN_POINT ( 'NONE',  ( 29.81340343204903931, 232.1958742228829919, 760.2196375940554844 ) ) ;
#2570 = CARTESIAN_POINT ( 'NONE',  ( 27.62881658588298706, 266.5239763670764432, 749.9248436610038198 ) ) ;
#2571 = CARTESIAN_POINT ( 'NONE',  ( -23.59636339195289167, 259.6673033704361160, 752.0931354135001357 ) ) ;
#2572 = CIRCLE ( 'NONE', #699, 22.50000000000001421 ) ;
#2573 = CARTESIAN_POINT ( 'NONE',  ( -29.04737407864564247, 243.4158333415189475, 757.4898111020427223 ) ) ;
#2574 = ORIENTED_EDGE ( 'NONE', *, *, #2793, .F. ) ;
#2575 = ORIENTED_EDGE ( 'NONE', *, *, #443, .T. ) ;
#2576 = ORIENTED_EDGE ( 'NONE', *, *, #3994, .F. ) ;
#2577 = DIRECTION ( 'NONE',  ( 0.000000000000000000, 0.000000000000000000, -1.000000000000000000 ) ) ;
#2578 = VERTEX_POINT ( 'NONE', #4243 ) ;
#2579 = CARTESIAN_POINT ( 'NONE',  ( 28.84291994718648766, 253.6323606450891930, 749.1004738041452811 ) ) ;
#2580 = CARTESIAN_POINT ( 'NONE',  ( 32.04521337368485945, 265.6252667709283628, 749.9024728504156201 ) ) ;
#2581 = PLANE ( 'NONE',  #2602 ) ;
#2582 = CARTESIAN_POINT ( 'NONE',  ( 34.09669778516194327, 233.1352129995844393, 752.6668180736222666 ) ) ;
#2583 = CARTESIAN_POINT ( 'NONE',  ( 32.91808604619087930, 265.6819806905407404, 750.4236872589478935 ) ) ;
#2584 =( BOUNDED_CURVE ( )  B_SPLINE_CURVE ( 3, ( #4751, #117, #510, #1772 ),
 .UNSPECIFIED., .F., .T. ) 
 B_SPLINE_CURVE_WITH_KNOTS ( ( 4, 4 ),
 ( 4.114784845635191424, 4.157439321147238687 ),
 .UNSPECIFIED. ) 
 CURVE ( )  GEOMETRIC_REPRESENTATION_ITEM ( )  RATIONAL_B_SPLINE_CURVE ( ( 1.000000000000000000, 0.9998483887234093093, 0.9998483887234093093, 1.000000000000000000 ) ) 
 REPRESENTATION_ITEM ( '' )  );
#2585 = ORIENTED_EDGE ( 'NONE', *, *, #4300, .F. ) ;
#2586 = CARTESIAN_POINT ( 'NONE',  ( 24.12882141973926764, 232.4430969987728020, 758.0931354135000220 ) ) ;
#2587 = CARTESIAN_POINT ( 'NONE',  ( 19.93877233271638971, 240.7021483210048700, 752.5931354135001357 ) ) ;
#2588 = FACE_OUTER_BOUND ( 'NONE', #2900, .T. ) ;
#2589 = EDGE_CURVE ( 'NONE', #3918, #5513, #2777, .T. ) ;
#2590 = DIRECTION ( 'NONE',  ( -1.000000000000000000, 0.000000000000000000, 0.000000000000000000 ) ) ;
#2591 = ADVANCED_FACE ( 'NONE', ( #1230 ), #995, .T. ) ;
#2592 = ORIENTED_EDGE ( 'NONE', *, *, #1977, .T. ) ;
#2593 = CARTESIAN_POINT ( 'NONE',  ( 23.84861346809757876, 231.5515332291653579, 757.0721883577460858 ) ) ;
#2594 = SURFACE_STYLE_FILL_AREA ( #1617 ) ;
#2595 = ORIENTED_EDGE ( 'NONE', *, *, #2589, .T. ) ;
#2596 = CARTESIAN_POINT ( 'NONE',  ( 28.27727574869018667, 254.2860472500404398, 749.5707419767040847 ) ) ;
#2597 = CARTESIAN_POINT ( 'NONE',  ( 27.13683592196102268, 232.5186330457164843, 757.6244725716450148 ) ) ;
#2598 = CYLINDRICAL_SURFACE ( 'NONE', #5470, 3.000000000000033751 ) ;
#2599 = EDGE_CURVE ( 'NONE', #3152, #2029, #909, .T. ) ;
#2600 = CARTESIAN_POINT ( 'NONE',  ( -24.10793430525705006, 256.6188413534283654, 756.1820620492559328 ) ) ;
#2601 = AXIS2_PLACEMENT_3D ( 'NONE', #5510, #4257, #1585 ) ;
#2602 = AXIS2_PLACEMENT_3D ( 'NONE', #908, #3867, #4284 ) ;
#2603 = DIRECTION ( 'NONE',  ( -0.6193866142804671515, -0.3411161415855731294, -0.7071067811865128228 ) ) ;
#2604 = CARTESIAN_POINT ( 'NONE',  ( 19.65769569382620219, 260.5652066228175272, 752.5931354135001357 ) ) ;
#2605 = ORIENTED_EDGE ( 'NONE', *, *, #2956, .T. ) ;
#2606 = EDGE_LOOP ( 'NONE', ( #4032, #4092, #2012, #4210 ) ) ;
#2607 = DIRECTION ( 'NONE',  ( 1.000000000000000000, 0.000000000000000000, 0.000000000000000000 ) ) ;
#2608 = ORIENTED_EDGE ( 'NONE', *, *, #3950, .F. ) ;
#2609 = AXIS2_PLACEMENT_3D ( 'NONE', #2473, #3866, #4644 ) ;
#2610 = AXIS2_PLACEMENT_3D ( 'NONE', #2892, #4569, #4213 ) ;
#2611 = CARTESIAN_POINT ( 'NONE',  ( 28.58914727021084445, 250.9136666275497589, 749.5867910276868997 ) ) ;
#2612 = FACE_OUTER_BOUND ( 'NONE', #5096, .T. ) ;
#2613 = DIRECTION ( 'NONE',  ( -0.000000000000000000, -0.000000000000000000, -1.000000000000000000 ) ) ;
#2614 = CARTESIAN_POINT ( 'NONE',  ( 35.86763739294875108, 266.0684782597082858, 753.9756911929891885 ) ) ;
#2615 = CONICAL_SURFACE ( 'NONE', #5198, 2.999999999999985345, 0.7853981633973688981 ) ;
#2616 = VERTEX_POINT ( 'NONE', #3822 ) ;
#2617 = CARTESIAN_POINT ( 'NONE',  ( 30.05974129956934959, 267.8697987211771760, 760.7472211227503749 ) ) ;
#2618 = B_SPLINE_CURVE_WITH_KNOTS ( 'NONE', 3,
 ( #3974, #604, #181, #130, #4865, #552, #210, #4450, #5206, #3555, #4062, #1836 ),
 .UNSPECIFIED., .F., .F.,
 ( 4, 2, 2, 2, 2, 4 ),
 ( 1.040834085586084257E-17, 0.0004285900074912640258, 0.0008571800149825176433, 0.001714360029965034419, 0.002571540044947551087, 0.003428720059930068405 ),
 .UNSPECIFIED. ) ;
#2619 = LINE ( 'NONE', #1669, #4486 ) ;
#2620 = FACE_OUTER_BOUND ( 'NONE', #507, .T. ) ;
#2621 = LINE ( 'NONE', #1392, #1759 ) ;
#2622 = AXIS2_PLACEMENT_3D ( 'NONE', #4880, #4012, #2812 ) ;
#2623 = ORIENTED_EDGE ( 'NONE', *, *, #3127, .F. ) ;
#2624 = CARTESIAN_POINT ( 'NONE',  ( 23.87741178716216339, 231.5733657242441552, 757.0715465859508413 ) ) ;
#2625 = EDGE_CURVE ( 'NONE', #2359, #1736, #2038, .T. ) ;
#2626 = EDGE_CURVE ( 'NONE', #4357, #3020, #284, .T. ) ;
#2627 = AXIS2_PLACEMENT_3D ( 'NONE', #3499, #1806, #3079 ) ;
#2628 = VERTEX_POINT ( 'NONE', #5016 ) ;
#2629 = CARTESIAN_POINT ( 'NONE',  ( -28.62034865104858383, 241.0056982201745654, 749.1539639274255933 ) ) ;
#2630 = DIRECTION ( 'NONE',  ( -0.000000000000000000, -0.000000000000000000, 1.000000000000000000 ) ) ;
#2631 = DIRECTION ( 'NONE',  ( -0.000000000000000000, -0.000000000000000000, -1.000000000000000000 ) ) ;
#2632 = CARTESIAN_POINT ( 'NONE',  ( -24.22946995629312283, 256.1609437818308947, 753.8431354135003630 ) ) ;
#2633 = ADVANCED_FACE ( 'NONE', ( #4605 ), #392, .T. ) ;
#2634 = ORIENTED_EDGE ( 'NONE', *, *, #2048, .F. ) ;
#2635 = ORIENTED_EDGE ( 'NONE', *, *, #3784, .F. ) ;
#2636 = EDGE_LOOP ( 'NONE', ( #2973, #4355, #2239, #5109 ) ) ;
#2637 = CARTESIAN_POINT ( 'NONE',  ( 28.51099619168187616, 252.3018667208256716, 749.5814035691870458 ) ) ;
#2638 = DIRECTION ( 'NONE',  ( -1.000000000000000000, 0.000000000000000000, 0.000000000000000000 ) ) ;
#2639 = LINE ( 'NONE', #1329, #2500 ) ;
#2640 = CARTESIAN_POINT ( 'NONE',  ( 25.67080235066896066, 267.5695813525950371, 757.1233760582475725 ) ) ;
#2641 = CARTESIAN_POINT ( 'NONE',  ( 35.66621634585873579, 266.0204855471214955, 753.5345458738460138 ) ) ;
#2642 = STYLED_ITEM ( 'NONE', ( #4922 ), #3845 ) ;
#2643 = VERTEX_POINT ( 'NONE', #2095 ) ;
#2644 = CARTESIAN_POINT ( 'NONE',  ( 29.67083511932986184, 267.7724696302568077, 759.9645530709534569 ) ) ;
#2645 = AXIS2_PLACEMENT_3D ( 'NONE', #1808, #4524, #1957 ) ;
#2646 = DIRECTION ( 'NONE',  ( -1.000000000000000000, 0.000000000000000000, 0.000000000000000000 ) ) ;
#2647 = ORIENTED_EDGE ( 'NONE', *, *, #5101, .T. ) ;
#2648 = CARTESIAN_POINT ( 'NONE',  ( 23.40166563176349612, 231.1697331836099067, 757.0827592152826355 ) ) ;
#2649 = SURFACE_STYLE_USAGE ( .BOTH. , #2565 ) ;
#2650 = EDGE_LOOP ( 'NONE', ( #1878, #4648, #5054, #5340 ) ) ;
#2651 = CARTESIAN_POINT ( 'NONE',  ( 28.39639864380140111, 253.4063338948682826, 749.5753196407240466 ) ) ;
#2652 = CARTESIAN_POINT ( 'NONE',  ( 19.77502939780759306, 234.7043830495668715, 762.0931354135001357 ) ) ;
#2654 = CARTESIAN_POINT ( 'NONE',  ( 23.26257760323425927, 268.9461114342568067, 754.2780846913079813 ) ) ;
#2653 = COLOUR_RGB ( '',0.8980392156862745390, 0.9176470588235293713, 0.9294117647058823817 ) ;
#2655 = CARTESIAN_POINT ( 'NONE',  ( -24.18778306997487704, 256.3223494150158217, 756.3116319007821176 ) ) ;
#2656 = CARTESIAN_POINT ( 'NONE',  ( 25.35582046780460885, 232.3400327613954346, 757.0811163423319385 ) ) ;
#2657 = DIRECTION ( 'NONE',  ( 0.5792279653395396855, 0.4055797876726070506, 0.7071067811865898722 ) ) ;
#2658 = ORIENTED_EDGE ( 'NONE', *, *, #955, .F. ) ;
#2659 = EDGE_CURVE ( 'NONE', #1244, #3894, #1678, .T. ) ;
#2660 = ORIENTED_EDGE ( 'NONE', *, *, #3163, .F. ) ;
#2661 = EDGE_CURVE ( 'NONE', #2359, #4655, #4383, .T. ) ;
#2662 = ORIENTED_EDGE ( 'NONE', *, *, #4931, .T. ) ;
#2663 = CARTESIAN_POINT ( 'NONE',  ( 25.38692997038251065, 266.3393090440713422, 749.0931354135002493 ) ) ;
#2664 = DIRECTION ( 'NONE',  ( -1.000000000000000000, 0.000000000000000000, 0.000000000000000000 ) ) ;
#2665 = PLANE ( 'NONE',  #1931 ) ;
#2666 = EDGE_CURVE ( 'NONE', #166, #2410, #4331, .T. ) ;
#2667 = CARTESIAN_POINT ( 'NONE',  ( -23.59636339195288812, 259.6673033704361160, 758.0931354135000220 ) ) ;
#2668 = EDGE_LOOP ( 'NONE', ( #2476, #4938 ) ) ;
#2669 = FILL_AREA_STYLE ('',( #1336 ) ) ;
#2670 = LINE ( 'NONE', #2312, #1727 ) ;
#2671 = CARTESIAN_POINT ( 'NONE',  ( 34.52709758242983185, 234.1677248877852264, 751.8065234790351496 ) ) ;
#2672 =( NAMED_UNIT ( * ) PLANE_ANGLE_UNIT ( ) SI_UNIT ( $, .RADIAN. ) );
#2673 = FACE_OUTER_BOUND ( 'NONE', #97, .T. ) ;
#2674 = EDGE_LOOP ( 'NONE', ( #5477, #893, #2725, #5395, #4859, #1397 ) ) ;
#2675 = CARTESIAN_POINT ( 'NONE',  ( -28.65915967351544680, 241.1302539281689974, 749.1907913370140477 ) ) ;
#2676 = CARTESIAN_POINT ( 'NONE',  ( 27.20831522237608979, 265.5192923315636335, 749.0773150577920205 ) ) ;
#2677 = FACE_OUTER_BOUND ( 'NONE', #3361, .T. ) ;
#2678 = CARTESIAN_POINT ( 'NONE',  ( -24.41535829248972078, 255.3768956431144375, 756.1888582520966793 ) ) ;
#2679 = B_SPLINE_CURVE_WITH_KNOTS ( 'NONE', 3,
 ( #4265, #886, #918, #4292 ),
 .UNSPECIFIED., .F., .F.,
 ( 4, 4 ),
 ( 1.799156205739560477E-05, 0.0005679915620572240087 ),
 .UNSPECIFIED. ) ;
#2680 = DIRECTION ( 'NONE',  ( -1.000000000000000000, 0.000000000000000000, 0.000000000000000000 ) ) ;
#2681 = CIRCLE ( 'NONE', #5446, 3.500000000000007550 ) ;
#2682 = CARTESIAN_POINT ( 'NONE',  ( 26.70951215391978550, 266.3054467173170679, 749.7717621487807946 ) ) ;
#2683 = EDGE_LOOP ( 'NONE', ( #4452, #2558, #4021, #3143 ) ) ;
#2684 = ORIENTED_EDGE ( 'NONE', *, *, #2730, .T. ) ;
#2685 = EDGE_LOOP ( 'NONE', ( #2169, #2305, #2101, #766 ) ) ;
#2686 = AXIS2_PLACEMENT_3D ( 'NONE', #5098, #2122, #895 ) ;
#2687 = ADVANCED_FACE ( 'NONE', ( #1848 ), #2014, .F. ) ;
#2688 = EDGE_CURVE ( 'NONE', #3405, #2116, #5083, .T. ) ;
#2689 = CARTESIAN_POINT ( 'NONE',  ( 26.63648091161130438, 232.8707103807673491, 758.0931354135000220 ) ) ;
#2690 =( LENGTH_UNIT ( ) NAMED_UNIT ( * ) SI_UNIT ( .MILLI., .METRE. ) );
#2691 = CARTESIAN_POINT ( 'NONE',  ( 36.47859914646138435, 266.3412819830422791, 756.4828240568367619 ) ) ;
#2692 = COLOUR_RGB ( '',0.8980392156862745390, 0.9176470588235293713, 0.9294117647058823817 ) ;
#2693 = B_SPLINE_SURFACE_WITH_KNOTS ( 'NONE', 1, 3, ( 
 ( #1062, #675, #2406, #3287, #4082, #3654, #258, #1897, #2767, #2432, #4137, #2009, #4466, #1570, #5363, #4985, #1542, #1168 ),
 ( #644, #3207, #4050, #227, #3259, #5336, #3233, #1115, #4935, #2818, #4522, #701, #283, #1229, #2094, #4628, #894, #4720 ) ),
 .UNSPECIFIED., .F., .F., .F.,
 ( 2, 2 ),
 ( 4, 2, 2, 2, 2, 2, 2, 2, 4 ),
 ( 0.000000000000000000, 1.000000000000000000 ),
 ( 0.000000000000000000, 0.0006233476577007483624, 0.0009350214865511225978, 0.001246695315401496725, 0.001402532229826683897, 0.001558369144251870852, 0.001870042973102245196, 0.002181716801952619106, 0.002493390630802993450 ),
 .UNSPECIFIED. ) ;
#2694 = CONICAL_SURFACE ( 'NONE', #25, 25.00000000000007105, 0.7853981633973824428 ) ;
#2695 = EDGE_CURVE ( 'NONE', #2045, #3439, #3563, .T. ) ;
#2696 = ORIENTED_EDGE ( 'NONE', *, *, #4562, .T. ) ;
#2697 = CARTESIAN_POINT ( 'NONE',  ( 24.50000101791000517, 232.6194355975121937, 758.0931354135000220 ) ) ;
#2698 = FILL_AREA_STYLE_COLOUR ( '', #2703 ) ;
#2699 = CARTESIAN_POINT ( 'NONE',  ( 23.89742353866760283, 231.8579424586083064, 749.7940871135226644 ) ) ;
#2700 = CARTESIAN_POINT ( 'NONE',  ( 22.84209453856350436, 268.5673753871416807, 758.0931354135001357 ) ) ;
#2701 = CARTESIAN_POINT ( 'NONE',  ( 24.50000101791000517, 232.6194355975121937, 758.0931354135000220 ) ) ;
#2702 = CONICAL_SURFACE ( 'NONE', #4485, 3.000000000000003109, 0.7853981633974899124 ) ;
#2703 = COLOUR_RGB ( '',0.8980392156862745390, 0.9176470588235293713, 0.9294117647058823817 ) ;
#2704 = ORIENTED_EDGE ( 'NONE', *, *, #3128, .F. ) ;
#2705 = CARTESIAN_POINT ( 'NONE',  ( 28.24919108168941406, 254.4681661490245119, 749.5699377995415489 ) ) ;
#2706 = VECTOR ( 'NONE', #174, 1000.000000000000000 ) ;
#2707 = DIRECTION ( 'NONE',  ( 0.000000000000000000, -1.000000000000000000, -0.000000000000000000 ) ) ;
#2708 = CARTESIAN_POINT ( 'NONE',  ( 28.27967903825107854, 245.7310777122813761, 749.5708363021498144 ) ) ;
#2709 = DIRECTION ( 'NONE',  ( -1.000000000000000000, 0.000000000000000000, 0.000000000000000000 ) ) ;
#2710 = CARTESIAN_POINT ( 'NONE',  ( 31.31721001384912739, 234.4077452840983540, 749.6009239853184454 ) ) ;
#2711 = PRODUCT_DEFINITION_FORMATION_WITH_SPECIFIED_SOURCE ( '任何', '', #1217, .NOT_KNOWN. ) ;
#2712 = CARTESIAN_POINT ( 'NONE',  ( 24.50000101791000517, 232.6194355975121937, 758.0931354135000220 ) ) ;
#2713 = CARTESIAN_POINT ( 'NONE',  ( 36.50000101791000162, 233.5924192516273763, 757.0931354135001357 ) ) ;
#2714 = AXIS2_PLACEMENT_3D ( 'NONE', #4465, #5362, #1142 ) ;
#2715 = VERTEX_POINT ( 'NONE', #1345 ) ;
#2716 = ORIENTED_EDGE ( 'NONE', *, *, #956, .T. ) ;
#2717 = B_SPLINE_CURVE_WITH_KNOTS ( 'NONE', 3,
 ( #4139, #3794, #2874, #4631 ),
 .UNSPECIFIED., .F., .F.,
 ( 4, 4 ),
 ( 0.000000000000000000, 1.000000000000000000 ),
 .UNSPECIFIED. ) ;
#2718 = CONICAL_SURFACE ( 'NONE', #5299, 25.00000000000002842, 0.7853981633973927678 ) ;
#2719 = VERTEX_POINT ( 'NONE', #590 ) ;
#2720 = CARTESIAN_POINT ( 'NONE',  ( 28.50000101790999807, 265.8679873556498023, 749.3853337491675575 ) ) ;
#2721 = DIRECTION ( 'NONE',  ( -0.000000000000000000, -0.000000000000000000, 1.000000000000000000 ) ) ;
#2722 = ADVANCED_FACE ( 'NONE', ( #1031 ), #3114, .F. ) ;
#2723 = ADVANCED_FACE ( 'NONE', ( #3094 ), #3304, .F. ) ;
#2724 = FACE_OUTER_BOUND ( 'NONE', #904, .T. ) ;
#2725 = ORIENTED_EDGE ( 'NONE', *, *, #4573, .T. ) ;
#2726 = B_SPLINE_CURVE_WITH_KNOTS ( 'NONE', 3,
 ( #5017, #1202, #1170, #813 ),
 .UNSPECIFIED., .F., .F.,
 ( 4, 4 ),
 ( 0.000000000000000000, 0.1725601097966077413 ),
 .UNSPECIFIED. ) ;
#2727 = DIRECTION ( 'NONE',  ( -1.000000000000000000, 2.176907891421873358E-15, 0.000000000000000000 ) ) ;
#2728 =( NAMED_UNIT ( * ) PLANE_ANGLE_UNIT ( ) SI_UNIT ( $, .RADIAN. ) );
#2729 = CARTESIAN_POINT ( 'NONE',  ( -24.26932118111325209, 243.9997500793000427, 756.3431354135000220 ) ) ;
#2730 = EDGE_CURVE ( 'NONE', #398, #705, #3973, .T. ) ;
#2731 = EDGE_CURVE ( 'NONE', #4175, #4374, #2737, .T. ) ;
#2732 = DIRECTION ( 'NONE',  ( -0.000000000000000000, -0.000000000000000000, -1.000000000000000000 ) ) ;
#2733 = CIRCLE ( 'NONE', #3975, 1.249999999999997558 ) ;
#2734 = VERTEX_POINT ( 'NONE', #1421 ) ;
#2735 = CIRCLE ( 'NONE', #1124, 3.000000000000006661 ) ;
#2736 = CARTESIAN_POINT ( 'NONE',  ( 28.57587893303893622, 251.1767501096069282, 749.5858671916264484 ) ) ;
#2737 = LINE ( 'NONE', #2179, #5270 ) ;
#2738 = CARTESIAN_POINT ( 'NONE',  ( 28.32999542825488248, 246.0721857696584323, 749.5724618574402029 ) ) ;
#2739 = CARTESIAN_POINT ( 'NONE',  ( 1.017909983045999956E-06, 249.9997500793000142, 752.0931354135001357 ) ) ;
#2740 = AXIS2_PLACEMENT_3D ( 'NONE', #4977, #330, #803 ) ;
#2741 = LINE ( 'NONE', #4105, #1316 ) ;
#2742 = CARTESIAN_POINT ( 'NONE',  ( 29.07332800979912335, 250.9280578641526631, 749.1136692692109591 ) ) ;
#2743 = LINE ( 'NONE', #2329, #302 ) ;
#2744 = ORIENTED_EDGE ( 'NONE', *, *, #5184, .T. ) ;
#2745 = EDGE_LOOP ( 'NONE', ( #987, #4670, #3645, #4667 ) ) ;
#2746 = ORIENTED_EDGE ( 'NONE', *, *, #3292, .F. ) ;
#2747 = AXIS2_PLACEMENT_3D ( 'NONE', #4326, #3932, #505 ) ;
#2748 = CARTESIAN_POINT ( 'NONE',  ( 26.90556790901093720, 265.5372018918246226, 749.0931354135002493 ) ) ;
#2749 = CIRCLE ( 'NONE', #2566, 3.000000000000023537 ) ;
#2750 = CARTESIAN_POINT ( 'NONE',  ( -29.04737407864564602, 257.4997500793000427, 755.3681354134999992 ) ) ;
#2751 = CARTESIAN_POINT ( 'NONE',  ( 20.02986084302312619, 237.9870603144588017, 752.5931354135001357 ) ) ;
#2752 = ORIENTED_EDGE ( 'NONE', *, *, #1121, .T. ) ;
#2753 = ORIENTED_EDGE ( 'NONE', *, *, #233, .F. ) ;
#2754 = DIRECTION ( 'NONE',  ( 0.000000000000000000, 0.000000000000000000, -1.000000000000000000 ) ) ;
#2755 = CARTESIAN_POINT ( 'NONE',  ( 23.73769986085683570, 231.4658509811335989, 757.0746835328299085 ) ) ;
#2756 = CARTESIAN_POINT ( 'NONE',  ( -24.00218622158756077, 243.0062140744797716, 755.8689493750905513 ) ) ;
#2757 = SURFACE_STYLE_FILL_AREA ( #2314 ) ;
#2758 = CARTESIAN_POINT ( 'NONE',  ( -28.77237407864564744, 243.9997500793000142, 755.0931354135001357 ) ) ;
#2759 = EDGE_CURVE ( 'NONE', #2260, #629, #2861, .T. ) ;
#2760 = CARTESIAN_POINT ( 'NONE',  ( 27.23880700730519422, 232.5131825772398315, 757.6682974468953944 ) ) ;
#2761 = EDGE_CURVE ( 'NONE', #1803, #3155, #4024, .T. ) ;
#2762 = CARTESIAN_POINT ( 'NONE',  ( 25.09269604867451520, 267.7515448465026111, 757.0594701433709588 ) ) ;
#2763 = CARTESIAN_POINT ( 'NONE',  ( 28.23067612363527701, 245.4157377432466944, 749.5694738682514071 ) ) ;
#2764 = CYLINDRICAL_SURFACE ( 'NONE', #4146, 30.00000000000000000 ) ;
#2765 = CARTESIAN_POINT ( 'NONE',  ( 19.77502939780734081, 265.2951171090334697, 762.0931354135001357 ) ) ;
#2766 = EDGE_CURVE ( 'NONE', #5496, #4366, #1823, .T. ) ;
#2767 = CARTESIAN_POINT ( 'NONE',  ( 25.40022200657138640, 267.0051609875849294, 758.1746570539480672 ) ) ;
#2768 = CARTESIAN_POINT ( 'NONE',  ( 19.45202373756000114, 266.5295582833005028, 749.9697304205026285 ) ) ;
#2769 = DIRECTION ( 'NONE',  ( 0.000000000000000000, -0.1234184484944973043, 0.9923547181180785159 ) ) ;
#2770 = ORIENTED_EDGE ( 'NONE', *, *, #5422, .F. ) ;
#2771 = VERTEX_POINT ( 'NONE', #3963 ) ;
#2772 = ORIENTED_EDGE ( 'NONE', *, *, #5107, .T. ) ;
#2773 = CYLINDRICAL_SURFACE ( 'NONE', #2163, 1.249999999999994227 ) ;
#2774 = DIRECTION ( 'NONE',  ( 1.000000000000000000, 0.000000000000000000, 0.000000000000000000 ) ) ;
#2775 = DIRECTION ( 'NONE',  ( 1.000000000000000000, 0.000000000000000000, 0.000000000000000000 ) ) ;
#2776 = EDGE_LOOP ( 'NONE', ( #5425, #4280, #1901, #4099 ) ) ;
#2777 = B_SPLINE_CURVE_WITH_KNOTS ( 'NONE', 3,
 ( #3397, #2902, #3766, #3014 ),
 .UNSPECIFIED., .F., .F.,
 ( 4, 4 ),
 ( 0.000000000000000000, 1.000000000000000000 ),
 .UNSPECIFIED. ) ;
#2778 = VERTEX_POINT ( 'NONE', #4803 ) ;
#2779 = CARTESIAN_POINT ( 'NONE',  ( -20.47880008931489471, 235.6603391705239403, 758.0931354135000220 ) ) ;
#2780 = CARTESIAN_POINT ( 'NONE',  ( 22.65769569382620219, 239.4342935357824445, 752.3681354135001129 ) ) ;
#2781 = DIRECTION ( 'NONE',  ( 1.000000000000000000, 0.000000000000000000, 0.000000000000000000 ) ) ;
#2782 = DIRECTION ( 'NONE',  ( -0.000000000000000000, -0.000000000000000000, -1.000000000000000000 ) ) ;
#2783 = DIRECTION ( 'NONE',  ( -1.000000000000000000, 0.000000000000000000, 0.000000000000000000 ) ) ;
#2784 = VECTOR ( 'NONE', #5105, 1000.000000000000114 ) ;
#2785 = CIRCLE ( 'NONE', #469, 25.50000000000005684 ) ;
#2786 = ORIENTED_EDGE ( 'NONE', *, *, #4528, .T. ) ;
#2787 = ORIENTED_EDGE ( 'NONE', *, *, #1219, .F. ) ;
#2788 = LINE ( 'NONE', #4076, #1718 ) ;
#2789 = CARTESIAN_POINT ( 'NONE',  ( 28.46360499441628278, 247.2098514897961650, 749.5787504545096454 ) ) ;
#2790 = CARTESIAN_POINT ( 'NONE',  ( -20.47880008931488049, 264.3391609880760029, 752.5931354135001357 ) ) ;
#2791 = EDGE_CURVE ( 'NONE', #5122, #4550, #556, .T. ) ;
#2792 = DIRECTION ( 'NONE',  ( -0.000000000000000000, -0.000000000000000000, -1.000000000000000000 ) ) ;
#2793 = EDGE_CURVE ( 'NONE', #5176, #901, #3663, .T. ) ;
#2794 = CIRCLE ( 'NONE', #2269, 1.249999999999999334 ) ;
#2795 = FACE_OUTER_BOUND ( 'NONE', #1477, .T. ) ;
#2796 = CIRCLE ( 'NONE', #3770, 29.42264973081680068 ) ;
#2797 = CARTESIAN_POINT ( 'NONE',  ( -0.9288925507815858351, 274.9046175315936580, 758.0931354135000220 ) ) ;
#2798 = ORIENTED_EDGE ( 'NONE', *, *, #4289, .T. ) ;
#2799 = ORIENTED_EDGE ( 'NONE', *, *, #1853, .T. ) ;
#2800 = EDGE_CURVE ( 'NONE', #3776, #2435, #1972, .T. ) ;
#2801 = STYLED_ITEM ( 'NONE', ( #2265 ), #3211 ) ;
#2802 = FILL_AREA_STYLE_COLOUR ( '', #1720 ) ;
#2803 = CARTESIAN_POINT ( 'NONE',  ( 1.017909983045999956E-06, 249.9997500793000142, 752.0931354135001357 ) ) ;
#2804 = CARTESIAN_POINT ( 'NONE',  ( 17.40202599221967006, 263.4596730654654948, 752.0931354135001357 ) ) ;
#2805 = ORIENTED_EDGE ( 'NONE', *, *, #2317, .F. ) ;
#2806 = CARTESIAN_POINT ( 'NONE',  ( -12.49999898208996996, 228.3491149846890096, 755.5931354135000220 ) ) ;
#2807 = CARTESIAN_POINT ( 'NONE',  ( -23.97424049792595824, 242.9117140569395303, 755.7305324955884771 ) ) ;
#2808 = CARTESIAN_POINT ( 'NONE',  ( -27.45310961238004666, 240.4997500792999858, 749.0931354135001357 ) ) ;
#2809 = ORIENTED_EDGE ( 'NONE', *, *, #2589, .F. ) ;
#2810 = ORIENTED_EDGE ( 'NONE', *, *, #4196, .F. ) ;
#2811 = CARTESIAN_POINT ( 'NONE',  ( 24.50000101790915252, 267.3804298565856925, 758.0931354135000220 ) ) ;
#2812 = DIRECTION ( 'NONE',  ( 1.000000000000000000, 0.000000000000000000, 0.000000000000000000 ) ) ;
#2813 = CARTESIAN_POINT ( 'NONE',  ( 1.017909983045999956E-06, 249.9997500793000142, 757.5931354135000220 ) ) ;
#2814 =( LENGTH_UNIT ( ) NAMED_UNIT ( * ) SI_UNIT ( .MILLI., .METRE. ) );
#2815 = CONICAL_SURFACE ( 'NONE', #2017, 1.499999999999952704, 0.7853981633974594923 ) ;
#2816 = AXIS2_PLACEMENT_3D ( 'NONE', #4926, #693, #4952 ) ;
#2817 = CARTESIAN_POINT ( 'NONE',  ( 23.07252164945541750, 230.8250938140173218, 757.0914392011279688 ) ) ;
#2818 = CARTESIAN_POINT ( 'NONE',  ( 25.62573987068414283, 267.5849023455806446, 757.1194136515446189 ) ) ;
#2819 = CARTESIAN_POINT ( 'NONE',  ( -2.178892550781579285, 274.9046175315936580, 752.3681354135001129 ) ) ;
#2820 = DIRECTION ( 'NONE',  ( 1.000000000000000000, 0.000000000000000000, 0.000000000000000000 ) ) ;
#2821 = CONICAL_SURFACE ( 'NONE', #419, 3.000000000000023537, 0.7853981633974964627 ) ;
#2822 = ORIENTED_EDGE ( 'NONE', *, *, #5351, .F. ) ;
#2823 = ORIENTED_EDGE ( 'NONE', *, *, #3065, .T. ) ;
#2824 = CIRCLE ( 'NONE', #332, 3.000000000000040856 ) ;
#2825 = CARTESIAN_POINT ( 'NONE',  ( -20.35764670824625355, 258.3403842912605910, 757.5931354135000220 ) ) ;
#2826 = EDGE_CURVE ( 'NONE', #4613, #1101, #121, .T. ) ;
#2827 = ADVANCED_FACE ( 'NONE', ( #1426 ), #1799, .F. ) ;
#2828 = DIRECTION ( 'NONE',  ( -0.01427806288621584832, 0.7069626135236990461, 0.7071067811865179298 ) ) ;
#2829 = CARTESIAN_POINT ( 'NONE',  ( 35.89435970914954765, 233.9247048314787207, 754.0396890129200074 ) ) ;
#2830 = ORIENTED_EDGE ( 'NONE', *, *, #2545, .T. ) ;
#2831 = EDGE_CURVE ( 'NONE', #72, #900, #3862, .T. ) ;
#2832 = CARTESIAN_POINT ( 'NONE',  ( -27.42999180761690425, 241.9023105408917615, 749.6601742618710205 ) ) ;
#2833 = CARTESIAN_POINT ( 'NONE',  ( 1.017909983045999956E-06, 249.9997500793000142, 752.5931354135001357 ) ) ;
#2834 = CARTESIAN_POINT ( 'NONE',  ( -2.178892550781579285, 274.9046175315936580, 757.5931354135000220 ) ) ;
#2835 = CARTESIAN_POINT ( 'NONE',  ( -27.55425436901790093, 241.3049955543523311, 749.2585208597533892 ) ) ;
#2836 = ORIENTED_EDGE ( 'NONE', *, *, #2325, .T. ) ;
#2837 = VERTEX_POINT ( 'NONE', #5138 ) ;
#2838 = B_SPLINE_CURVE_WITH_KNOTS ( 'NONE', 1,
 ( #3737, #5335 ),
 .UNSPECIFIED., .F., .F.,
 ( 2, 2 ),
 ( 0.000000000000000000, 1.000000000000000000 ),
 .UNSPECIFIED. ) ;
#2839 = CARTESIAN_POINT ( 'NONE',  ( -27.56517919500900149, 258.9181970922602432, 749.1758458813854986 ) ) ;
#2840 = B_SPLINE_CURVE_WITH_KNOTS ( 'NONE', 1,
 ( #2701, #248 ),
 .UNSPECIFIED., .F., .F.,
 ( 2, 2 ),
 ( 0.000000000000000000, 1.000000000000000000 ),
 .UNSPECIFIED. ) ;
#2841 = DIRECTION ( 'NONE',  ( -1.000000000000000000, 0.000000000000000000, 0.000000000000000000 ) ) ;
#2842 = CARTESIAN_POINT ( 'NONE',  ( 22.65769569382641890, 239.4342935357827855, 752.5931354135001357 ) ) ;
#2843 = CARTESIAN_POINT ( 'NONE',  ( 17.40202599221967006, 263.4596730654654948, 752.5931354135001357 ) ) ;
#2844 = DIRECTION ( 'NONE',  ( 0.06162841671620665485, 0.7044160264027040652, 0.7071067811866030839 ) ) ;
#2845 = CARTESIAN_POINT ( 'NONE',  ( 25.84871744686714834, 232.4640473365394087, 757.1625780834864372 ) ) ;
#2846 = DIRECTION ( 'NONE',  ( 1.000000000000000000, 0.000000000000000000, -0.000000000000000000 ) ) ;
#2847 = ORIENTED_EDGE ( 'NONE', *, *, #3371, .F. ) ;
#2848 = ORIENTED_EDGE ( 'NONE', *, *, #2957, .F. ) ;
#2849 = CARTESIAN_POINT ( 'NONE',  ( 1.017909983045999956E-06, 249.9997500793000142, 752.0931354135001357 ) ) ;
#2850 = CARTESIAN_POINT ( 'NONE',  ( 23.32820242737200189, 268.9016116747893079, 757.0846171652975727 ) ) ;
#2851 = CARTESIAN_POINT ( 'NONE',  ( 25.12862248799526199, 232.7978516006232610, 750.2617655510766781 ) ) ;
#2852 = ORIENTED_EDGE ( 'NONE', *, *, #1221, .F. ) ;
#2853 = EDGE_CURVE ( 'NONE', #2913, #2236, #4783, .T. ) ;
#2854 = EDGE_CURVE ( 'NONE', #4637, #1101, #958, .T. ) ;
#2855 = DIRECTION ( 'NONE',  ( 1.000000000000000000, 0.000000000000000000, 0.000000000000000000 ) ) ;
#2856 = LINE ( 'NONE', #4618, #905 ) ;
#2857 = CIRCLE ( 'NONE', #4113, 3.499999999999985789 ) ;
#2858 = FACE_OUTER_BOUND ( 'NONE', #1801, .T. ) ;
#2859 = CARTESIAN_POINT ( 'NONE',  ( 28.76085777938735077, 265.5371999795074771, 749.0931354135003630 ) ) ;
#2860 = EDGE_CURVE ( 'NONE', #3946, #4154, #3493, .T. ) ;
#2861 = CIRCLE ( 'NONE', #5364, 25.50000000000005684 ) ;
#2862 = ORIENTED_EDGE ( 'NONE', *, *, #1810, .T. ) ;
#2863 = LINE ( 'NONE', #3199, #3477 ) ;
#2864 = CARTESIAN_POINT ( 'NONE',  ( -0.6538925507815849247, 225.0948826270063989, 752.0931354135001357 ) ) ;
#2865 = SURFACE_SIDE_STYLE ('',( #1697 ) ) ;
#2866 = CARTESIAN_POINT ( 'NONE',  ( -20.41822339878040538, 238.6597275189313621, 752.5931354135001357 ) ) ;
#2867 = DIRECTION ( 'NONE',  ( 0.000000000000000000, 0.000000000000000000, -1.000000000000000000 ) ) ;
#2868 = CARTESIAN_POINT ( 'NONE',  ( 23.21702457003583575, 230.9978811043491760, 754.8039143940180793 ) ) ;
#2869 = CIRCLE ( 'NONE', #2609, 1.524999999999998579 ) ;
#2870 = CIRCLE ( 'NONE', #5459, 1.799999999999926548 ) ;
#2871 = CARTESIAN_POINT ( 'NONE',  ( 23.01293515890159469, 230.7538450025730867, 757.0931354135109359 ) ) ;
#2872 = DIRECTION ( 'NONE',  ( 0.000000000000000000, 0.000000000000000000, 1.000000000000000000 ) ) ;
#2873 = DIRECTION ( 'NONE',  ( 1.000000000000000000, 9.251858538542844427E-15, 0.000000000000000000 ) ) ;
#2874 = CARTESIAN_POINT ( 'NONE',  ( 22.86488018250957666, 269.1227031054837653, 757.4264687468406692 ) ) ;
#2875 = EDGE_LOOP ( 'NONE', ( #1611, #2072, #1868, #4866 ) ) ;
#2876 =( NAMED_UNIT ( * ) PLANE_ANGLE_UNIT ( ) SI_UNIT ( $, .RADIAN. ) );
#2877 = VERTEX_POINT ( 'NONE', #2604 ) ;
#2878 = VECTOR ( 'NONE', #4771, 1000.000000000000114 ) ;
#2879 = ORIENTED_EDGE ( 'NONE', *, *, #4098, .F. ) ;
#2880 = DIRECTION ( 'NONE',  ( -1.000000000000000000, 0.000000000000000000, 0.000000000000000000 ) ) ;
#2881 = ORIENTED_EDGE ( 'NONE', *, *, #1967, .F. ) ;
#2882 = COLOUR_RGB ( '',0.8980392156862745390, 0.9176470588235293713, 0.9294117647058823817 ) ;
#2883 = CARTESIAN_POINT ( 'NONE',  ( 36.09141097499850304, 266.1272057459121356, 754.5154128514152490 ) ) ;
#2884 = FACE_OUTER_BOUND ( 'NONE', #1324, .T. ) ;
#2885 = EDGE_CURVE ( 'NONE', #2877, #4745, #5379, .T. ) ;
#2886 = CARTESIAN_POINT ( 'NONE',  ( 24.99696116199564599, 267.7891252132851037, 757.0550529295691149 ) ) ;
#2887 = LINE ( 'NONE', #775, #3449 ) ;
#2888 = VECTOR ( 'NONE', #5047, 1000.000000000000000 ) ;
#2889 = VERTEX_POINT ( 'NONE', #3018 ) ;
#2890 = CARTESIAN_POINT ( 'NONE',  ( 23.61296861103718570, 268.5045538190299794, 750.1355218244198113 ) ) ;
#2891 = DIRECTION ( 'NONE',  ( 1.000000000000000000, 0.000000000000000000, 0.000000000000000000 ) ) ;
#2892 = CARTESIAN_POINT ( 'NONE',  ( -2.178892550781213799, 225.0948826270063421, 752.5931354135001357 ) ) ;
#2893 = AXIS2_PLACEMENT_3D ( 'NONE', #3646, #1023, #2727 ) ;
#2894 = EDGE_CURVE ( 'NONE', #3583, #3210, #4364, .T. ) ;
#2895 = CARTESIAN_POINT ( 'NONE',  ( 25.31097055941653906, 232.3249127156295799, 757.0770070280077562 ) ) ;
#2896 = EDGE_CURVE ( 'NONE', #1427, #2643, #4312, .T. ) ;
#2897 = CARTESIAN_POINT ( 'NONE',  ( 24.27076731829751566, 231.8404251163611320, 757.0632160713201984 ) ) ;
#2898 =( BOUNDED_SURFACE ( )  B_SPLINE_SURFACE ( 3, 2, ( 
 ( #2987, #2489, #2932 ),
 ( #486, #898, #1683 ),
 ( #4248, #2540, #1745 ),
 ( #5074, #68, #4612 ) ),
 .UNSPECIFIED., .F., .F., .T. ) 
 B_SPLINE_SURFACE_WITH_KNOTS ( ( 4, 4 ),
 ( 3, 3 ),
 ( 0.3110418895872182343, 0.3215068443870424675 ),
 ( 0.000000000000000000, 1.000000000000000000 ),
 .UNSPECIFIED. ) 
 GEOMETRIC_REPRESENTATION_ITEM ( )  RATIONAL_B_SPLINE_SURFACE ( (
 ( 1.000000000000000000, 0.9046507386240310034, 1.000000000000000000),
 ( 1.000000000000000000, 0.9021591475003455374, 1.000000000000000000),
 ( 1.000000000000000000, 0.8996041265503321727, 1.000000000000000000),
 ( 1.000000000000000000, 0.8969847944891377045, 1.000000000000000000) ) ) 
 REPRESENTATION_ITEM ( '' )  SURFACE ( )  );
#2899 = DIRECTION ( 'NONE',  ( 0.000000000000000000, 0.000000000000000000, -1.000000000000000000 ) ) ;
#2900 = EDGE_LOOP ( 'NONE', ( #2963, #889, #3552, #4226 ) ) ;
#2901 = CYLINDRICAL_SURFACE ( 'NONE', #2088, 2.999999999999999112 ) ;
#2902 = CARTESIAN_POINT ( 'NONE',  ( 26.33753616154667299, 267.4623260844580273, 757.2884198157250921 ) ) ;
#2903 = DIRECTION ( 'NONE',  ( 0.000000000000000000, 0.000000000000000000, -1.000000000000000000 ) ) ;
#2904 = CARTESIAN_POINT ( 'NONE',  ( -12.49999898208996996, 228.3491149846890096, 752.3931354135000902 ) ) ;
#2905 = ORIENTED_EDGE ( 'NONE', *, *, #1126, .F. ) ;
#2906 = CONICAL_SURFACE ( 'NONE', #1210, 2.999999999999997335, 0.7853981633974002063 ) ;
#2907 = AXIS2_PLACEMENT_3D ( 'NONE', #1572, #3235, #4084 ) ;
#2908 = CONICAL_SURFACE ( 'NONE', #513, 1.524999999999998579, 0.7853981633974042031 ) ;
#2909 = EDGE_LOOP ( 'NONE', ( #4451, #2847, #319, #2127 ) ) ;
#2910 = ORIENTED_EDGE ( 'NONE', *, *, #271, .T. ) ;
#2911 = AXIS2_PLACEMENT_3D ( 'NONE', #903, #2966, #4669 ) ;
#2912 = CARTESIAN_POINT ( 'NONE',  ( 23.61343303836958540, 231.4955389851967880, 750.1355523235664577 ) ) ;
#2913 = VERTEX_POINT ( 'NONE', #3467 ) ;
#2914 = CARTESIAN_POINT ( 'NONE',  ( 35.44265543662609019, 265.9714448205695589, 753.0839324545629552 ) ) ;
#2915 = CARTESIAN_POINT ( 'NONE',  ( 24.64308257194780438, 267.3038415723867161, 758.0931354900990300 ) ) ;
#2916 = DIRECTION ( 'NONE',  ( -0.000000000000000000, -0.000000000000000000, -1.000000000000000000 ) ) ;
#2917 = DIRECTION ( 'NONE',  ( -1.000000000000000000, 0.000000000000000000, 0.000000000000000000 ) ) ;
#2918 = ORIENTED_EDGE ( 'NONE', *, *, #1673, .T. ) ;
#2919 = FACE_OUTER_BOUND ( 'NONE', #2909, .T. ) ;
#2920 = DIRECTION ( 'NONE',  ( 0.000000000000000000, 0.000000000000000000, 1.000000000000000000 ) ) ;
#2921 = CARTESIAN_POINT ( 'NONE',  ( 22.65769569382620219, 239.4342935357824445, 752.0931354135001357 ) ) ;
#2922 = DIRECTION ( 'NONE',  ( 0.000000000000000000, 0.000000000000000000, 1.000000000000000000 ) ) ;
#2923 = EDGE_CURVE ( 'NONE', #3621, #3944, #1349, .T. ) ;
#2924 = ADVANCED_FACE ( 'NONE', ( #95 ), #3548, .F. ) ;
#2925 = ORIENTED_EDGE ( 'NONE', *, *, #3607, .T. ) ;
#2926 = CARTESIAN_POINT ( 'NONE',  ( 28.60000101835010611, 249.9997500831982506, 749.5876257030953411 ) ) ;
#2927 = CARTESIAN_POINT ( 'NONE',  ( 26.91332635297403897, 233.0748399151009096, 758.7073910001797685 ) ) ;
#2928 = PLANE ( 'NONE',  #3859 ) ;
#2929 = CARTESIAN_POINT ( 'NONE',  ( -12.49999898208992910, 271.6503851739110473, 752.0931354135001357 ) ) ;
#2930 = EDGE_LOOP ( 'NONE', ( #1360, #4697, #3571, #3665, #99 ) ) ;
#2931 = EDGE_CURVE ( 'NONE', #1777, #4190, #525, .T. ) ;
#2932 = CARTESIAN_POINT ( 'NONE',  ( 23.00887827492818261, 230.7489950974435544, 757.1386307508163327 ) ) ;
#2933 = ORIENTED_EDGE ( 'NONE', *, *, #847, .T. ) ;
#2934 = VERTEX_POINT ( 'NONE', #3600 ) ;
#2935 = CARTESIAN_POINT ( 'NONE',  ( 32.99746333538323029, 234.3124126297120426, 750.4769541912276054 ) ) ;
#2936 = EDGE_LOOP ( 'NONE', ( #203, #345, #5253, #2623 ) ) ;
#2937 = CARTESIAN_POINT ( 'NONE',  ( 3.425836480277410168, 275.2685777407643855, 752.0931354135001357 ) ) ;
#2938 = DIRECTION ( 'NONE',  ( -0.000000000000000000, 0.000000000000000000, -1.000000000000000000 ) ) ;
#2939 = CARTESIAN_POINT ( 'NONE',  ( 29.41542189881966962, 233.4706572111641094, 749.9696552905281806 ) ) ;
#2940 = CARTESIAN_POINT ( 'NONE',  ( 33.81817893085871418, 265.7571185823671840, 751.1141849975060722 ) ) ;
#2941 = ORIENTED_EDGE ( 'NONE', *, *, #3334, .T. ) ;
#2942 = CIRCLE ( 'NONE', #2418, 25.00000000000007105 ) ;
#2943 = CARTESIAN_POINT ( 'NONE',  ( 30.33359810702601322, 266.5522753367534392, 750.1524087112426287 ) ) ;
#2944 = DIRECTION ( 'NONE',  ( 0.1022804238314023451, -0.1227578085450436035, -0.9871520831878374258 ) ) ;
#2945 =( GEOMETRIC_REPRESENTATION_CONTEXT ( 3 ) GLOBAL_UNCERTAINTY_ASSIGNED_CONTEXT ( ( #293 ) ) GLOBAL_UNIT_ASSIGNED_CONTEXT ( ( #2690, #907, #4001 ) ) REPRESENTATION_CONTEXT ( 'NONE', 'WORKASPACE' ) );
#2946 = CARTESIAN_POINT ( 'NONE',  ( 24.17253820601139225, 267.7733378626967351, 749.4465432686045006 ) ) ;
#2947 = CARTESIAN_POINT ( 'NONE',  ( 28.50000101791000517, 255.6276522887331453, 749.0931354135001357 ) ) ;
#2948 = ORIENTED_EDGE ( 'NONE', *, *, #346, .T. ) ;
#2949 = AXIS2_PLACEMENT_3D ( 'NONE', #509, #3541, #90 ) ;
#2950 = CARTESIAN_POINT ( 'NONE',  ( -0.6538925507815849247, 225.0948826270063989, 752.0931354135001357 ) ) ;
#2951 = ORIENTED_EDGE ( 'NONE', *, *, #3777, .F. ) ;
#2952 = CARTESIAN_POINT ( 'NONE',  ( 23.99209663580880658, 268.0714242909260179, 750.1916730153014896 ) ) ;
#2953 = CARTESIAN_POINT ( 'NONE',  ( 28.80913219767107236, 232.8005099306645604, 760.5455322836069172 ) ) ;
#2954 = CARTESIAN_POINT ( 'NONE',  ( -21.72880008931490892, 264.3391609880760598, 752.0931354135001357 ) ) ;
#2955 = DIRECTION ( 'NONE',  ( -0.000000000000000000, -0.000000000000000000, -1.000000000000000000 ) ) ;
#2956 = EDGE_CURVE ( 'NONE', #1845, #166, #2168, .T. ) ;
#2957 = EDGE_CURVE ( 'NONE', #267, #3440, #3953, .T. ) ;
#2958 = PRESENTATION_LAYER_ASSIGNMENT (  '', '', ( #198 ) ) ;
#2959 =( GEOMETRIC_REPRESENTATION_CONTEXT ( 3 ) GLOBAL_UNCERTAINTY_ASSIGNED_CONTEXT ( ( #3130 ) ) GLOBAL_UNIT_ASSIGNED_CONTEXT ( ( #1174, #2876, #1577 ) ) REPRESENTATION_CONTEXT ( 'NONE', 'WORKASPACE' ) );
#2960 = DIRECTION ( 'NONE',  ( -0.000000000000000000, -0.000000000000000000, 1.000000000000000000 ) ) ;
#2961 = VERTEX_POINT ( 'NONE', #2797 ) ;
#2962 = EDGE_CURVE ( 'NONE', #4632, #747, #1098, .T. ) ;
#2963 = ORIENTED_EDGE ( 'NONE', *, *, #3036, .F. ) ;
#2964 = ORIENTED_EDGE ( 'NONE', *, *, #3437, .T. ) ;
#2965 = EDGE_CURVE ( 'NONE', #2992, #3998, #5274, .T. ) ;
#2966 = DIRECTION ( 'NONE',  ( -0.000000000000000000, -0.000000000000000000, -1.000000000000000000 ) ) ;
#2967 = VERTEX_POINT ( 'NONE', #3150 ) ;
#2968 = AXIS2_PLACEMENT_3D ( 'NONE', #533, #582, #1362 ) ;
#2969 = DIRECTION ( 'NONE',  ( -0.000000000000000000, -0.000000000000000000, 1.000000000000000000 ) ) ;
#2970 = DIRECTION ( 'NONE',  ( -0.6408563820558232926, 0.2988362387301190526, -0.7071067811865162644 ) ) ;
#2971 = FACE_OUTER_BOUND ( 'NONE', #1310, .T. ) ;
#2972 = CARTESIAN_POINT ( 'NONE',  ( 34.33457730192088064, 265.8115001134238469, 751.6140031985261203 ) ) ;
#2973 = ORIENTED_EDGE ( 'NONE', *, *, #3708, .T. ) ;
#2975 = CARTESIAN_POINT ( 'NONE',  ( 29.50000769967459746, 267.5435118431415162, 762.8504376679173902 ) ) ;
#2974 = STYLED_ITEM ( 'NONE', ( #760 ), #409 ) ;
#2976 = LINE ( 'NONE', #2587, #932 ) ;
#2977 = CARTESIAN_POINT ( 'NONE',  ( -13.99999898208992910, 271.6503851739110473, 755.5931354135000220 ) ) ;
#2978 = CARTESIAN_POINT ( 'NONE',  ( 23.53177619546313082, 267.9633916112348402, 758.0931354134999083 ) ) ;
#2979 = ORIENTED_EDGE ( 'NONE', *, *, #1969, .T. ) ;
#2980 = CONICAL_SURFACE ( 'NONE', #3172, 30.00000000000000000, 0.5235987755982846048 ) ;
#2981 = DIRECTION ( 'NONE',  ( -1.000000000000000000, 0.000000000000000000, 0.000000000000000000 ) ) ;
#2982 = ORIENTED_EDGE ( 'NONE', *, *, #2831, .T. ) ;
#2983 = SURFACE_STYLE_FILL_AREA ( #4218 ) ;
#2984 = CARTESIAN_POINT ( 'NONE',  ( 28.07093242695789215, 232.9438697660380058, 759.5849532483742905 ) ) ;
#2985 = CARTESIAN_POINT ( 'NONE',  ( 28.60000101835010611, 249.9997500831982506, 749.5876257030953411 ) ) ;
#2986 = LINE ( 'NONE', #4690, #132 ) ;
#2987 = CARTESIAN_POINT ( 'NONE',  ( 26.84369115109788240, 232.5023095243912223, 757.7557229932888276 ) ) ;
#2988 = ORIENTED_EDGE ( 'NONE', *, *, #5103, .T. ) ;
#2989 = ORIENTED_EDGE ( 'NONE', *, *, #1402, .F. ) ;
#2990 = ORIENTED_EDGE ( 'NONE', *, *, #3097, .F. ) ;
#2991 = CARTESIAN_POINT ( 'NONE',  ( 35.00051556164432043, 234.1007226032488688, 752.4222233697610136 ) ) ;
#2992 = VERTEX_POINT ( 'NONE', #4884 ) ;
#2993 = EDGE_CURVE ( 'NONE', #830, #835, #2794, .T. ) ;
#2994 = EDGE_CURVE ( 'NONE', #1862, #1601, #228, .T. ) ;
#2995 = VECTOR ( 'NONE', #4269, 1000.000000000000000 ) ;
#2996 = CARTESIAN_POINT ( 'NONE',  ( 28.54338050110892411, 248.1426209833858536, 749.5835948700271274 ) ) ;
#2997 = CARTESIAN_POINT ( 'NONE',  ( 33.77371051186489126, 266.8248049641705393, 752.3439449778456947 ) ) ;
#2998 = LINE ( 'NONE', #3447, #107 ) ;
#2999 = DIRECTION ( 'NONE',  ( -1.000000000000000000, 0.000000000000000000, 0.000000000000000000 ) ) ;
#3000 = AXIS2_PLACEMENT_3D ( 'NONE', #1442, #612, #3983 ) ;
#3001 = CARTESIAN_POINT ( 'NONE',  ( 35.08511249611009930, 265.9133687112768598, 752.5501941084237387 ) ) ;
#3002 = AXIS2_PLACEMENT_3D ( 'NONE', #4080, #620, #4048 ) ;
#3003 = EDGE_CURVE ( 'NONE', #2041, #1244, #1929, .T. ) ;
#3004 = EDGE_LOOP ( 'NONE', ( #2191, #1367, #1618, #1294 ) ) ;
#3005 = CARTESIAN_POINT ( 'NONE',  ( 29.48229931976473139, 267.5072953328788117, 762.6077429670302763 ) ) ;
#3006 = DIRECTION ( 'NONE',  ( -1.000000000000000000, 0.000000000000000000, 0.000000000000000000 ) ) ;
#3007 = CARTESIAN_POINT ( 'NONE',  ( 23.61343303836958540, 231.4955389851967880, 750.1355523235664577 ) ) ;
#3008 = CARTESIAN_POINT ( 'NONE',  ( 20.17052996540527943, 265.6010244496281416, 758.0931354135000220 ) ) ;
#3009 = ORIENTED_EDGE ( 'NONE', *, *, #4813, .T. ) ;
#3010 = DIRECTION ( 'NONE',  ( 0.000000000000000000, 0.000000000000000000, 1.000000000000000000 ) ) ;
#3011 = CIRCLE ( 'NONE', #3726, 29.05035771344207518 ) ;
#3012 = VERTEX_POINT ( 'NONE', #4829 ) ;
#3013 =( LENGTH_UNIT ( ) NAMED_UNIT ( * ) SI_UNIT ( .MILLI., .METRE. ) );
#3014 = CARTESIAN_POINT ( 'NONE',  ( 26.86879529237381803, 267.4671431900436005, 757.5092825257954701 ) ) ;
#3015 = CARTESIAN_POINT ( 'NONE',  ( -28.91110152585118342, 258.0095974159481216, 749.7527495623503455 ) ) ;
#3016 = CARTESIAN_POINT ( 'NONE',  ( -23.96482292881730203, 257.1193238359490465, 755.6551296504941320 ) ) ;
#3017 = FILL_AREA_STYLE_COLOUR ( '', #1447 ) ;
#3018 = CARTESIAN_POINT ( 'NONE',  ( -21.72880008931491247, 264.3391609880760598, 752.3681354135001129 ) ) ;
#3019 = ORIENTED_EDGE ( 'NONE', *, *, #445, .F. ) ;
#3020 = VERTEX_POINT ( 'NONE', #1956 ) ;
#3021 = CARTESIAN_POINT ( 'NONE',  ( 33.31173092615332365, 234.2881720727293668, 750.6996705918992348 ) ) ;
#3022 = ORIENTED_EDGE ( 'NONE', *, *, #3119, .F. ) ;
#3023 = DIRECTION ( 'NONE',  ( -1.000000000000000000, 0.000000000000000000, 0.000000000000000000 ) ) ;
#3024 = CARTESIAN_POINT ( 'NONE',  ( 23.90769569382620219, 239.4342935357824445, 752.3681354135001129 ) ) ;
#3025 = CARTESIAN_POINT ( 'NONE',  ( 36.50000101791000162, 233.5924192516273763, 757.0931354135001357 ) ) ;
#3026 = CARTESIAN_POINT ( 'NONE',  ( 32.02402649411091318, 233.3608468008810632, 750.8525936200247770 ) ) ;
#3027 = EDGE_CURVE ( 'NONE', #2889, #939, #480, .T. ) ;
#3028 = EDGE_CURVE ( 'NONE', #3605, #410, #3208, .T. ) ;
#3029 = CARTESIAN_POINT ( 'NONE',  ( 35.60603968939017250, 266.0075880267112325, 753.4159966985084793 ) ) ;
#3030 = ORIENTED_EDGE ( 'NONE', *, *, #4940, .T. ) ;
#3031 = CARTESIAN_POINT ( 'NONE',  ( -29.04737407864563536, 242.4997500792999858, 751.0931354135001357 ) ) ;
#3032 = DIRECTION ( 'NONE',  ( -1.000000000000000000, 0.000000000000000000, 0.000000000000000000 ) ) ;
#3033 = CARTESIAN_POINT ( 'NONE',  ( 29.54718275065888733, 234.4573924535640970, 749.1447035453712715 ) ) ;
#3034 = FACE_OUTER_BOUND ( 'NONE', #5113, .T. ) ;
#3035 = EDGE_LOOP ( 'NONE', ( #2399, #937, #2964, #5320 ) ) ;
#3036 = EDGE_CURVE ( 'NONE', #295, #3944, #3589, .T. ) ;
#3037 = DIRECTION ( 'NONE',  ( -1.000000000000000000, 0.000000000000000000, -0.000000000000000000 ) ) ;
#3038 = ORIENTED_EDGE ( 'NONE', *, *, #5493, .F. ) ;
#3039 = CARTESIAN_POINT ( 'NONE',  ( 28.54130566796781920, 251.8347841978486485, 749.5834838879608242 ) ) ;
#3040 = CARTESIAN_POINT ( 'NONE',  ( 25.17416573079090725, 268.4307048468845096, 751.6491024682193256 ) ) ;
#3041 = CARTESIAN_POINT ( 'NONE',  ( -28.65837671756996130, 258.8717894184870829, 749.1898856191108962 ) ) ;
#3042 = CARTESIAN_POINT ( 'NONE',  ( -24.07043243950608158, 256.7539449249757126, 756.0932480864108811 ) ) ;
#3043 = DIRECTION ( 'NONE',  ( -0.000000000000000000, -0.000000000000000000, 1.000000000000000000 ) ) ;
#3044 = ORIENTED_EDGE ( 'NONE', *, *, #3003, .T. ) ;
#3045 = ORIENTED_EDGE ( 'NONE', *, *, #3885, .F. ) ;
#3046 = AXIS2_PLACEMENT_3D ( 'NONE', #2364, #2411, #2044 ) ;
#3047 = ORIENTED_EDGE ( 'NONE', *, *, #548, .F. ) ;
#3048 = COLOUR_RGB ( '',0.8980392156862745390, 0.9176470588235293713, 0.9294117647058823817 ) ;
#3049 = AXIS2_PLACEMENT_3D ( 'NONE', #4927, #3201, #638 ) ;
#3050 = CARTESIAN_POINT ( 'NONE',  ( 28.77565035405589100, 254.1033822812642882, 749.0978645959770574 ) ) ;
#3051 = CARTESIAN_POINT ( 'NONE',  ( 19.65769569382639403, 239.4342935357827855, 757.5931354135000220 ) ) ;
#3052 = CARTESIAN_POINT ( 'NONE',  ( 19.77502939780734081, 265.2951171090334697, 757.5931354135000220 ) ) ;
#3053 = CARTESIAN_POINT ( 'NONE',  ( 29.54307726867061135, 265.5445169726339714, 749.1603434450162240 ) ) ;
#3054 = PRESENTATION_LAYER_ASSIGNMENT (  '', '', ( #4761 ) ) ;
#3055 = VERTEX_POINT ( 'NONE', #3655 ) ;
#3056 = CIRCLE ( 'NONE', #2355, 1.524999999999998579 ) ;
#3057 = CARTESIAN_POINT ( 'NONE',  ( 28.57521424878217786, 267.6038444576214488, 758.6085603856989792 ) ) ;
#3058 =( NAMED_UNIT ( * ) PLANE_ANGLE_UNIT ( ) SI_UNIT ( $, .RADIAN. ) );
#3059 =( NAMED_UNIT ( * ) PLANE_ANGLE_UNIT ( ) SI_UNIT ( $, .RADIAN. ) );
#3060 = CARTESIAN_POINT ( 'NONE',  ( -20.35764670824625355, 258.3403842912605910, 762.0931354135001357 ) ) ;
#3061 = CONICAL_SURFACE ( 'NONE', #746, 1.524999999999998579, 0.7853981633974042031 ) ;
#3062 = EDGE_LOOP ( 'NONE', ( #3799, #1704, #2592, #1013 ) ) ;
#3063 = CARTESIAN_POINT ( 'NONE',  ( -24.99999898209004812, 249.9997500793000142, 757.5931354135000220 ) ) ;
#3064 = AXIS2_PLACEMENT_3D ( 'NONE', #5472, #3396, #2121 ) ;
#3065 = EDGE_CURVE ( 'NONE', #4821, #3077, #1116, .T. ) ;
#3066 = ORIENTED_EDGE ( 'NONE', *, *, #4132, .F. ) ;
#3067 = EDGE_CURVE ( 'NONE', #4389, #2493, #2197, .T. ) ;
#3068 = CARTESIAN_POINT ( 'NONE',  ( -27.39723223223493775, 258.2065527598299468, 749.5674746737170153 ) ) ;
#3069 = DIRECTION ( 'NONE',  ( -1.000000000000000000, 0.000000000000000000, 0.000000000000000000 ) ) ;
#3070 = CARTESIAN_POINT ( 'NONE',  ( -29.04737407864564247, 257.4997500792999858, 751.0931354135001357 ) ) ;
#3071 = CARTESIAN_POINT ( 'NONE',  ( -23.97421007190937203, 257.0878871945842548, 754.4560521395732167 ) ) ;
#3072 = EDGE_CURVE ( 'NONE', #113, #668, #3996, .T. ) ;
#3073 = CARTESIAN_POINT ( 'NONE',  ( 26.39376214272970600, 233.1110426525170851, 758.4648128600123300 ) ) ;
#3074 = SURFACE_SIDE_STYLE ('',( #543 ) ) ;
#3075 = ORIENTED_EDGE ( 'NONE', *, *, #1603, .T. ) ;
#3076 = ORIENTED_EDGE ( 'NONE', *, *, #3921, .T. ) ;
#3077 = VERTEX_POINT ( 'NONE', #3568 ) ;
#3078 = FACE_OUTER_BOUND ( 'NONE', #1456, .T. ) ;
#3079 = DIRECTION ( 'NONE',  ( 1.000000000000000000, 0.000000000000000000, 0.000000000000000000 ) ) ;
#3080 = CARTESIAN_POINT ( 'NONE',  ( -29.04737407864564602, 254.6840127942140555, 758.0931354135000220 ) ) ;
#3081 = DIRECTION ( 'NONE',  ( -0.7071067811865660024, 0.7017007505237399245, 0.08727002185397941814 ) ) ;
#3082 = UNCERTAINTY_MEASURE_WITH_UNIT (LENGTH_MEASURE( 1.000000000000000082E-05 ), #1036, 'distance_accuracy_value', 'NONE');
#3083 = DIRECTION ( 'NONE',  ( 0.000000000000000000, 0.000000000000000000, 1.000000000000000000 ) ) ;
#3084 = AXIS2_PLACEMENT_3D ( 'NONE', #3060, #859, #947 ) ;
#3085 = ORIENTED_EDGE ( 'NONE', *, *, #3538, .T. ) ;
#3086 = CARTESIAN_POINT ( 'NONE',  ( 27.89169086691293131, 267.5361177113345548, 758.0639384225263484 ) ) ;
#3087 = VECTOR ( 'NONE', #229, 1000.000000000000114 ) ;
#3088 = CARTESIAN_POINT ( 'NONE',  ( 34.79183076061666213, 232.9858656240612618, 753.8676561537209864 ) ) ;
#3089 = FACE_OUTER_BOUND ( 'NONE', #1802, .T. ) ;
#3090 = DIRECTION ( 'NONE',  ( -0.000000000000000000, 1.000000000000000000, -0.000000000000000000 ) ) ;
#3091 = CONICAL_SURFACE ( 'NONE', #2386, 3.000000000000040856, 0.7853981633974924659 ) ;
#3092 = ORIENTED_EDGE ( 'NONE', *, *, #1873, .T. ) ;
#3093 = CARTESIAN_POINT ( 'NONE',  ( 28.47607746435690146, 252.6594209963710682, 749.5794646709442759 ) ) ;
#3094 = FACE_OUTER_BOUND ( 'NONE', #4003, .T. ) ;
#3095 = CARTESIAN_POINT ( 'NONE',  ( -28.76548184314393097, 258.5179515370003287, 749.3459090233209281 ) ) ;
#3096 = CARTESIAN_POINT ( 'NONE',  ( -24.54464913813944449, 254.7495025761589034, 755.2575641845580776 ) ) ;
#3097 = EDGE_CURVE ( 'NONE', #1292, #3998, #2743, .T. ) ;
#3098 = ADVANCED_FACE ( 'NONE', ( #2484 ), #3407, .F. ) ;
#3099 = DIRECTION ( 'NONE',  ( -1.000000000000000000, -0.000000000000000000, -0.000000000000000000 ) ) ;
#3100 = ORIENTED_EDGE ( 'NONE', *, *, #4813, .F. ) ;
#3101 = EDGE_LOOP ( 'NONE', ( #717, #2982, #353, #5421, #2799 ) ) ;
#3102 = ORIENTED_EDGE ( 'NONE', *, *, #853, .T. ) ;
#3103 = ADVANCED_FACE ( 'NONE', ( #3739 ), #2702, .F. ) ;
#3104 = CARTESIAN_POINT ( 'NONE',  ( 24.60661161107937644, 267.1635984797576953, 749.0931354135001357 ) ) ;
#3105 = CARTESIAN_POINT ( 'NONE',  ( 22.65769569382622350, 260.5652066228175272, 757.5931354135000220 ) ) ;
#3106 =( BOUNDED_SURFACE ( )  B_SPLINE_SURFACE ( 3, 2, ( 
 ( #1500, #4946, #1102 ),
 ( #1130, #5430, #3640 ),
 ( #3217, #1607, #632 ),
 ( #4034, #5347, #4920 ) ),
 .UNSPECIFIED., .F., .F., .F. ) 
 B_SPLINE_SURFACE_WITH_KNOTS ( ( 4, 4 ),
 ( 3, 3 ),
 ( 0.3113674384569006248, 0.3116429813644573943 ),
 ( 0.8070592716393429900, 1.000000000000000000 ),
 .UNSPECIFIED. ) 
 GEOMETRIC_REPRESENTATION_ITEM ( )  RATIONAL_B_SPLINE_SURFACE ( (
 ( 0.9702326040375170990, 0.9815581104086582576, 1.000000000000000000),
 ( 0.9702121407228132544, 0.9815454327061505779, 1.000000000000000000),
 ( 0.9701916637104538443, 0.9815327465174906729, 1.000000000000000000),
 ( 0.9701711729950424079, 0.9815200518393354390, 1.000000000000000000) ) ) 
 REPRESENTATION_ITEM ( '' )  SURFACE ( )  );
#3107 = CARTESIAN_POINT ( 'NONE',  ( 20.17052996540551391, 234.3984757089722279, 758.0931354135000220 ) ) ;
#3108 = EDGE_LOOP ( 'NONE', ( #2063, #1389, #1560, #2979 ) ) ;
#3109 =( LENGTH_UNIT ( ) NAMED_UNIT ( * ) SI_UNIT ( .MILLI., .METRE. ) );
#3110 = DIRECTION ( 'NONE',  ( 1.000000000000000000, 0.000000000000000000, 0.000000000000000000 ) ) ;
#3111 = CARTESIAN_POINT ( 'NONE',  ( 1.017909983045999956E-06, 249.9997500793000142, 749.0931354135001357 ) ) ;
#3112 = VERTEX_POINT ( 'NONE', #4548 ) ;
#3113 = CARTESIAN_POINT ( 'NONE',  ( -29.04388855731847130, 242.4862138668893010, 750.8254508335336368 ) ) ;
#3114 = PLANE ( 'NONE',  #1438 ) ;
#3115 = DIRECTION ( 'NONE',  ( -1.000000000000000000, 0.000000000000000000, 0.000000000000000000 ) ) ;
#3116 = CARTESIAN_POINT ( 'NONE',  ( 28.50000101791000517, 234.4630042588710523, 749.0931354135001357 ) ) ;
#3117 = CARTESIAN_POINT ( 'NONE',  ( 34.84062727816906602, 234.1240325086310179, 752.2079539893189803 ) ) ;
#3118 = CARTESIAN_POINT ( 'NONE',  ( 25.14753648752695270, 232.9172192370931782, 758.1345330575662729 ) ) ;
#3119 = EDGE_CURVE ( 'NONE', #570, #679, #4133, .T. ) ;
#3120 = CARTESIAN_POINT ( 'NONE',  ( 35.83333435124337285, 232.9308494395486946, 757.0108564478369999 ) ) ;
#3121 = ADVANCED_FACE ( 'NONE', ( #1253 ), #3321, .F. ) ;
#3122 = VERTEX_POINT ( 'NONE', #839 ) ;
#3123 = ORIENTED_EDGE ( 'NONE', *, *, #2429, .F. ) ;
#3124 = ORIENTED_EDGE ( 'NONE', *, *, #1853, .F. ) ;
#3125 = VECTOR ( 'NONE', #5162, 1000.000000000000114 ) ;
#3126 = DIRECTION ( 'NONE',  ( -1.000000000000000000, -0.000000000000000000, -0.000000000000000000 ) ) ;
#3127 = EDGE_CURVE ( 'NONE', #1340, #2889, #4244, .T. ) ;
#3128 = EDGE_CURVE ( 'NONE', #5048, #1803, #738, .T. ) ;
#3129 = CARTESIAN_POINT ( 'NONE',  ( -20.35764670824609368, 241.6591158673390680, 752.0931354135001357 ) ) ;
#3130 = UNCERTAINTY_MEASURE_WITH_UNIT (LENGTH_MEASURE( 1.000000000000000082E-05 ), #1174, 'distance_accuracy_value', 'NONE');
#3131 = AXIS2_PLACEMENT_3D ( 'NONE', #602, #1433, #4393 ) ;
#3132 = CARTESIAN_POINT ( 'NONE',  ( 36.46058484985771031, 266.3213845536288318, 756.2999610432666486 ) ) ;
#3133 = AXIS2_PLACEMENT_3D ( 'NONE', #3813, #1670, #5090 ) ;
#3134 = ORIENTED_EDGE ( 'NONE', *, *, #2420, .T. ) ;
#3135 = CARTESIAN_POINT ( 'NONE',  ( 23.13486169255567049, 231.7289295969412990, 758.0931354135001357 ) ) ;
#3136 = B_SPLINE_CURVE_WITH_KNOTS ( 'NONE', 3,
 ( #1847, #61, #5187, #4802, #167, #1371, #538, #3068 ),
 .UNSPECIFIED., .F., .F.,
 ( 4, 2, 2, 4 ),
 ( 0.000000000000000000, 0.0004349935122921430608, 0.0008699870245842861215, 0.001739974049168640981 ),
 .UNSPECIFIED. ) ;
#3137 = CARTESIAN_POINT ( 'NONE',  ( 20.02986084302312619, 237.9870603144588017, 752.5931354135001357 ) ) ;
#3138 = CARTESIAN_POINT ( 'NONE',  ( -29.04737407864564958, 243.9997500793000142, 755.0931354135001357 ) ) ;
#3139 = CARTESIAN_POINT ( 'NONE',  ( 0.3883656094874110010, 273.3524624045098790, 752.5931354135001357 ) ) ;
#3140 = PLANE ( 'NONE',  #4868 ) ;
#3141 = AXIS2_PLACEMENT_3D ( 'NONE', #2433, #3793, #1231 ) ;
#3142 = AXIS2_PLACEMENT_3D ( 'NONE', #3955, #134, #1839 ) ;
#3143 = ORIENTED_EDGE ( 'NONE', *, *, #1460, .T. ) ;
#3144 = CARTESIAN_POINT ( 'NONE',  ( 28.32076566015864927, 253.9871024804977253, 749.5721985549965893 ) ) ;
#3145 = CARTESIAN_POINT ( 'NONE',  ( -29.04737407864564247, 221.1996873712000138, 752.0931354135001357 ) ) ;
#3146 = CARTESIAN_POINT ( 'NONE',  ( 28.54722755382423216, 248.2575711975831041, 749.5838720944916531 ) ) ;
#3147 = CARTESIAN_POINT ( 'NONE',  ( 25.77541809568971232, 267.0178492096371770, 758.0931354135001357 ) ) ;
#3148 = FILL_AREA_STYLE ('',( #1451 ) ) ;
#3149 = CIRCLE ( 'NONE', #4142, 1.524999999999998579 ) ;
#3150 = CARTESIAN_POINT ( 'NONE',  ( 0.3883656094874009534, 273.3524624045098790, 757.5931354135000220 ) ) ;
#3151 = VECTOR ( 'NONE', #4496, 1000.000000000000000 ) ;
#3152 = VERTEX_POINT ( 'NONE', #2537 ) ;
#3153 = VERTEX_POINT ( 'NONE', #5417 ) ;
#3154 = AXIS2_PLACEMENT_3D ( 'NONE', #673, #4929, #1059 ) ;
#3155 = VERTEX_POINT ( 'NONE', #2462 ) ;
#3156 = ADVANCED_FACE ( 'NONE', ( #425, #5443, #2123, #3823, #1571, #4986, #1144, #393 ), #2928, .T. ) ;
#3157 = CARTESIAN_POINT ( 'NONE',  ( 24.43955285262021349, 267.3982645595224881, 749.0931354135001357 ) ) ;
#3158 = VECTOR ( 'NONE', #940, 1000.000000000000000 ) ;
#3159 = CARTESIAN_POINT ( 'NONE',  ( -19.22880008931491602, 264.3391609880760598, 752.3681354135001129 ) ) ;
#3160 = CARTESIAN_POINT ( 'NONE',  ( 36.45831670646756351, 266.3189343772749567, 756.2774428739426185 ) ) ;
#3161 = ORIENTED_EDGE ( 'NONE', *, *, #3065, .F. ) ;
#3162 = EDGE_CURVE ( 'NONE', #4769, #2567, #5500, .T. ) ;
#3163 = EDGE_CURVE ( 'NONE', #1845, #2357, #3349, .T. ) ;
#3164 = EDGE_LOOP ( 'NONE', ( #3198, #986, #3602, #4055 ) ) ;
#3165 = DIRECTION ( 'NONE',  ( -0.000000000000000000, -0.000000000000000000, -1.000000000000000000 ) ) ;
#3166 = DIRECTION ( 'NONE',  ( -1.000000000000000000, 0.000000000000000000, 0.000000000000000000 ) ) ;
#3167 = CARTESIAN_POINT ( 'NONE',  ( -20.47880008931489471, 235.6603391705239403, 752.0931354135001357 ) ) ;
#3168 = DIRECTION ( 'NONE',  ( -0.000000000000000000, -0.000000000000000000, -1.000000000000000000 ) ) ;
#3169 = EDGE_CURVE ( 'NONE', #5513, #2112, #2726, .T. ) ;
#3170 = AXIS2_PLACEMENT_3D ( 'NONE', #2230, #944, #3925 ) ;
#3171 = ORIENTED_EDGE ( 'NONE', *, *, #2860, .F. ) ;
#3172 = AXIS2_PLACEMENT_3D ( 'NONE', #4906, #1085, #2709 ) ;
#3173 = B_SPLINE_CURVE_WITH_KNOTS ( 'NONE', 3,
 ( #5133, #1850, #2655, #897, #2600, #3042, #4361, #5246, #541, #4304, #3016, #4274, #3884, #453, #2152, #3071, #4753, #4780, #931, #3851, #2632, #4333 ),
 .UNSPECIFIED., .F., .F.,
 ( 4, 2, 2, 2, 2, 2, 2, 2, 2, 2, 4 ),
 ( 0.000000000000000000, 0.0004971731942868201984, 0.0007457597914302315986, 0.0009943463885736429989, 0.001242932985717054616, 0.001491519582860466016, 0.001988692777147351484, 0.002485865971434237168, 0.002983039165721122852, 0.003480212360008008102, 0.003977385554294893787 ),
 .UNSPECIFIED. ) ;
#3174 = CARTESIAN_POINT ( 'NONE',  ( 25.98740760922601822, 267.5109187004112528, 757.1943777578994741 ) ) ;
#3175 = CARTESIAN_POINT ( 'NONE',  ( 28.46233382646554233, 247.1969262046883955, 749.5786798911785809 ) ) ;
#3176 = CARTESIAN_POINT ( 'NONE',  ( -0.9288925507815860572, 225.0948826270063989, 752.3681354135001129 ) ) ;
#3177 = AXIS2_PLACEMENT_3D ( 'NONE', #3189, #1860, #1070 ) ;
#3178 =( NAMED_UNIT ( * ) PLANE_ANGLE_UNIT ( ) SI_UNIT ( $, .RADIAN. ) );
#3179 = CIRCLE ( 'NONE', #3984, 1.524999999999998579 ) ;
#3180 = LINE ( 'NONE', #3630, #1742 ) ;
#3181 = DIRECTION ( 'NONE',  ( 0.7071067811865794361, 0.000000000000000000, 0.7071067811865157093 ) ) ;
#3182 = DIRECTION ( 'NONE',  ( -1.000000000000000000, 0.000000000000000000, 0.000000000000000000 ) ) ;
#3183 = DIRECTION ( 'NONE',  ( 0.09499731320271906365, 0.7006964467472304170, -0.7071067811865970887 ) ) ;
#3184 = ORIENTED_EDGE ( 'NONE', *, *, #1946, .T. ) ;
#3185 = ORIENTED_EDGE ( 'NONE', *, *, #3777, .T. ) ;
#3186 = ORIENTED_EDGE ( 'NONE', *, *, #1430, .F. ) ;
#3187 = CARTESIAN_POINT ( 'NONE',  ( 26.09279527681394839, 265.8415233549094978, 749.0931354135002493 ) ) ;
#3188 = CARTESIAN_POINT ( 'NONE',  ( 23.36924821269253272, 268.8611925022207174, 757.0835677002270359 ) ) ;
#3189 = CARTESIAN_POINT ( 'NONE',  ( -20.35764670824609368, 241.6591158673390680, 757.5931354135000220 ) ) ;
#3190 = ORIENTED_EDGE ( 'NONE', *, *, #1602, .T. ) ;
#3191 = ORIENTED_EDGE ( 'NONE', *, *, #1298, .T. ) ;
#3192 = CARTESIAN_POINT ( 'NONE',  ( 21.13269569382620361, 239.4342935357824445, 752.0931354135001357 ) ) ;
#3193 = CARTESIAN_POINT ( 'NONE',  ( 23.35911052509066366, 231.1287844000824236, 757.0838305328667275 ) ) ;
#3194 = DIRECTION ( 'NONE',  ( -1.000000000000000000, 0.000000000000000000, 0.000000000000000000 ) ) ;
#3195 = ADVANCED_FACE ( 'NONE', ( #3288 ), #1633, .F. ) ;
#3196 = EDGE_CURVE ( 'NONE', #3605, #4613, #4039, .T. ) ;
#3197 = CARTESIAN_POINT ( 'NONE',  ( 23.04827831848838926, 269.2033152034023828, 756.6910943386650388 ) ) ;
#3198 = ORIENTED_EDGE ( 'NONE', *, *, #3028, .T. ) ;
#3199 = CARTESIAN_POINT ( 'NONE',  ( -29.04737407864563536, 242.4997500792999858, 751.0931354135001357 ) ) ;
#3200 = CARTESIAN_POINT ( 'NONE',  ( -27.44336693858792131, 258.2918991208528041, 749.4951324534428068 ) ) ;
#3201 = DIRECTION ( 'NONE',  ( 0.000000000000000000, 0.000000000000000000, 1.000000000000000000 ) ) ;
#3202 = CARTESIAN_POINT ( 'NONE',  ( 28.29398340149385049, 245.8271282223116998, 749.5712870095959488 ) ) ;
#3203 = ADVANCED_FACE ( 'NONE', ( #4607 ), #792, .F. ) ;
#3204 = CARTESIAN_POINT ( 'NONE',  ( 24.64308257194780438, 267.3038415723867161, 758.0931354900990300 ) ) ;
#3205 = CARTESIAN_POINT ( 'NONE',  ( 22.65769569382641890, 239.4342935357827855, 752.0931354135001357 ) ) ;
#3206 = FILL_AREA_STYLE_COLOUR ( '', #3690 ) ;
#3207 = CARTESIAN_POINT ( 'NONE',  ( 26.69600733936292514, 267.4570734714402533, 757.4282619876444187 ) ) ;
#3208 = LINE ( 'NONE', #3234, #4398 ) ;
#3209 = EDGE_LOOP ( 'NONE', ( #4174, #2595, #3497 ) ) ;
#3210 = VERTEX_POINT ( 'NONE', #1597 ) ;
#3211 = ADVANCED_BREP_SHAPE_REPRESENTATION ( 'A2 J7输出轴V2-250904外发文件', ( #409, #575 ), #1189 ) ;
#3212 = CIRCLE ( 'NONE', #818, 28.59999999999999787 ) ;
#3213 = CARTESIAN_POINT ( 'NONE',  ( 23.77242389622163543, 268.5072129364706939, 757.0738974666153354 ) ) ;
#3214 = AXIS2_PLACEMENT_3D ( 'NONE', #713, #1916, #1555 ) ;
#3215 = CARTESIAN_POINT ( 'NONE',  ( 36.28969839485916538, 233.7932190588705907, 755.2479415044813322 ) ) ;
#3216 = ORIENTED_EDGE ( 'NONE', *, *, #1879, .F. ) ;
#3217 = CARTESIAN_POINT ( 'NONE',  ( 26.05369271124094865, 267.5093969122973476, 757.2823448847659620 ) ) ;
#3218 = DIRECTION ( 'NONE',  ( 0.000000000000000000, 0.000000000000000000, 1.000000000000000000 ) ) ;
#3219 = DIRECTION ( 'NONE',  ( -1.000000000000000000, 0.000000000000000000, 0.000000000000000000 ) ) ;
#3220 = CARTESIAN_POINT ( 'NONE',  ( 27.92161774250213924, 232.4603457823492647, 758.0931354135000220 ) ) ;
#3221 = CIRCLE ( 'NONE', #825, 3.499999999999964917 ) ;
#3222 = ORIENTED_EDGE ( 'NONE', *, *, #1148, .F. ) ;
#3223 = CARTESIAN_POINT ( 'NONE',  ( 26.86928395051860008, 232.5329339976121048, 757.5094847617978076 ) ) ;
#3224 = SURFACE_STYLE_FILL_AREA ( #750 ) ;
#3225 = CARTESIAN_POINT ( 'NONE',  ( 24.82076739697236434, 267.2146722680699895, 758.1027809892057121 ) ) ;
#3226 = CARTESIAN_POINT ( 'NONE',  ( 28.45515363493611005, 247.1247259780597005, 749.5782852287281912 ) ) ;
#3227 = CARTESIAN_POINT ( 'NONE',  ( 25.00342513874431916, 267.1455176093771797, 758.0931354135001357 ) ) ;
#3228 = PRESENTATION_STYLE_ASSIGNMENT (( #1086 ) ) ;
#3229 = EDGE_CURVE ( 'NONE', #900, #1601, #3311, .T. ) ;
#3230 = EDGE_CURVE ( 'NONE', #4366, #3152, #4578, .T. ) ;
#3231 = COLOUR_RGB ( '',0.8980392156862745390, 0.9176470588235293713, 0.9294117647058823817 ) ;
#3232 = CARTESIAN_POINT ( 'NONE',  ( 22.81021751919035978, 231.3940082095664650, 758.0931354135000220 ) ) ;
#3233 = CARTESIAN_POINT ( 'NONE',  ( 25.89741156362200414, 267.5261351537260452, 757.1728108775012061 ) ) ;
#3234 = CARTESIAN_POINT ( 'NONE',  ( -20.41822339878040538, 238.6597275189313621, 757.5931354135000220 ) ) ;
#3235 = DIRECTION ( 'NONE',  ( 0.000000000000000000, 0.000000000000000000, -1.000000000000000000 ) ) ;
#3236 = ORIENTED_EDGE ( 'NONE', *, *, #5249, .F. ) ;
#3237 = ORIENTED_EDGE ( 'NONE', *, *, #207, .F. ) ;
#3238 = AXIS2_PLACEMENT_3D ( 'NONE', #4656, #2899, #4599 ) ;
#3239 = ADVANCED_FACE ( 'NONE', ( #2677 ), #2598, .T. ) ;
#3240 =( GEOMETRIC_REPRESENTATION_CONTEXT ( 3 ) GLOBAL_UNCERTAINTY_ASSIGNED_CONTEXT ( ( #968 ) ) GLOBAL_UNIT_ASSIGNED_CONTEXT ( ( #3013, #3372, #2535 ) ) REPRESENTATION_CONTEXT ( 'NONE', 'WORKASPACE' ) );
#3241 = CARTESIAN_POINT ( 'NONE',  ( -18.43091997859242426, 262.9052198971984353, 752.0931354135001357 ) ) ;
#3242 = B_SPLINE_CURVE_WITH_KNOTS ( 'NONE', 3,
 ( #2035, #5439, #1615, #722, #3310, #4956, #5010, #5467, #2897, #1647, #2428, #2004, #111, #2624, #2593, #4296, #4685, #5159, #975, #949, #891, #1767, #417, #59, #2648, #2144, #4356, #3458, #474, #536 ),
 .UNSPECIFIED., .F., .F.,
 ( 4, 2, 1, 1, 2, 2, 2, 1, 1, 2, 2, 2, 1, 1, 1, 1, 2, 2, 4 ),
 ( 0.000000000000000000, 0.1249999999999381328, 0.1874999999998995248, 0.2187499999998697153, 0.2343749999998629152, 0.2499999999998560873, 0.3749999999997661315, 0.4374999999997116751, 0.4687499999996953548, 0.4843749999996901923, 0.4999999999996850852, 0.6249999999994493294, 0.6874999999993204325, 0.7187499999992547073, 0.7343749999992086330, 0.7421874999991872057, 0.7460937499991870947, 0.7499999999991869837, 1.000000000000000000 ),
 .UNSPECIFIED. ) ;
#3243 = AXIS2_PLACEMENT_3D ( 'NONE', #4461, #1112, #640 ) ;
#3244 = DIRECTION ( 'NONE',  ( 0.000000000000000000, 0.1234049929975011561, 0.9923563914760092919 ) ) ;
#3245 = VERTEX_POINT ( 'NONE', #1739 ) ;
#3246 = DIRECTION ( 'NONE',  ( -1.000000000000000000, 0.000000000000000000, 0.000000000000000000 ) ) ;
#3247 = CARTESIAN_POINT ( 'NONE',  ( -12.49999898208996996, 228.3491149846890096, 752.3931354135000902 ) ) ;
#3248 = CYLINDRICAL_SURFACE ( 'NONE', #5490, 1.499999999999952704 ) ;
#3249 = CARTESIAN_POINT ( 'NONE',  ( -27.48099649124459631, 241.6151891823653273, 749.4289854935196900 ) ) ;
#3250 = ORIENTED_EDGE ( 'NONE', *, *, #452, .F. ) ;
#3251 = ORIENTED_EDGE ( 'NONE', *, *, #4464, .T. ) ;
#3252 = CARTESIAN_POINT ( 'NONE',  ( 24.24815087888521603, 268.1733209554215591, 757.0636695900591349 ) ) ;
#3253 = DIRECTION ( 'NONE',  ( 0.000000000000000000, 0.000000000000000000, 1.000000000000000000 ) ) ;
#3254 = CARTESIAN_POINT ( 'NONE',  ( -24.44367988624042454, 244.7546298701939236, 756.0927622339820573 ) ) ;
#3255 = FACE_OUTER_BOUND ( 'NONE', #5079, .T. ) ;
#3256 = FACE_OUTER_BOUND ( 'NONE', #4965, .T. ) ;
#3257 = AXIS2_PLACEMENT_3D ( 'NONE', #3841, #5091, #2646 ) ;
#3258 = LINE ( 'NONE', #2765, #2446 ) ;
#3259 = CARTESIAN_POINT ( 'NONE',  ( 26.16644648012095686, 267.4864560435783005, 757.2428340817872368 ) ) ;
#3261 = DIRECTION ( 'NONE',  ( 1.000000000000000000, 0.000000000000000000, 0.000000000000000000 ) ) ;
#3260 = AXIS2_PLACEMENT_3D ( 'NONE', #3295, #1938, #3244 ) ;
#3262 = CARTESIAN_POINT ( 'NONE',  ( 22.57005103486834230, 231.1242326184638216, 758.0931354135000220 ) ) ;
#3263 = ORIENTED_EDGE ( 'NONE', *, *, #527, .F. ) ;
#3264 = EDGE_CURVE ( 'NONE', #3440, #2224, #3592, .T. ) ;
#3265 = EDGE_LOOP ( 'NONE', ( #3134, #4727, #1313, #358 ) ) ;
#3266 = ADVANCED_FACE ( 'NONE', ( #866 ), #5214, .F. ) ;
#3267 = AXIS2_PLACEMENT_3D ( 'NONE', #1045, #628, #1466 ) ;
#3268 = DIRECTION ( 'NONE',  ( 0.000000000000000000, 0.000000000000000000, 1.000000000000000000 ) ) ;
#3269 = CARTESIAN_POINT ( 'NONE',  ( 23.01250546738167557, 269.2461689400399223, 757.0931354135103675 ) ) ;
#3270 = EDGE_CURVE ( 'NONE', #4757, #3469, #1190, .T. ) ;
#3271 = CARTESIAN_POINT ( 'NONE',  ( -0.03951075055704181271, 226.3883452329095007, 758.0931354135000220 ) ) ;
#3272 = VERTEX_POINT ( 'NONE', #482 ) ;
#3273 = AXIS2_PLACEMENT_3D ( 'NONE', #265, #5313, #2438 ) ;
#3274 = FACE_OUTER_BOUND ( 'NONE', #5330, .T. ) ;
#3275 = DIRECTION ( 'NONE',  ( 0.000000000000000000, 0.000000000000000000, -1.000000000000000000 ) ) ;
#3276 = DIRECTION ( 'NONE',  ( -1.000000000000000000, 0.000000000000000000, 0.000000000000000000 ) ) ;
#3277 = AXIS2_PLACEMENT_3D ( 'NONE', #5515, #3757, #4593 ) ;
#3278 = B_SPLINE_CURVE_WITH_KNOTS ( 'NONE', 3,
 ( #3157, #3104, #5311, #524, #2663, #5280, #3187, #965, #2748, #4811 ),
 .UNSPECIFIED., .F., .F.,
 ( 4, 2, 2, 2, 4 ),
 ( 1.040834085586084257E-17, 0.0008506922672130286201, 0.001701384534426046832, 0.002552076801639064935, 0.003402769068852083256 ),
 .UNSPECIFIED. ) ;
#3279 = CARTESIAN_POINT ( 'NONE',  ( 21.40769569382620929, 239.4342935357824445, 752.0931354135001357 ) ) ;
#3280 = ORIENTED_EDGE ( 'NONE', *, *, #754, .F. ) ;
#3281 = FACE_OUTER_BOUND ( 'NONE', #504, .T. ) ;
#3282 = DIRECTION ( 'NONE',  ( 0.7071067811865165975, 8.659560562354554451E-17, -0.7071067811865784369 ) ) ;
#3283 = FACE_OUTER_BOUND ( 'NONE', #519, .T. ) ;
#3284 = CARTESIAN_POINT ( 'NONE',  ( 25.89212138368752036, 232.4728735758256448, 757.1716209325775253 ) ) ;
#3285 = LINE ( 'NONE', #4544, #776 ) ;
#3286 = APPLICATION_PROTOCOL_DEFINITION ( 'draft international standard', 'automotive_design', 1998, #1179 ) ;
#3287 = CARTESIAN_POINT ( 'NONE',  ( 25.90217621231269618, 266.9078820664954037, 758.2929933435472094 ) ) ;
#3288 = FACE_OUTER_BOUND ( 'NONE', #5287, .T. ) ;
#3289 = CARTESIAN_POINT ( 'NONE',  ( 0.3883656094874009534, 273.3524624045098790, 762.0931354135001357 ) ) ;
#3290 = ORIENTED_EDGE ( 'NONE', *, *, #5486, .F. ) ;
#3291 = EDGE_CURVE ( 'NONE', #1582, #4728, #2584, .T. ) ;
#3292 = EDGE_CURVE ( 'NONE', #4821, #2578, #2180, .T. ) ;
#3293 = ORIENTED_EDGE ( 'NONE', *, *, #914, .T. ) ;
#3294 = CARTESIAN_POINT ( 'NONE',  ( 23.88228884211364189, 268.4216721958225094, 757.0714161552930364 ) ) ;
#3295 = CARTESIAN_POINT ( 'NONE',  ( 19.45202373756000114, 266.3022832656000105, 748.1421073157999899 ) ) ;
#3296 = ORIENTED_EDGE ( 'NONE', *, *, #4405, .T. ) ;
#3297 = ADVANCED_FACE ( 'NONE', ( #3518, #1824 ), #930, .F. ) ;
#3298 = EDGE_CURVE ( 'NONE', #1656, #4678, #4724, .T. ) ;
#3299 = CYLINDRICAL_SURFACE ( 'NONE', #468, 1.500000000000001332 ) ;
#3300 = DIRECTION ( 'NONE',  ( -1.000000000000000000, 0.000000000000000000, 0.000000000000000000 ) ) ;
#3301 = VECTOR ( 'NONE', #2970, 1000.000000000000114 ) ;
#3302 = CARTESIAN_POINT ( 'NONE',  ( -23.13368957999465536, 240.5217566566171286, 752.5931354135001357 ) ) ;
#3303 = CARTESIAN_POINT ( 'NONE',  ( -27.55861667532903425, 240.9634258603146293, 749.1440143497776489 ) ) ;
#3304 = CONICAL_SURFACE ( 'NONE', #4386, 2.999999999999999112, 0.7853981633974943533 ) ;
#3305 = ORIENTED_EDGE ( 'NONE', *, *, #5516, .T. ) ;
#3306 = CARTESIAN_POINT ( 'NONE',  ( 32.02397198190533345, 266.6393652320440424, 750.8527386746046659 ) ) ;
#3307 =( LENGTH_UNIT ( ) NAMED_UNIT ( * ) SI_UNIT ( .MILLI., .METRE. ) );
#3308 = FILL_AREA_STYLE_COLOUR ( '', #5368 ) ;
#3309 = CARTESIAN_POINT ( 'NONE',  ( -24.30896095596976991, 244.1600884906149531, 753.8431354135003630 ) ) ;
#3310 = CARTESIAN_POINT ( 'NONE',  ( 24.40480084323005627, 231.9203202467471385, 757.0605356254283151 ) ) ;
#3311 = B_SPLINE_CURVE_WITH_KNOTS ( 'NONE', 3,
 ( #2508, #3374, #4384, #1400 ),
 .UNSPECIFIED., .F., .F.,
 ( 4, 4 ),
 ( 0.004059381903770675412, 0.005241264987013086532 ),
 .UNSPECIFIED. ) ;
#3312 = DIRECTION ( 'NONE',  ( 0.000000000000000000, 0.000000000000000000, 1.000000000000000000 ) ) ;
#3313 = AXIS2_PLACEMENT_3D ( 'NONE', #49, #4256, #1211 ) ;
#3314 = VERTEX_POINT ( 'NONE', #224 ) ;
#3315 = CARTESIAN_POINT ( 'NONE',  ( -29.04737407864564958, 257.4997500792999858, 754.8181354134998173 ) ) ;
#3316 = DIRECTION ( 'NONE',  ( 1.000000000000000000, 0.000000000000000000, 0.000000000000000000 ) ) ;
#3317 = DIRECTION ( 'NONE',  ( -0.000000000000000000, -0.000000000000000000, -1.000000000000000000 ) ) ;
#3318 = DIRECTION ( 'NONE',  ( 0.000000000000000000, 0.000000000000000000, -1.000000000000000000 ) ) ;
#3319 = ORIENTED_EDGE ( 'NONE', *, *, #4229, .T. ) ;
#3320 =( BOUNDED_CURVE ( )  B_SPLINE_CURVE ( 3, ( #2430, #5041, #2868, #1197 ),
 .UNSPECIFIED., .F., .T. ) 
 B_SPLINE_CURVE_WITH_KNOTS ( ( 4, 4 ),
 ( 2.235476007530455167, 2.267287739048210682 ),
 .UNSPECIFIED. ) 
 CURVE ( )  GEOMETRIC_REPRESENTATION_ITEM ( )  RATIONAL_B_SPLINE_CURVE ( ( 1.000000000000000000, 0.9999156695894513280, 0.9999156695894513280, 1.000000000000000000 ) ) 
 REPRESENTATION_ITEM ( '' )  );
#3321 = CONICAL_SURFACE ( 'NONE', #3141, 21.99999999999999645, 0.7853981633973927678 ) ;
#3322 = COLOUR_RGB ( '',0.8980392156862745390, 0.9176470588235293713, 0.9294117647058823817 ) ;
#3323 = COLOUR_RGB ( '',0.8980392156862745390, 0.9176470588235293713, 0.9294117647058823817 ) ;
#3324 = CARTESIAN_POINT ( 'NONE',  ( 20.46783331815699469, 238.2282658513461229, 758.0931354135000220 ) ) ;
#3325 = AXIS2_PLACEMENT_3D ( 'NONE', #721, #2427, #2034 ) ;
#3326 = ORIENTED_EDGE ( 'NONE', *, *, #4201, .F. ) ;
#3327 = ORIENTED_EDGE ( 'NONE', *, *, #1671, .F. ) ;
#3328 = CARTESIAN_POINT ( 'NONE',  ( 36.06377194653668994, 233.8762786108924274, 754.4845524082577413 ) ) ;
#3329 = ORIENTED_EDGE ( 'NONE', *, *, #2184, .T. ) ;
#3330 = CIRCLE ( 'NONE', #3763, 3.500000000000015987 ) ;
#3331 = CARTESIAN_POINT ( 'NONE',  ( 28.50000101790999452, 266.5295582833005028, 749.9697304205026285 ) ) ;
#3332 = CARTESIAN_POINT ( 'NONE',  ( 3.358663235917672019, 225.2263896268839574, 752.5931354135001357 ) ) ;
#3333 = CARTESIAN_POINT ( 'NONE',  ( 17.40202599221985835, 236.5398270931348463, 752.5931354135001357 ) ) ;
#3334 = EDGE_CURVE ( 'NONE', #2045, #531, #2084, .T. ) ;
#3335 = EDGE_CURVE ( 'NONE', #2046, #3986, #4436, .T. ) ;
#3336 = DIRECTION ( 'NONE',  ( -0.000000000000000000, -0.000000000000000000, -1.000000000000000000 ) ) ;
#3337 = CIRCLE ( 'NONE', #223, 1.799999999999982059 ) ;
#3338 = ORIENTED_EDGE ( 'NONE', *, *, #346, .F. ) ;
#3339 = CARTESIAN_POINT ( 'NONE',  ( 19.45202373756000114, 267.5397485182680839, 758.0931354135000220 ) ) ;
#3340 = DIRECTION ( 'NONE',  ( 0.000000000000000000, 0.000000000000000000, -1.000000000000000000 ) ) ;
#3341 = DIRECTION ( 'NONE',  ( -0.000000000000000000, -0.000000000000000000, 1.000000000000000000 ) ) ;
#3342 = CARTESIAN_POINT ( 'NONE',  ( 25.71477689735837302, 232.4368050161016583, 757.1346742085097503 ) ) ;
#3343 = CARTESIAN_POINT ( 'NONE',  ( 19.93877233271626181, 259.2973518375953859, 752.5931354135001357 ) ) ;
#3344 = EDGE_CURVE ( 'NONE', #871, #3395, #4517, .T. ) ;
#3345 = LINE ( 'NONE', #389, #4610 ) ;
#3346 = EDGE_LOOP ( 'NONE', ( #4217, #5154 ) ) ;
#3347 = CARTESIAN_POINT ( 'NONE',  ( 24.09495359147092231, 267.9705389133956714, 750.2042651602517935 ) ) ;
#3348 = DIRECTION ( 'NONE',  ( -0.000000000000000000, -0.000000000000000000, 1.000000000000000000 ) ) ;
#3349 = LINE ( 'NONE', #1679, #4571 ) ;
#3350 = CARTESIAN_POINT ( 'NONE',  ( 19.65769569382639403, 239.4342935357827855, 757.5931354135000220 ) ) ;
#3351 = EDGE_LOOP ( 'NONE', ( #3092, #3329, #3386, #58, #1766, #3909, #1624, #922, #1134, #96, #1352, #5129, #1523, #3470, #5461, #4525, #3305, #4698, #884 ) ) ;
#3352 = AXIS2_PLACEMENT_3D ( 'NONE', #1356, #1692, #465 ) ;
#3353 = ORIENTED_EDGE ( 'NONE', *, *, #3814, .T. ) ;
#3354 = CONICAL_SURFACE ( 'NONE', #1666, 25.00000000000007461, 0.7853981633973927678 ) ;
#3355 = CARTESIAN_POINT ( 'NONE',  ( 28.50000101791000517, 234.4630042588710523, 749.0931354135001357 ) ) ;
#3356 = ORIENTED_EDGE ( 'NONE', *, *, #4752, .T. ) ;
#3357 = CARTESIAN_POINT ( 'NONE',  ( 29.54718275065890509, 265.5428130758519956, 749.1447035453712715 ) ) ;
#3358 = CARTESIAN_POINT ( 'NONE',  ( 17.40202599221967006, 263.4596730654654948, 758.0931354135000220 ) ) ;
#3359 = FACE_OUTER_BOUND ( 'NONE', #4513, .T. ) ;
#3360 = CARTESIAN_POINT ( 'NONE',  ( -27.39723223223492710, 241.7929473987700248, 749.5674746737170153 ) ) ;
#3361 = EDGE_LOOP ( 'NONE', ( #1467, #5158, #3724, #4731 ) ) ;
#3362 = EDGE_CURVE ( 'NONE', #3605, #3505, #254, .T. ) ;
#3363 = CARTESIAN_POINT ( 'NONE',  ( 29.41687233004335766, 266.5295506015870615, 749.9696686483060830 ) ) ;
#3364 = ADVANCED_FACE ( 'NONE', ( #1479 ), #696, .F. ) ;
#3365 = DIRECTION ( 'NONE',  ( -1.000000000000000000, 0.000000000000000000, 0.000000000000000000 ) ) ;
#3366 = CARTESIAN_POINT ( 'NONE',  ( 22.65769569382620219, 239.4342935357824445, 752.0931354135001357 ) ) ;
#3367 = CARTESIAN_POINT ( 'NONE',  ( -24.45744525729920582, 244.8193196936298079, 756.0404955683853814 ) ) ;
#3368 = EDGE_LOOP ( 'NONE', ( #789, #3185, #4842, #5208, #1814, #815, #2491 ) ) ;
#3369 = DIRECTION ( 'NONE',  ( -0.7071067811865520136, 0.000000000000000000, 0.7071067811865431318 ) ) ;
#3370 = EDGE_LOOP ( 'NONE', ( #5108, #4073, #1445, #231, #3741 ) ) ;
#3371 = EDGE_CURVE ( 'NONE', #3112, #3971, #4489, .T. ) ;
#3372 =( NAMED_UNIT ( * ) PLANE_ANGLE_UNIT ( ) SI_UNIT ( $, .RADIAN. ) );
#3373 = CARTESIAN_POINT ( 'NONE',  ( 24.18269569382622208, 260.5652066228175272, 752.0931354135001357 ) ) ;
#3374 = CARTESIAN_POINT ( 'NONE',  ( 26.83143713460449220, 266.5833600490496451, 750.0172560470101644 ) ) ;
#3375 = DIRECTION ( 'NONE',  ( -0.000000000000000000, -0.000000000000000000, -1.000000000000000000 ) ) ;
#3376 = CARTESIAN_POINT ( 'NONE',  ( -29.04737407864564602, 244.3528042222550596, 757.8276727443184200 ) ) ;
#3377 = ORIENTED_EDGE ( 'NONE', *, *, #1366, .F. ) ;
#3378 = ORIENTED_EDGE ( 'NONE', *, *, #4405, .F. ) ;
#3379 = ORIENTED_EDGE ( 'NONE', *, *, #1469, .T. ) ;
#3380 = CARTESIAN_POINT ( 'NONE',  ( 34.18061569172304814, 234.2054301141567123, 751.4600415883282949 ) ) ;
#3381 = ORIENTED_EDGE ( 'NONE', *, *, #1576, .T. ) ;
#3382 = CARTESIAN_POINT ( 'NONE',  ( 33.78661295237498052, 265.7518756417393320, 751.0660388489802699 ) ) ;
#3383 = DIRECTION ( 'NONE',  ( -0.000000000000000000, -0.000000000000000000, -1.000000000000000000 ) ) ;
#3384 = CARTESIAN_POINT ( 'NONE',  ( 24.18269569382622208, 260.5652066228175272, 752.0931354135001357 ) ) ;
#3385 = CARTESIAN_POINT ( 'NONE',  ( 36.41996438766074107, 266.2846613012596322, 755.9624436259551885 ) ) ;
#3386 = ORIENTED_EDGE ( 'NONE', *, *, #2599, .T. ) ;
#3387 = CIRCLE ( 'NONE', #188, 3.000000000000023537 ) ;
#3388 = CARTESIAN_POINT ( 'NONE',  ( 29.13311791930111383, 267.2968614914327077, 761.1975800928095168 ) ) ;
#3389 = FACE_OUTER_BOUND ( 'NONE', #3004, .T. ) ;
#3390 = CARTESIAN_POINT ( 'NONE',  ( -1.917425322538588661, 271.9160334373183900, 752.5931354135001357 ) ) ;
#3391 = DIRECTION ( 'NONE',  ( 0.000000000000000000, 0.000000000000000000, 1.000000000000000000 ) ) ;
#3392 = ORIENTED_EDGE ( 'NONE', *, *, #5282, .F. ) ;
#3393 = DIRECTION ( 'NONE',  ( -1.000000000000000000, -0.000000000000000000, -0.000000000000000000 ) ) ;
#3394 = VECTOR ( 'NONE', #4659, 1000.000000000000114 ) ;
#3395 = VERTEX_POINT ( 'NONE', #142 ) ;
#3396 = DIRECTION ( 'NONE',  ( 0.000000000000000000, 0.000000000000000000, 1.000000000000000000 ) ) ;
#3397 = CARTESIAN_POINT ( 'NONE',  ( 26.06528867651046610, 267.5002940130268030, 757.2154717432962343 ) ) ;
#3398 = CARTESIAN_POINT ( 'NONE',  ( 19.77502939780757529, 234.7043830495668999, 752.5931354135001357 ) ) ;
#3399 = CARTESIAN_POINT ( 'NONE',  ( -18.95380008931489613, 235.6603391705239403, 752.0931354135001357 ) ) ;
#3400 = ADVANCED_FACE ( 'NONE', ( #3564 ), #2361, .F. ) ;
#3401 = ADVANCED_FACE ( 'NONE', ( #5245 ), #4840, .T. ) ;
#3402 = AXIS2_PLACEMENT_3D ( 'NONE', #2389, #652, #1122 ) ;
#3403 = CARTESIAN_POINT ( 'NONE',  ( 36.50000101791000162, 274.9622789891193975, 825.8845217299690376 ) ) ;
#3404 = VERTEX_POINT ( 'NONE', #4824 ) ;
#3405 = VERTEX_POINT ( 'NONE', #3594 ) ;
#3406 = EDGE_LOOP ( 'NONE', ( #1947, #799, #5339, #5481 ) ) ;
#3407 = CONICAL_SURFACE ( 'NONE', #1007, 25.00000000000002842, 0.7853981633973927678 ) ;
#3408 = CARTESIAN_POINT ( 'NONE',  ( -20.47880008931489471, 235.6603391705239403, 752.0931354135001357 ) ) ;
#3409 = ORIENTED_EDGE ( 'NONE', *, *, #4603, .T. ) ;
#3410 = EDGE_CURVE ( 'NONE', #113, #2719, #1658, .T. ) ;
#3411 = DIRECTION ( 'NONE',  ( -0.000000000000000000, -0.000000000000000000, -1.000000000000000000 ) ) ;
#3412 = VECTOR ( 'NONE', #1509, 1000.000000000000000 ) ;
#3413 = CARTESIAN_POINT ( 'NONE',  ( 36.44843288603367171, 266.2937455437132712, 756.0459536807259155 ) ) ;
#3414 = CARTESIAN_POINT ( 'NONE',  ( 26.88965786858478424, 272.4039093907528013, 756.6910943386649251 ) ) ;
#3415 = FACE_OUTER_BOUND ( 'NONE', #3108, .T. ) ;
#3416 = CARTESIAN_POINT ( 'NONE',  ( 32.83338951807028394, 265.6759589365892680, 750.3683418701385790 ) ) ;
#3417 = AXIS2_PLACEMENT_3D ( 'NONE', #3430, #4604, #2037 ) ;
#3418 = AXIS2_PLACEMENT_3D ( 'NONE', #2533, #4626, #2458 ) ;
#3419 = EDGE_LOOP ( 'NONE', ( #152, #1419, #3409, #489 ) ) ;
#3421 = CARTESIAN_POINT ( 'NONE',  ( 35.31719112743643052, 267.1720357716614558, 755.1361878422649170 ) ) ;
#3420 = CIRCLE ( 'NONE', #1017, 1.249999999999994227 ) ;
#3422 = DIRECTION ( 'NONE',  ( 1.000000000000000000, 0.000000000000000000, 0.000000000000000000 ) ) ;
#3423 = CARTESIAN_POINT ( 'NONE',  ( 23.89696145633126889, 268.1421660873400015, 749.7940667811284357 ) ) ;
#3424 = CARTESIAN_POINT ( 'NONE',  ( 27.37850666368782626, 233.1537584649992141, 752.5177019542040853 ) ) ;
#3425 = EDGE_LOOP ( 'NONE', ( #4833, #3044, #2925, #400 ) ) ;
#3426 = AXIS2_PLACEMENT_3D ( 'NONE', #4493, #2381, #619 ) ;
#3427 = LINE ( 'NONE', #447, #2995 ) ;
#3428 = CIRCLE ( 'NONE', #2455, 1.249999999999973355 ) ;
#3429 = VERTEX_POINT ( 'NONE', #4625 ) ;
#3430 = CARTESIAN_POINT ( 'NONE',  ( -29.04737407864564958, 243.9997500793000142, 755.0931354135001357 ) ) ;
#3431 = CARTESIAN_POINT ( 'NONE',  ( 27.32671395600429065, 233.0368829449664361, 758.9617207408434751 ) ) ;
#3432 = CARTESIAN_POINT ( 'NONE',  ( 22.65769569382641890, 239.4342935357827855, 758.0931354135000220 ) ) ;
#3433 = CARTESIAN_POINT ( 'NONE',  ( -3.703892550781585413, 225.0948826270063989, 752.0931354135001357 ) ) ;
#3434 = CYLINDRICAL_SURFACE ( 'NONE', #3671, 21.99999999999999645 ) ;
#3435 = ADVANCED_FACE ( 'NONE', ( #2060 ), #3772, .T. ) ;
#3436 = DIRECTION ( 'NONE',  ( 0.000000000000000000, 0.000000000000000000, 1.000000000000000000 ) ) ;
#3437 = EDGE_CURVE ( 'NONE', #1589, #1236, #1194, .T. ) ;
#3438 = AXIS2_PLACEMENT_3D ( 'NONE', #3167, #2782, #1051 ) ;
#3439 = VERTEX_POINT ( 'NONE', #4159 ) ;
#3440 = VERTEX_POINT ( 'NONE', #5384 ) ;
#3441 = CARTESIAN_POINT ( 'NONE',  ( -2.178892550781579285, 274.9046175315936580, 752.3681354135001129 ) ) ;
#3442 = ORIENTED_EDGE ( 'NONE', *, *, #4365, .T. ) ;
#3443 = CIRCLE ( 'NONE', #598, 1.799999999999926548 ) ;
#3444 = FACE_OUTER_BOUND ( 'NONE', #81, .T. ) ;
#3445 = EDGE_CURVE ( 'NONE', #2236, #3314, #5111, .T. ) ;
#3446 = DIRECTION ( 'NONE',  ( -0.000000000000000000, -0.000000000000000000, -1.000000000000000000 ) ) ;
#3447 = CARTESIAN_POINT ( 'NONE',  ( 19.45283122758999994, 232.4603457823492647, 758.0931354135000220 ) ) ;
#3448 = CYLINDRICAL_SURFACE ( 'NONE', #4867, 3.000000000000038192 ) ;
#3449 = VECTOR ( 'NONE', #272, 1000.000000000000000 ) ;
#3450 = CARTESIAN_POINT ( 'NONE',  ( 29.41300263906761003, 265.5427744216312362, 749.1443265235075160 ) ) ;
#3451 = AXIS2_PLACEMENT_3D ( 'NONE', #5361, #4907, #1140 ) ;
#3452 = EDGE_LOOP ( 'NONE', ( #3171, #5186, #3919, #2836 ) ) ;
#3453 = CARTESIAN_POINT ( 'NONE',  ( 30.33096292744326306, 267.9731153424161221, 761.5780376638143707 ) ) ;
#3454 = DIRECTION ( 'NONE',  ( 0.6408563820557551249, -0.2988362387300849132, -0.7071067811865926478 ) ) ;
#3455 = PRESENTATION_STYLE_ASSIGNMENT (( #1363 ) ) ;
#3456 = CARTESIAN_POINT ( 'NONE',  ( 35.50000101791005847, 226.4932591726000339, 806.0719151084000487 ) ) ;
#3457 = ORIENTED_EDGE ( 'NONE', *, *, #4365, .F. ) ;
#3458 = CARTESIAN_POINT ( 'NONE',  ( 23.30144349118509695, 231.0732647798306800, 757.0852826891349423 ) ) ;
#3459 = VECTOR ( 'NONE', #3090, 1000.000000000000000 ) ;
#3460 = AXIS2_PLACEMENT_3D ( 'NONE', #1099, #1908, #3662 ) ;
#3461 = ORIENTED_EDGE ( 'NONE', *, *, #5514, .F. ) ;
#3462 = CARTESIAN_POINT ( 'NONE',  ( 28.55523522002978254, 251.6035022439870374, 749.5844244123984481 ) ) ;
#3463 = CARTESIAN_POINT ( 'NONE',  ( 23.60078043623585131, 268.5200959412845236, 750.1501661833843855 ) ) ;
#3464 = DIRECTION ( 'NONE',  ( -0.000000000000000000, -0.000000000000000000, -1.000000000000000000 ) ) ;
#3465 = CARTESIAN_POINT ( 'NONE',  ( -24.44514142653684274, 255.2389375427436278, 754.0880409108357298 ) ) ;
#3466 = DIRECTION ( 'NONE',  ( -1.000000000000000000, 0.000000000000000000, 0.000000000000000000 ) ) ;
#3467 = CARTESIAN_POINT ( 'NONE',  ( 28.50000101791000517, 265.5372018918245089, 749.0931354135001357 ) ) ;
#3468 = ORIENTED_EDGE ( 'NONE', *, *, #3959, .F. ) ;
#3469 = VERTEX_POINT ( 'NONE', #309 ) ;
#3470 = ORIENTED_EDGE ( 'NONE', *, *, #314, .T. ) ;
#3471 =( BOUNDED_CURVE ( )  B_SPLINE_CURVE ( 3, ( #2033, #3423, #2946, #1277 ),
 .UNSPECIFIED., .F., .T. ) 
 B_SPLINE_CURVE_WITH_KNOTS ( ( 4, 4 ),
 ( 4.047684201583997776, 4.093721074457198128 ),
 .UNSPECIFIED. ) 
 CURVE ( )  GEOMETRIC_REPRESENTATION_ITEM ( )  RATIONAL_B_SPLINE_CURVE ( ( 1.000000000000000000, 0.9998233916595153925, 0.9998233916595153925, 1.000000000000000000 ) ) 
 REPRESENTATION_ITEM ( '' )  );
#3472 = CARTESIAN_POINT ( 'NONE',  ( 28.54900515268113281, 255.3942061963518881, 749.0931357992043331 ) ) ;
#3473 = CARTESIAN_POINT ( 'NONE',  ( 1.017909983045999956E-06, 249.9997500793000142, 749.5674746737170153 ) ) ;
#3474 = DIRECTION ( 'NONE',  ( -1.000000000000000000, 0.000000000000000000, 0.000000000000000000 ) ) ;
#3475 = CARTESIAN_POINT ( 'NONE',  ( 34.13464001308759777, 265.7897448564410752, 751.4140659096929085 ) ) ;
#3476 = ADVANCED_FACE ( 'NONE', ( #5465 ), #3061, .F. ) ;
#3477 = VECTOR ( 'NONE', #4100, 1000.000000000000000 ) ;
#3478 = EDGE_CURVE ( 'NONE', #959, #778, #391, .T. ) ;
#3479 = ORIENTED_EDGE ( 'NONE', *, *, #3572, .F. ) ;
#3480 =( NAMED_UNIT ( * ) PLANE_ANGLE_UNIT ( ) SI_UNIT ( $, .RADIAN. ) );
#3481 = FILL_AREA_STYLE ('',( #2698 ) ) ;
#3482 = CARTESIAN_POINT ( 'NONE',  ( 35.45487890251762764, 232.7140221230613975, 756.0534329488248204 ) ) ;
#3483 = DIRECTION ( 'NONE',  ( 1.000000000000000000, 0.000000000000000000, 0.000000000000000000 ) ) ;
#3484 = ORIENTED_EDGE ( 'NONE', *, *, #2326, .T. ) ;
#3485 = DIRECTION ( 'NONE',  ( -0.000000000000000000, -0.000000000000000000, -1.000000000000000000 ) ) ;
#3486 = AXIS2_PLACEMENT_3D ( 'NONE', #494, #3554, #1016 ) ;
#3487 = ORIENTED_EDGE ( 'NONE', *, *, #46, .F. ) ;
#3488 = CARTESIAN_POINT ( 'NONE',  ( -29.01968644694336419, 242.3931331713411055, 750.4352646185319600 ) ) ;
#3489 = DIRECTION ( 'NONE',  ( -0.000000000000000000, -0.000000000000000000, 1.000000000000000000 ) ) ;
#3490 = CARTESIAN_POINT ( 'NONE',  ( -29.03317514837839752, 257.5552896192022558, 750.5552009043860835 ) ) ;
#3491 = CARTESIAN_POINT ( 'NONE',  ( -24.41494359435909445, 255.3787761982804341, 753.9963725157554109 ) ) ;
#3492 = CARTESIAN_POINT ( 'NONE',  ( 25.90124052946455890, 233.0920593140335768, 758.2927140937214290 ) ) ;
#3493 = LINE ( 'NONE', #1406, #205 ) ;
#3494 = EDGE_LOOP ( 'NONE', ( #5289, #4585, #88, #1172 ) ) ;
#3495 = EDGE_LOOP ( 'NONE', ( #3828, #4627, #580, #1855, #220 ) ) ;
#3496 = MECHANICAL_DESIGN_GEOMETRIC_PRESENTATION_REPRESENTATION (  '', ( #1539 ), #2959 ) ;
#3497 = ORIENTED_EDGE ( 'NONE', *, *, #3675, .F. ) ;
#3498 = CYLINDRICAL_SURFACE ( 'NONE', #2182, 21.99999999999999645 ) ;
#3499 = CARTESIAN_POINT ( 'NONE',  ( 1.017909983045999956E-06, 249.9997500793000142, 757.5931354135000220 ) ) ;
#3500 = CARTESIAN_POINT ( 'NONE',  ( -2.178892550781213799, 225.0948826270063421, 752.5931354135001357 ) ) ;
#3501 =( NAMED_UNIT ( * ) SI_UNIT ( $, .STERADIAN. ) SOLID_ANGLE_UNIT ( ) );
#3502 = FACE_BOUND ( 'NONE', #4580, .T. ) ;
#3503 = VECTOR ( 'NONE', #3317, 1000.000000000000000 ) ;
#3504 = AXIS2_PLACEMENT_3D ( 'NONE', #2378, #2425, #2891 ) ;
#3505 = VERTEX_POINT ( 'NONE', #2866 ) ;
#3506 = CARTESIAN_POINT ( 'NONE',  ( 27.62503186251879583, 233.4706495407533566, 749.9697169650055457 ) ) ;
#3507 = PRESENTATION_STYLE_ASSIGNMENT (( #1472 ) ) ;
#3508 = CARTESIAN_POINT ( 'NONE',  ( 36.44843288603367171, 233.7063768411790363, 756.0459536807258019 ) ) ;
#3509 = ADVANCED_FACE ( 'NONE', ( #4597 ), #1903, .T. ) ;
#3510 = DIRECTION ( 'NONE',  ( -0.09499731320273811785, 0.7006964467473076885, -0.7071067811865180408 ) ) ;
#3511 = EDGE_CURVE ( 'NONE', #1029, #2068, #2479, .T. ) ;
#3512 = CARTESIAN_POINT ( 'NONE',  ( -18.02134395644772979, 237.3810684795768111, 757.5931354135000220 ) ) ;
#3513 = CONICAL_SURFACE ( 'NONE', #395, 2.999999999999992450, 0.7853981633974959076 ) ;
#3514 = ORIENTED_EDGE ( 'NONE', *, *, #1394, .T. ) ;
#3515 = CARTESIAN_POINT ( 'NONE',  ( 28.43625757926697517, 253.0596507671329505, 749.5772449895979435 ) ) ;
#3516 = CARTESIAN_POINT ( 'NONE',  ( 22.83346359076373489, 268.5603344730082540, 758.0931354135000220 ) ) ;
#3517 = VECTOR ( 'NONE', #1924, 1000.000000000000000 ) ;
#3518 = FACE_BOUND ( 'NONE', #4712, .T. ) ;
#3519 = EDGE_CURVE ( 'NONE', #597, #4507, #5012, .T. ) ;
#3520 = DIRECTION ( 'NONE',  ( 1.000000000000000000, 0.000000000000000000, 0.000000000000000000 ) ) ;
#3521 = CARTESIAN_POINT ( 'NONE',  ( 25.81788824395868787, 233.0814213599073810, 758.2691713056276512 ) ) ;
#3522 = CARTESIAN_POINT ( 'NONE',  ( 26.95746233076028275, 265.9239247626515521, 749.4347458878946782 ) ) ;
#3523 = ORIENTED_EDGE ( 'NONE', *, *, #3949, .F. ) ;
#3524 = ORIENTED_EDGE ( 'NONE', *, *, #4289, .F. ) ;
#3525 = EDGE_LOOP ( 'NONE', ( #3085, #4737, #492, #1370, #1630, #457 ) ) ;
#3526 = CARTESIAN_POINT ( 'NONE',  ( -29.04737407864564958, 255.9997500793000427, 755.0931354135001357 ) ) ;
#3527 = FACE_OUTER_BOUND ( 'NONE', #4551, .T. ) ;
#3528 = DIRECTION ( 'NONE',  ( -0.5593222666233017559, 0.4326183098984790476, -0.7071067811865160424 ) ) ;
#3529 = CIRCLE ( 'NONE', #770, 1.249999999999997558 ) ;
#3530 = ORIENTED_EDGE ( 'NONE', *, *, #1028, .T. ) ;
#3531 = CARTESIAN_POINT ( 'NONE',  ( 22.65769569382622350, 260.5652066228175272, 757.5931354135000220 ) ) ;
#3532 = FACE_OUTER_BOUND ( 'NONE', #3556, .T. ) ;
#3533 = CARTESIAN_POINT ( 'NONE',  ( 35.50000101791006557, 232.6000645335093395, 756.9697169650055457 ) ) ;
#3534 = CARTESIAN_POINT ( 'NONE',  ( 1.017909983045999956E-06, 249.9997500793000142, 749.0931354135001357 ) ) ;
#3535 = CARTESIAN_POINT ( 'NONE',  ( -20.35764670824609368, 241.6591158673390680, 752.5931354135001357 ) ) ;
#3536 = CIRCLE ( 'NONE', #1404, 3.499999999999992895 ) ;
#3537 = EDGE_CURVE ( 'NONE', #3505, #3776, #1457, .T. ) ;
#3538 = EDGE_CURVE ( 'NONE', #4389, #1491, #85, .T. ) ;
#3539 = VERTEX_POINT ( 'NONE', #1339 ) ;
#3540 = CARTESIAN_POINT ( 'NONE',  ( -29.04737407864563536, 242.4997500793000427, 750.9580964056100356 ) ) ;
#3541 = DIRECTION ( 'NONE',  ( 0.000000000000000000, 0.000000000000000000, 1.000000000000000000 ) ) ;
#3542 = DIRECTION ( 'NONE',  ( -0.000000000000000000, -0.000000000000000000, -1.000000000000000000 ) ) ;
#3543 = CARTESIAN_POINT ( 'NONE',  ( -24.26932118111323433, 255.9997500793000427, 753.8431354135001357 ) ) ;
#3544 = CARTESIAN_POINT ( 'NONE',  ( 29.02174729187956004, 234.4630080841687914, 749.0931354134999083 ) ) ;
#3545 = ADVANCED_FACE ( 'NONE', ( #833 ), #503, .F. ) ;
#3546 = ADVANCED_FACE ( 'NONE', ( #3034 ), #1482, .F. ) ;
#3547 = CARTESIAN_POINT ( 'NONE',  ( 24.65863822970003483, 232.7098552540823277, 758.0931394278918560 ) ) ;
#3548 = CYLINDRICAL_SURFACE ( 'NONE', #2078, 1.249999999999993339 ) ;
#3549 = VECTOR ( 'NONE', #1220, 1000.000000000000000 ) ;
#3550 = EDGE_LOOP ( 'NONE', ( #2449, #1902, #2575, #4816, #5407, #4988 ) ) ;
#3551 = ORIENTED_EDGE ( 'NONE', *, *, #4503, .T. ) ;
#3552 = ORIENTED_EDGE ( 'NONE', *, *, #2358, .F. ) ;
#3553 = FACE_OUTER_BOUND ( 'NONE', #1080, .T. ) ;
#3554 = DIRECTION ( 'NONE',  ( -0.000000000000000000, -0.000000000000000000, -1.000000000000000000 ) ) ;
#3555 = CARTESIAN_POINT ( 'NONE',  ( 24.78806440513985265, 233.0578652710786685, 749.0931354135002493 ) ) ;
#3556 = EDGE_LOOP ( 'NONE', ( #3237, #325, #4267, #1994 ) ) ;
#3557 = FACE_OUTER_BOUND ( 'NONE', #4964, .T. ) ;
#3558 = CARTESIAN_POINT ( 'NONE',  ( 35.50003188486283534, 232.6570445074598865, 756.5115654756781396 ) ) ;
#3559 = CARTESIAN_POINT ( 'NONE',  ( 23.95127521682326233, 268.3711787108025533, 757.0699037494624690 ) ) ;
#3560 = DIRECTION ( 'NONE',  ( -1.000000000000000000, 0.000000000000000000, 0.000000000000000000 ) ) ;
#3561 = ORIENTED_EDGE ( 'NONE', *, *, #5173, .F. ) ;
#3562 = CARTESIAN_POINT ( 'NONE',  ( 28.29952298927462806, 254.1346129204383146, 749.5714685876832846 ) ) ;
#3563 = LINE ( 'NONE', #1003, #3125 ) ;
#3564 = FACE_OUTER_BOUND ( 'NONE', #3935, .T. ) ;
#3565 = FACE_OUTER_BOUND ( 'NONE', #3633, .T. ) ;
#3566 =( NAMED_UNIT ( * ) SI_UNIT ( $, .STERADIAN. ) SOLID_ANGLE_UNIT ( ) );
#3567 = CONICAL_SURFACE ( 'NONE', #1966, 1.524999999999998579, 0.7853981633974042031 ) ;
#3568 = CARTESIAN_POINT ( 'NONE',  ( 36.50000101790999452, 266.5320460349771565, 758.0931354135000220 ) ) ;
#3569 = ORIENTED_EDGE ( 'NONE', *, *, #4573, .F. ) ;
#3570 = EDGE_CURVE ( 'NONE', #962, #1147, #1731, .T. ) ;
#3571 = ORIENTED_EDGE ( 'NONE', *, *, #4902, .F. ) ;
#3572 = EDGE_CURVE ( 'NONE', #4668, #1101, #148, .T. ) ;
#3573 = EDGE_LOOP ( 'NONE', ( #2660, #350, #1458, #2075 ) ) ;
#3574 = VECTOR ( 'NONE', #4408, 1000.000000000000114 ) ;
#3575 = CARTESIAN_POINT ( 'NONE',  ( 1.017909983045999956E-06, 249.9997500793000142, 752.5931354135001357 ) ) ;
#3576 = CARTESIAN_POINT ( 'NONE',  ( 24.83102585361703518, 232.7886808961913516, 758.0931354135002493 ) ) ;
#3577 = EDGE_CURVE ( 'NONE', #4054, #213, #1305, .T. ) ;
#3578 = UNCERTAINTY_MEASURE_WITH_UNIT (LENGTH_MEASURE( 1.000000000000000082E-05 ), #5502, 'distance_accuracy_value', 'NONE');
#3579 = AXIS2_PLACEMENT_3D ( 'NONE', #2394, #739, #3246 ) ;
#3580 = CARTESIAN_POINT ( 'NONE',  ( 36.46121145548546849, 266.3220725087708729, 756.3062835742736070 ) ) ;
#3581 = VERTEX_POINT ( 'NONE', #3875 ) ;
#3582 = VECTOR ( 'NONE', #1193, 1000.000000000000000 ) ;
#3583 = VERTEX_POINT ( 'NONE', #4743 ) ;
#3584 = CARTESIAN_POINT ( 'NONE',  ( -20.47880008931488049, 264.3391609880760029, 752.0931354135001357 ) ) ;
#3585 = CARTESIAN_POINT ( 'NONE',  ( 23.90769569382622350, 260.5652066228175272, 752.3681354135001129 ) ) ;
#3586 = DIRECTION ( 'NONE',  ( -0.000000000000000000, -0.000000000000000000, -1.000000000000000000 ) ) ;
#3587 = CARTESIAN_POINT ( 'NONE',  ( 24.41801945486029624, 268.0721515240166468, 757.0602725174300076 ) ) ;
#3588 = CARTESIAN_POINT ( 'NONE',  ( 26.88965786858478424, 267.4421274333727752, 757.3081193036523473 ) ) ;
#3589 = CIRCLE ( 'NONE', #1725, 2.999999999999992450 ) ;
#3590 = AXIS2_PLACEMENT_3D ( 'NONE', #4238, #1276, #5517 ) ;
#3591 = ORIENTED_EDGE ( 'NONE', *, *, #2450, .F. ) ;
#3592 = CIRCLE ( 'NONE', #1639, 2.500000000000030198 ) ;
#3593 = CARTESIAN_POINT ( 'NONE',  ( 25.35701632629417546, 267.6595266461243909, 757.0812467817858078 ) ) ;
#3594 = CARTESIAN_POINT ( 'NONE',  ( 23.90769569382619864, 239.4342935357824445, 758.0931354135000220 ) ) ;
#3595 = DIRECTION ( 'NONE',  ( -0.7071067811865554553, 0.000000000000000000, -0.7071067811865395791 ) ) ;
#3596 = DIRECTION ( 'NONE',  ( -1.000000000000000000, -0.000000000000000000, -0.000000000000000000 ) ) ;
#3597 = CONICAL_SURFACE ( 'NONE', #1643, 3.000000000000023537, 0.7853981633973923238 ) ;
#3598 = CARTESIAN_POINT ( 'NONE',  ( 29.02391047728716345, 248.1133771927110274, 749.1102716590659156 ) ) ;
#3599 = DIRECTION ( 'NONE',  ( 1.000000000000000000, 0.000000000000000000, 0.000000000000000000 ) ) ;
#3600 = CARTESIAN_POINT ( 'NONE',  ( -18.02134395644787190, 262.6184316790228763, 757.5931354135000220 ) ) ;
#3601 = SURFACE_SIDE_STYLE ('',( #4963 ) ) ;
#3602 = ORIENTED_EDGE ( 'NONE', *, *, #4291, .F. ) ;
#3603 = ORIENTED_EDGE ( 'NONE', *, *, #4298, .T. ) ;
#3604 = AXIS2_PLACEMENT_3D ( 'NONE', #4385, #1825, #3520 ) ;
#3605 = VERTEX_POINT ( 'NONE', #2530 ) ;
#3606 = EDGE_CURVE ( 'NONE', #959, #175, #2539, .T. ) ;
#3607 = EDGE_CURVE ( 'NONE', #1244, #53, #2382, .T. ) ;
#3608 = DIRECTION ( 'NONE',  ( 0.000000000000000000, 0.000000000000000000, 1.000000000000000000 ) ) ;
#3609 = CIRCLE ( 'NONE', #2893, 25.50000000000002487 ) ;
#3610 = DIRECTION ( 'NONE',  ( 1.000000000000000000, 0.000000000000000000, 0.000000000000000000 ) ) ;
#3611 = CARTESIAN_POINT ( 'NONE',  ( 36.50000101791000162, 223.5005589826000119, 757.0931354135001357 ) ) ;
#3612 = ORIENTED_EDGE ( 'NONE', *, *, #2931, .T. ) ;
#3613 = EDGE_CURVE ( 'NONE', #4445, #2628, #329, .T. ) ;
#3614 = VERTEX_POINT ( 'NONE', #1308 ) ;
#3615 = CARTESIAN_POINT ( 'NONE',  ( 20.40202599221966295, 263.4596730654654948, 757.5931354135000220 ) ) ;
#3616 = CARTESIAN_POINT ( 'NONE',  ( 1.017909983045999956E-06, 249.9997500793000142, 758.0931354135000220 ) ) ;
#3617 = CARTESIAN_POINT ( 'NONE',  ( -24.06895448632955237, 243.2395813237203015, 754.0876604387342468 ) ) ;
#3618 = CARTESIAN_POINT ( 'NONE',  ( 26.87575336443923746, 267.4588078408252159, 757.4422541433036713 ) ) ;
#3619 = CARTESIAN_POINT ( 'NONE',  ( 23.79933518471713327, 268.3030528114661593, 757.0189541107693003 ) ) ;
#3620 = CONICAL_SURFACE ( 'NONE', #1214, 3.000000000000002665, 0.7853981633974921328 ) ;
#3621 = VERTEX_POINT ( 'NONE', #3008 ) ;
#3622 = EDGE_LOOP ( 'NONE', ( #4686, #428, #2990, #3769 ) ) ;
#3623 = AXIS2_PLACEMENT_3D ( 'NONE', #2790, #5269, #4411 ) ;
#3624 = CARTESIAN_POINT ( 'NONE',  ( 26.47399624663345818, 266.8942059602993027, 758.4992979286756736 ) ) ;
#3625 = CARTESIAN_POINT ( 'NONE',  ( 28.11140196980859329, 244.7335036592509994, 749.5676166130560887 ) ) ;
#3626 = CARTESIAN_POINT ( 'NONE',  ( -2.178892550781579285, 274.9046175315936580, 758.0931354135000220 ) ) ;
#3627 = CIRCLE ( 'NONE', #2020, 1.249999999999973355 ) ;
#3628 = SURFACE_SIDE_STYLE ('',( #1481 ) ) ;
#3629 = AXIS2_PLACEMENT_3D ( 'NONE', #4313, #491, #3966 ) ;
#3630 = CARTESIAN_POINT ( 'NONE',  ( -1.961003193912090214, 227.5853693722357320, 752.0931354135001357 ) ) ;
#3631 = CARTESIAN_POINT ( 'NONE',  ( 3.425836480277832941, 224.7309224178355862, 752.0931354135001357 ) ) ;
#3632 = DIRECTION ( 'NONE',  ( -1.000000000000000000, 0.000000000000000000, 0.000000000000000000 ) ) ;
#3633 = EDGE_LOOP ( 'NONE', ( #1072, #288, #3861, #333 ) ) ;
#3634 = ORIENTED_EDGE ( 'NONE', *, *, #3196, .T. ) ;
#3635 = ORIENTED_EDGE ( 'NONE', *, *, #402, .T. ) ;
#3636 = SURFACE_STYLE_USAGE ( .BOTH. , #1097 ) ;
#3637 = CARTESIAN_POINT ( 'NONE',  ( 23.63837431983776582, 268.6165304402039737, 757.0769973333020744 ) ) ;
#3638 = CARTESIAN_POINT ( 'NONE',  ( 36.48314838636140678, 233.6493385652151460, 756.5700276216405200 ) ) ;
#3639 = ORIENTED_EDGE ( 'NONE', *, *, #4023, .T. ) ;
#3640 = CARTESIAN_POINT ( 'NONE',  ( 26.87566874064632216, 267.4589093093051133, 757.4430700980885831 ) ) ;
#3641 = CARTESIAN_POINT ( 'NONE',  ( -24.22898810908318978, 243.8366073592376893, 756.3431354134997946 ) ) ;
#3642 = EDGE_CURVE ( 'NONE', #3999, #3946, #2733, .T. ) ;
#3643 = EDGE_CURVE ( 'NONE', #5176, #4471, #2621, .T. ) ;
#3644 = DIRECTION ( 'NONE',  ( -0.000000000000000000, -0.000000000000000000, -1.000000000000000000 ) ) ;
#3645 = ORIENTED_EDGE ( 'NONE', *, *, #234, .T. ) ;
#3646 = CARTESIAN_POINT ( 'NONE',  ( 1.017909983045999956E-06, 249.9997500793000142, 752.0931354135001357 ) ) ;
#3647 = DIRECTION ( 'NONE',  ( -0.000000000000000000, -0.000000000000000000, 1.000000000000000000 ) ) ;
#3648 = CARTESIAN_POINT ( 'NONE',  ( 25.06630272066443865, 267.1122675982191481, 758.1246244130792320 ) ) ;
#3649 = CARTESIAN_POINT ( 'NONE',  ( 28.29143589382285739, 245.8098851017988693, 749.5712049957004410 ) ) ;
#3650 = DIRECTION ( 'NONE',  ( -1.000000000000000000, 0.000000000000000000, 0.000000000000000000 ) ) ;
#3651 = ADVANCED_FACE ( 'NONE', ( #5212 ), #2815, .F. ) ;
#3652 = CARTESIAN_POINT ( 'NONE',  ( -29.04050014880963460, 257.5263726950778391, 755.0014687468333250 ) ) ;
#3653 = CARTESIAN_POINT ( 'NONE',  ( -20.42831951386945377, 238.1598294608634205, 758.0931354135000220 ) ) ;
#3654 = CARTESIAN_POINT ( 'NONE',  ( 25.65257364682013730, 266.9460886883410922, 758.2270307415483330 ) ) ;
#3655 = CARTESIAN_POINT ( 'NONE',  ( -10.99999898209001792, 228.3491149846890096, 752.3931354135000902 ) ) ;
#3656 = CARTESIAN_POINT ( 'NONE',  ( 28.59459913985982382, 244.8374598097934722, 749.0935804696232481 ) ) ;
#3657 = ORIENTED_EDGE ( 'NONE', *, *, #1751, .F. ) ;
#3658 = EDGE_LOOP ( 'NONE', ( #1175, #5450, #1830, #5106 ) ) ;
#3659 = VECTOR ( 'NONE', #4999, 1000.000000000000000 ) ;
#3660 = DIRECTION ( 'NONE',  ( 1.000000000000000000, 0.000000000000000000, 0.000000000000000000 ) ) ;
#3661 = CONICAL_SURFACE ( 'NONE', #2247, 1.524999999999998579, 0.7853981633974042031 ) ;
#3662 = DIRECTION ( 'NONE',  ( 1.000000000000000000, 0.000000000000000000, 0.000000000000000000 ) ) ;
#3663 = CIRCLE ( 'NONE', #1883, 3.499999999999991562 ) ;
#3664 = CARTESIAN_POINT ( 'NONE',  ( 23.79093856039584765, 231.7220557794717024, 750.1648904899093395 ) ) ;
#3665 = ORIENTED_EDGE ( 'NONE', *, *, #4396, .F. ) ;
#3666 = CARTESIAN_POINT ( 'NONE',  ( -27.39723223223492710, 241.7929473987700248, 749.5674746737170153 ) ) ;
#3667 = CARTESIAN_POINT ( 'NONE',  ( 1.017909983045999956E-06, 249.9997500793000142, 752.0931354135001357 ) ) ;
#3668 = CARTESIAN_POINT ( 'NONE',  ( -20.47880008931491602, 264.3391609880760598, 752.0931354135001357 ) ) ;
#3669 =( GEOMETRIC_REPRESENTATION_CONTEXT ( 3 ) GLOBAL_UNCERTAINTY_ASSIGNED_CONTEXT ( ( #528 ) ) GLOBAL_UNIT_ASSIGNED_CONTEXT ( ( #3840, #1730, #414 ) ) REPRESENTATION_CONTEXT ( 'NONE', 'WORKASPACE' ) );
#3670 = CARTESIAN_POINT ( 'NONE',  ( -20.35764670824609368, 241.6591158673390680, 762.0931354135001357 ) ) ;
#3671 = AXIS2_PLACEMENT_3D ( 'NONE', #3796, #2126, #868 ) ;
#3672 = ORIENTED_EDGE ( 'NONE', *, *, #2513, .T. ) ;
#3673 = ADVANCED_FACE ( 'NONE', ( #3089 ), #960, .T. ) ;
#3674 = DIRECTION ( 'NONE',  ( -0.000000000000000000, -0.000000000000000000, -1.000000000000000000 ) ) ;
#3675 = EDGE_CURVE ( 'NONE', #4747, #5513, #4611, .T. ) ;
#3676 = CARTESIAN_POINT ( 'NONE',  ( -27.48101658661152769, 258.3843495144785720, 749.4289536322370395 ) ) ;
#3677 = CARTESIAN_POINT ( 'NONE',  ( 1.017909983045999956E-06, 249.9997500793000142, 762.0931354135001357 ) ) ;
#3678 = DIRECTION ( 'NONE',  ( -0.000000000000000000, -0.000000000000000000, 1.000000000000000000 ) ) ;
#3679 = DIRECTION ( 'NONE',  ( 0.000000000000000000, 0.000000000000000000, 1.000000000000000000 ) ) ;
#3681 =( GEOMETRIC_REPRESENTATION_CONTEXT ( 3 ) GLOBAL_UNCERTAINTY_ASSIGNED_CONTEXT ( ( #5205 ) ) GLOBAL_UNIT_ASSIGNED_CONTEXT ( ( #1416, #3058, #5180 ) ) REPRESENTATION_CONTEXT ( 'NONE', 'WORKASPACE' ) );
#3680 = DIRECTION ( 'NONE',  ( 0.000000000000000000, 0.000000000000000000, 1.000000000000000000 ) ) ;
#3682 = AXIS2_PLACEMENT_3D ( 'NONE', #1875, #5337, #3182 ) ;
#3683 = CARTESIAN_POINT ( 'NONE',  ( 23.22885662627614778, 230.9964313531327491, 757.0872086698934709 ) ) ;
#3684 = EDGE_CURVE ( 'NONE', #2889, #730, #1866, .T. ) ;
#3685 = CARTESIAN_POINT ( 'NONE',  ( 20.46783331815680640, 261.7712343072541898, 758.0931354135000220 ) ) ;
#3686 = DIRECTION ( 'NONE',  ( 0.000000000000000000, 0.000000000000000000, -1.000000000000000000 ) ) ;
#3687 = DIRECTION ( 'NONE',  ( -1.000000000000000000, 0.000000000000000000, 0.000000000000000000 ) ) ;
#3688 = ORIENTED_EDGE ( 'NONE', *, *, #2731, .F. ) ;
#3689 = VERTEX_POINT ( 'NONE', #5325 ) ;
#3690 = COLOUR_RGB ( '',0.8980392156862745390, 0.9176470588235293713, 0.9294117647058823817 ) ;
#3691 = CARTESIAN_POINT ( 'NONE',  ( 27.38463918116502782, 266.8378338932623706, 752.4487165980555119 ) ) ;
#3692 = CARTESIAN_POINT ( 'NONE',  ( 26.45348218946441321, 266.6815942274616873, 750.1040309104087100 ) ) ;
#3693 = UNCERTAINTY_MEASURE_WITH_UNIT (LENGTH_MEASURE( 1.000000000000000082E-05 ), #1369, 'distance_accuracy_value', 'NONE');
#3694 = CARTESIAN_POINT ( 'NONE',  ( 36.40041207387888278, 233.7295420795050518, 755.8330604778952875 ) ) ;
#3695 = VERTEX_POINT ( 'NONE', #2374 ) ;
#3696 = DIRECTION ( 'NONE',  ( 1.000000000000000000, 0.000000000000000000, 0.000000000000000000 ) ) ;
#3697 = CARTESIAN_POINT ( 'NONE',  ( 1.017909983045999956E-06, 249.9997500793000142, 752.5931354135001357 ) ) ;
#3698 = DIRECTION ( 'NONE',  ( -1.000000000000000000, 0.000000000000000000, 0.000000000000000000 ) ) ;
#3699 = DIRECTION ( 'NONE',  ( -1.000000000000000000, 0.000000000000000000, 0.000000000000000000 ) ) ;
#3700 = ORIENTED_EDGE ( 'NONE', *, *, #4060, .F. ) ;
#3701 = CARTESIAN_POINT ( 'NONE',  ( -20.35764670824625355, 258.3403842912605910, 752.5931354135001357 ) ) ;
#3702 = SURFACE_SIDE_STYLE ('',( #3224 ) ) ;
#3703 = CARTESIAN_POINT ( 'NONE',  ( 25.27419417836092919, 267.0417290693074506, 758.1532556908441620 ) ) ;
#3704 = CARTESIAN_POINT ( 'NONE',  ( -24.53825179205080076, 245.2166150105371116, 754.7629011701087620 ) ) ;
#3705 = DIRECTION ( 'NONE',  ( 1.000000000000000000, 0.000000000000000000, 0.000000000000000000 ) ) ;
#3706 = EDGE_CURVE ( 'NONE', #2236, #3245, #2547, .T. ) ;
#3707 = CARTESIAN_POINT ( 'NONE',  ( -24.99999898209004812, 249.9997500793000142, 752.5931354135001357 ) ) ;
#3708 = EDGE_CURVE ( 'NONE', #5093, #3505, #3982, .T. ) ;
#3709 = AXIS2_PLACEMENT_3D ( 'NONE', #3931, #3391, #3483 ) ;
#3710 = AXIS2_PLACEMENT_3D ( 'NONE', #4404, #5352, #2375 ) ;
#3711 =( NAMED_UNIT ( * ) PLANE_ANGLE_UNIT ( ) SI_UNIT ( $, .RADIAN. ) );
#3712 = CARTESIAN_POINT ( 'NONE',  ( 26.25451914478356841, 232.5227494446534706, 757.2693948683414646 ) ) ;
#3714 = DIRECTION ( 'NONE',  ( 1.000000000000000000, 0.000000000000000000, 0.000000000000000000 ) ) ;
#3713 = AXIS2_PLACEMENT_3D ( 'NONE', #3670, #2496, #4208 ) ;
#3715 = CARTESIAN_POINT ( 'NONE',  ( -27.59909317012452235, 242.4997500792999858, 751.0931354135001357 ) ) ;
#3716 = EDGE_LOOP ( 'NONE', ( #2635, #5005, #4169, #2469 ) ) ;
#3717 = ORIENTED_EDGE ( 'NONE', *, *, #5281, .F. ) ;
#3718 = EDGE_CURVE ( 'NONE', #2934, #3155, #1441, .T. ) ;
#3719 = EDGE_CURVE ( 'NONE', #531, #5329, #2263, .T. ) ;
#3720 = SURFACE_STYLE_FILL_AREA ( #1990 ) ;
#3721 = ORIENTED_EDGE ( 'NONE', *, *, #716, .F. ) ;
#3722 = CARTESIAN_POINT ( 'NONE',  ( 23.95904452332784018, 268.3655854919558692, 757.0697367471123016 ) ) ;
#3723 = CARTESIAN_POINT ( 'NONE',  ( 36.00049788546461116, 233.8952914022030711, 754.3099033482927780 ) ) ;
#3724 = ORIENTED_EDGE ( 'NONE', *, *, #787, .F. ) ;
#3725 = AXIS2_PLACEMENT_3D ( 'NONE', #4456, #560, #1418 ) ;
#3726 = AXIS2_PLACEMENT_3D ( 'NONE', #4541, #3647, #781 ) ;
#3727 = CARTESIAN_POINT ( 'NONE',  ( 24.57954006276433034, 232.0192675164101672, 757.0571120867488162 ) ) ;
#3728 = CARTESIAN_POINT ( 'NONE',  ( -3.428892550781572623, 274.9046175315936580, 752.0931354135001357 ) ) ;
#3729 = DIRECTION ( 'NONE',  ( -0.000000000000000000, -0.000000000000000000, -1.000000000000000000 ) ) ;
#3730 = DIRECTION ( 'NONE',  ( 0.6543195798259467955, -0.2680781368487986649, 0.7071067811865993091 ) ) ;
#3731 = ORIENTED_EDGE ( 'NONE', *, *, #956, .F. ) ;
#3732 = CARTESIAN_POINT ( 'NONE',  ( 30.39423940470719998, 268.0085652478273914, 761.8631066821548075 ) ) ;
#3733 = CARTESIAN_POINT ( 'NONE',  ( -20.35764670824625355, 258.3403842912605910, 752.5931354135001357 ) ) ;
#3734 = CARTESIAN_POINT ( 'NONE',  ( 31.60206182921546159, 233.3825749109557535, 750.6778872223077315 ) ) ;
#3735 = CARTESIAN_POINT ( 'NONE',  ( 26.16471589784254448, 232.5133885613919347, 757.2423050388507590 ) ) ;
#3736 = CARTESIAN_POINT ( 'NONE',  ( -23.13368957999465536, 240.5217566566171286, 757.5931354135000220 ) ) ;
#3737 = CARTESIAN_POINT ( 'NONE',  ( 35.50000101791005847, 267.4000469085590908, 756.9697304205026285 ) ) ;
#3738 = CARTESIAN_POINT ( 'NONE',  ( 30.05980753536168493, 232.1302395135601273, 760.7473780920399804 ) ) ;
#3739 = FACE_OUTER_BOUND ( 'NONE', #4424, .T. ) ;
#3740 = LINE ( 'NONE', #2272, #5116 ) ;
#3741 = ORIENTED_EDGE ( 'NONE', *, *, #1969, .F. ) ;
#3742 = PRESENTATION_STYLE_ASSIGNMENT (( #3636 ) ) ;
#3743 = B_SPLINE_CURVE_WITH_KNOTS ( 'NONE', 1,
 ( #2512, #427 ),
 .UNSPECIFIED., .F., .F.,
 ( 2, 2 ),
 ( 0.4104468426998519881, 1.000000000000000000 ),
 .UNSPECIFIED. ) ;
#3744 = ADVANCED_FACE ( 'NONE', ( #610 ), #1474, .F. ) ;
#3745 = ADVANCED_FACE ( 'NONE', ( #5376 ), #5432, .T. ) ;
#3746 = ORIENTED_EDGE ( 'NONE', *, *, #3445, .T. ) ;
#3747 = ORIENTED_EDGE ( 'NONE', *, *, #5485, .T. ) ;
#3748 = CARTESIAN_POINT ( 'NONE',  ( 24.41477386143475670, 232.3171813545582438, 750.2372330700795828 ) ) ;
#3749 = VERTEX_POINT ( 'NONE', #2475 ) ;
#3750 = EDGE_CURVE ( 'NONE', #4357, #4057, #742, .T. ) ;
#3751 = CARTESIAN_POINT ( 'NONE',  ( 35.50003188486282824, 267.3430732428299166, 756.5115789311752224 ) ) ;
#3752 = LINE ( 'NONE', #1662, #2336 ) ;
#3753 = AXIS2_PLACEMENT_3D ( 'NONE', #801, #50, #4706 ) ;
#3754 = CARTESIAN_POINT ( 'NONE',  ( 20.39192622623457396, 259.5086609684657333, 758.0931354135000220 ) ) ;
#3755 = LINE ( 'NONE', #4182, #600 ) ;
#3756 = ORIENTED_EDGE ( 'NONE', *, *, #104, .T. ) ;
#3757 = DIRECTION ( 'NONE',  ( 0.000000000000000000, 0.000000000000000000, 1.000000000000000000 ) ) ;
#3758 = CARTESIAN_POINT ( 'NONE',  ( -0.9288925507815858351, 274.9046175315936580, 752.0931354135001357 ) ) ;
#3759 = CYLINDRICAL_SURFACE ( 'NONE', #3133, 1.249999999999973355 ) ;
#3760 = DIRECTION ( 'NONE',  ( -0.6193866142804671515, 0.3411161415855731294, -0.7071067811865128228 ) ) ;
#3761 = DIRECTION ( 'NONE',  ( -1.000000000000000000, 0.000000000000000000, 0.000000000000000000 ) ) ;
#3762 = LINE ( 'NONE', #3707, #1495 ) ;
#3763 = AXIS2_PLACEMENT_3D ( 'NONE', #1858, #573, #2638 ) ;
#3764 = ORIENTED_EDGE ( 'NONE', *, *, #105, .F. ) ;
#3765 = CARTESIAN_POINT ( 'NONE',  ( 26.17940208444294470, 266.7528303212925493, 750.1669570977209105 ) ) ;
#3766 = CARTESIAN_POINT ( 'NONE',  ( 26.60681937167344913, 267.4518673746118225, 757.3864426575652260 ) ) ;
#3767 = CARTESIAN_POINT ( 'NONE',  ( 1.017909983045999956E-06, 249.9997500793000142, 752.5931354135001357 ) ) ;
#3768 = DIRECTION ( 'NONE',  ( -0.000000000000000000, -0.000000000000000000, -1.000000000000000000 ) ) ;
#3769 = ORIENTED_EDGE ( 'NONE', *, *, #4094, .F. ) ;
#3770 = AXIS2_PLACEMENT_3D ( 'NONE', #413, #4740, #3422 ) ;
#3771 = FACE_OUTER_BOUND ( 'NONE', #5345, .T. ) ;
#3772 = CONICAL_SURFACE ( 'NONE', #5288, 2.999999999999999112, 0.7853981633974908005 ) ;
#3773 = ORIENTED_EDGE ( 'NONE', *, *, #4132, .T. ) ;
#3774 = EDGE_LOOP ( 'NONE', ( #3319, #5381 ) ) ;
#3775 = CARTESIAN_POINT ( 'NONE',  ( 30.69328737312062216, 234.4297642292288231, 749.3985509741746682 ) ) ;
#3776 = VERTEX_POINT ( 'NONE', #3302 ) ;
#3777 = EDGE_CURVE ( 'NONE', #4190, #3918, #4636, .T. ) ;
#3778 = EDGE_CURVE ( 'NONE', #1227, #730, #412, .T. ) ;
#3779 = VECTOR ( 'NONE', #4577, 1000.000000000000000 ) ;
#3780 = DIRECTION ( 'NONE',  ( -1.000000000000000000, 0.000000000000000000, 0.000000000000000000 ) ) ;
#3781 = DIRECTION ( 'NONE',  ( -1.000000000000000000, 0.000000000000000000, 0.000000000000000000 ) ) ;
#3782 = CARTESIAN_POINT ( 'NONE',  ( 25.28532385459278942, 267.6834151836609976, 757.0744566919190675 ) ) ;
#3783 = LINE ( 'NONE', #1610, #2557 ) ;
#3784 = EDGE_CURVE ( 'NONE', #939, #2889, #3529, .T. ) ;
#3785 = EDGE_LOOP ( 'NONE', ( #499, #2, #4795, #4787 ) ) ;
#3786 = FACE_OUTER_BOUND ( 'NONE', #5471, .T. ) ;
#3787 = CARTESIAN_POINT ( 'NONE',  ( 22.65769569382622350, 260.5652066228175272, 762.0931354135001357 ) ) ;
#3788 = DIRECTION ( 'NONE',  ( 1.000000000000000000, 0.000000000000000000, -0.000000000000000000 ) ) ;
#3789 = CARTESIAN_POINT ( 'NONE',  ( -24.54462332349116238, 245.2498641908727848, 754.9290194574612087 ) ) ;
#3790 = LINE ( 'NONE', #1675, #5473 ) ;
#3791 = ORIENTED_EDGE ( 'NONE', *, *, #990, .F. ) ;
#3792 = CARTESIAN_POINT ( 'NONE',  ( 28.92783636303422057, 232.7688104865136722, 760.7579336260093896 ) ) ;
#3793 = DIRECTION ( 'NONE',  ( 0.000000000000000000, 0.000000000000000000, -1.000000000000000000 ) ) ;
#3794 = CARTESIAN_POINT ( 'NONE',  ( 22.71725489763755235, 268.9992372709275514, 757.7598020801704024 ) ) ;
#3795 = AXIS2_PLACEMENT_3D ( 'NONE', #534, #1817, #2173 ) ;
#3796 = CARTESIAN_POINT ( 'NONE',  ( 1.017909983045999956E-06, 249.9997500793000142, 827.1756946511300157 ) ) ;
#3797 = VECTOR ( 'NONE', #729, 999.9999999999998863 ) ;
#3798 = EDGE_LOOP ( 'NONE', ( #133, #3222 ) ) ;
#3799 = ORIENTED_EDGE ( 'NONE', *, *, #2258, .F. ) ;
#3800 = ORIENTED_EDGE ( 'NONE', *, *, #5514, .T. ) ;
#3801 = AXIS2_PLACEMENT_3D ( 'NONE', #1054, #2732, #3960 ) ;
#3802 = DIRECTION ( 'NONE',  ( 1.000000000000000000, 1.850371707708594760E-14, 0.000000000000000000 ) ) ;
#3803 = ORIENTED_EDGE ( 'NONE', *, *, #2793, .T. ) ;
#3804 = CARTESIAN_POINT ( 'NONE',  ( 28.95815250723695655, 266.5295544448243845, 749.9696995535493897 ) ) ;
#3805 = DIRECTION ( 'NONE',  ( -1.000000000000000000, 0.000000000000000000, 0.000000000000000000 ) ) ;
#3806 = DIRECTION ( 'NONE',  ( -1.000000000000000000, 0.000000000000000000, 0.000000000000000000 ) ) ;
#3807 = B_SPLINE_CURVE_WITH_KNOTS ( 'NONE', 3,
 ( #1881, #1496, #4029, #1388 ),
 .UNSPECIFIED., .F., .F.,
 ( 4, 4 ),
 ( 0.000000000000000000, 0.001188169591439214431 ),
 .UNSPECIFIED. ) ;
#3808 = CARTESIAN_POINT ( 'NONE',  ( 30.31492584853433314, 265.5594298355639467, 749.2974171425092891 ) ) ;
#3809 = ORIENTED_EDGE ( 'NONE', *, *, #476, .T. ) ;
#3810 = CARTESIAN_POINT ( 'NONE',  ( 23.01250546738167557, 269.2461689400399223, 757.0931354135103675 ) ) ;
#3811 = STYLED_ITEM ( 'NONE', ( #1863 ), #202 ) ;
#3812 = LINE ( 'NONE', #3758, #120 ) ;
#3813 = CARTESIAN_POINT ( 'NONE',  ( -29.04737407864564602, 243.9997500793000142, 755.0931354135001357 ) ) ;
#3814 = EDGE_CURVE ( 'NONE', #4769, #2877, #4156, .T. ) ;
#3815 = CARTESIAN_POINT ( 'NONE',  ( 24.04427695802564102, 267.6225044784175111, 758.0931354135001357 ) ) ;
#3816 = ADVANCED_FACE ( 'NONE', ( #1213 ), #2906, .F. ) ;
#3817 = ORIENTED_EDGE ( 'NONE', *, *, #3162, .F. ) ;
#3818 = CARTESIAN_POINT ( 'NONE',  ( 21.40769569382620574, 239.4342935357824445, 752.3681354135001129 ) ) ;
#3819 = DIRECTION ( 'NONE',  ( -0.000000000000000000, -0.000000000000000000, 1.000000000000000000 ) ) ;
#3820 = ORIENTED_EDGE ( 'NONE', *, *, #3920, .T. ) ;
#3821 = CYLINDRICAL_SURFACE ( 'NONE', #2441, 1.249999999999994227 ) ;
#3822 = CARTESIAN_POINT ( 'NONE',  ( -3.703892550781579640, 274.9046175315936580, 752.0931354135001357 ) ) ;
#3823 = FACE_BOUND ( 'NONE', #2563, .T. ) ;
#3824 = ADVANCED_FACE ( 'NONE', ( #802 ), #3889, .T. ) ;
#3825 = DIRECTION ( 'NONE',  ( 0.000000000000000000, 0.000000000000000000, -1.000000000000000000 ) ) ;
#3826 = CARTESIAN_POINT ( 'NONE',  ( 28.60000101790997817, 249.9997500793000142, 752.0931354135001357 ) ) ;
#3827 = VERTEX_POINT ( 'NONE', #1586 ) ;
#3828 = ORIENTED_EDGE ( 'NONE', *, *, #5066, .T. ) ;
#3829 = CARTESIAN_POINT ( 'NONE',  ( 1.017909983045999956E-06, 249.9997500793000142, 752.5931354135001357 ) ) ;
#3830 = EDGE_LOOP ( 'NONE', ( #3721, #11, #1209, #1409 ) ) ;
#3831 = CARTESIAN_POINT ( 'NONE',  ( 28.68070100626981755, 254.6914210567253747, 749.0950614775389340 ) ) ;
#3832 = CARTESIAN_POINT ( 'NONE',  ( -27.53028822830350819, 242.2507376603399507, 750.1159652737431998 ) ) ;
#3833 = DIRECTION ( 'NONE',  ( 0.000000000000000000, 0.000000000000000000, 1.000000000000000000 ) ) ;
#3834 = CARTESIAN_POINT ( 'NONE',  ( 26.06528867608790634, 267.5002940133008451, 757.2154717451945771 ) ) ;
#3835 = CARTESIAN_POINT ( 'NONE',  ( 36.21840451669082483, 266.1782905747986092, 754.9847514702514673 ) ) ;
#3836 = VERTEX_POINT ( 'NONE', #3754 ) ;
#3837 = CIRCLE ( 'NONE', #3214, 22.49999999999998579 ) ;
#3838 = DIRECTION ( 'NONE',  ( -0.7071067811865654473, -0.7017019337664808232, 0.08726050738080928793 ) ) ;
#3839 = CARTESIAN_POINT ( 'NONE',  ( 36.50000101791000162, 224.2296981556314392, 832.3747530919907831 ) ) ;
#3840 =( LENGTH_UNIT ( ) NAMED_UNIT ( * ) SI_UNIT ( .MILLI., .METRE. ) );
#3841 = CARTESIAN_POINT ( 'NONE',  ( 1.017909983045999956E-06, 249.9997500793000142, 752.5931354135001357 ) ) ;
#3842 = ORIENTED_EDGE ( 'NONE', *, *, #2666, .F. ) ;
#3843 = DIRECTION ( 'NONE',  ( 0.000000000000000000, 0.000000000000000000, -1.000000000000000000 ) ) ;
#3844 = VECTOR ( 'NONE', #2270, 1000.000000000000000 ) ;
#3845 = ADVANCED_FACE ( 'NONE', ( #4152 ), #5029, .F. ) ;
#3846 = ADVANCED_FACE ( 'NONE', ( #2858 ), #3248, .F. ) ;
#3847 = ORIENTED_EDGE ( 'NONE', *, *, #4664, .T. ) ;
#3848 = CARTESIAN_POINT ( 'NONE',  ( -29.04737407864564602, 245.3154873643859730, 758.0931354135000220 ) ) ;
#3849 = CARTESIAN_POINT ( 'NONE',  ( 28.57549066518605230, 232.3962117845038904, 758.6088093352674377 ) ) ;
#3850 = CARTESIAN_POINT ( 'NONE',  ( 28.58952781415114330, 249.0899222386886436, 749.5868155800135355 ) ) ;
#3851 = CARTESIAN_POINT ( 'NONE',  ( -24.18774531675402883, 256.3224856271585281, 753.8747227781981337 ) ) ;
#3852 = PRESENTATION_LAYER_ASSIGNMENT (  '', '', ( #732 ) ) ;
#3853 = CONICAL_SURFACE ( 'NONE', #289, 2.999999999999992450, 0.7853981633974959076 ) ;
#3854 = ADVANCED_FACE ( 'NONE', ( #4646 ), #420, .T. ) ;
#3855 = DIRECTION ( 'NONE',  ( 0.000000000000000000, 0.000000000000000000, -1.000000000000000000 ) ) ;
#3856 = CARTESIAN_POINT ( 'NONE',  ( 26.45348218946441321, 266.6815942274616873, 750.1040309104087100 ) ) ;
#3857 = ORIENTED_EDGE ( 'NONE', *, *, #2730, .F. ) ;
#3858 = ORIENTED_EDGE ( 'NONE', *, *, #138, .T. ) ;
#3859 = AXIS2_PLACEMENT_3D ( 'NONE', #2066, #4630, #2846 ) ;
#3860 = CARTESIAN_POINT ( 'NONE',  ( 30.18956231360739295, 234.4434872479478145, 749.2724807849937179 ) ) ;
#3861 = ORIENTED_EDGE ( 'NONE', *, *, #3718, .F. ) ;
#3862 =( BOUNDED_CURVE ( )  B_SPLINE_CURVE ( 3, ( #5224, #3522, #2682, #3856 ),
 .UNSPECIFIED., .F., .T. ) 
 B_SPLINE_CURVE_WITH_KNOTS ( ( 4, 4 ),
 ( 2.125772317711083215, 2.168426703195666772 ),
 .UNSPECIFIED. ) 
 CURVE ( )  GEOMETRIC_REPRESENTATION_ITEM ( )  RATIONAL_B_SPLINE_CURVE ( ( 1.000000000000000000, 0.9998483893633723918, 0.9998483893633723918, 1.000000000000000000 ) ) 
 REPRESENTATION_ITEM ( '' )  );
#3863 = CIRCLE ( 'NONE', #743, 22.49999999999998579 ) ;
#3864 = CARTESIAN_POINT ( 'NONE',  ( 28.36339983656039010, 246.2992060799083731, 749.5735486505483323 ) ) ;
#3865 = AXIS2_PLACEMENT_3D ( 'NONE', #1422, #191, #3115 ) ;
#3866 = DIRECTION ( 'NONE',  ( -0.000000000000000000, -0.000000000000000000, -1.000000000000000000 ) ) ;
#3867 = DIRECTION ( 'NONE',  ( 0.000000000000000000, -0.9923547181180786270, -0.1234184484944973181 ) ) ;
#3868 = CARTESIAN_POINT ( 'NONE',  ( 35.31732272787556326, 232.8281076954131663, 755.1361198779380857 ) ) ;
#3869 = CARTESIAN_POINT ( 'NONE',  ( 31.43908604590452072, 265.5980448689988407, 749.6522935691446037 ) ) ;
#3870 = ORIENTED_EDGE ( 'NONE', *, *, #1680, .T. ) ;
#3872 = DIRECTION ( 'NONE',  ( 0.000000000000000000, 0.000000000000000000, 1.000000000000000000 ) ) ;
#3871 = PRESENTATION_LAYER_ASSIGNMENT (  '', '', ( #2974 ) ) ;
#3873 = CARTESIAN_POINT ( 'NONE',  ( -23.59636339195274957, 240.3321967881634862, 752.0931354135001357 ) ) ;
#3874 = CARTESIAN_POINT ( 'NONE',  ( 36.09141097499848883, 233.8729350785506256, 754.5154128514151353 ) ) ;
#3875 = CARTESIAN_POINT ( 'NONE',  ( -29.04737407864564602, 242.4997500792999858, 754.8181354135002721 ) ) ;
#3876 = ORIENTED_EDGE ( 'NONE', *, *, #3675, .T. ) ;
#3877 = CIRCLE ( 'NONE', #1468, 1.525000000000000355 ) ;
#3878 = DIRECTION ( 'NONE',  ( 0.000000000000000000, 0.000000000000000000, 1.000000000000000000 ) ) ;
#3879 = VECTOR ( 'NONE', #108, 1000.000000000000000 ) ;
#3880 = ORIENTED_EDGE ( 'NONE', *, *, #4023, .F. ) ;
#3881 = CARTESIAN_POINT ( 'NONE',  ( 28.56126728901167411, 251.4916516044129366, 749.5848423993198821 ) ) ;
#3882 = DIRECTION ( 'NONE',  ( -0.000000000000000000, -0.000000000000000000, -1.000000000000000000 ) ) ;
#3883 = CARTESIAN_POINT ( 'NONE',  ( -28.61967846440198215, 258.9959207834844506, 749.1534724501198070 ) ) ;
#3884 = CARTESIAN_POINT ( 'NONE',  ( -23.92571165009280421, 257.2495965158627200, 755.2601145671476388 ) ) ;
#3885 = EDGE_CURVE ( 'NONE', #5252, #2398, #1784, .T. ) ;
#3886 = B_SPLINE_CURVE_WITH_KNOTS ( 'NONE', 3,
 ( #2912, #3664, #5428, #3748, #5400, #2851, #4202, #4176, #4117, #4615 ),
 .UNSPECIFIED., .F., .F.,
 ( 4, 2, 2, 2, 4 ),
 ( -1.665511838407158422E-05, 0.0008511623115032445654, 0.001718979741390560742, 0.002586797171277876919, 0.003454614601165193095 ),
 .UNSPECIFIED. ) ;
#3887 = FACE_OUTER_BOUND ( 'NONE', #3265, .T. ) ;
#3888 = DIRECTION ( 'NONE',  ( 0.000000000000000000, 0.000000000000000000, -1.000000000000000000 ) ) ;
#3889 = CONICAL_SURFACE ( 'NONE', #4336, 3.000000000000038192, 0.7853981633975120058 ) ;
#3890 = ORIENTED_EDGE ( 'NONE', *, *, #1680, .F. ) ;
#3891 = ADVANCED_FACE ( 'NONE', ( #2971 ), #3448, .T. ) ;
#3892 = ORIENTED_EDGE ( 'NONE', *, *, #2625, .F. ) ;
#3893 = ADVANCED_FACE ( 'NONE', ( #3359 ), #2821, .T. ) ;
#3894 = VERTEX_POINT ( 'NONE', #3384 ) ;
#3895 = MECHANICAL_DESIGN_GEOMETRIC_PRESENTATION_REPRESENTATION (  '', ( #4341 ), #5316 ) ;
#3896 = CIRCLE ( 'NONE', #331, 1.249999999999993339 ) ;
#3897 = CARTESIAN_POINT ( 'NONE',  ( 24.50000101790997675, 267.3804298565852378, 758.0931354135000220 ) ) ;
#3898 = SURFACE_STYLE_FILL_AREA ( #5231 ) ;
#3899 = CARTESIAN_POINT ( 'NONE',  ( 26.63648091161130438, 232.8707103807673491, 758.0931354135000220 ) ) ;
#3900 = CIRCLE ( 'NONE', #2211, 2.999999999999999112 ) ;
#3901 = CARTESIAN_POINT ( 'NONE',  ( 35.84396005385609385, 266.0624265353037003, 753.9200693104078255 ) ) ;
#3902 = B_SPLINE_SURFACE_WITH_KNOTS ( 'NONE', 1, 3, ( 
 ( #5118, #1756, #2927, #3431, #4629, #4192, #2984, #4272, #4721, #2953, #3792, #5474, #812, #1706, #838, #450, #423, #864 ),
 ( #2150, #2597, #1201, #4302, #1738, #3849, #366, #32, #5131, #2536, #2569, #3738, #5070, #2065, #1284, #5044, #791, #1315 ) ),
 .UNSPECIFIED., .F., .F., .F.,
 ( 2, 2 ),
 ( 4, 2, 2, 2, 2, 2, 2, 2, 4 ),
 ( 0.000000000000000000, 1.000000000000000000 ),
 ( 3.547530418280198550, 3.693137738543259552, 3.838745058806320998, 3.984352379069382444, 4.129959699332443890, 4.275567019595505336, 4.421174339858566782, 4.566781660121627340, 4.712388980384688786 ),
 .UNSPECIFIED. ) ;
#3903 = VECTOR ( 'NONE', #5065, 1000.000000000000000 ) ;
#3904 = ORIENTED_EDGE ( 'NONE', *, *, #3613, .F. ) ;
#3905 = DIRECTION ( 'NONE',  ( -0.7071067811865162644, 0.000000000000000000, -0.7071067811865787700 ) ) ;
#3906 = CARTESIAN_POINT ( 'NONE',  ( 24.13363151770897730, 267.5707487380201428, 758.0931354134999083 ) ) ;
#3907 = VERTEX_POINT ( 'NONE', #3899 ) ;
#3908 = DIRECTION ( 'NONE',  ( 0.000000000000000000, 0.000000000000000000, 1.000000000000000000 ) ) ;
#3909 = ORIENTED_EDGE ( 'NONE', *, *, #4014, .T. ) ;
#3910 = CARTESIAN_POINT ( 'NONE',  ( -28.76794014142873124, 241.4869728884934261, 749.3349592334413956 ) ) ;
#3911 = CARTESIAN_POINT ( 'NONE',  ( 24.28631446797493254, 267.6465087206462954, 749.3270401882510896 ) ) ;
#3912 = CARTESIAN_POINT ( 'NONE',  ( 28.56385070697362139, 248.5621691329271812, 749.5850231581987373 ) ) ;
#3913 = DIRECTION ( 'NONE',  ( -0.000000000000000000, -0.000000000000000000, 1.000000000000000000 ) ) ;
#3914 = B_SPLINE_CURVE_WITH_KNOTS ( 'NONE', 3,
 ( #2334, #4027, #1992, #4943, #1043, #3576, #2390, #206 ),
 .UNSPECIFIED., .F., .F.,
 ( 4, 2, 2, 4 ),
 ( 0.000000000000000000, 0.001098475219285382403, 0.001647712828928073713, 0.002196950438570764805 ),
 .UNSPECIFIED. ) ;
#3915 = CARTESIAN_POINT ( 'NONE',  ( 26.06682725421382685, 233.1068698991018096, 758.3441805381340828 ) ) ;
#3916 = CARTESIAN_POINT ( 'NONE',  ( 28.50000101791000517, 249.9997500793000142, 749.0931354135001357 ) ) ;
#3917 = EDGE_LOOP ( 'NONE', ( #5059, #2193 ) ) ;
#3918 = VERTEX_POINT ( 'NONE', #1242 ) ;
#3919 = ORIENTED_EDGE ( 'NONE', *, *, #1907, .T. ) ;
#3920 = EDGE_CURVE ( 'NONE', #3971, #410, #687, .T. ) ;
#3921 = EDGE_CURVE ( 'NONE', #1236, #4769, #526, .T. ) ;
#3922 = CARTESIAN_POINT ( 'NONE',  ( 28.22552592975889141, 254.6186876936991155, 749.5692865367817603 ) ) ;
#3923 = CARTESIAN_POINT ( 'NONE',  ( 1.017909983045999956E-06, 249.9997500793000142, 757.0931354135110496 ) ) ;
#3924 = DIRECTION ( 'NONE',  ( -0.000000000000000000, -0.000000000000000000, -1.000000000000000000 ) ) ;
#3925 = DIRECTION ( 'NONE',  ( 1.000000000000000000, 0.000000000000000000, 0.000000000000000000 ) ) ;
#3926 = CARTESIAN_POINT ( 'NONE',  ( 34.75735699147235636, 265.8651393970243362, 752.1068912407798734 ) ) ;
#3927 = ADVANCED_FACE ( 'NONE', ( #3415 ), #5172, .T. ) ;
#3928 = VERTEX_POINT ( 'NONE', #2134 ) ;
#3929 = DIRECTION ( 'NONE',  ( 0.000000000000000000, 0.000000000000000000, 1.000000000000000000 ) ) ;
#3930 = CARTESIAN_POINT ( 'NONE',  ( 17.40202599221967006, 263.4596730654654948, 757.5931354135000220 ) ) ;
#3931 = CARTESIAN_POINT ( 'NONE',  ( 17.40202599221985835, 236.5398270931348463, 757.5931354135000220 ) ) ;
#3932 = DIRECTION ( 'NONE',  ( -0.000000000000000000, -0.000000000000000000, -1.000000000000000000 ) ) ;
#3933 = PRODUCT_CONTEXT ( 'NONE', #1179, 'mechanical' ) ;
#3934 = CONICAL_SURFACE ( 'NONE', #1527, 2.999999999999999112, 0.7853981633973927678 ) ;
#3935 = EDGE_LOOP ( 'NONE', ( #1760, #1498, #4111, #1685 ) ) ;
#3936 = CARTESIAN_POINT ( 'NONE',  ( -28.54018776604823060, 240.7544805757041502, 749.1053019325813693 ) ) ;
#3937 = DIRECTION ( 'NONE',  ( -0.000000000000000000, -0.000000000000000000, -1.000000000000000000 ) ) ;
#3938 = CARTESIAN_POINT ( 'NONE',  ( -28.45610553235441031, 259.4997500792999858, 749.0931354135001357 ) ) ;
#3939 = CARTESIAN_POINT ( 'NONE',  ( -24.49376370211910015, 255.0067016714624515, 754.3166654947274310 ) ) ;
#3940 = CIRCLE ( 'NONE', #636, 2.999999999999997335 ) ;
#3941 = SURFACE_STYLE_USAGE ( .BOTH. , #94 ) ;
#3942 = CARTESIAN_POINT ( 'NONE',  ( 24.05772642824339513, 232.0617280316847655, 751.2142664993808694 ) ) ;
#3943 = ORIENTED_EDGE ( 'NONE', *, *, #3264, .F. ) ;
#3944 = VERTEX_POINT ( 'NONE', #3052 ) ;
#3945 = AXIS2_PLACEMENT_3D ( 'NONE', #2849, #264, #706 ) ;
#3946 = VERTEX_POINT ( 'NONE', #2524 ) ;
#3947 = CARTESIAN_POINT ( 'NONE',  ( 1.017909983045999956E-06, 249.9997500793000142, 749.0931354135001357 ) ) ;
#3948 = DIRECTION ( 'NONE',  ( 0.000000000000000000, 0.000000000000000000, -1.000000000000000000 ) ) ;
#3949 = EDGE_CURVE ( 'NONE', #2967, #5315, #1487, .T. ) ;
#3950 = EDGE_CURVE ( 'NONE', #3245, #4757, #1301, .T. ) ;
#3951 = FACE_BOUND ( 'NONE', #123, .T. ) ;
#3952 = B_SPLINE_CURVE_WITH_KNOTS ( 'NONE', 3,
 ( #1551, #736, #4091, #3638, #324, #685, #1152, #4994, #294, #1993, #2391, #4556, #5344, #5451, #3694, #1522, #2439, #4944, #1629, #4531, #4147, #3215, #4584, #1605, #3328, #3723, #5024, #1962, #1176, #768, #1127, #2829, #266, #4918, #1100, #2471, #4506, #2414, #5248, #1716, #5506, #1424, #2991, #3117, #5480, #1688, #375, #4279, #4700, #1325, #3380, #2129, #2102, #5078, #3021, #1265, #4730, #2935, #458, #2192, #1237, #431, #4827, #823, #1659, #1006, #2710, #2074, #3775, #2543, #2158, #3860, #5053, #3544, #3355 ),
 .UNSPECIFIED., .F., .F.,
 ( 4, 2, 2, 1, 1, 1, 2, 2, 2, 1, 1, 1, 2, 2, 2, 2, 1, 1, 1, 2, 2, 2, 2, 1, 1, 2, 2, 2, 2, 1, 2, 2, 2, 1, 1, 2, 2, 2, 1, 2, 2, 2, 2, 2, 4 ),
 ( 0.000000000000000000, 0.03125000000050447146, 0.04687500000074363432, 0.05468750000084797447, 0.05859375000089957902, 0.06054687500094427938, 0.06152343750096726099, 0.06250000000099023567, 0.09375000000140118472, 0.1093750000016062984, 0.1171875000017090079, 0.1210937500017464780, 0.1230468750017648244, 0.1250000000017831570, 0.1875000000022900848, 0.2187500000025310032, 0.2343750000026508240, 0.2421875000027107760, 0.2460937500027407243, 0.2480468750027421676, 0.2500000000027435831, 0.3125000000027871594, 0.3437500000028093639, 0.3593750000028196889, 0.3671875000028129166, 0.3710937500027975955, 0.3750000000027822744, 0.4375000000024578117, 0.4687500000022958857, 0.4843750000022055691, 0.4921875000021603830, 0.5000000000021151969, 0.5625000000018091084, 0.5937500000016637802, 0.6093750000015909496, 0.6171875000015552004, 0.6250000000015193402, 0.6875000000012583268, 0.7187500000011333157, 0.7343750000010706991, 0.7500000000010080825, 0.8125000000007488454, 0.8437500000006233902, 0.8750000000004978240, 1.000000000000000000 ),
 .UNSPECIFIED. ) ;
#3953 = CIRCLE ( 'NONE', #571, 2.500000000000030198 ) ;
#3954 = ORIENTED_EDGE ( 'NONE', *, *, #2896, .T. ) ;
#3955 = CARTESIAN_POINT ( 'NONE',  ( -29.04737407864564602, 255.9997500793000427, 755.0931354135001357 ) ) ;
#3956 = CARTESIAN_POINT ( 'NONE',  ( 24.17299737987736918, 232.2267865175832640, 749.4465534299027922 ) ) ;
#3957 = DIRECTION ( 'NONE',  ( -0.5792279653396202876, 0.4055797876726464080, 0.7071067811865012764 ) ) ;
#3958 = EDGE_CURVE ( 'NONE', #398, #1777, #530, .T. ) ;
#3959 = EDGE_CURVE ( 'NONE', #3827, #4389, #5040, .T. ) ;
#3960 = DIRECTION ( 'NONE',  ( -1.000000000000000000, 0.000000000000000000, 0.000000000000000000 ) ) ;
#3961 = VERTEX_POINT ( 'NONE', #4735 ) ;
#3962 = CARTESIAN_POINT ( 'NONE',  ( 28.30818270263273106, 254.0750293557895816, 749.5717595876882342 ) ) ;
#3963 = CARTESIAN_POINT ( 'NONE',  ( 19.77502939780734081, 265.2951171090334697, 752.5931354135001357 ) ) ;
#3964 = CARTESIAN_POINT ( 'NONE',  ( 28.14870656727464748, 244.9384456958389933, 749.5680221826359002 ) ) ;
#3965 = CARTESIAN_POINT ( 'NONE',  ( -18.43091997859242426, 262.9052198971984353, 752.0931354135001357 ) ) ;
#3966 = DIRECTION ( 'NONE',  ( 1.000000000000000000, 0.000000000000000000, 0.000000000000000000 ) ) ;
#3967 = FACE_OUTER_BOUND ( 'NONE', #3658, .T. ) ;
#3968 = CARTESIAN_POINT ( 'NONE',  ( 22.65769569382622350, 260.5652066228175272, 752.5931354135001357 ) ) ;
#3969 = ORIENTED_EDGE ( 'NONE', *, *, #2761, .F. ) ;
#3970 = ORIENTED_EDGE ( 'NONE', *, *, #613, .F. ) ;
#3971 = VERTEX_POINT ( 'NONE', #677 ) ;
#3972 = LINE ( 'NONE', #626, #1557 ) ;
#3973 = B_SPLINE_CURVE_WITH_KNOTS ( 'NONE', 3,
 ( #4359, #929, #1399, #1373, #3516, #168 ),
 .UNSPECIFIED., .F., .F.,
 ( 4, 2, 4 ),
 ( 0.000000000000000000, 0.5000000000000000000, 1.000000000000000000 ),
 .UNSPECIFIED. ) ;
#3974 = CARTESIAN_POINT ( 'NONE',  ( 27.19766392736488569, 234.4630042588713934, 749.0931354135001357 ) ) ;
#3975 = AXIS2_PLACEMENT_3D ( 'NONE', #4716, #1365, #2206 ) ;
#3976 = CIRCLE ( 'NONE', #1578, 3.000000000000023537 ) ;
#3977 = B_SPLINE_CURVE_WITH_KNOTS ( 'NONE', 1,
 ( #3262, #2434 ),
 .UNSPECIFIED., .F., .F.,
 ( 2, 2 ),
 ( 0.000000000000000000, 1.000000000000000000 ),
 .UNSPECIFIED. ) ;
#3978 = ORIENTED_EDGE ( 'NONE', *, *, #1741, .F. ) ;
#3979 = VECTOR ( 'NONE', #3528, 1000.000000000000114 ) ;
#3980 = DIRECTION ( 'NONE',  ( -1.000000000000000000, 0.000000000000000000, 0.000000000000000000 ) ) ;
#3981 = CARTESIAN_POINT ( 'NONE',  ( 28.50000101791000517, 234.4630042588714218, 749.0931354135002493 ) ) ;
#3982 = LINE ( 'NONE', #4897, #1396 ) ;
#3983 = DIRECTION ( 'NONE',  ( 1.000000000000000000, 0.000000000000000000, 0.000000000000000000 ) ) ;
#3984 = AXIS2_PLACEMENT_3D ( 'NONE', #2036, #809, #757 ) ;
#3985 = ADVANCED_FACE ( 'NONE', ( #1835 ), #4549, .F. ) ;
#3986 = VERTEX_POINT ( 'NONE', #4499 ) ;
#3987 = ADVANCED_FACE ( 'NONE', ( #1544 ), #2665, .F. ) ;
#3988 = CARTESIAN_POINT ( 'NONE',  ( -28.99228012134148358, 242.2893340279565564, 750.1903160479510007 ) ) ;
#3989 = CARTESIAN_POINT ( 'NONE',  ( 17.40202599221985835, 236.5398270931348463, 757.5931354135000220 ) ) ;
#3990 = DIRECTION ( 'NONE',  ( -1.000000000000000000, 0.000000000000000000, 0.000000000000000000 ) ) ;
#3991 = CYLINDRICAL_SURFACE ( 'NONE', #3426, 3.000000000000023537 ) ;
#3992 = FACE_OUTER_BOUND ( 'NONE', #4278, .T. ) ;
#3993 = CONICAL_SURFACE ( 'NONE', #3460, 3.000000000000040856, 0.7853981633973889931 ) ;
#3994 = EDGE_CURVE ( 'NONE', #2771, #2260, #4791, .T. ) ;
#3995 = SURFACE_STYLE_FILL_AREA ( #173 ) ;
#3996 = LINE ( 'NONE', #1454, #2706 ) ;
#3997 = ORIENTED_EDGE ( 'NONE', *, *, #1504, .T. ) ;
#3998 = VERTEX_POINT ( 'NONE', #5394 ) ;
#3999 = VERTEX_POINT ( 'NONE', #551 ) ;
#4000 = CARTESIAN_POINT ( 'NONE',  ( 28.50000101790999807, 266.1987728194752094, 749.6775320848350930 ) ) ;
#4001 =( NAMED_UNIT ( * ) SI_UNIT ( $, .STERADIAN. ) SOLID_ANGLE_UNIT ( ) );
#4002 = DIRECTION ( 'NONE',  ( 0.000000000000000000, 0.000000000000000000, -1.000000000000000000 ) ) ;
#4003 = EDGE_LOOP ( 'NONE', ( #2022, #3461, #5503, #3022 ) ) ;
#4004 = CARTESIAN_POINT ( 'NONE',  ( -29.04737407864564602, 255.9997500793000427, 756.3431354135000220 ) ) ;
#4005 = CARTESIAN_POINT ( 'NONE',  ( -18.95380008931491744, 264.3391609880760598, 752.0931354135001357 ) ) ;
#4006 = DIRECTION ( 'NONE',  ( -1.000000000000000000, 1.088453945710935101E-15, 0.000000000000000000 ) ) ;
#4007 = CARTESIAN_POINT ( 'NONE',  ( 26.86879529237381803, 267.4671431900436005, 757.5092825257954701 ) ) ;
#4008 = CARTESIAN_POINT ( 'NONE',  ( 23.02429591826287947, 269.2320716892228347, 756.9608791784182813 ) ) ;
#4009 = CARTESIAN_POINT ( 'NONE',  ( 21.40769569382622706, 260.5652066228175272, 752.3681354135001129 ) ) ;
#4010 = CARTESIAN_POINT ( 'NONE',  ( 28.58393548081427582, 250.9707478281282818, 749.5864406207398360 ) ) ;
#4011 = CARTESIAN_POINT ( 'NONE',  ( 25.89741156362200414, 267.5261351537260452, 757.1728108775012061 ) ) ;
#4012 = DIRECTION ( 'NONE',  ( -0.000000000000000000, -0.000000000000000000, -1.000000000000000000 ) ) ;
#4013 = DIRECTION ( 'NONE',  ( 0.000000000000000000, 0.000000000000000000, 1.000000000000000000 ) ) ;
#4014 = EDGE_CURVE ( 'NONE', #5052, #2567, #5042, .T. ) ;
#4015 = DIRECTION ( 'NONE',  ( -1.000000000000000000, 0.000000000000000000, 0.000000000000000000 ) ) ;
#4016 = EDGE_CURVE ( 'NONE', #2778, #1778, #3977, .T. ) ;
#4017 = CARTESIAN_POINT ( 'NONE',  ( 28.98748751969790050, 247.6449644257720593, 749.1078535430862075 ) ) ;
#4018 =( GEOMETRIC_REPRESENTATION_CONTEXT ( 3 ) GLOBAL_UNCERTAINTY_ASSIGNED_CONTEXT ( ( #1357 ) ) GLOBAL_UNIT_ASSIGNED_CONTEXT ( ( #1338, #3059, #4353 ) ) REPRESENTATION_CONTEXT ( 'NONE', 'WORKASPACE' ) );
#4019 = DIRECTION ( 'NONE',  ( 0.6051085513941939498, 0.3658464719381163688, 0.7071067811865852093 ) ) ;
#4020 = ORIENTED_EDGE ( 'NONE', *, *, #847, .F. ) ;
#4021 = ORIENTED_EDGE ( 'NONE', *, *, #5493, .T. ) ;
#4022 = ORIENTED_EDGE ( 'NONE', *, *, #2854, .T. ) ;
#4023 = EDGE_CURVE ( 'NONE', #3986, #629, #1064, .T. ) ;
#4024 = CIRCLE ( 'NONE', #2949, 2.500000000000043965 ) ;
#4025 = DIRECTION ( 'NONE',  ( -0.7071067811865520136, 8.659560562354878624E-17, -0.7071067811865431318 ) ) ;
#4026 = AXIS2_PLACEMENT_3D ( 'NONE', #371, #3855, #5478 ) ;
#4027 = CARTESIAN_POINT ( 'NONE',  ( 26.27787229656874501, 232.9681469837822760, 758.0931354134999083 ) ) ;
#4028 = AXIS2_PLACEMENT_3D ( 'NONE', #435, #3446, #3780 ) ;
#4029 = CARTESIAN_POINT ( 'NONE',  ( 26.83173309167334608, 233.4167864434284638, 750.0172961184674705 ) ) ;
#4030 = ORIENTED_EDGE ( 'NONE', *, *, #1741, .T. ) ;
#4031 = MECHANICAL_DESIGN_GEOMETRIC_PRESENTATION_REPRESENTATION (  '', ( #198 ), #3669 ) ;
#4032 = ORIENTED_EDGE ( 'NONE', *, *, #3097, .T. ) ;
#4033 = LINE ( 'NONE', #4004, #4413 ) ;
#4034 = CARTESIAN_POINT ( 'NONE',  ( 26.06040296689612390, 267.5010536663531866, 757.2148710599383321 ) ) ;
#4035 = CARTESIAN_POINT ( 'NONE',  ( -24.18714698641714378, 243.6747484271071755, 756.3108290696482072 ) ) ;
#4036 = CARTESIAN_POINT ( 'NONE',  ( 23.87729856542764395, 268.4255489809865480, 757.0715287532746061 ) ) ;
#4037 = B_SPLINE_CURVE_WITH_KNOTS ( 'NONE', 3,
 ( #1612, #359, #3421, #4184, #5032, #2113, #3306, #2943, #3363, #4211 ),
 .UNSPECIFIED., .F., .F.,
 ( 4, 2, 2, 2, 4 ),
 ( 0.000000000000000000, 0.2499999999999997780, 0.4999999999999995559, 0.7499999999999993339, 1.000000000000000000 ),
 .UNSPECIFIED. ) ;
#4038 = CARTESIAN_POINT ( 'NONE',  ( 19.93877233271625826, 259.2973518375953859, 755.0931354135001357 ) ) ;
#4039 = CIRCLE ( 'NONE', #5466, 3.000000000000040856 ) ;
#4040 = CIRCLE ( 'NONE', #3504, 1.249999999999994227 ) ;
#4041 =( BOUNDED_CURVE ( )  B_SPLINE_CURVE ( 3, ( #3810, #440, #1275, #1304 ),
 .UNSPECIFIED., .F., .T. ) 
 B_SPLINE_CURVE_WITH_KNOTS ( ( 4, 4 ),
 ( 4.015875297285169232, 4.017736044004815099 ),
 .UNSPECIFIED. ) 
 CURVE ( )  GEOMETRIC_REPRESENTATION_ITEM ( )  RATIONAL_B_SPLINE_CURVE ( ( 1.000000000000000000, 0.9999997114684912036, 0.9999997114684912036, 1.000000000000000000 ) ) 
 REPRESENTATION_ITEM ( '' )  );
#4042 = AXIS2_PLACEMENT_3D ( 'NONE', #857, #2944, #832 ) ;
#4043 = DIRECTION ( 'NONE',  ( -1.000000000000000000, 0.000000000000000000, 0.000000000000000000 ) ) ;
#4044 = AXIS2_PLACEMENT_3D ( 'NONE', #5099, #3464, #1285 ) ;
#4045 = FACE_OUTER_BOUND ( 'NONE', #5076, .T. ) ;
#4046 = CARTESIAN_POINT ( 'NONE',  ( 28.05817531098729134, 244.4590953039782733, 749.5674746737170153 ) ) ;
#4047 = DIRECTION ( 'NONE',  ( 0.000000000000000000, 0.000000000000000000, 1.000000000000000000 ) ) ;
#4048 = DIRECTION ( 'NONE',  ( 1.000000000000000000, 0.000000000000000000, 0.000000000000000000 ) ) ;
#4049 = CARTESIAN_POINT ( 'NONE',  ( 23.32607342163611008, 231.0961090047536288, 757.0846747435233510 ) ) ;
#4050 = CARTESIAN_POINT ( 'NONE',  ( 26.52101516559009298, 267.4581764577841341, 757.3584151146839076 ) ) ;
#4051 = PRODUCT_RELATED_PRODUCT_CATEGORY ( 'part', '', ( #1217 ) ) ;
#4052 = CARTESIAN_POINT ( 'NONE',  ( 24.90075310317163826, 267.8308609869404222, 757.0537045019334528 ) ) ;
#4053 = CARTESIAN_POINT ( 'NONE',  ( -29.04737407864564958, 255.9997500793000427, 756.6181354135001129 ) ) ;
#4054 = VERTEX_POINT ( 'NONE', #4885 ) ;
#4055 = ORIENTED_EDGE ( 'NONE', *, *, #3196, .F. ) ;
#4056 = VECTOR ( 'NONE', #3375, 1000.000000000000000 ) ;
#4057 = VERTEX_POINT ( 'NONE', #1387 ) ;
#4058 = CARTESIAN_POINT ( 'NONE',  ( -2.178892550781579285, 274.9046175315936580, 758.0931354135000220 ) ) ;
#4059 = ADVANCED_FACE ( 'NONE', ( #1117 ), #3620, .F. ) ;
#4060 = EDGE_CURVE ( 'NONE', #2041, #1890, #512, .T. ) ;
#4061 = CARTESIAN_POINT ( 'NONE',  ( 23.53423133991840999, 268.7062082911358516, 757.0794704594198947 ) ) ;
#4062 = CARTESIAN_POINT ( 'NONE',  ( 24.60697950474328621, 232.8364314769160899, 749.0931354135002493 ) ) ;
#4063 = ORIENTED_EDGE ( 'NONE', *, *, #2387, .F. ) ;
#4064 = ORIENTED_EDGE ( 'NONE', *, *, #3028, .F. ) ;
#4065 = CARTESIAN_POINT ( 'NONE',  ( 1.017909983045999956E-06, 249.9997500793000142, 757.5931354135000220 ) ) ;
#4066 = EDGE_CURVE ( 'NONE', #1427, #3122, #1930, .T. ) ;
#4067 = CARTESIAN_POINT ( 'NONE',  ( 27.07131436917600809, 267.2436996565207323, 758.0931354135000220 ) ) ;
#4068 = CARTESIAN_POINT ( 'NONE',  ( -24.00271510070092518, 243.0080321503247092, 754.3151045585919974 ) ) ;
#4069 = DIRECTION ( 'NONE',  ( -0.000000000000000000, -0.000000000000000000, 1.000000000000000000 ) ) ;
#4070 = AXIS2_PLACEMENT_3D ( 'NONE', #3668, #1556, #3276 ) ;
#4071 = CARTESIAN_POINT ( 'NONE',  ( 3.425836480277832941, 224.7309224178355862, 752.0931354135001357 ) ) ;
#4072 = CIRCLE ( 'NONE', #1664, 2.499999999999999556 ) ;
#4073 = ORIENTED_EDGE ( 'NONE', *, *, #5317, .F. ) ;
#4074 = EDGE_LOOP ( 'NONE', ( #4337, #669, #2143, #2753 ) ) ;
#4075 = CARTESIAN_POINT ( 'NONE',  ( 24.58717535148631939, 267.9769329801091544, 757.0569678213628322 ) ) ;
#4076 = CARTESIAN_POINT ( 'NONE',  ( -22.00380008931489328, 235.6603391705239403, 752.0931354135001357 ) ) ;
#4077 = CARTESIAN_POINT ( 'NONE',  ( -29.04737407864564602, 257.4997500793000427, 749.0926354135001475 ) ) ;
#4078 = DIRECTION ( 'NONE',  ( -1.000000000000000000, 0.000000000000000000, 0.000000000000000000 ) ) ;
#4079 = AXIS2_PLACEMENT_3D ( 'NONE', #3441, #4639, #2517 ) ;
#4080 = CARTESIAN_POINT ( 'NONE',  ( 17.40202599221967006, 263.4596730654654948, 758.0931354135000220 ) ) ;
#4081 = CARTESIAN_POINT ( 'NONE',  ( 28.05817531098729134, 244.4590953039782733, 749.5674746737170153 ) ) ;
#4082 = CARTESIAN_POINT ( 'NONE',  ( 25.81926192649636320, 266.9184251439227751, 758.2695528375109006 ) ) ;
#4083 = CARTESIAN_POINT ( 'NONE',  ( 24.74710971146051364, 267.9007586810965336, 757.0540388499747451 ) ) ;
#4084 = DIRECTION ( 'NONE',  ( -1.000000000000000000, 0.000000000000000000, 0.000000000000000000 ) ) ;
#4085 = ORIENTED_EDGE ( 'NONE', *, *, #5153, .F. ) ;
#4086 = EDGE_LOOP ( 'NONE', ( #5353, #5226 ) ) ;
#4087 = CONICAL_SURFACE ( 'NONE', #3277, 25.00000000000002842, 0.7853981633974969068 ) ;
#4088 = DIRECTION ( 'NONE',  ( 1.000000000000000000, 0.000000000000000000, 0.000000000000000000 ) ) ;
#4089 = CARTESIAN_POINT ( 'NONE',  ( -20.47880008931488049, 264.3391609880760029, 752.5931354135001357 ) ) ;
#4090 = UNCERTAINTY_MEASURE_WITH_UNIT (LENGTH_MEASURE( 1.000000000000000082E-05 ), #1800, 'distance_accuracy_value', 'NONE');
#4091 = CARTESIAN_POINT ( 'NONE',  ( 36.49438361833932021, 233.6280055839678766, 756.7660551309695620 ) ) ;
#4092 = ORIENTED_EDGE ( 'NONE', *, *, #1375, .F. ) ;
#4093 = EDGE_CURVE ( 'NONE', #830, #5228, #4372, .T. ) ;
#4094 = EDGE_CURVE ( 'NONE', #630, #1292, #4072, .T. ) ;
#4095 = DIRECTION ( 'NONE',  ( 0.000000000000000000, 0.000000000000000000, -1.000000000000000000 ) ) ;
#4096 = FACE_OUTER_BOUND ( 'NONE', #4760, .T. ) ;
#4097 = DIRECTION ( 'NONE',  ( -0.000000000000000000, -0.000000000000000000, 1.000000000000000000 ) ) ;
#4098 = EDGE_CURVE ( 'NONE', #1431, #2236, #1385, .T. ) ;
#4099 = ORIENTED_EDGE ( 'NONE', *, *, #1907, .F. ) ;
#4100 = DIRECTION ( 'NONE',  ( -1.000000000000000000, -0.000000000000000000, -0.000000000000000000 ) ) ;
#4101 = CARTESIAN_POINT ( 'NONE',  ( -29.04737407864564958, 255.9997500793000427, 753.5681354135000447 ) ) ;
#4102 = CARTESIAN_POINT ( 'NONE',  ( 22.65769569382641890, 239.4342935357827855, 752.5931354135001357 ) ) ;
#4103 = DIRECTION ( 'NONE',  ( -0.000000000000000000, -0.000000000000000000, -1.000000000000000000 ) ) ;
#4104 = DIRECTION ( 'NONE',  ( 1.000000000000000000, 0.000000000000000000, 0.000000000000000000 ) ) ;
#4105 = CARTESIAN_POINT ( 'NONE',  ( -19.22880008931491957, 264.3391609880760598, 752.0931354135001357 ) ) ;
#4106 = CARTESIAN_POINT ( 'NONE',  ( 22.70466411255178940, 231.2808352889526873, 758.0931354135000220 ) ) ;
#4107 = DIRECTION ( 'NONE',  ( -0.09499731320272922219, 0.7006964467472495128, 0.7071067811865767716 ) ) ;
#4108 = CARTESIAN_POINT ( 'NONE',  ( -20.47880008931491602, 264.3391609880760598, 752.3681354135001129 ) ) ;
#4109 = SURFACE_STYLE_USAGE ( .BOTH. , #3601 ) ;
#4110 = VERTEX_POINT ( 'NONE', #4608 ) ;
#4111 = ORIENTED_EDGE ( 'NONE', *, *, #3684, .T. ) ;
#4112 = B_SPLINE_CURVE_WITH_KNOTS ( 'NONE', 3,
 ( #5408, #189, #2760, #3223 ),
 .UNSPECIFIED., .F., .F.,
 ( 4, 4 ),
 ( 0.8275577506265698879, 1.000000000000000000 ),
 .UNSPECIFIED. ) ;
#4113 = AXIS2_PLACEMENT_3D ( 'NONE', #3358, #2495, #404 ) ;
#4114 = CARTESIAN_POINT ( 'NONE',  ( 20.40202599221985835, 236.5398270931348463, 757.5931354135000220 ) ) ;
#4115 = DIRECTION ( 'NONE',  ( -0.000000000000000000, -0.000000000000000000, 1.000000000000000000 ) ) ;
#4116 = AXIS2_PLACEMENT_3D ( 'NONE', #5498, #4, #3316 ) ;
#4117 = CARTESIAN_POINT ( 'NONE',  ( 26.17988732180697653, 233.2473512335586179, 750.1669641519193874 ) ) ;
#4118 = ORIENTED_EDGE ( 'NONE', *, *, #2962, .T. ) ;
#4119 = CARTESIAN_POINT ( 'NONE',  ( 23.52742966107510370, 231.2873712202390379, 757.0796406745848799 ) ) ;
#4120 = CARTESIAN_POINT ( 'NONE',  ( -23.93825975967999042, 242.7914236751174997, 754.7624959171902219 ) ) ;
#4121 = ADVANCED_FACE ( 'NONE', ( #394 ), #579, .F. ) ;
#4122 = CARTESIAN_POINT ( 'NONE',  ( -20.47880008931491602, 264.3391609880760598, 752.0931354135001357 ) ) ;
#4123 = ADVANCED_FACE ( 'NONE', ( #1254 ), #1831, .F. ) ;
#4124 = DIRECTION ( 'NONE',  ( -0.6543195798260166285, 0.2680781368488293070, 0.7071067811865230368 ) ) ;
#4125 = CIRCLE ( 'NONE', #4473, 1.525000000000000355 ) ;
#4126 = ORIENTED_EDGE ( 'NONE', *, *, #5420, .F. ) ;
#4127 = VERTEX_POINT ( 'NONE', #3715 ) ;
#4128 = CARTESIAN_POINT ( 'NONE',  ( -27.55426105995487873, 258.6946250846269209, 749.2584755622897319 ) ) ;
#4129 = CARTESIAN_POINT ( 'NONE',  ( 25.40022200657138640, 267.0051609875849294, 758.1746570539480672 ) ) ;
#4130 = EDGE_CURVE ( 'NONE', #705, #4539, #2717, .T. ) ;
#4131 = CARTESIAN_POINT ( 'NONE',  ( 28.35272578226909701, 255.5985698106960058, 749.2512485002390576 ) ) ;
#4132 = EDGE_CURVE ( 'NONE', #3055, #1147, #1744, .T. ) ;
#4133 = CIRCLE ( 'NONE', #4837, 3.499999999999985789 ) ;
#4134 = LINE ( 'NONE', #3343, #1490 ) ;
#4135 = AXIS2_PLACEMENT_3D ( 'NONE', #4915, #1600, #5369 ) ;
#4136 = CARTESIAN_POINT ( 'NONE',  ( 23.14238951460398752, 231.7174930091744898, 758.0931354134999083 ) ) ;
#4137 = CARTESIAN_POINT ( 'NONE',  ( 25.27419417836092919, 267.0417290693074506, 758.1532556908441620 ) ) ;
#4138 = CARTESIAN_POINT ( 'NONE',  ( -20.47880008931471352, 235.6603391705236277, 757.5931354135000220 ) ) ;
#4139 = CARTESIAN_POINT ( 'NONE',  ( 22.56962961276554225, 268.8757714363713376, 758.0931354135000220 ) ) ;
#4140 = ORIENTED_EDGE ( 'NONE', *, *, #4014, .F. ) ;
#4141 = VERTEX_POINT ( 'NONE', #5 ) ;
#4142 = AXIS2_PLACEMENT_3D ( 'NONE', #3526, #3126, #3608 ) ;
#4143 = AXIS2_PLACEMENT_3D ( 'NONE', #434, #195, #3023 ) ;
#4144 = LINE ( 'NONE', #1960, #484 ) ;
#4145 = CARTESIAN_POINT ( 'NONE',  ( 23.38729124631648659, 268.8437073970437154, 757.0831112337262994 ) ) ;
#4146 = AXIS2_PLACEMENT_3D ( 'NONE', #1537, #2323, #4078 ) ;
#4147 = CARTESIAN_POINT ( 'NONE',  ( 36.34805153820700241, 233.7612945517256549, 755.5413025665241094 ) ) ;
#4148 = EDGE_LOOP ( 'NONE', ( #2464, #1407, #1674, #3746 ) ) ;
#4149 = AXIS2_PLACEMENT_3D ( 'NONE', #1838, #54, #3929 ) ;
#4150 = DIRECTION ( 'NONE',  ( 1.000000000000000000, 0.000000000000000000, 0.000000000000000000 ) ) ;
#4151 = CARTESIAN_POINT ( 'NONE',  ( 20.39192622623470896, 240.4908391901345226, 758.0931354135000220 ) ) ;
#4152 = FACE_OUTER_BOUND ( 'NONE', #2936, .T. ) ;
#4153 = CARTESIAN_POINT ( 'NONE',  ( -12.49999898208992910, 271.6503851739110473, 752.0931354135001357 ) ) ;
#4154 = VERTEX_POINT ( 'NONE', #3399 ) ;
#4155 = CARTESIAN_POINT ( 'NONE',  ( 28.54201758180376913, 267.1390425003739324, 760.1400007580933789 ) ) ;
#4157 = CARTESIAN_POINT ( 'NONE',  ( 26.86928395051860008, 232.5329339976121048, 757.5094847617978076 ) ) ;
#4156 = CIRCLE ( 'NONE', #4246, 3.000000000000023537 ) ;
#4158 = CARTESIAN_POINT ( 'NONE',  ( 30.31498150998394081, 233.4428052524619375, 750.1936009239738041 ) ) ;
#4159 = CARTESIAN_POINT ( 'NONE',  ( -1.961003193912419729, 272.4141307863642965, 752.0931354135001357 ) ) ;
#4160 = DIRECTION ( 'NONE',  ( 0.000000000000000000, 0.000000000000000000, -1.000000000000000000 ) ) ;
#4161 = CARTESIAN_POINT ( 'NONE',  ( 19.77502939780759306, 234.7043830495668715, 757.5931354135000220 ) ) ;
#4162 = EDGE_CURVE ( 'NONE', #2967, #531, #2097, .T. ) ;
#4163 = EDGE_CURVE ( 'NONE', #1857, #3999, #4579, .T. ) ;
#4164 = VECTOR ( 'NONE', #923, 1000.000000000000000 ) ;
#4165 = CARTESIAN_POINT ( 'NONE',  ( -2.178892550781585058, 225.0948826270063989, 758.0931354135000220 ) ) ;
#4167 = CARTESIAN_POINT ( 'NONE',  ( 1.017909983045999956E-06, 249.9997500793000142, 752.5931354135001357 ) ) ;
#4166 = AXIS2_PLACEMENT_3D ( 'NONE', #3535, #5263, #2289 ) ;
#4168 = CARTESIAN_POINT ( 'NONE',  ( 28.98579816107818985, 252.3388663276323030, 749.1078782573853232 ) ) ;
#4169 = ORIENTED_EDGE ( 'NONE', *, *, #3778, .T. ) ;
#4170 = MECHANICAL_DESIGN_GEOMETRIC_PRESENTATION_REPRESENTATION (  '', ( #4350 ), #74 ) ;
#4171 = EDGE_CURVE ( 'NONE', #5228, #2616, #3877, .T. ) ;
#4172 = CARTESIAN_POINT ( 'NONE',  ( -20.41822339878056169, 261.3397726396682970, 757.5931354135000220 ) ) ;
#4173 = EDGE_LOOP ( 'NONE', ( #3530, #1001, #322, #4406 ) ) ;
#4174 = ORIENTED_EDGE ( 'NONE', *, *, #2546, .T. ) ;
#4175 = VERTEX_POINT ( 'NONE', #2538 ) ;
#4176 = CARTESIAN_POINT ( 'NONE',  ( 25.91102844762638568, 233.1565886724908125, 750.2070345214883673 ) ) ;
#4177 = ORIENTED_EDGE ( 'NONE', *, *, #1469, .F. ) ;
#4178 = VECTOR ( 'NONE', #2828, 1000.000000000000114 ) ;
#4179 = CARTESIAN_POINT ( 'NONE',  ( 30.31498150998396568, 266.5573994889660980, 750.1936143794708869 ) ) ;
#4180 = DIRECTION ( 'NONE',  ( -0.000000000000000000, -0.000000000000000000, -1.000000000000000000 ) ) ;
#4181 = CARTESIAN_POINT ( 'NONE',  ( 25.87080008319367863, 267.5274190540946506, 757.1633725570183060 ) ) ;
#4182 = CARTESIAN_POINT ( 'NONE',  ( -28.06551667335920897, 257.4997500792999858, 751.0931354135001357 ) ) ;
#4183 = ORIENTED_EDGE ( 'NONE', *, *, #407, .F. ) ;
#4184 = CARTESIAN_POINT ( 'NONE',  ( 34.61712436354173406, 266.9618148955593142, 753.4457049456294726 ) ) ;
#4185 = FACE_OUTER_BOUND ( 'NONE', #1128, .T. ) ;
#4186 = LINE ( 'NONE', #2977, #3582 ) ;
#4187 = CARTESIAN_POINT ( 'NONE',  ( -24.44507633042332628, 244.7602222651345301, 754.0873858902468783 ) ) ;
#4188 = LINE ( 'NONE', #4982, #4692 ) ;
#4189 = DIRECTION ( 'NONE',  ( 1.000000000000000000, 0.000000000000000000, 0.000000000000000000 ) ) ;
#4190 = VERTEX_POINT ( 'NONE', #2040 ) ;
#4191 = FILL_AREA_STYLE_COLOUR ( '', #4495 ) ;
#4192 = CARTESIAN_POINT ( 'NONE',  ( 27.89624239064635347, 232.9691480481345423, 759.4155767436833457 ) ) ;
#4193 = DIRECTION ( 'NONE',  ( 0.6193866142804075325, -0.3411161415855321066, -0.7071067811865848762 ) ) ;
#4194 = CARTESIAN_POINT ( 'NONE',  ( 29.02209699121602071, 251.8686457976411646, 749.1101693915101123 ) ) ;
#4195 = ORIENTED_EDGE ( 'NONE', *, *, #4162, .F. ) ;
#4196 = EDGE_CURVE ( 'NONE', #679, #5176, #1912, .T. ) ;
#4197 = ADVANCED_FACE ( 'NONE', ( #426 ), #2718, .F. ) ;
#4198 = LINE ( 'NONE', #3403, #2784 ) ;
#4199 = ORIENTED_EDGE ( 'NONE', *, *, #4335, .F. ) ;
#4200 = ORIENTED_EDGE ( 'NONE', *, *, #3606, .F. ) ;
#4201 = EDGE_CURVE ( 'NONE', #3440, #718, #344, .T. ) ;
#4202 = CARTESIAN_POINT ( 'NONE',  ( 25.38658994301291116, 232.9326345894794201, 750.2545493747506953 ) ) ;
#4203 = ORIENTED_EDGE ( 'NONE', *, *, #136, .T. ) ;
#4204 = VECTOR ( 'NONE', #4790, 1000.000000000000000 ) ;
#4205 = CARTESIAN_POINT ( 'NONE',  ( 34.86086039603468123, 265.8767010768449381, 752.2132146441236955 ) ) ;
#4206 = DIRECTION ( 'NONE',  ( 1.000000000000000000, 0.000000000000000000, 0.000000000000000000 ) ) ;
#4207 = AXIS2_PLACEMENT_3D ( 'NONE', #2165, #3833, #15 ) ;
#4208 = DIRECTION ( 'NONE',  ( -1.000000000000000000, 0.000000000000000000, 0.000000000000000000 ) ) ;
#4209 = B_SPLINE_SURFACE_WITH_KNOTS ( 'NONE', 1, 3, ( 
 ( #5146, #1328, #5115, #3922, #1483, #906, #1805, #4255, #4343, #5199, #1754, #2637, #877, #2611, #2131, #1896, #493, #2996, #2195, #76, #3864, #5304, #4704, #100 ),
 ( #1782, #3472, #5170, #3831, #1354, #3050, #13, #1383, #2579, #4763, #4788, #523, #2327, #2742, #4671, #2226, #4442, #3598, #4017, #848, #1719, #2549, #313, #282 ) ),
 .UNSPECIFIED., .F., .F., .F.,
 ( 2, 2 ),
 ( 4, 2, 2, 2, 2, 2, 2, 2, 2, 2, 2, 4 ),
 ( 0.000000000000000000, 1.000000000000000000 ),
 ( 0.000000000000000000, 0.0007037321103669517876, 0.001407464220733903575, 0.001759330275917379361, 0.002111196331100855146, 0.002814928441467807151, 0.004222392662201710292, 0.005629856882935614301, 0.007037321103669517443, 0.008444785324403420584, 0.009852249545137324593, 0.01125971376587122860 ),
 .UNSPECIFIED. ) ;
#4210 = ORIENTED_EDGE ( 'NONE', *, *, #1873, .F. ) ;
#4211 = CARTESIAN_POINT ( 'NONE',  ( 28.50000101790999807, 266.5295582833005028, 749.9697304205026285 ) ) ;
#4212 = DIRECTION ( 'NONE',  ( -0.000000000000000000, -0.000000000000000000, -1.000000000000000000 ) ) ;
#4213 = DIRECTION ( 'NONE',  ( -1.000000000000000000, 1.850371707708594760E-14, 0.000000000000000000 ) ) ;
#4214 = CARTESIAN_POINT ( 'NONE',  ( 25.09505334690962997, 232.2521209393919150, 757.0572191327150904 ) ) ;
#4215 = LINE ( 'NONE', #5414, #3903 ) ;
#4216 = B_SPLINE_CURVE_WITH_KNOTS ( 'NONE', 3,
 ( #4777, #3540, #3113, #2240, #3488, #3988, #4382, #4407, #977, #5161, #3910, #2675, #2629, #3936, #951, #2268 ),
 .UNSPECIFIED., .F., .F.,
 ( 4, 2, 2, 2, 2, 2, 2, 4 ),
 ( 0.000000000000000000, 0.0003993054058858057863, 0.0007986108117716115727, 0.001197916217657417522, 0.001597221623543223145, 0.002395832435314545778, 0.002795137841200230622, 0.003194443247085915032 ),
 .UNSPECIFIED. ) ;
#4217 = ORIENTED_EDGE ( 'NONE', *, *, #2325, .F. ) ;
#4218 = FILL_AREA_STYLE ('',( #4191 ) ) ;
#4219 = DIRECTION ( 'NONE',  ( 0.000000000000000000, 0.000000000000000000, -1.000000000000000000 ) ) ;
#4220 = DIRECTION ( 'NONE',  ( -0.000000000000000000, -0.000000000000000000, -1.000000000000000000 ) ) ;
#4221 = CARTESIAN_POINT ( 'NONE',  ( 29.03719904679534025, 251.6333852644597755, 749.1111829982941117 ) ) ;
#4222 = VECTOR ( 'NONE', #1515, 1000.000000000000000 ) ;
#4223 = FILL_AREA_STYLE ('',( #3017 ) ) ;
#4224 = ORIENTED_EDGE ( 'NONE', *, *, #105, .T. ) ;
#4225 = CARTESIAN_POINT ( 'NONE',  ( 3.425836480277825835, 224.7309224178356430, 758.0931354135000220 ) ) ;
#4226 = ORIENTED_EDGE ( 'NONE', *, *, #2923, .T. ) ;
#4227 = VECTOR ( 'NONE', #4687, 1000.000000000000000 ) ;
#4228 = EDGE_CURVE ( 'NONE', #5315, #3695, #2986, .T. ) ;
#4229 = EDGE_CURVE ( 'NONE', #2410, #2357, #3337, .T. ) ;
#4230 = CIRCLE ( 'NONE', #3243, 1.249999999999997558 ) ;
#4231 = CARTESIAN_POINT ( 'NONE',  ( 20.17052996540551391, 234.3984757089722279, 758.0931354135000220 ) ) ;
#4232 = LINE ( 'NONE', #5403, #1616 ) ;
#4233 = CARTESIAN_POINT ( 'NONE',  ( 25.35797002841852077, 267.0119581045723294, 758.1639320396599260 ) ) ;
#4234 = CARTESIAN_POINT ( 'NONE',  ( 36.33373130214857127, 266.2311203404267985, 755.4704097596792280 ) ) ;
#4235 = EDGE_CURVE ( 'NONE', #1342, #2068, #3740, .T. ) ;
#4236 = VERTEX_POINT ( 'NONE', #3116 ) ;
#4237 = DIRECTION ( 'NONE',  ( 0.000000000000000000, 0.000000000000000000, 1.000000000000000000 ) ) ;
#4238 = CARTESIAN_POINT ( 'NONE',  ( 1.017909983045999956E-06, 249.9997500793000142, 749.0931354135001357 ) ) ;
#4239 = CARTESIAN_POINT ( 'NONE',  ( 24.50000101790997675, 267.3804298565852378, 758.0931354135000220 ) ) ;
#4240 = ORIENTED_EDGE ( 'NONE', *, *, #3478, .T. ) ;
#4241 = DIRECTION ( 'NONE',  ( 1.000000000000000000, 0.000000000000000000, 0.000000000000000000 ) ) ;
#4242 = ORIENTED_EDGE ( 'NONE', *, *, #882, .F. ) ;
#4243 = CARTESIAN_POINT ( 'NONE',  ( 35.50000101791005847, 267.4000469085590908, 756.9697304205026285 ) ) ;
#4244 = LINE ( 'NONE', #2954, #3503 ) ;
#4245 = DIRECTION ( 'NONE',  ( -0.000000000000000000, -0.000000000000000000, -1.000000000000000000 ) ) ;
#4246 = AXIS2_PLACEMENT_3D ( 'NONE', #1183, #1968, #2445 ) ;
#4247 = CONICAL_SURFACE ( 'NONE', #2468, 29.05035771344207518, 0.7594694829967075789 ) ;
#4248 = CARTESIAN_POINT ( 'NONE',  ( 27.37186768525681657, 233.1450799064851935, 752.5874825145082241 ) ) ;
#4249 = ORIENTED_EDGE ( 'NONE', *, *, #4228, .F. ) ;
#4250 = EDGE_LOOP ( 'NONE', ( #4831, #842, #5279, #2744 ) ) ;
#4251 = EDGE_LOOP ( 'NONE', ( #555, #1065 ) ) ;
#4252 = CONICAL_SURFACE ( 'NONE', #862, 1.524999999999998579, 0.7853981633974042031 ) ;
#4253 = DIRECTION ( 'NONE',  ( -1.000000000000000000, 0.000000000000000000, 0.000000000000000000 ) ) ;
#4254 = VERTEX_POINT ( 'NONE', #2571 ) ;
#4255 = CARTESIAN_POINT ( 'NONE',  ( 28.36091190691972486, 253.6919590261464919, 749.5737430505512293 ) ) ;
#4256 = DIRECTION ( 'NONE',  ( -0.000000000000000000, -0.000000000000000000, -1.000000000000000000 ) ) ;
#4257 = DIRECTION ( 'NONE',  ( 0.000000000000000000, 0.000000000000000000, -1.000000000000000000 ) ) ;
#4258 = CARTESIAN_POINT ( 'NONE',  ( 24.64257862163861290, 267.3028108660982411, 758.0951686642193863 ) ) ;
#4259 = ADVANCED_FACE ( 'NONE', ( #4723 ), #2277, .F. ) ;
#4260 = EDGE_CURVE ( 'NONE', #2715, #86, #1520, .T. ) ;
#4261 = CARTESIAN_POINT ( 'NONE',  ( 36.26948796045091683, 266.2001055506157741, 755.1853011688075412 ) ) ;
#4262 = ORIENTED_EDGE ( 'NONE', *, *, #716, .T. ) ;
#4263 = CARTESIAN_POINT ( 'NONE',  ( 1.017909983045999956E-06, 249.9997500793000142, 758.0931354135000220 ) ) ;
#4264 = AXIS2_PLACEMENT_3D ( 'NONE', #2348, #3674, #4043 ) ;
#4265 = CARTESIAN_POINT ( 'NONE',  ( -29.04737407864564602, 242.4997500792999858, 754.8181354135002721 ) ) ;
#4266 = DIRECTION ( 'NONE',  ( -1.000000000000000000, 0.000000000000000000, 0.000000000000000000 ) ) ;
#4267 = ORIENTED_EDGE ( 'NONE', *, *, #4300, .T. ) ;
#4268 = EDGE_CURVE ( 'NONE', #860, #1233, #1376, .T. ) ;
#4269 = DIRECTION ( 'NONE',  ( -0.000000000000000000, -0.000000000000000000, -1.000000000000000000 ) ) ;
#4270 = EDGE_LOOP ( 'NONE', ( #5259, #122, #4470, #1545 ) ) ;
#4271 = CARTESIAN_POINT ( 'NONE',  ( 22.65769569382620219, 239.4342935357824445, 752.0931354135001357 ) ) ;
#4272 = CARTESIAN_POINT ( 'NONE',  ( 28.39389257055316307, 232.8897972483493675, 759.9472648172921936 ) ) ;
#4273 = CARTESIAN_POINT ( 'NONE',  ( -28.49884339466159489, 259.3717339568216858, 749.0931354135001357 ) ) ;
#4274 = CARTESIAN_POINT ( 'NONE',  ( -23.93613729416830438, 257.2154102570690384, 755.4275034863645715 ) ) ;
#4275 = CARTESIAN_POINT ( 'NONE',  ( -29.04737407864564602, 242.4997500792999858, 749.0926354135001475 ) ) ;
#4276 = DIRECTION ( 'NONE',  ( 0.000000000000000000, -1.000000000000000000, 0.000000000000000000 ) ) ;
#4277 = ORIENTED_EDGE ( 'NONE', *, *, #1058, .T. ) ;
#4278 = EDGE_LOOP ( 'NONE', ( #3943, #5077, #4433, #1657 ) ) ;
#4279 = CARTESIAN_POINT ( 'NONE',  ( 34.31132764583182393, 234.1908015053712688, 751.5944512119235696 ) ) ;
#4280 = ORIENTED_EDGE ( 'NONE', *, *, #2860, .T. ) ;
#4281 = B_SPLINE_CURVE_WITH_KNOTS ( 'NONE', 3,
 ( #5436, #3200, #3676, #1136, #4128, #2839, #5007, #4568, #5382, #252 ),
 .UNSPECIFIED., .F., .F.,
 ( 4, 2, 2, 2, 4 ),
 ( 0.000000000000000000, 0.0003589128104595391291, 0.0007178256209190782581, 0.001076738431378617333, 0.001435651241838156516 ),
 .UNSPECIFIED. ) ;
#4282 = DIRECTION ( 'NONE',  ( 1.000000000000000000, 0.000000000000000000, 0.000000000000000000 ) ) ;
#4283 = CARTESIAN_POINT ( 'NONE',  ( 28.50000101790998741, 265.5372018918245089, 749.0931354135002493 ) ) ;
#4284 = DIRECTION ( 'NONE',  ( 0.000000000000000000, 0.1234184484944973043, -0.9923547181180785159 ) ) ;
#4285 = CARTESIAN_POINT ( 'NONE',  ( 25.28252940015796923, 267.6798835910007028, 757.0703648518996260 ) ) ;
#4286 = CARTESIAN_POINT ( 'NONE',  ( 29.02218771385119567, 265.5385928729196507, 749.1059043554904520 ) ) ;
#4287 = ORIENTED_EDGE ( 'NONE', *, *, #3344, .T. ) ;
#4288 = CIRCLE ( 'NONE', #5264, 3.000000000000003109 ) ;
#4289 = EDGE_CURVE ( 'NONE', #86, #2715, #3173, .T. ) ;
#4290 = CARTESIAN_POINT ( 'NONE',  ( -27.39723223223493775, 258.2065527598299468, 749.5674746737170153 ) ) ;
#4291 = EDGE_CURVE ( 'NONE', #4613, #3971, #2243, .T. ) ;
#4292 = CARTESIAN_POINT ( 'NONE',  ( -29.04737407864564958, 242.4997500793000142, 755.3681354135001129 ) ) ;
#4293 = FILL_AREA_STYLE ('',( #887 ) ) ;
#4294 = CARTESIAN_POINT ( 'NONE',  ( 24.40667146572779345, 267.4247533802510475, 758.0931354134999083 ) ) ;
#4295 = ORIENTED_EDGE ( 'NONE', *, *, #2626, .T. ) ;
#4296 = CARTESIAN_POINT ( 'NONE',  ( 23.82939333203350785, 231.5368548195231426, 757.0726182461928602 ) ) ;
#4297 = VECTOR ( 'NONE', #1795, 1000.000000000000000 ) ;
#4298 = EDGE_CURVE ( 'NONE', #4110, #1323, #1740, .T. ) ;
#4299 = ORIENTED_EDGE ( 'NONE', *, *, #4969, .T. ) ;
#4300 = EDGE_CURVE ( 'NONE', #303, #1694, #511, .T. ) ;
#4301 = CARTESIAN_POINT ( 'NONE',  ( 28.46830542197882252, 252.7413718690748112, 749.5790161897707549 ) ) ;
#4302 = CARTESIAN_POINT ( 'NONE',  ( 27.89205654361663989, 232.4639466813357842, 758.0641821318608891 ) ) ;
#4303 = CARTESIAN_POINT ( 'NONE',  ( 27.13967370206767526, 267.1420563677007181, 754.8951096459099972 ) ) ;
#4304 = CARTESIAN_POINT ( 'NONE',  ( -23.97673106689124367, 257.0792019962439667, 755.7287693332718845 ) ) ;
#4305 = AXIS2_PLACEMENT_3D ( 'NONE', #2780, #4508, #5402 ) ;
#4306 = AXIS2_PLACEMENT_3D ( 'NONE', #3947, #126, #1833 ) ;
#4307 = SURFACE_STYLE_USAGE ( .BOTH. , #4635 ) ;
#4308 = DIRECTION ( 'NONE',  ( -1.000000000000000000, 0.000000000000000000, 0.000000000000000000 ) ) ;
#4309 = B_SPLINE_CURVE_WITH_KNOTS ( 'NONE', 3,
 ( #1524, #4067, #2416, #5323 ),
 .UNSPECIFIED., .F., .F.,
 ( 4, 4 ),
 ( 0.000000000000000000, 0.001349980756692224695 ),
 .UNSPECIFIED. ) ;
#4310 = ORIENTED_EDGE ( 'NONE', *, *, #615, .T. ) ;
#4311 = ORIENTED_EDGE ( 'NONE', *, *, #5275, .T. ) ;
#4312 = CIRCLE ( 'NONE', #5009, 1.249999999999973355 ) ;
#4313 = CARTESIAN_POINT ( 'NONE',  ( -2.178892550781585058, 225.0948826270063989, 758.0931354135000220 ) ) ;
#4314 = ORIENTED_EDGE ( 'NONE', *, *, #36, .F. ) ;
#4315 = CARTESIAN_POINT ( 'NONE',  ( -19.22880008931491957, 264.3391609880760598, 758.0931354135000220 ) ) ;
#4316 = AXIS2_PLACEMENT_3D ( 'NONE', #2842, #3678, #4543 ) ;
#4317 = DIRECTION ( 'NONE',  ( -0.6543195798260306173, -0.2680781368488249217, 0.7071067811865117125 ) ) ;
#4318 = DIRECTION ( 'NONE',  ( 0.1022804238314023451, -0.1227578085450436035, -0.9871520831878374258 ) ) ;
#4319 = CARTESIAN_POINT ( 'NONE',  ( 25.54051881679635017, 266.9653342588491682, 758.1989078607354031 ) ) ;
#4320 = CARTESIAN_POINT ( 'NONE',  ( 36.18176541202919339, 266.1642148466622189, 754.8553618496410991 ) ) ;
#4321 = EDGE_LOOP ( 'NONE', ( #3731, #1120, #3603, #3296 ) ) ;
#4322 = CARTESIAN_POINT ( 'NONE',  ( 29.81330090045890202, 267.8041673026766034, 760.2194486554565174 ) ) ;
#4323 = CARTESIAN_POINT ( 'NONE',  ( -12.49999898208996996, 228.3491149846890096, 752.3931354135000902 ) ) ;
#4324 = EDGE_LOOP ( 'NONE', ( #1573, #1999 ) ) ;
#4325 = VECTOR ( 'NONE', #3595, 1000.000000000000000 ) ;
#4326 = CARTESIAN_POINT ( 'NONE',  ( 1.017909983045999956E-06, 249.9997500793000142, 762.0931354135001357 ) ) ;
#4327 =( NAMED_UNIT ( * ) SI_UNIT ( $, .STERADIAN. ) SOLID_ANGLE_UNIT ( ) );
#4328 = AXIS2_PLACEMENT_3D ( 'NONE', #4065, #244, #1499 ) ;
#4329 = ORIENTED_EDGE ( 'NONE', *, *, #5110, .F. ) ;
#4330 = DIRECTION ( 'NONE',  ( -0.6051085513942809913, 0.3658464719381190888, 0.7071067811865092700 ) ) ;
#4331 = LINE ( 'NONE', #4778, #3574 ) ;
#4332 = CARTESIAN_POINT ( 'NONE',  ( 28.56506352152536365, 248.5864729651637504, 749.5851077648871978 ) ) ;
#4333 = CARTESIAN_POINT ( 'NONE',  ( -24.26932118111323433, 255.9997500793000427, 753.8431354135001357 ) ) ;
#4334 = ADVANCED_FACE ( 'NONE', ( #3255 ), #3991, .T. ) ;
#4335 = EDGE_CURVE ( 'NONE', #1147, #3689, #5359, .T. ) ;
#4336 = AXIS2_PLACEMENT_3D ( 'NONE', #2834, #2916, #4537 ) ;
#4337 = ORIENTED_EDGE ( 'NONE', *, *, #4016, .T. ) ;
#4338 = ORIENTED_EDGE ( 'NONE', *, *, #4397, .F. ) ;
#4339 = ORIENTED_EDGE ( 'NONE', *, *, #3127, .T. ) ;
#4340 = ADVANCED_FACE ( 'NONE', ( #192 ), #2764, .T. ) ;
#4341 = STYLED_ITEM ( 'NONE', ( #260 ), #3985 ) ;
#4342 = CIRCLE ( 'NONE', #3725, 1.524999999999998579 ) ;
#4343 = CARTESIAN_POINT ( 'NONE',  ( 28.37576080462135408, 253.5760455317136461, 749.5743779535134763 ) ) ;
#4344 = CARTESIAN_POINT ( 'NONE',  ( 23.01293462730535211, 230.7538443669267849, 757.0931413762962165 ) ) ;
#4345 = DIRECTION ( 'NONE',  ( -0.000000000000000000, -0.000000000000000000, -1.000000000000000000 ) ) ;
#4346 = CARTESIAN_POINT ( 'NONE',  ( 22.65769569382641890, 239.4342935357827855, 757.5931354135000220 ) ) ;
#4347 = CIRCLE ( 'NONE', #5499, 2.500000000000030198 ) ;
#4348 = CARTESIAN_POINT ( 'NONE',  ( 35.88438157551616570, 266.0728245730816184, 754.0156366073197205 ) ) ;
#4349 = B_SPLINE_SURFACE_WITH_KNOTS ( 'NONE', 1, 3, ( 
 ( #1721, #3751, #2079, #2494, #5117, #1755, #4587, #2550, #2997, #849, #5455, #1634, #1299, #2132, #4179, #1180, #3804, #3331 ),
 ( #2164, #4705, #3413, #1240, #2883, #878, #2914, #4205, #5026, #3382, #5482, #4617, #2580, #354, #1661, #3357, #5055, #4283 ) ),
 .UNSPECIFIED., .F., .F., .F.,
 ( 2, 2 ),
 ( 4, 2, 2, 2, 2, 2, 2, 2, 4 ),
 ( 0.000000000000000000, 1.000000000000000000 ),
 ( 4.712388980384689674, 4.908738521234051966, 5.105088062083414258, 5.301437602932775661, 5.497787143782137953, 5.694136684631500245, 5.890486225480861648, 6.086835766330223940, 6.283185307179586232 ),
 .UNSPECIFIED. ) ;
#4350 = STYLED_ITEM ( 'NONE', ( #3228 ), #5388 ) ;
#4351 = VERTEX_POINT ( 'NONE', #2351 ) ;
#4352 = CARTESIAN_POINT ( 'NONE',  ( 29.17247647085373785, 267.6831882613037692, 759.2466004584359780 ) ) ;
#4353 =( NAMED_UNIT ( * ) SI_UNIT ( $, .STERADIAN. ) SOLID_ANGLE_UNIT ( ) );
#4354 = DIRECTION ( 'NONE',  ( 0.000000000000000000, 0.000000000000000000, 1.000000000000000000 ) ) ;
#4355 = ORIENTED_EDGE ( 'NONE', *, *, #4969, .F. ) ;
#4356 = CARTESIAN_POINT ( 'NONE',  ( 23.39390991183638491, 231.1622867964475745, 757.0829542093293867 ) ) ;
#4357 = VERTEX_POINT ( 'NONE', #5301 ) ;
#4358 = CARTESIAN_POINT ( 'NONE',  ( 28.41344985883371876, 253.2619341259268424, 749.5761212470623605 ) ) ;
#4359 = CARTESIAN_POINT ( 'NONE',  ( 24.50000101790997675, 267.3804298565852378, 758.0931354135000220 ) ) ;
#4360 = CARTESIAN_POINT ( 'NONE',  ( -28.85843180538927299, 258.1973326275519867, 749.5696860472787648 ) ) ;
#4361 = CARTESIAN_POINT ( 'NONE',  ( -24.05224195368209905, 256.8183465839619544, 756.0413126966623167 ) ) ;
#4362 =( NAMED_UNIT ( * ) PLANE_ANGLE_UNIT ( ) SI_UNIT ( $, .RADIAN. ) );
#4363 = EDGE_CURVE ( 'NONE', #1890, #2041, #4851, .T. ) ;
#4364 = LINE ( 'NONE', #147, #296 ) ;
#4365 = EDGE_CURVE ( 'NONE', #4500, #3776, #225, .T. ) ;
#4366 = VERTEX_POINT ( 'NONE', #255 ) ;
#4367 = ORIENTED_EDGE ( 'NONE', *, *, #1119, .F. ) ;
#4368 = ORIENTED_EDGE ( 'NONE', *, *, #518, .F. ) ;
#4369 = CARTESIAN_POINT ( 'NONE',  ( -10.99999898208992732, 271.6503851739110473, 752.3931354135000902 ) ) ;
#4370 = EDGE_CURVE ( 'NONE', #448, #1856, #921, .T. ) ;
#4371 = DIRECTION ( 'NONE',  ( -0.000000000000000000, -0.000000000000000000, -1.000000000000000000 ) ) ;
#4372 = LINE ( 'NONE', #703, #241 ) ;
#4373 = DIRECTION ( 'NONE',  ( 0.000000000000000000, 0.000000000000000000, 1.000000000000000000 ) ) ;
#4374 = VERTEX_POINT ( 'NONE', #3176 ) ;
#4375 = CARTESIAN_POINT ( 'NONE',  ( 23.77910527491013326, 232.2276501407199021, 758.0931354135000220 ) ) ;
#4376 = DIRECTION ( 'NONE',  ( 1.000000000000000000, 0.000000000000000000, 0.000000000000000000 ) ) ;
#4377 = CARTESIAN_POINT ( 'NONE',  ( 34.57482363428576377, 233.0363585318906132, 753.4616643759343333 ) ) ;
#4378 = CARTESIAN_POINT ( 'NONE',  ( -29.04737407864564602, 257.4997500793000427, 749.0926354135001475 ) ) ;
#4379 = CIRCLE ( 'NONE', #2503, 1.524999999999998579 ) ;
#4380 = VECTOR ( 'NONE', #670, 1000.000000000000000 ) ;
#4381 = ORIENTED_EDGE ( 'NONE', *, *, #3642, .T. ) ;
#4382 = CARTESIAN_POINT ( 'NONE',  ( -28.97540468357179577, 242.2259574487312932, 750.0744394947593037 ) ) ;
#4383 = LINE ( 'NONE', #3145, #3844 ) ;
#4384 = CARTESIAN_POINT ( 'NONE',  ( 27.22095524315634663, 266.5295582833005028, 749.9697304205026285 ) ) ;
#4385 = CARTESIAN_POINT ( 'NONE',  ( 1.017909983045999956E-06, 249.9997500793000142, 757.5931354135000220 ) ) ;
#4386 = AXIS2_PLACEMENT_3D ( 'NONE', #3989, #2294, #5267 ) ;
#4387 = CARTESIAN_POINT ( 'NONE',  ( 20.17052996540527943, 265.6010244496281416, 758.0931354135000220 ) ) ;
#4388 = VECTOR ( 'NONE', #2227, 1000.000000000000000 ) ;
#4389 = VERTEX_POINT ( 'NONE', #1952 ) ;
#4390 = ORIENTED_EDGE ( 'NONE', *, *, #4941, .F. ) ;
#4391 = ORIENTED_EDGE ( 'NONE', *, *, #1566, .F. ) ;
#4392 = CARTESIAN_POINT ( 'NONE',  ( 26.63596602300295757, 267.1292584913950350, 758.0931354135000220 ) ) ;
#4393 = DIRECTION ( 'NONE',  ( -1.000000000000000000, 0.000000000000000000, 0.000000000000000000 ) ) ;
#4394 = PRESENTATION_LAYER_ASSIGNMENT (  '', '', ( #2519 ) ) ;
#4395 = CYLINDRICAL_SURFACE ( 'NONE', #4870, 2.000000000000001776 ) ;
#4396 = EDGE_CURVE ( 'NONE', #5434, #1518, #2448, .T. ) ;
#4397 = EDGE_CURVE ( 'NONE', #4141, #448, #1911, .T. ) ;
#4398 = VECTOR ( 'NONE', #1092, 1000.000000000000114 ) ;
#4399 = EDGE_LOOP ( 'NONE', ( #4810, #1408, #3970, #5242, #2989 ) ) ;
#4400 = DIRECTION ( 'NONE',  ( -0.000000000000000000, -0.000000000000000000, -1.000000000000000000 ) ) ;
#4401 = PRESENTATION_STYLE_ASSIGNMENT (( #83 ) ) ;
#4402 = SURFACE_STYLE_FILL_AREA ( #4293 ) ;
#4403 = CARTESIAN_POINT ( 'NONE',  ( -22.00380008931491460, 264.3391609880760598, 752.0931354135001357 ) ) ;
#4404 = CARTESIAN_POINT ( 'NONE',  ( 17.40202599221985835, 236.5398270931348463, 758.0931354135000220 ) ) ;
#4405 = EDGE_CURVE ( 'NONE', #1323, #5505, #2532, .T. ) ;
#4406 = ORIENTED_EDGE ( 'NONE', *, *, #4163, .F. ) ;
#4407 = CARTESIAN_POINT ( 'NONE',  ( -28.93491780855282869, 242.0765903601882485, 749.8557559301943911 ) ) ;
#4408 = DIRECTION ( 'NONE',  ( -0.7071067811865644481, 0.000000000000000000, -0.7071067811865306973 ) ) ;
#4409 = VECTOR ( 'NONE', #144, 1000.000000000000000 ) ;
#4410 = CARTESIAN_POINT ( 'NONE',  ( 28.07939383858838056, 244.5665470709293459, 749.5674761931442163 ) ) ;
#4411 = DIRECTION ( 'NONE',  ( 1.000000000000000000, 0.000000000000000000, 0.000000000000000000 ) ) ;
#4412 = DIRECTION ( 'NONE',  ( -0.000000000000000000, -0.000000000000000000, -1.000000000000000000 ) ) ;
#4413 = VECTOR ( 'NONE', #183, 1000.000000000000000 ) ;
#4414 =( NAMED_UNIT ( * ) PLANE_ANGLE_UNIT ( ) SI_UNIT ( $, .RADIAN. ) );
#4415 = CARTESIAN_POINT ( 'NONE',  ( 0.3883656094877800391, 226.6470377540900927, 762.0931354135001357 ) ) ;
#4416 = ORIENTED_EDGE ( 'NONE', *, *, #3719, .T. ) ;
#4417 = ORIENTED_EDGE ( 'NONE', *, *, #4673, .T. ) ;
#4418 = ORIENTED_EDGE ( 'NONE', *, *, #4809, .F. ) ;
#4419 = DIRECTION ( 'NONE',  ( 1.000000000000000000, 0.000000000000000000, 0.000000000000000000 ) ) ;
#4420 = DIRECTION ( 'NONE',  ( -1.000000000000000000, 0.000000000000000000, 0.000000000000000000 ) ) ;
#4421 = FACE_BOUND ( 'NONE', #3346, .T. ) ;
#4422 = AXIS2_PLACEMENT_3D ( 'NONE', #110, #444, #4354 ) ;
#4423 = AXIS2_PLACEMENT_3D ( 'NONE', #755, #2061, #1195 ) ;
#4424 = EDGE_LOOP ( 'NONE', ( #4591, #623, #4329, #2574 ) ) ;
#4425 = CIRCLE ( 'NONE', #2740, 28.59999999999999787 ) ;
#4426 = LINE ( 'NONE', #606, #1475 ) ;
#4427 = DIRECTION ( 'NONE',  ( -0.000000000000000000, -0.000000000000000000, -1.000000000000000000 ) ) ;
#4428 = FACE_OUTER_BOUND ( 'NONE', #3495, .T. ) ;
#4429 = EDGE_CURVE ( 'NONE', #2961, #3272, #759, .T. ) ;
#4430 = EDGE_CURVE ( 'NONE', #53, #1244, #4230, .T. ) ;
#4431 = FACE_OUTER_BOUND ( 'NONE', #273, .T. ) ;
#4432 = CIRCLE ( 'NONE', #3002, 3.499999999999985789 ) ;
#4433 = ORIENTED_EDGE ( 'NONE', *, *, #2421, .F. ) ;
#4434 = CARTESIAN_POINT ( 'NONE',  ( 28.59608073031262165, 250.5635927195256158, 749.5873228880993793 ) ) ;
#4435 = CARTESIAN_POINT ( 'NONE',  ( 26.16644648012095686, 267.4864560435783005, 757.2428340817872368 ) ) ;
#4436 = LINE ( 'NONE', #1111, #4764 ) ;
#4437 = ADVANCED_FACE ( 'NONE', ( #3565 ), #1559, .F. ) ;
#4438 = CARTESIAN_POINT ( 'NONE',  ( 26.06792675578770613, 267.0112716586646116, 758.0931354135000220 ) ) ;
#4439 = CIRCLE ( 'NONE', #1765, 2.999999999999985345 ) ;
#4440 = DIRECTION ( 'NONE',  ( 0.000000000000000000, 0.000000000000000000, 1.000000000000000000 ) ) ;
#4441 = CIRCLE ( 'NONE', #5423, 1.499999999999952704 ) ;
#4442 = CARTESIAN_POINT ( 'NONE',  ( 29.07259835608960330, 249.0508032181025726, 749.1136161114194465 ) ) ;
#4443 = CYLINDRICAL_SURFACE ( 'NONE', #2363, 1.249999999999993339 ) ;
#4444 = CARTESIAN_POINT ( 'NONE',  ( -2.178892550781585058, 225.0948826270063989, 752.0931354135001357 ) ) ;
#4445 = VERTEX_POINT ( 'NONE', #5385 ) ;
#4446 = ORIENTED_EDGE ( 'NONE', *, *, #5066, .F. ) ;
#4447 = ORIENTED_EDGE ( 'NONE', *, *, #5073, .F. ) ;
#4448 = CARTESIAN_POINT ( 'NONE',  ( 28.50000101791000517, 265.5372018918245089, 749.0931354135001357 ) ) ;
#4449 = DIRECTION ( 'NONE',  ( -0.000000000000000000, -0.000000000000000000, -1.000000000000000000 ) ) ;
#4450 = CARTESIAN_POINT ( 'NONE',  ( 25.39398707290920498, 233.6666560217493043, 749.0931354135001357 ) ) ;
#4451 = ORIENTED_EDGE ( 'NONE', *, *, #4291, .T. ) ;
#4452 = ORIENTED_EDGE ( 'NONE', *, *, #4093, .F. ) ;
#4453 = CARTESIAN_POINT ( 'NONE',  ( -20.47880008931489471, 235.6603391705239403, 752.3681354135001129 ) ) ;
#4454 = CARTESIAN_POINT ( 'NONE',  ( -24.06852723250770865, 243.2380575404853857, 756.0975385059816745 ) ) ;
#4455 = CARTESIAN_POINT ( 'NONE',  ( 24.45846259170942005, 268.0494015522571658, 757.0594826117257981 ) ) ;
#4456 = CARTESIAN_POINT ( 'NONE',  ( -29.04737407864564958, 243.9997500793000142, 755.0931354135001357 ) ) ;
#4457 = ADVANCED_FACE ( 'NONE', ( #1510 ), #2980, .T. ) ;
#4458 = FACE_OUTER_BOUND ( 'NONE', #2278, .T. ) ;
#4459 = CARTESIAN_POINT ( 'NONE',  ( 24.91883517460084718, 267.8220474021032942, 757.0531954471642848 ) ) ;
#4460 = CARTESIAN_POINT ( 'NONE',  ( 28.16730228842541450, 245.0434618468965766, 749.5682854040126131 ) ) ;
#4461 = CARTESIAN_POINT ( 'NONE',  ( 22.65769569382622350, 260.5652066228175272, 752.3681354135001129 ) ) ;
#4462 = CARTESIAN_POINT ( 'NONE',  ( -29.04737407864564602, 257.4997500793000427, 755.3681354134999992 ) ) ;
#4463 = ADVANCED_FACE ( 'NONE', ( #1005 ), #607, .T. ) ;
#4464 = EDGE_CURVE ( 'NONE', #1238, #5051, #3976, .T. ) ;
#4465 = CARTESIAN_POINT ( 'NONE',  ( 1.017909983045999956E-06, 249.9997500793000142, 757.5931354135000220 ) ) ;
#4466 = CARTESIAN_POINT ( 'NONE',  ( 25.06630272066443865, 267.1122675982191481, 758.1246244130792320 ) ) ;
#4467 = AXIS2_PLACEMENT_3D ( 'NONE', #5181, #973, #2373 ) ;
#4468 = FILL_AREA_STYLE ('',( #286 ) ) ;
#4469 = ORIENTED_EDGE ( 'NONE', *, *, #3958, .F. ) ;
#4470 = ORIENTED_EDGE ( 'NONE', *, *, #3230, .F. ) ;
#4471 = VERTEX_POINT ( 'NONE', #4853 ) ;
#4472 = DIRECTION ( 'NONE',  ( 0.000000000000000000, 0.000000000000000000, 1.000000000000000000 ) ) ;
#4473 = AXIS2_PLACEMENT_3D ( 'NONE', #2098, #795, #4694 ) ;
#4474 = FACE_OUTER_BOUND ( 'NONE', #1517, .T. ) ;
#4475 = UNCERTAINTY_MEASURE_WITH_UNIT (LENGTH_MEASURE( 1.000000000000000082E-05 ), #1024, 'distance_accuracy_value', 'NONE');
#4476 = CARTESIAN_POINT ( 'NONE',  ( 36.50000101791000162, 266.4076905170830969, 757.0931354135001357 ) ) ;
#4477 = VERTEX_POINT ( 'NONE', #1033 ) ;
#4478 = AXIS2_PLACEMENT_3D ( 'NONE', #3677, #5383, #2841 ) ;
#4479 = ORIENTED_EDGE ( 'NONE', *, *, #2956, .F. ) ;
#4480 = FACE_OUTER_BOUND ( 'NONE', #1429, .T. ) ;
#4481 = CARTESIAN_POINT ( 'NONE',  ( 0.3883656094874009534, 273.3524624045098790, 752.5931354135001357 ) ) ;
#4482 = DIRECTION ( 'NONE',  ( -1.000000000000000000, 0.000000000000000000, 0.000000000000000000 ) ) ;
#4483 = FILL_AREA_STYLE_COLOUR ( '', #1926 ) ;
#4484 = FACE_OUTER_BOUND ( 'NONE', #1282, .T. ) ;
#4485 = AXIS2_PLACEMENT_3D ( 'NONE', #2039, #5071, #4660 ) ;
#4486 = VECTOR ( 'NONE', #360, 1000.000000000000000 ) ;
#4487 = VERTEX_POINT ( 'NONE', #4572 ) ;
#4488 = ORIENTED_EDGE ( 'NONE', *, *, #2761, .T. ) ;
#4489 = CIRCLE ( 'NONE', #2622, 22.49999999999998224 ) ;
#4490 = CYLINDRICAL_SURFACE ( 'NONE', #655, 1.249999999999993339 ) ;
#4491 = CARTESIAN_POINT ( 'NONE',  ( 25.90217621231269618, 266.9078820664954037, 758.2929933435472094 ) ) ;
#4492 = DIRECTION ( 'NONE',  ( -1.000000000000000000, 0.000000000000000000, 0.000000000000000000 ) ) ;
#4493 = CARTESIAN_POINT ( 'NONE',  ( 22.65769569382641890, 239.4342935357827855, 762.0931354135001357 ) ) ;
#4494 = DIRECTION ( 'NONE',  ( 1.000000000000000000, 0.000000000000000000, 0.000000000000000000 ) ) ;
#4495 = COLOUR_RGB ( '',0.8980392156862745390, 0.9176470588235293713, 0.9294117647058823817 ) ;
#4496 = DIRECTION ( 'NONE',  ( 1.000000000000000000, 0.000000000000000000, 0.000000000000000000 ) ) ;
#4497 = FACE_OUTER_BOUND ( 'NONE', #2249, .T. ) ;
#4498 = DIRECTION ( 'NONE',  ( -1.000000000000000000, 0.000000000000000000, 0.000000000000000000 ) ) ;
#4499 = CARTESIAN_POINT ( 'NONE',  ( 3.358663235917264345, 274.7731105317160996, 752.5931354135001357 ) ) ;
#4500 = VERTEX_POINT ( 'NONE', #3736 ) ;
#4501 = EDGE_CURVE ( 'NONE', #3012, #4110, #4188, .T. ) ;
#4502 = EDGE_LOOP ( 'NONE', ( #4995, #106, #545, #596 ) ) ;
#4503 = EDGE_CURVE ( 'NONE', #4745, #5052, #4134, .T. ) ;
#4504 = CARTESIAN_POINT ( 'NONE',  ( -2.178892550781585058, 225.0948826270063989, 752.0931354135001357 ) ) ;
#4505 = ADVANCED_FACE ( 'NONE', ( #784 ), #1225, .T. ) ;
#4506 = CARTESIAN_POINT ( 'NONE',  ( 35.31980484608754978, 234.0475802451035179, 752.9105164644588513 ) ) ;
#4507 = VERTEX_POINT ( 'NONE', #4598 ) ;
#4508 = DIRECTION ( 'NONE',  ( -0.000000000000000000, -0.000000000000000000, -1.000000000000000000 ) ) ;
#4509 = DIRECTION ( 'NONE',  ( 0.000000000000000000, 0.000000000000000000, 1.000000000000000000 ) ) ;
#4510 = VECTOR ( 'NONE', #1944, 1000.000000000000114 ) ;
#4511 = CARTESIAN_POINT ( 'NONE',  ( 20.39192622623457396, 259.5086609684657333, 758.0931354135000220 ) ) ;
#4512 = VECTOR ( 'NONE', #3183, 1000.000000000000227 ) ;
#4513 = EDGE_LOOP ( 'NONE', ( #3326, #2848, #1470, #2534 ) ) ;
#4514 = FACE_OUTER_BOUND ( 'NONE', #2174, .T. ) ;
#4515 = DIRECTION ( 'NONE',  ( -1.000000000000000000, 0.000000000000000000, 0.000000000000000000 ) ) ;
#4516 = CARTESIAN_POINT ( 'NONE',  ( 24.65935310785908641, 267.2930283294759306, 758.0950221747485784 ) ) ;
#4517 = LINE ( 'NONE', #4077, #5201 ) ;
#4518 = DIRECTION ( 'NONE',  ( 1.000000000000000000, 0.000000000000000000, 0.000000000000000000 ) ) ;
#4519 = CIRCLE ( 'NONE', #2911, 3.000000000000033751 ) ;
#4520 = LINE ( 'NONE', #256, #2023 ) ;
#4521 =( NAMED_UNIT ( * ) SI_UNIT ( $, .STERADIAN. ) SOLID_ANGLE_UNIT ( ) );
#4522 = CARTESIAN_POINT ( 'NONE',  ( 25.58066436522125997, 267.5962868836763278, 757.1120222636105837 ) ) ;
#4523 = CARTESIAN_POINT ( 'NONE',  ( 35.50000101791005847, 232.6000645335093395, 756.9697169650055457 ) ) ;
#4524 = DIRECTION ( 'NONE',  ( 0.000000000000000000, 0.000000000000000000, 1.000000000000000000 ) ) ;
#4525 = ORIENTED_EDGE ( 'NONE', *, *, #744, .T. ) ;
#4526 = VERTEX_POINT ( 'NONE', #1165 ) ;
#4527 = EDGE_CURVE ( 'NONE', #1699, #5167, #2018, .T. ) ;
#4528 = EDGE_CURVE ( 'NONE', #2771, #4769, #1309, .T. ) ;
#4529 = DIRECTION ( 'NONE',  ( 0.000000000000000000, -0.000000000000000000, 1.000000000000000000 ) ) ;
#4530 = CARTESIAN_POINT ( 'NONE',  ( 1.017909983045999956E-06, 249.9997500793000142, 757.5931354135000220 ) ) ;
#4531 = CARTESIAN_POINT ( 'NONE',  ( 36.34911751331325291, 233.7607058191112799, 755.5467124471746274 ) ) ;
#4532 = EDGE_LOOP ( 'NONE', ( #4287, #318, #4939, #5196, #845, #3019, #369, #1689, #2481, #2822 ) ) ;
#4533 = EDGE_CURVE ( 'NONE', #3112, #3928, #3285, .T. ) ;
#4534 = EDGE_CURVE ( 'NONE', #531, #3986, #2735, .T. ) ;
#4535 = CARTESIAN_POINT ( 'NONE',  ( -27.45868985792731820, 242.0004695842862077, 749.7633607744789970 ) ) ;
#4536 = DIRECTION ( 'NONE',  ( 0.000000000000000000, 0.000000000000000000, -1.000000000000000000 ) ) ;
#4537 = DIRECTION ( 'NONE',  ( -1.000000000000000000, 0.000000000000000000, 0.000000000000000000 ) ) ;
#4538 = DIRECTION ( 'NONE',  ( -1.000000000000000000, -0.000000000000000000, -0.000000000000000000 ) ) ;
#4539 = VERTEX_POINT ( 'NONE', #2480 ) ;
#4540 = ORIENTED_EDGE ( 'NONE', *, *, #143, .F. ) ;
#4541 = CARTESIAN_POINT ( 'NONE',  ( 1.017909983045999956E-06, 249.9997500793000142, 749.0931354135001357 ) ) ;
#4542 = CARTESIAN_POINT ( 'NONE',  ( 25.31610720215178389, 267.0290116452487723, 758.1600036997920142 ) ) ;
#4543 = DIRECTION ( 'NONE',  ( 1.000000000000000000, 0.000000000000000000, 0.000000000000000000 ) ) ;
#4544 = CARTESIAN_POINT ( 'NONE',  ( -1.961003193912091991, 227.5853693722357036, 758.0931354135000220 ) ) ;
#4545 = DIRECTION ( 'NONE',  ( -0.7071067811865081598, 0.000000000000000000, -0.7071067811865867636 ) ) ;
#4546 = CARTESIAN_POINT ( 'NONE',  ( 23.37636532711486126, 231.9158941323267697, 758.0931354134999083 ) ) ;
#4547 = CARTESIAN_POINT ( 'NONE',  ( 26.52050957263667996, 232.5389960305659827, 757.3610739912711551 ) ) ;
#4548 = CARTESIAN_POINT ( 'NONE',  ( -1.961003193912091991, 227.5853693722357036, 758.0931354135000220 ) ) ;
#4549 = CYLINDRICAL_SURFACE ( 'NONE', #5229, 1.249999999999994227 ) ;
#4550 = VERTEX_POINT ( 'NONE', #5039 ) ;
#4551 = EDGE_LOOP ( 'NONE', ( #1146, #2910, #1747, #4381 ) ) ;
#4552 = AXIS2_PLACEMENT_3D ( 'NONE', #3667, #298, #4006 ) ;
#4553 = CARTESIAN_POINT ( 'NONE',  ( 26.88965786858478424, 267.4421274333727752, 757.3081193036523473 ) ) ;
#4554 = CARTESIAN_POINT ( 'NONE',  ( 23.34786486763454150, 268.8820990703165421, 757.0841120325823113 ) ) ;
#4555 = AXIS2_PLACEMENT_3D ( 'NONE', #3414, #4318, #1330 ) ;
#4556 = CARTESIAN_POINT ( 'NONE',  ( 36.46192433591997428, 233.6772590799202476, 756.3135215828220907 ) ) ;
#4557 = ORIENTED_EDGE ( 'NONE', *, *, #2326, .F. ) ;
#4558 = CARTESIAN_POINT ( 'NONE',  ( 24.74716156738526252, 232.0991311837938156, 757.0540417672984859 ) ) ;
#4559 = CARTESIAN_POINT ( 'NONE',  ( 24.59471669092110702, 267.3280736875357775, 758.0931354134999083 ) ) ;
#4560 = CARTESIAN_POINT ( 'NONE',  ( 19.93877233271642879, 240.7021483210048416, 755.0931354135001357 ) ) ;
#4561 = AXIS2_PLACEMENT_3D ( 'NONE', #2806, #4095, #268 ) ;
#4562 = EDGE_CURVE ( 'NONE', #778, #1778, #3242, .T. ) ;
#4563 = EDGE_CURVE ( 'NONE', #5329, #3439, #2292, .T. ) ;
#4564 = LINE ( 'NONE', #3279, #5232 ) ;
#4565 = VECTOR ( 'NONE', #2603, 1000.000000000000000 ) ;
#4566 = ORIENTED_EDGE ( 'NONE', *, *, #4429, .F. ) ;
#4567 = DIRECTION ( 'NONE',  ( 0.000000000000000000, 0.000000000000000000, 1.000000000000000000 ) ) ;
#4568 = CARTESIAN_POINT ( 'NONE',  ( -27.52214983230526713, 259.2696465039068698, 749.1028740685559342 ) ) ;
#4569 = DIRECTION ( 'NONE',  ( -0.000000000000000000, -0.000000000000000000, 1.000000000000000000 ) ) ;
#4570 = CARTESIAN_POINT ( 'NONE',  ( -20.42831951386961364, 261.8396706977362101, 752.0931354135001357 ) ) ;
#4571 = VECTOR ( 'NONE', #728, 1000.000000000000114 ) ;
#4572 = CARTESIAN_POINT ( 'NONE',  ( -27.39723223223492710, 241.7929473987700248, 749.5674746737170153 ) ) ;
#4573 = EDGE_CURVE ( 'NONE', #3749, #3581, #5406, .T. ) ;
#4575 = STYLED_ITEM ( 'NONE', ( #3507 ), #1258 ) ;
#4574 = DIRECTION ( 'NONE',  ( -1.000000000000000000, 0.000000000000000000, 0.000000000000000000 ) ) ;
#4576 = AXIS2_PLACEMENT_3D ( 'NONE', #362, #5182, #5519 ) ;
#4577 = DIRECTION ( 'NONE',  ( 0.7071067811865554553, 8.659560562355030233E-17, -0.7071067811865395791 ) ) ;
#4578 = LINE ( 'NONE', #3398, #653 ) ;
#4579 = LINE ( 'NONE', #1708, #4056 ) ;
#4580 = EDGE_LOOP ( 'NONE', ( #3378, #2130 ) ) ;
#4581 = CIRCLE ( 'NONE', #758, 29.99999999999999645 ) ;
#4582 = ORIENTED_EDGE ( 'NONE', *, *, #4501, .T. ) ;
#4583 = AXIS2_PLACEMENT_3D ( 'NONE', #2904, #3318, #1232 ) ;
#4584 = CARTESIAN_POINT ( 'NONE',  ( 36.22043979245557921, 233.8223072535668621, 754.9804678940012082 ) ) ;
#4585 = ORIENTED_EDGE ( 'NONE', *, *, #881, .F. ) ;
#4586 = AXIS2_PLACEMENT_3D ( 'NONE', #631, #2340, #4282 ) ;
#4587 = CARTESIAN_POINT ( 'NONE',  ( 34.57482363428577798, 266.9638012120453823, 753.4616778314314161 ) ) ;
#4588 = CARTESIAN_POINT ( 'NONE',  ( -10.69999898208994615, 271.6503851739110473, 752.0931354135001357 ) ) ;
#4589 = CARTESIAN_POINT ( 'NONE',  ( 25.23733845071975779, 267.6996606277813839, 757.0701280968683022 ) ) ;
#4590 = CARTESIAN_POINT ( 'NONE',  ( -23.59636339195289167, 259.6673033704361160, 752.0931354135001357 ) ) ;
#4591 = ORIENTED_EDGE ( 'NONE', *, *, #3643, .T. ) ;
#4592 = ADVANCED_FACE ( 'NONE', ( #2118 ), #1368, .F. ) ;
#4593 = DIRECTION ( 'NONE',  ( 1.000000000000000000, 0.000000000000000000, 0.000000000000000000 ) ) ;
#4594 = ADVANCED_FACE ( 'NONE', ( #1393 ), #4718, .T. ) ;
#4596 = CARTESIAN_POINT ( 'NONE',  ( 24.42353612296827592, 268.0650507447271593, 757.0601080805945458 ) ) ;
#4595 =( GEOMETRIC_REPRESENTATION_CONTEXT ( 3 ) GLOBAL_UNCERTAINTY_ASSIGNED_CONTEXT ( ( #1521 ) ) GLOBAL_UNIT_ASSIGNED_CONTEXT ( ( #5484, #2082, #1158 ) ) REPRESENTATION_CONTEXT ( 'NONE', 'WORKASPACE' ) );
#4597 = FACE_OUTER_BOUND ( 'NONE', #3370, .T. ) ;
#4598 = CARTESIAN_POINT ( 'NONE',  ( 21.13269569382620361, 239.4342935357824445, 752.0931354135001357 ) ) ;
#4599 = DIRECTION ( 'NONE',  ( -1.000000000000000000, 0.000000000000000000, 0.000000000000000000 ) ) ;
#4600 = VECTOR ( 'NONE', #2999, 1000.000000000000000 ) ;
#4601 = AXIS2_PLACEMENT_3D ( 'NONE', #1311, #2175, #3878 ) ;
#4602 = ORIENTED_EDGE ( 'NONE', *, *, #2514, .F. ) ;
#4603 = EDGE_CURVE ( 'NONE', #1890, #53, #4746, .T. ) ;
#4604 = DIRECTION ( 'NONE',  ( -1.000000000000000000, -0.000000000000000000, -0.000000000000000000 ) ) ;
#4605 = FACE_OUTER_BOUND ( 'NONE', #221, .T. ) ;
#4607 = FACE_OUTER_BOUND ( 'NONE', #383, .T. ) ;
#4606 = AXIS2_PLACEMENT_3D ( 'NONE', #5405, #1159, #745 ) ;
#4608 = CARTESIAN_POINT ( 'NONE',  ( -3.428892550781584614, 225.0948826270063989, 752.3681354135001129 ) ) ;
#4609 = ORIENTED_EDGE ( 'NONE', *, *, #2257, .F. ) ;
#4610 = VECTOR ( 'NONE', #3819, 1000.000000000000000 ) ;
#4611 =( BOUNDED_CURVE ( )  B_SPLINE_CURVE ( 3, ( #1917, #1841, #3618, #4007 ),
 .UNSPECIFIED., .F., .T. ) 
 B_SPLINE_CURVE_WITH_KNOTS ( ( 4, 4 ),
 ( 2.265449263174772021, 2.266379935630605580 ),
 .UNSPECIFIED. ) 
 CURVE ( )  GEOMETRIC_REPRESENTATION_ITEM ( )  RATIONAL_B_SPLINE_CURVE ( ( 1.000000000000000000, 0.9999999278207329922, 0.9999999278207329922, 1.000000000000000000 ) ) 
 REPRESENTATION_ITEM ( '' )  );
#4612 = CARTESIAN_POINT ( 'NONE',  ( 23.68252881865615223, 231.5840535959495696, 749.3052263759184370 ) ) ;
#4613 = VERTEX_POINT ( 'NONE', #3512 ) ;
#4614 = ORIENTED_EDGE ( 'NONE', *, *, #2896, .F. ) ;
#4615 = CARTESIAN_POINT ( 'NONE',  ( 26.45395468556661456, 233.3185899581803255, 750.1040365005300146 ) ) ;
#4616 = VERTEX_POINT ( 'NONE', #3063 ) ;
#4617 = CARTESIAN_POINT ( 'NONE',  ( 32.50920397683835716, 265.6522528045082367, 750.1504809947781496 ) ) ;
#4618 = CARTESIAN_POINT ( 'NONE',  ( -10.99999898208992732, 271.6503851739110473, 755.5931354135000220 ) ) ;
#4619 = FILL_AREA_STYLE ('',( #380 ) ) ;
#4620 = CARTESIAN_POINT ( 'NONE',  ( -29.04737407864564602, 243.9997500793000142, 753.8431354135001357 ) ) ;
#4621 = ORIENTED_EDGE ( 'NONE', *, *, #2695, .F. ) ;
#4622 = FACE_OUTER_BOUND ( 'NONE', #2147, .T. ) ;
#4623 = CYLINDRICAL_SURFACE ( 'NONE', #209, 25.00000000000007461 ) ;
#4624 = CARTESIAN_POINT ( 'NONE',  ( 3.358663235917264345, 274.7731105317160996, 757.5931354135000220 ) ) ;
#4625 = CARTESIAN_POINT ( 'NONE',  ( -22.00380008931489328, 235.6603391705239403, 752.0931354135001357 ) ) ;
#4626 = DIRECTION ( 'NONE',  ( -0.000000000000000000, -0.000000000000000000, 1.000000000000000000 ) ) ;
#4627 = ORIENTED_EDGE ( 'NONE', *, *, #3291, .T. ) ;
#4628 = CARTESIAN_POINT ( 'NONE',  ( 24.91883517460084718, 267.8220474021032942, 757.0531954471642848 ) ) ;
#4629 = CARTESIAN_POINT ( 'NONE',  ( 27.52413082162649260, 233.0156549292474040, 759.1039585357336819 ) ) ;
#4630 = DIRECTION ( 'NONE',  ( 0.000000000000000000, 0.000000000000000000, 1.000000000000000000 ) ) ;
#4631 = CARTESIAN_POINT ( 'NONE',  ( 23.01250546738167557, 269.2461689400399223, 757.0931354135103675 ) ) ;
#4632 = VERTEX_POINT ( 'NONE', #3818 ) ;
#4633 = EDGE_CURVE ( 'NONE', #3272, #2961, #3896, .T. ) ;
#4634 = EDGE_CURVE ( 'NONE', #1713, #287, #2209, .T. ) ;
#4635 = SURFACE_SIDE_STYLE ('',( #39 ) ) ;
#4636 = B_SPLINE_CURVE_WITH_KNOTS ( 'NONE', 3,
 ( #5457, #2886, #2026, #4589, #3782, #4948, #714, #1997, #4181, #356 ),
 .UNSPECIFIED., .F., .F.,
 ( 4, 2, 2, 2, 4 ),
 ( 0.000000000000000000, 0.2499999999999944489, 0.3750000000000052180, 0.5000000000000159872, 1.000000000000000000 ),
 .UNSPECIFIED. ) ;
#4637 = VERTEX_POINT ( 'NONE', #5128 ) ;
#4638 = ORIENTED_EDGE ( 'NONE', *, *, #5318, .T. ) ;
#4639 = DIRECTION ( 'NONE',  ( -0.000000000000000000, -0.000000000000000000, -1.000000000000000000 ) ) ;
#4640 = ORIENTED_EDGE ( 'NONE', *, *, #3570, .T. ) ;
#4641 = EDGE_CURVE ( 'NONE', #718, #4357, #2207, .T. ) ;
#4642 =( BOUNDED_SURFACE ( )  B_SPLINE_SURFACE ( 3, 2, ( 
 ( #2316, #1505, #162 ),
 ( #4008, #1918, #1842 ),
 ( #4820, #3619, #5326 ),
 ( #3197, #5239, #999 ) ),
 .UNSPECIFIED., .F., .F., .F. ) 
 B_SPLINE_SURFACE_WITH_KNOTS ( ( 4, 4 ),
 ( 3, 3 ),
 ( 0.3110919797624294714, 0.3116429813644572833 ),
 ( 0.000000000000000000, 0.5364447255395942138 ),
 .UNSPECIFIED. ) 
 GEOMETRIC_REPRESENTATION_ITEM ( )  RATIONAL_B_SPLINE_SURFACE ( (
 ( 1.000000000000000000, 0.9488305465274161632, 0.9525602599030549289),
 ( 1.000000000000000000, 0.9487601544571626633, 0.9524949986721624740),
 ( 1.000000000000000000, 0.9486896680748564403, 0.9524296500035711599),
 ( 1.000000000000000000, 0.9486190873059069384, 0.9523642138281271929) ) ) 
 REPRESENTATION_ITEM ( '' )  SURFACE ( )  );
#4643 = AXIS2_PLACEMENT_3D ( 'NONE', #3247, #4536, #4947 ) ;
#4644 = DIRECTION ( 'NONE',  ( -1.000000000000000000, 0.000000000000000000, 0.000000000000000000 ) ) ;
#4645 = CYLINDRICAL_SURFACE ( 'NONE', #280, 8.000000000000007105 ) ;
#4646 = FACE_OUTER_BOUND ( 'NONE', #1627, .T. ) ;
#4647 = CARTESIAN_POINT ( 'NONE',  ( 34.06125474477865112, 265.7819225521362796, 751.3421721043292791 ) ) ;
#4648 = ORIENTED_EDGE ( 'NONE', *, *, #3291, .F. ) ;
#4649 = CARTESIAN_POINT ( 'NONE',  ( 30.47875898012475560, 268.0802325626233369, 762.4394165718124441 ) ) ;
#4650 = AXIS2_PLACEMENT_3D ( 'NONE', #276, #3253, #1976 ) ;
#4651 = LINE ( 'NONE', #3873, #656 ) ;
#4652 = PRESENTATION_STYLE_ASSIGNMENT (( #782 ) ) ;
#4653 = CARTESIAN_POINT ( 'NONE',  ( -24.49434535574271621, 244.9956063954176386, 754.3197530717051222 ) ) ;
#4654 = CIRCLE ( 'NONE', #3046, 3.000000000000002665 ) ;
#4655 = VERTEX_POINT ( 'NONE', #1700 ) ;
#4656 = CARTESIAN_POINT ( 'NONE',  ( -20.47880008931471352, 235.6603391705236277, 752.0931354135001357 ) ) ;
#4657 = ORIENTED_EDGE ( 'NONE', *, *, #2360, .F. ) ;
#4658 = CARTESIAN_POINT ( 'NONE',  ( 23.70071455277107475, 268.3925860236547578, 750.1500245631768848 ) ) ;
#4659 = DIRECTION ( 'NONE',  ( 0.7071067811865162644, 8.659560562354550754E-17, -0.7071067811865787700 ) ) ;
#4660 = DIRECTION ( 'NONE',  ( 1.000000000000000000, 0.000000000000000000, 0.000000000000000000 ) ) ;
#4661 = DIRECTION ( 'NONE',  ( -1.000000000000000000, 0.000000000000000000, 0.000000000000000000 ) ) ;
#4662 = STYLED_ITEM ( 'NONE', ( #2246 ), #2924 ) ;
#4663 = CARTESIAN_POINT ( 'NONE',  ( 1.017909983045999956E-06, 249.9997500793000142, 757.5931354135000220 ) ) ;
#4664 = EDGE_CURVE ( 'NONE', #3122, #871, #1320, .T. ) ;
#4665 = EDGE_CURVE ( 'NONE', #3689, #8, #3443, .T. ) ;
#4666 = ORIENTED_EDGE ( 'NONE', *, *, #963, .F. ) ;
#4667 = ORIENTED_EDGE ( 'NONE', *, *, #279, .F. ) ;
#4668 = VERTEX_POINT ( 'NONE', #2564 ) ;
#4669 = DIRECTION ( 'NONE',  ( 1.000000000000000000, 0.000000000000000000, 0.000000000000000000 ) ) ;
#4670 = ORIENTED_EDGE ( 'NONE', *, *, #485, .T. ) ;
#4671 = CARTESIAN_POINT ( 'NONE',  ( 29.08522785396867860, 250.4584438053420001, 749.1145698106279269 ) ) ;
#4672 = AXIS2_PLACEMENT_3D ( 'NONE', #2813, #3679, #4518 ) ;
#4673 = EDGE_CURVE ( 'NONE', #718, #1238, #3427, .T. ) ;
#4674 = FACE_OUTER_BOUND ( 'NONE', #2683, .T. ) ;
#4675 = LINE ( 'NONE', #4151, #3301 ) ;
#4676 = CARTESIAN_POINT ( 'NONE',  ( 24.74710971146051364, 267.9007586810965336, 757.0540388499747451 ) ) ;
#4677 = CARTESIAN_POINT ( 'NONE',  ( 35.75315355366234371, 266.0403661091735330, 753.7172905262647191 ) ) ;
#4678 = VERTEX_POINT ( 'NONE', #27 ) ;
#4679 = CARTESIAN_POINT ( 'NONE',  ( 28.07072576675152575, 267.0561830561434249, 759.5847416266273058 ) ) ;
#4680 = B_SPLINE_CURVE_WITH_KNOTS ( 'NONE', 3,
 ( #2808, #5378, #381, #3303, #2083, #2835, #5433, #3249, #1665, #3360 ),
 .UNSPECIFIED., .F., .F.,
 ( 4, 2, 2, 2, 4 ),
 ( 0.000000000000000000, 0.0003586694104327510903, 0.0007173388208655021806, 0.001076008231298253379, 0.001434677641731004361 ),
 .UNSPECIFIED. ) ;
#4681 = FACE_OUTER_BOUND ( 'NONE', #2606, .T. ) ;
#4682 = PLANE ( 'NONE',  #4755 ) ;
#4683 = CARTESIAN_POINT ( 'NONE',  ( 23.29009633531914147, 268.1508924650653398, 758.0931354135003630 ) ) ;
#4684 = ORIENTED_EDGE ( 'NONE', *, *, #1811, .T. ) ;
#4685 = CARTESIAN_POINT ( 'NONE',  ( 23.81825437662229916, 231.5282773272886629, 757.0728684202761087 ) ) ;
#4686 = ORIENTED_EDGE ( 'NONE', *, *, #407, .T. ) ;
#4687 = DIRECTION ( 'NONE',  ( -0.000000000000000000, -0.000000000000000000, -1.000000000000000000 ) ) ;
#4688 = DIRECTION ( 'NONE',  ( -1.000000000000000000, 0.000000000000000000, 0.000000000000000000 ) ) ;
#4689 = CARTESIAN_POINT ( 'NONE',  ( 28.56559323413617335, 248.5971935555809011, 749.5851447071346456 ) ) ;
#4690 = CARTESIAN_POINT ( 'NONE',  ( -1.917425322538588661, 271.9160334373183900, 757.5931354135000220 ) ) ;
#4691 = VECTOR ( 'NONE', #1077, 1000.000000000000114 ) ;
#4692 = VECTOR ( 'NONE', #363, 1000.000000000000000 ) ;
#4693 = CIRCLE ( 'NONE', #3629, 1.249999999999993339 ) ;
#4694 = DIRECTION ( 'NONE',  ( -1.000000000000000000, 0.000000000000000000, 0.000000000000000000 ) ) ;
#4695 = CARTESIAN_POINT ( 'NONE',  ( 25.37698984413319891, 233.9392787040930557, 749.5557604717835147 ) ) ;
#4696 = ORIENTED_EDGE ( 'NONE', *, *, #136, .F. ) ;
#4697 = ORIENTED_EDGE ( 'NONE', *, *, #2286, .F. ) ;
#4698 = ORIENTED_EDGE ( 'NONE', *, *, #925, .T. ) ;
#4699 = CIRCLE ( 'NONE', #1583, 1.499999999999952704 ) ;
#4700 = CARTESIAN_POINT ( 'NONE',  ( 34.24535429841505874, 234.1982410504084271, 751.5260973102903108 ) ) ;
#4701 = ORIENTED_EDGE ( 'NONE', *, *, #1428, .T. ) ;
#4702 = EDGE_CURVE ( 'NONE', #1342, #5252, #4439, .T. ) ;
#4703 = EDGE_CURVE ( 'NONE', #939, #1227, #2264, .T. ) ;
#4704 = CARTESIAN_POINT ( 'NONE',  ( 28.14894020101319683, 244.9187420213706332, 749.5674811733703109 ) ) ;
#4705 = CARTESIAN_POINT ( 'NONE',  ( 36.50003629442746700, 266.3507168513536953, 756.5695337114117365 ) ) ;
#4706 = DIRECTION ( 'NONE',  ( -1.000000000000000000, 0.000000000000000000, 0.000000000000000000 ) ) ;
#4707 = CARTESIAN_POINT ( 'NONE',  ( 32.80279918726984789, 233.2961091918774628, 751.3731209197771932 ) ) ;
#4708 = CARTESIAN_POINT ( 'NONE',  ( 32.74957294730031521, 265.6701095099892882, 750.3145781237677738 ) ) ;
#4709 = VECTOR ( 'NONE', #3282, 1000.000000000000000 ) ;
#4710 = EDGE_CURVE ( 'NONE', #201, #778, #2840, .T. ) ;
#4711 = ADVANCED_FACE ( 'NONE', ( #667 ), #4247, .F. ) ;
#4712 = EDGE_LOOP ( 'NONE', ( #2798, #1932 ) ) ;
#4713 = CARTESIAN_POINT ( 'NONE',  ( 28.92775092004245963, 267.2312300729323624, 760.7577697033977984 ) ) ;
#4714 = DIRECTION ( 'NONE',  ( -0.000000000000000000, -0.000000000000000000, -1.000000000000000000 ) ) ;
#4715 = CARTESIAN_POINT ( 'NONE',  ( 29.02360271999791408, 234.4630080977723594, 749.0931001369824571 ) ) ;
#4716 = CARTESIAN_POINT ( 'NONE',  ( -20.47880008931489471, 235.6603391705239403, 752.3681354135001129 ) ) ;
#4717 = ORIENTED_EDGE ( 'NONE', *, *, #1291, .T. ) ;
#4718 = PLANE ( 'NONE',  #2548 ) ;
#4719 = ORIENTED_EDGE ( 'NONE', *, *, #4298, .F. ) ;
#4720 = CARTESIAN_POINT ( 'NONE',  ( 24.74710971146051008, 267.9007586810964767, 757.0540388499746314 ) ) ;
#4721 = CARTESIAN_POINT ( 'NONE',  ( 28.54215862721861185, 232.8610036909435621, 760.1401953373489278 ) ) ;
#4722 = CARTESIAN_POINT ( 'NONE',  ( -20.47880008931488049, 264.3391609880760029, 762.0931354135001357 ) ) ;
#4723 = FACE_OUTER_BOUND ( 'NONE', #5013, .T. ) ;
#4724 = B_SPLINE_CURVE_WITH_KNOTS ( 'NONE', 3,
 ( #2985, #5163, #3850, #4689, #4332, #3912, #639, #2350, #3146, #1871, #1084, #1004, #2789, #3175, #1032, #3226, #618, #2380, #4928, #1057, #2738, #3202, #3649, #1923, #2708, #5300, #2763, #591, #4852, #169, #1892, #4460, #3964, #3625, #4410, #4046 ),
 .UNSPECIFIED., .F., .F.,
 ( 4, 2, 2, 1, 1, 1, 2, 2, 2, 1, 1, 1, 2, 2, 2, 1, 1, 1, 2, 2, 1, 1, 1, 4 ),
 ( 0.4990615841095693561, 0.6242961880819826170, 0.6282097694561248336, 0.6321233508302671611, 0.6399505135785517052, 0.6556048390751207933, 0.6869134900682591915, 0.7495307920545284386, 0.7534443734286718763, 0.7573579548028153141, 0.7651851175511021896, 0.7808394430476832682, 0.8121480940408380977, 0.8747653960271473128, 0.8786789774012947474, 0.8825925587754421819, 0.8904197215237370511, 0.9060740470203335617, 0.9373826980135344655, 0.9412962793876875622, 0.9452098607618407700, 0.9530370235101472964, 0.9686913490067673438, 1.000000000000000000 ),
 .UNSPECIFIED. ) ;
#4725 = CYLINDRICAL_SURFACE ( 'NONE', #2511, 1.249999999999994227 ) ;
#4726 = DIRECTION ( 'NONE',  ( -0.5593222666232985363, -0.4326183098984802133, -0.7071067811865180408 ) ) ;
#4727 = ORIENTED_EDGE ( 'NONE', *, *, #3572, .T. ) ;
#4728 = VERTEX_POINT ( 'NONE', #1078 ) ;
#4729 = AXIS2_PLACEMENT_3D ( 'NONE', #3701, #274, #251 ) ;
#4730 = CARTESIAN_POINT ( 'NONE',  ( 33.05017762744519416, 234.3084791341557889, 750.5130963493999161 ) ) ;
#4731 = ORIENTED_EDGE ( 'NONE', *, *, #5215, .T. ) ;
#4732 = CARTESIAN_POINT ( 'NONE',  ( 3.358663235917672019, 225.2263896268839574, 762.0931354135001357 ) ) ;
#4733 = CARTESIAN_POINT ( 'NONE',  ( 22.56962961276554225, 268.8757714363713376, 758.0931354135000220 ) ) ;
#4734 = CARTESIAN_POINT ( 'NONE',  ( -29.04737407864564958, 255.9997500793000427, 755.0931354135001357 ) ) ;
#4735 = CARTESIAN_POINT ( 'NONE',  ( -0.03951075055743779457, 273.6111549256904709, 758.0931354135000220 ) ) ;
#4736 = CARTESIAN_POINT ( 'NONE',  ( 34.95848910365445050, 265.8939443893554539, 752.3716538418962045 ) ) ;
#4737 = ORIENTED_EDGE ( 'NONE', *, *, #2514, .T. ) ;
#4738 = CIRCLE ( 'NONE', #460, 1.500000000000001332 ) ;
#4739 = CARTESIAN_POINT ( 'NONE',  ( -28.45610553235439966, 240.4997500792999858, 749.0931354135001357 ) ) ;
#4740 = DIRECTION ( 'NONE',  ( 0.000000000000000000, 0.000000000000000000, 1.000000000000000000 ) ) ;
#4741 = CARTESIAN_POINT ( 'NONE',  ( 32.04521337368485234, 234.3749296290739608, 749.9024728504155064 ) ) ;
#4742 = ADVANCED_FACE ( 'NONE', ( #4431 ), #3140, .F. ) ;
#4743 = CARTESIAN_POINT ( 'NONE',  ( -29.04737407864564958, 242.4997500793000142, 755.3681354135001129 ) ) ;
#4744 = ADVANCED_FACE ( 'NONE', ( #1945 ), #2908, .F. ) ;
#4745 = VERTEX_POINT ( 'NONE', #1867 ) ;
#4746 = LINE ( 'NONE', #1819, #4164 ) ;
#4747 = VERTEX_POINT ( 'NONE', #3588 ) ;
#4748 = CARTESIAN_POINT ( 'NONE',  ( 28.10025778770509675, 255.3272969252680014, 749.5674750101574091 ) ) ;
#4749 = CIRCLE ( 'NONE', #3402, 30.00000000000000000 ) ;
#4750 = CARTESIAN_POINT ( 'NONE',  ( -27.59909317012452235, 242.4997500792999858, 749.0931354135001357 ) ) ;
#4751 = CARTESIAN_POINT ( 'NONE',  ( 26.45395468556661456, 233.3185899581803255, 750.1040365005300146 ) ) ;
#4752 = EDGE_CURVE ( 'NONE', #2734, #3749, #4342, .T. ) ;
#4753 = CARTESIAN_POINT ( 'NONE',  ( -24.00193836206053888, 256.9941622621896613, 754.3180449234137086 ) ) ;
#4754 = CONICAL_SURFACE ( 'NONE', #3131, 1.525000000000000355, 0.7853981633974045362 ) ;
#4755 = AXIS2_PLACEMENT_3D ( 'NONE', #858, #1223, #3788 ) ;
#4756 = CARTESIAN_POINT ( 'NONE',  ( 25.31353379820096805, 232.9710121824500959, 758.1590495822364346 ) ) ;
#4757 = VERTEX_POINT ( 'NONE', #1027 ) ;
#4758 = ORIENTED_EDGE ( 'NONE', *, *, #372, .F. ) ;
#4759 = AXIS2_PLACEMENT_3D ( 'NONE', #4167, #2903, #1622 ) ;
#4760 = EDGE_LOOP ( 'NONE', ( #232, #4418, #3747, #3356 ) ) ;
#4761 = STYLED_ITEM ( 'NONE', ( #1590 ), #1020 ) ;
#4762 = CONICAL_SURFACE ( 'NONE', #2266, 3.000000000000002665, 0.7853981633973936560 ) ;
#4763 = CARTESIAN_POINT ( 'NONE',  ( 28.88867332321818893, 253.2792458940700726, 749.1025242832054118 ) ) ;
#4764 = VECTOR ( 'NONE', #672, 1000.000000000000000 ) ;
#4765 = CYLINDRICAL_SURFACE ( 'NONE', #3486, 1.249999999999994227 ) ;
#4766 = DIRECTION ( 'NONE',  ( 1.000000000000000000, 0.000000000000000000, 0.000000000000000000 ) ) ;
#4767 = CARTESIAN_POINT ( 'NONE',  ( 35.01754574608600024, 265.9028092389893914, 752.4531381403974137 ) ) ;
#4768 = VECTOR ( 'NONE', #3181, 999.9999999999998863 ) ;
#4769 = VERTEX_POINT ( 'NONE', #4877 ) ;
#4770 = CARTESIAN_POINT ( 'NONE',  ( 28.78487071651176166, 267.6291202858877227, 758.8118149633349958 ) ) ;
#4771 = DIRECTION ( 'NONE',  ( 0.000000000000000000, -0.1234184484944973043, 0.9923547181180785159 ) ) ;
#4772 = EDGE_LOOP ( 'NONE', ( #41, #3969, #1046, #704 ) ) ;
#4773 = DIRECTION ( 'NONE',  ( 0.000000000000000000, 0.000000000000000000, 1.000000000000000000 ) ) ;
#4774 = EDGE_CURVE ( 'NONE', #2224, #570, #2028, .T. ) ;
#4775 = ADVANCED_FACE ( 'NONE', ( #5295 ), #1312, .F. ) ;
#4776 = ORIENTED_EDGE ( 'NONE', *, *, #3607, .F. ) ;
#4777 = CARTESIAN_POINT ( 'NONE',  ( -29.04737407864563536, 242.4997500792999858, 751.0931354135001357 ) ) ;
#4778 = CARTESIAN_POINT ( 'NONE',  ( -13.99999898208992910, 271.6503851739110473, 752.3931354135000902 ) ) ;
#4779 = DIRECTION ( 'NONE',  ( 0.5593222666232471330, -0.4326183098984569542, -0.7071067811865727748 ) ) ;
#4780 = CARTESIAN_POINT ( 'NONE',  ( -24.06908515414551886, 256.7594828126335074, 754.0869410827650654 ) ) ;
#4781 = ADVANCED_FACE ( 'NONE', ( #4484 ), #2298, .F. ) ;
#4782 = CARTESIAN_POINT ( 'NONE',  ( 24.74716156738521988, 232.0991311837937587, 757.0540417672988269 ) ) ;
#4783 = LINE ( 'NONE', #3916, #5104 ) ;
#4784 = MECHANICAL_DESIGN_GEOMETRIC_PRESENTATION_REPRESENTATION (  '', ( #681 ), #506 ) ;
#4785 = EDGE_LOOP ( 'NONE', ( #2746, #2823, #4177, #2415 ) ) ;
#4786 = VERTEX_POINT ( 'NONE', #4071 ) ;
#4787 = ORIENTED_EDGE ( 'NONE', *, *, #4702, .T. ) ;
#4788 = CARTESIAN_POINT ( 'NONE',  ( 28.91605876945818565, 253.0438952648732425, 749.1039248803608643 ) ) ;
#4789 = CARTESIAN_POINT ( 'NONE',  ( -27.59909317012452235, 242.4997500792999858, 752.0931354135001357 ) ) ;
#4790 = DIRECTION ( 'NONE',  ( -1.000000000000000000, 0.000000000000000000, 0.000000000000000000 ) ) ;
#4791 = LINE ( 'NONE', #967, #3797 ) ;
#4792 = VECTOR ( 'NONE', #4124, 1000.000000000000114 ) ;
#4793 = CARTESIAN_POINT ( 'NONE',  ( 22.65769569382622350, 260.5652066228175272, 758.0931354135000220 ) ) ;
#4794 = B_SPLINE_SURFACE_WITH_KNOTS ( 'NONE', 1, 3, ( 
 ( #674, #5441, #4106, #3232, #257, #2405, #1540, #4984, #4136, #2008, #4546, #1061, #1927, #700, #1167, #4934 ),
 ( #2871, #2817, #1985, #3683, #643, #4049, #3193, #1156, #4119, #215, #2755, #5374, #4895, #1554, #3727, #4558 ) ),
 .UNSPECIFIED., .F., .F., .F.,
 ( 2, 2 ),
 ( 4, 2, 2, 2, 2, 2, 2, 4 ),
 ( 0.000000000000000000, 1.000000000000000000 ),
 ( 0.000000000000000000, 0.0003055045943427699400, 0.0004582568915141549100, 0.0006110091886855398800, 0.0009165137830283098200, 0.001222018377371079760, 0.001833027566056619640, 0.002444036754742159520 ),
 .UNSPECIFIED. ) ;
#4795 = ORIENTED_EDGE ( 'NONE', *, *, #4235, .F. ) ;
#4796 = CARTESIAN_POINT ( 'NONE',  ( 21.13269569382622493, 260.5652066228175272, 752.0931354135001357 ) ) ;
#4797 = CARTESIAN_POINT ( 'NONE',  ( 32.50920397683836427, 234.3479406075543636, 750.1504809947783770 ) ) ;
#4798 = CARTESIAN_POINT ( 'NONE',  ( -18.02134395644790743, 262.6184316790229332, 757.5931354135000220 ) ) ;
#4799 = CARTESIAN_POINT ( 'NONE',  ( 22.65769569382641890, 239.4342935357827855, 757.5931354135000220 ) ) ;
#4800 = CONICAL_SURFACE ( 'NONE', #876, 3.000000000000023537, 0.7853981633974973509 ) ;
#4801 = VERTEX_POINT ( 'NONE', #3220 ) ;
#4802 = CARTESIAN_POINT ( 'NONE',  ( -27.57757894958012201, 257.5785456019635262, 750.5186872593562839 ) ) ;
#4803 = CARTESIAN_POINT ( 'NONE',  ( 22.57005103486834230, 231.1242326184638216, 758.0931354135000220 ) ) ;
#4804 = CARTESIAN_POINT ( 'NONE',  ( -24.51933429108713369, 254.8786087754705250, 755.6520919243159824 ) ) ;
#4805 =( NAMED_UNIT ( * ) SI_UNIT ( $, .STERADIAN. ) SOLID_ANGLE_UNIT ( ) );
#4806 = ORIENTED_EDGE ( 'NONE', *, *, #984, .F. ) ;
#4807 = EDGE_CURVE ( 'NONE', #43, #4892, #514, .T. ) ;
#4808 = ORIENTED_EDGE ( 'NONE', *, *, #5397, .F. ) ;
#4809 = EDGE_CURVE ( 'NONE', #668, #1588, #3627, .T. ) ;
#4810 = ORIENTED_EDGE ( 'NONE', *, *, #1743, .F. ) ;
#4811 = CARTESIAN_POINT ( 'NONE',  ( 27.19721994433344392, 265.5372018918245089, 749.0931354135001357 ) ) ;
#4812 = LINE ( 'NONE', #1783, #553 ) ;
#4813 = EDGE_CURVE ( 'NONE', #43, #4745, #2344, .T. ) ;
#4814 = CARTESIAN_POINT ( 'NONE',  ( 1.017909983045999956E-06, 259.4997500792999858, 751.0931354135001357 ) ) ;
#4815 = B_SPLINE_CURVE_WITH_KNOTS ( 'NONE', 3,
 ( #153, #1042, #4836, #2689 ),
 .UNSPECIFIED., .F., .F.,
 ( 4, 4 ),
 ( 0.000000000000000000, 0.001349586409802373951 ),
 .UNSPECIFIED. ) ;
#4816 = ORIENTED_EDGE ( 'NONE', *, *, #2853, .T. ) ;
#4817 = CARTESIAN_POINT ( 'NONE',  ( 26.86879529237383224, 267.4671431900436005, 757.5092825257954701 ) ) ;
#4818 = DIRECTION ( 'NONE',  ( 0.09499731320272415680, 0.7006964467473085767, 0.7071067811865191510 ) ) ;
#4819 = DIRECTION ( 'NONE',  ( -1.000000000000000000, 0.000000000000000000, 0.000000000000000000 ) ) ;
#4820 = CARTESIAN_POINT ( 'NONE',  ( 23.03629182179590629, 269.2177014956270682, 756.8260622747127400 ) ) ;
#4821 = VERTEX_POINT ( 'NONE', #219 ) ;
#4822 = CARTESIAN_POINT ( 'NONE',  ( 28.50152540098805076, 252.3759724507538920, 749.5809569067586153 ) ) ;
#4823 = CARTESIAN_POINT ( 'NONE',  ( 22.65769569382620219, 239.4342935357824445, 758.0931354135000220 ) ) ;
#4824 = CARTESIAN_POINT ( 'NONE',  ( 20.15769569382619508, 260.5652066228175272, 758.0931354135000220 ) ) ;
#4825 = CARTESIAN_POINT ( 'NONE',  ( -24.34763308432484052, 255.6756798087859579, 756.3111397843736086 ) ) ;
#4826 = VECTOR ( 'NONE', #2507, 1000.000000000000000 ) ;
#4827 = CARTESIAN_POINT ( 'NONE',  ( 31.97488124772472062, 234.3768084341124336, 749.8851785142472863 ) ) ;
#4828 = CARTESIAN_POINT ( 'NONE',  ( 25.56580599362483852, 233.0353133618106654, 758.2078581328104292 ) ) ;
#4829 = CARTESIAN_POINT ( 'NONE',  ( -3.428892550781578397, 225.0948826270063989, 758.0931354135000220 ) ) ;
#4830 = AXIS2_PLACEMENT_3D ( 'NONE', #1508, #2379, #4904 ) ;
#4831 = ORIENTED_EDGE ( 'NONE', *, *, #2965, .T. ) ;
#4832 = ORIENTED_EDGE ( 'NONE', *, *, #2626, .F. ) ;
#4833 = ORIENTED_EDGE ( 'NONE', *, *, #4363, .T. ) ;
#4834 = ADVANCED_FACE ( 'NONE', ( #2673 ), #4642, .F. ) ;
#4835 = ADVANCED_FACE ( 'NONE', ( #1133 ), #3091, .T. ) ;
#4836 = CARTESIAN_POINT ( 'NONE',  ( 27.07167068911059360, 232.7562868837122494, 758.0931354135000220 ) ) ;
#4837 = AXIS2_PLACEMENT_3D ( 'NONE', #316, #4962, #3714 ) ;
#4838 = PRESENTATION_LAYER_ASSIGNMENT (  '', '', ( #4575 ) ) ;
#4839 = FACE_OUTER_BOUND ( 'NONE', #2930, .T. ) ;
#4840 = CONICAL_SURFACE ( 'NONE', #3865, 30.00000000000000000, 0.5235987755982846048 ) ;
#4841 = EDGE_CURVE ( 'NONE', #4351, #150, #263, .T. ) ;
#4842 = ORIENTED_EDGE ( 'NONE', *, *, #2546, .F. ) ;
#4843 = CARTESIAN_POINT ( 'NONE',  ( 3.425836480277406171, 275.2685777407643855, 758.0931354135000220 ) ) ;
#4844 = CARTESIAN_POINT ( 'NONE',  ( -23.93581021646210161, 242.7830020951718382, 755.4242271973438392 ) ) ;
#4845 = CARTESIAN_POINT ( 'NONE',  ( 22.70219772959356064, 268.7172744735151468, 758.0931354134996809 ) ) ;
#4846 = STYLED_ITEM ( 'NONE', ( #4856 ), #1568 ) ;
#4847 = DIRECTION ( 'NONE',  ( 1.000000000000000000, 0.000000000000000000, 0.000000000000000000 ) ) ;
#4848 =( GEOMETRIC_REPRESENTATION_CONTEXT ( 3 ) GLOBAL_UNCERTAINTY_ASSIGNED_CONTEXT ( ( #3693 ) ) GLOBAL_UNIT_ASSIGNED_CONTEXT ( ( #1369, #2210, #4327 ) ) REPRESENTATION_CONTEXT ( 'NONE', 'WORKASPACE' ) );
#4849 = ORIENTED_EDGE ( 'NONE', *, *, #5067, .F. ) ;
#4850 = CARTESIAN_POINT ( 'NONE',  ( 28.39292013742959853, 253.4352056957562240, 749.5751594153226733 ) ) ;
#4851 = CIRCLE ( 'NONE', #396, 1.249999999999994227 ) ;
#4852 = CARTESIAN_POINT ( 'NONE',  ( 28.18359844348756482, 245.1371370886525085, 749.5685496899443478 ) ) ;
#4853 = CARTESIAN_POINT ( 'NONE',  ( 3.358663235917672019, 225.2263896268839574, 757.5931354135000220 ) ) ;
#4854 = CARTESIAN_POINT ( 'NONE',  ( -29.04737407864564602, 255.9997500793000427, 755.0931354135001357 ) ) ;
#4855 = CIRCLE ( 'NONE', #5121, 2.500000000000043965 ) ;
#4856 = PRESENTATION_STYLE_ASSIGNMENT (( #3941 ) ) ;
#4857 = DIRECTION ( 'NONE',  ( -1.000000000000000000, 0.000000000000000000, 0.000000000000000000 ) ) ;
#4858 = ORIENTED_EDGE ( 'NONE', *, *, #2521, .T. ) ;
#4859 = ORIENTED_EDGE ( 'NONE', *, *, #882, .T. ) ;
#4860 = EDGE_LOOP ( 'NONE', ( #572, #5168 ) ) ;
#4861 = CYLINDRICAL_SURFACE ( 'NONE', #218, 28.59999999999999787 ) ;
#4862 = COLOUR_RGB ( '',0.8980392156862745390, 0.9176470588235293713, 0.9294117647058823817 ) ;
#4863 = CARTESIAN_POINT ( 'NONE',  ( 23.16233828137854189, 269.0736169848560735, 757.0889738495950496 ) ) ;
#4864 = EDGE_CURVE ( 'NONE', #2719, #1588, #2447, .T. ) ;
#4865 = CARTESIAN_POINT ( 'NONE',  ( 26.49440667753334822, 234.3310202639893021, 749.0931354135001357 ) ) ;
#4866 = ORIENTED_EDGE ( 'NONE', *, *, #1946, .F. ) ;
#4867 = AXIS2_PLACEMENT_3D ( 'NONE', #2198, #17, #3474 ) ;
#4868 = AXIS2_PLACEMENT_3D ( 'NONE', #4378, #1888, #587 ) ;
#4869 = ORIENTED_EDGE ( 'NONE', *, *, #576, .F. ) ;
#4870 = AXIS2_PLACEMENT_3D ( 'NONE', #4814, #1436, #4002 ) ;
#4871 = FACE_OUTER_BOUND ( 'NONE', #2225, .T. ) ;
#4872 = CARTESIAN_POINT ( 'NONE',  ( 1.017909983045999956E-06, 249.9997500793000142, 757.5931354135000220 ) ) ;
#4873 = FACE_OUTER_BOUND ( 'NONE', #2103, .T. ) ;
#4874 =( NAMED_UNIT ( * ) SI_UNIT ( $, .STERADIAN. ) SOLID_ANGLE_UNIT ( ) );
#4875 = EDGE_CURVE ( 'NONE', #2357, #2410, #1852, .T. ) ;
#4876 = EDGE_CURVE ( 'NONE', #3469, #303, #3755, .T. ) ;
#4877 = CARTESIAN_POINT ( 'NONE',  ( 20.02986084302294501, 262.0124398441415110, 752.5931354135001357 ) ) ;
#4878 = EDGE_LOOP ( 'NONE', ( #1552, #3870, #5195, #3100 ) ) ;
#4879 = CARTESIAN_POINT ( 'NONE',  ( 25.18033424892036365, 267.7190298503095391, 757.0650218339902722 ) ) ;
#4880 = CARTESIAN_POINT ( 'NONE',  ( 1.017909983045999956E-06, 249.9997500793000142, 758.0931354135000220 ) ) ;
#4881 = CARTESIAN_POINT ( 'NONE',  ( 25.38461973287593310, 267.0485293848674360, 758.0931354135000220 ) ) ;
#4882 = FACE_OUTER_BOUND ( 'NONE', #4074, .T. ) ;
#4883 = CARTESIAN_POINT ( 'NONE',  ( -28.77237407864564744, 243.9997500793000142, 753.8431354135001357 ) ) ;
#4884 = CARTESIAN_POINT ( 'NONE',  ( 0.3883656094877800391, 226.6470377540900927, 757.5931354135000220 ) ) ;
#4885 = CARTESIAN_POINT ( 'NONE',  ( 24.44000854914289178, 232.6018757300216180, 749.0931354135001357 ) ) ;
#4886 = ORIENTED_EDGE ( 'NONE', *, *, #4268, .F. ) ;
#4887 = ORIENTED_EDGE ( 'NONE', *, *, #408, .T. ) ;
#4888 = ORIENTED_EDGE ( 'NONE', *, *, #3570, .F. ) ;
#4889 = DIRECTION ( 'NONE',  ( 0.7071067811865799912, 0.000000000000000000, 0.7071067811865149322 ) ) ;
#4890 = CARTESIAN_POINT ( 'NONE',  ( 23.38673748427562771, 268.8442427803514647, 757.0831252196820742 ) ) ;
#4891 = CARTESIAN_POINT ( 'NONE',  ( -20.42831951386945377, 238.1598294608634205, 752.0931354135001357 ) ) ;
#4892 = VERTEX_POINT ( 'NONE', #357 ) ;
#4893 = ORIENTED_EDGE ( 'NONE', *, *, #3437, .F. ) ;
#4894 = DIRECTION ( 'NONE',  ( -0.7071067811865162644, 0.000000000000000000, -0.7071067811865787700 ) ) ;
#4895 = CARTESIAN_POINT ( 'NONE',  ( 24.10552014328577641, 231.7385531296724821, 757.0665697639734617 ) ) ;
#4896 = CARTESIAN_POINT ( 'NONE',  ( 22.65769569382622350, 260.5652066228175272, 752.0931354135001357 ) ) ;
#4897 = CARTESIAN_POINT ( 'NONE',  ( -20.42831951386945377, 238.1598294608634205, 752.0931354135001357 ) ) ;
#4898 = DIRECTION ( 'NONE',  ( 0.7071067811865162644, 8.659560562354550754E-17, -0.7071067811865787700 ) ) ;
#4899 = ORIENTED_EDGE ( 'NONE', *, *, #3537, .T. ) ;
#4900 = EDGE_CURVE ( 'NONE', #2116, #4632, #4564, .T. ) ;
#4901 = CYLINDRICAL_SURFACE ( 'NONE', #1793, 2.999999999999997335 ) ;
#4902 = EDGE_CURVE ( 'NONE', #1518, #1694, #4425, .T. ) ;
#4903 = DIRECTION ( 'NONE',  ( -1.000000000000000000, 0.000000000000000000, 0.000000000000000000 ) ) ;
#4904 = DIRECTION ( 'NONE',  ( 0.000000000000000000, 0.000000000000000000, 1.000000000000000000 ) ) ;
#4905 = DIRECTION ( 'NONE',  ( -1.000000000000000000, 0.000000000000000000, 0.000000000000000000 ) ) ;
#4906 = CARTESIAN_POINT ( 'NONE',  ( 1.017909983045999956E-06, 249.9997500793000142, 757.0931354135110496 ) ) ;
#4907 = DIRECTION ( 'NONE',  ( -0.000000000000000000, -0.000000000000000000, -1.000000000000000000 ) ) ;
#4908 = CONICAL_SURFACE ( 'NONE', #2058, 3.000000000000023537, 0.7853981633974973509 ) ;
#4909 = ADVANCED_FACE ( 'NONE', ( #5030 ), #1215, .F. ) ;
#4910 = CARTESIAN_POINT ( 'NONE',  ( 26.43224257794176779, 232.5355333287408541, 757.3287298818235058 ) ) ;
#4911 = AXIS2_PLACEMENT_3D ( 'NONE', #2833, #2313, #2395 ) ;
#4912 = DIRECTION ( 'NONE',  ( -0.000000000000000000, -0.000000000000000000, -1.000000000000000000 ) ) ;
#4913 = EDGE_LOOP ( 'NONE', ( #4806, #4614, #261, #3847, #5380, #2862 ) ) ;
#4914 = ORIENTED_EDGE ( 'NONE', *, *, #5281, .T. ) ;
#4915 = CARTESIAN_POINT ( 'NONE',  ( 1.017909983045999956E-06, 249.9997500793000142, 752.5931354135001357 ) ) ;
#4916 = CIRCLE ( 'NONE', #115, 2.999999999999992450 ) ;
#4917 = CARTESIAN_POINT ( 'NONE',  ( -20.41822339878056169, 261.3397726396682970, 757.5931354135000220 ) ) ;
#4918 = CARTESIAN_POINT ( 'NONE',  ( 35.66811439674499695, 233.9800186182934283, 753.5312974739499623 ) ) ;
#4919 = ORIENTED_EDGE ( 'NONE', *, *, #2487, .T. ) ;
#4920 = CARTESIAN_POINT ( 'NONE',  ( 26.88965786858482687, 267.4421274333727183, 757.3081193036520062 ) ) ;
#4921 = DIRECTION ( 'NONE',  ( 1.000000000000000000, 0.000000000000000000, 0.000000000000000000 ) ) ;
#4922 = PRESENTATION_STYLE_ASSIGNMENT (( #4976 ) ) ;
#4923 = DIRECTION ( 'NONE',  ( -0.000000000000000000, -0.000000000000000000, -1.000000000000000000 ) ) ;
#4924 = AXIS2_PLACEMENT_3D ( 'NONE', #259, #3686, #5306 ) ;
#4925 = ORIENTED_EDGE ( 'NONE', *, *, #846, .T. ) ;
#4926 = CARTESIAN_POINT ( 'NONE',  ( -2.178892550781585058, 225.0948826270063989, 752.0931354135001357 ) ) ;
#4927 = CARTESIAN_POINT ( 'NONE',  ( -2.178892550781213799, 225.0948826270063421, 758.0931354135000220 ) ) ;
#4928 = CARTESIAN_POINT ( 'NONE',  ( 28.40323677230866650, 246.6486792634898109, 749.5756388538962938 ) ) ;
#4929 = DIRECTION ( 'NONE',  ( -0.000000000000000000, -0.000000000000000000, -1.000000000000000000 ) ) ;
#4930 = EDGE_CURVE ( 'NONE', #4526, #4487, #4680, .T. ) ;
#4931 = EDGE_CURVE ( 'NONE', #4254, #2398, #2027, .T. ) ;
#4932 = CIRCLE ( 'NONE', #5207, 1.249999999999993339 ) ;
#4933 = AXIS2_PLACEMENT_3D ( 'NONE', #1653, #4245, #317 ) ;
#4934 = CARTESIAN_POINT ( 'NONE',  ( 24.50000101791000517, 232.6194355975121937, 758.0931354135000220 ) ) ;
#4935 = CARTESIAN_POINT ( 'NONE',  ( 25.71618531070914315, 267.5635729296649288, 757.1355979560852347 ) ) ;
#4936 = DIRECTION ( 'NONE',  ( -1.000000000000000000, 0.000000000000000000, 0.000000000000000000 ) ) ;
#4937 = CARTESIAN_POINT ( 'NONE',  ( 35.50000101791005847, 226.4932591726000339, 806.0719151084000487 ) ) ;
#4938 = ORIENTED_EDGE ( 'NONE', *, *, #4527, .T. ) ;
#4939 = ORIENTED_EDGE ( 'NONE', *, *, #143, .T. ) ;
#4940 = EDGE_CURVE ( 'NONE', #3404, #4892, #3783, .T. ) ;
#4941 = EDGE_CURVE ( 'NONE', #3836, #43, #5487, .T. ) ;
#4942 = CARTESIAN_POINT ( 'NONE',  ( 22.65769569382620219, 239.4342935357824445, 752.0931354135001357 ) ) ;
#4943 = CARTESIAN_POINT ( 'NONE',  ( 25.35740990569069453, 232.9457630353784339, 758.0931354135008178 ) ) ;
#4944 = CARTESIAN_POINT ( 'NONE',  ( 36.35615711766640601, 233.7567813810697430, 755.5827736798698879 ) ) ;
#4945 = ORIENTED_EDGE ( 'NONE', *, *, #2108, .F. ) ;
#4946 = CARTESIAN_POINT ( 'NONE',  ( 26.45155354977439544, 267.4619905512494711, 757.4678477838447179 ) ) ;
#4947 = DIRECTION ( 'NONE',  ( -1.000000000000000000, 0.000000000000000000, 0.000000000000000000 ) ) ;
#4948 = CARTESIAN_POINT ( 'NONE',  ( 25.38113201115203665, 267.6527281235526061, 757.0845711260529924 ) ) ;
#4949 = AXIS2_PLACEMENT_3D ( 'NONE', #1161, #4567, #1532 ) ;
#4950 = CARTESIAN_POINT ( 'NONE',  ( 23.61296861103718570, 268.5045538190299794, 750.1355218244198113 ) ) ;
#4951 = EDGE_LOOP ( 'NONE', ( #230, #537, #4064, #4447 ) ) ;
#4952 = DIRECTION ( 'NONE',  ( -1.000000000000000000, 0.000000000000000000, 0.000000000000000000 ) ) ;
#4953 = LINE ( 'NONE', #4101, #1322 ) ;
#4954 = CARTESIAN_POINT ( 'NONE',  ( 26.25547130746352309, 267.4772115668029642, 757.2697172004761796 ) ) ;
#4955 = CARTESIAN_POINT ( 'NONE',  ( -2.178892550781213799, 225.0948826270063421, 757.5931354135000220 ) ) ;
#4956 = CARTESIAN_POINT ( 'NONE',  ( 24.33331331769401373, 231.8782938250903385, 757.0619568291918995 ) ) ;
#4957 = AXIS2_PLACEMENT_3D ( 'NONE', #4153, #715, #2917 ) ;
#4958 = DIRECTION ( 'NONE',  ( 0.000000000000000000, 0.000000000000000000, -1.000000000000000000 ) ) ;
#4959 = B_SPLINE_CURVE_WITH_KNOTS ( 'NONE', 3,
 ( #3269, #4970, #4863, #1937, #1151, #2850, #4554, #3188, #1464, #735, #4890, #4145, #2365, #4061, #3637, #5343, #1519, #3213, #1604, #5426, #3294, #3722, #2019, #4991, #307, #5355, #335, #3252, #4596, #4075, #694 ),
 .UNSPECIFIED., .F., .F.,
 ( 4, 2, 2, 1, 1, 1, 2, 2, 2, 1, 1, 2, 2, 2, 1, 1, 2, 2, 4 ),
 ( 0.000000000000000000, 0.1250000000003368139, 0.1875000000005068446, 0.2187500000005601353, 0.2343750000005499490, 0.2421875000005448697, 0.2460937500005069556, 0.2500000000004690137, 0.3750000000002187139, 0.4375000000000688893, 0.4687500000000192624, 0.4843749999999925060, 0.4999999999999656941, 0.6249999999998320233, 0.6874999999997665201, 0.7187499999997516431, 0.7343749999997640776, 0.7499999999997765121, 1.000000000000000000 ),
 .UNSPECIFIED. ) ;
#4960 = CARTESIAN_POINT ( 'NONE',  ( 25.77541809568971232, 267.0178492096371770, 758.0931354135001357 ) ) ;
#4961 = LINE ( 'NONE', #2353, #3779 ) ;
#4962 = DIRECTION ( 'NONE',  ( -0.000000000000000000, -0.000000000000000000, -1.000000000000000000 ) ) ;
#4963 = SURFACE_STYLE_FILL_AREA ( #4468 ) ;
#4964 = EDGE_LOOP ( 'NONE', ( #2486, #211, #1296, #1066 ) ) ;
#4965 = EDGE_LOOP ( 'NONE', ( #4479, #250, #5310, #3842 ) ) ;
#4966 = AXIS2_PLACEMENT_3D ( 'NONE', #4504, #4449, #707 ) ;
#4967 = FACE_OUTER_BOUND ( 'NONE', #5169, .T. ) ;
#4968 = EDGE_CURVE ( 'NONE', #5252, #5048, #1998, .T. ) ;
#4969 = EDGE_CURVE ( 'NONE', #1101, #3505, #2824, .T. ) ;
#4970 = CARTESIAN_POINT ( 'NONE',  ( 23.09051048329970968, 269.1529001200643734, 757.0909151340595145 ) ) ;
#4971 = CARTESIAN_POINT ( 'NONE',  ( -2.178892550781585058, 225.0948826270063989, 752.3681354135001129 ) ) ;
#4972 = ORIENTED_EDGE ( 'NONE', *, *, #3577, .T. ) ;
#4973 = EDGE_CURVE ( 'NONE', #2628, #5051, #2887, .T. ) ;
#4974 = CARTESIAN_POINT ( 'NONE',  ( -1.917425322538588661, 271.9160334373183900, 755.0931354135001357 ) ) ;
#4975 = CARTESIAN_POINT ( 'NONE',  ( -24.99999898209004812, 249.9997500793000142, 752.5931354135001357 ) ) ;
#4976 = SURFACE_STYLE_USAGE ( .BOTH. , #5000 ) ;
#4977 = CARTESIAN_POINT ( 'NONE',  ( 1.017909983045999956E-06, 249.9997500793000142, 752.0931354135001357 ) ) ;
#4978 = ORIENTED_EDGE ( 'NONE', *, *, #4130, .F. ) ;
#4979 = CARTESIAN_POINT ( 'NONE',  ( 17.40202599221985835, 236.5398270931348463, 762.0931354135001357 ) ) ;
#4980 = CARTESIAN_POINT ( 'NONE',  ( 26.86879529237381448, 267.4671431900436005, 757.5092825257954701 ) ) ;
#4981 = CARTESIAN_POINT ( 'NONE',  ( 25.35740992149555240, 232.3397955543130990, 757.0819076359532573 ) ) ;
#4982 = CARTESIAN_POINT ( 'NONE',  ( -3.428892550781578397, 225.0948826270063989, 752.0931354135001357 ) ) ;
#4983 = CARTESIAN_POINT ( 'NONE',  ( 22.65769569382620219, 239.4342935357824445, 758.0931354135000220 ) ) ;
#4984 = CARTESIAN_POINT ( 'NONE',  ( 23.06652045162539011, 231.6483552301238831, 758.0931354135003630 ) ) ;
#4985 = CARTESIAN_POINT ( 'NONE',  ( 24.65935310785908641, 267.2930283294759306, 758.0950221747485784 ) ) ;
#4986 = FACE_BOUND ( 'NONE', #5401, .T. ) ;
#4987 = CARTESIAN_POINT ( 'NONE',  ( 28.72003342248174818, 245.5401773785807222, 749.0960786697173717 ) ) ;
#4988 = ORIENTED_EDGE ( 'NONE', *, *, #3950, .T. ) ;
#4989 = AXIS2_PLACEMENT_3D ( 'NONE', #3138, #1473, #4509 ) ;
#4990 = ORIENTED_EDGE ( 'NONE', *, *, #2460, .T. ) ;
#4991 = CARTESIAN_POINT ( 'NONE',  ( 24.12902933882818601, 268.2491516237309384, 757.0661222428254860 ) ) ;
#4992 = ORIENTED_EDGE ( 'NONE', *, *, #1673, .F. ) ;
#4993 = AXIS2_PLACEMENT_3D ( 'NONE', #1321, #3888, #899 ) ;
#4994 = CARTESIAN_POINT ( 'NONE',  ( 36.46525955858902535, 233.6734820454222756, 756.3482262028080640 ) ) ;
#4995 = ORIENTED_EDGE ( 'NONE', *, *, #4864, .F. ) ;
#4996 = ADVANCED_FACE ( 'NONE', ( #1971 ), #5136, .F. ) ;
#4997 = EDGE_CURVE ( 'NONE', #2913, #1715, #93, .T. ) ;
#4998 = DIRECTION ( 'NONE',  ( -1.000000000000000000, 0.000000000000000000, 0.000000000000000000 ) ) ;
#4999 = DIRECTION ( 'NONE',  ( -0.000000000000000000, -0.000000000000000000, -1.000000000000000000 ) ) ;
#5000 = SURFACE_SIDE_STYLE ('',( #328 ) ) ;
#5001 = CIRCLE ( 'NONE', #3313, 1.249999999999999334 ) ;
#5002 = CONICAL_SURFACE ( 'NONE', #4650, 21.99999999999999645, 0.7853981633974934651 ) ;
#5003 = DIRECTION ( 'NONE',  ( 1.000000000000000000, -0.000000000000000000, 0.000000000000000000 ) ) ;
#5004 = EDGE_CURVE ( 'NONE', #679, #5496, #578, .T. ) ;
#5005 = ORIENTED_EDGE ( 'NONE', *, *, #4703, .T. ) ;
#5006 = DIRECTION ( 'NONE',  ( 1.000000000000000000, 1.233581138472395323E-15, 0.000000000000000000 ) ) ;
#5007 = CARTESIAN_POINT ( 'NONE',  ( -27.55864120579606791, 259.0358619031699732, 749.1440598283480767 ) ) ;
#5008 = CARTESIAN_POINT ( 'NONE',  ( 26.86928395051860008, 232.5329339976121048, 757.5094847617978076 ) ) ;
#5009 = AXIS2_PLACEMENT_3D ( 'NONE', #2221, #3099, #3436 ) ;
#5010 = CARTESIAN_POINT ( 'NONE',  ( 24.30261710875401704, 231.8598129376297550, 757.0625733224948135 ) ) ;
#5011 =( GEOMETRIC_REPRESENTATION_CONTEXT ( 3 ) GLOBAL_UNCERTAINTY_ASSIGNED_CONTEXT ( ( #4475 ) ) GLOBAL_UNIT_ASSIGNED_CONTEXT ( ( #1024, #2728, #1864 ) ) REPRESENTATION_CONTEXT ( 'NONE', 'WORKASPACE' ) );
#5012 = CIRCLE ( 'NONE', #3325, 1.524999999999998579 ) ;
#5013 = EDGE_LOOP ( 'NONE', ( #2086, #3190, #4609, #176 ) ) ;
#5014 = CARTESIAN_POINT ( 'NONE',  ( -2.178892550781213799, 225.0948826270063421, 762.0931354135001357 ) ) ;
#5015 = AXIS2_PLACEMENT_3D ( 'NONE', #5468, #2922, #2504 ) ;
#5016 = CARTESIAN_POINT ( 'NONE',  ( 20.02986084302312619, 237.9870603144588017, 757.5931354135000220 ) ) ;
#5017 = CARTESIAN_POINT ( 'NONE',  ( 26.86879529237381803, 267.4671431900436005, 757.5092825257954701 ) ) ;
#5018 = CARTESIAN_POINT ( 'NONE',  ( 28.83080288481799514, 253.7501257242725217, 749.0996391394456850 ) ) ;
#5019 = EDGE_LOOP ( 'NONE', ( #913, #5367, #1989, #390 ) ) ;
#5020 = CONICAL_SURFACE ( 'NONE', #3417, 1.524999999999998579, 0.7853981633974419507 ) ;
#5021 = FACE_OUTER_BOUND ( 'NONE', #3419, .T. ) ;
#5022 = ORIENTED_EDGE ( 'NONE', *, *, #279, .T. ) ;
#5023 = EDGE_LOOP ( 'NONE', ( #678, #2423, #4990, #1489 ) ) ;
#5024 = CARTESIAN_POINT ( 'NONE',  ( 35.96829829964485015, 233.9046225881888859, 754.2241911972203070 ) ) ;
#5025 = VERTEX_POINT ( 'NONE', #2337 ) ;
#5026 = CARTESIAN_POINT ( 'NONE',  ( 34.52709758242986027, 265.8324485726945454, 751.8065234790351496 ) ) ;
#5027 = FACE_OUTER_BOUND ( 'NONE', #2156, .T. ) ;
#5028 = PRODUCT_DEFINITION ( '未知', '', #2711, #911 ) ;
#5029 = CYLINDRICAL_SURFACE ( 'NONE', #4070, 1.249999999999994227 ) ;
#5030 = FACE_OUTER_BOUND ( 'NONE', #1939, .T. ) ;
#5031 = EDGE_LOOP ( 'NONE', ( #2362, #4638, #3773, #4888 ) ) ;
#5032 = CARTESIAN_POINT ( 'NONE',  ( 34.09659706111685296, 266.8649702135877533, 752.6669322493179379 ) ) ;
#5034 = DIRECTION ( 'NONE',  ( -1.000000000000000000, 0.000000000000000000, 0.000000000000000000 ) ) ;
#5033 = VECTOR ( 'NONE', #5157, 1000.000000000000000 ) ;
#5035 = CARTESIAN_POINT ( 'NONE',  ( 28.95815250723690681, 233.4706533796542374, 749.9696860980521933 ) ) ;
#5036 = ADVANCED_FACE ( 'NONE', ( #2724 ), #4395, .T. ) ;
#5037 = CARTESIAN_POINT ( 'NONE',  ( -24.53811261300178259, 245.2159031853884130, 755.4255591641992851 ) ) ;
#5038 = ADVANCED_FACE ( 'NONE', ( #4839, #2368, #993, #657, #4421, #3502, #3951, #5286, #1018, #969 ), #2281, .T. ) ;
#5039 = CARTESIAN_POINT ( 'NONE',  ( -23.59636339195274957, 240.3321967881634862, 752.0931354135001357 ) ) ;
#5040 = B_SPLINE_CURVE_WITH_KNOTS ( 'NONE', 3,
 ( #1271, #2939, #828, #3026, #4707, #2582, #2166, #3868, #51, #5149 ),
 .UNSPECIFIED., .F., .F.,
 ( 4, 2, 2, 2, 4 ),
 ( 0.000000000000000000, 0.2499999999999993339, 0.4999999999999995559, 0.7499999999999997780, 1.000000000000000000 ),
 .UNSPECIFIED. ) ;
#5041 = CARTESIAN_POINT ( 'NONE',  ( 23.41720776578707941, 231.2451337065681116, 752.4845204600703710 ) ) ;
#5042 = CIRCLE ( 'NONE', #2907, 2.500000000000023093 ) ;
#5043 = ORIENTED_EDGE ( 'NONE', *, *, #2460, .F. ) ;
#5044 = CARTESIAN_POINT ( 'NONE',  ( 30.47876221843965894, 231.9197973485850071, 762.4394531249982947 ) ) ;
#5045 = DIRECTION ( 'NONE',  ( -1.000000000000000000, 0.000000000000000000, 0.000000000000000000 ) ) ;
#5046 = EDGE_CURVE ( 'NONE', #4728, #4054, #2618, .T. ) ;
#5047 = DIRECTION ( 'NONE',  ( -0.7071067811865815456, 0.000000000000000000, -0.7071067811865134889 ) ) ;
#5048 = VERTEX_POINT ( 'NONE', #2667 ) ;
#5049 = AXIS2_PLACEMENT_3D ( 'NONE', #4854, #3596, #3680 ) ;
#5050 = CARTESIAN_POINT ( 'NONE',  ( 28.50000101791000517, 244.3718478698668832, 749.0931354135001357 ) ) ;
#5051 = VERTEX_POINT ( 'NONE', #2751 ) ;
#5052 = VERTEX_POINT ( 'NONE', #155 ) ;
#5053 = CARTESIAN_POINT ( 'NONE',  ( 29.54536871576567236, 234.4574320685691191, 749.1443427113962343 ) ) ;
#5054 = ORIENTED_EDGE ( 'NONE', *, *, #5107, .F. ) ;
#5055 = CARTESIAN_POINT ( 'NONE',  ( 29.02360271999796382, 265.5371980533483907, 749.0931001369821161 ) ) ;
#5056 = CARTESIAN_POINT ( 'NONE',  ( -20.47880008931471352, 235.6603391705236277, 762.0931354135001357 ) ) ;
#5057 = CARTESIAN_POINT ( 'NONE',  ( 24.50000101790997675, 267.3804298565852378, 758.0931354135000220 ) ) ;
#5058 = CARTESIAN_POINT ( 'NONE',  ( 32.55232408808830513, 265.6569033637323969, 750.1931906329702997 ) ) ;
#5059 = ORIENTED_EDGE ( 'NONE', *, *, #1028, .F. ) ;
#5060 = CARTESIAN_POINT ( 'NONE',  ( 26.47399624663347240, 266.8942059602993027, 758.4992979286756736 ) ) ;
#5061 = CYLINDRICAL_SURFACE ( 'NONE', #1898, 3.000000000000023537 ) ;
#5062 = CARTESIAN_POINT ( 'NONE',  ( 28.50000101791000517, 234.4630042588710523, 749.0931354135001357 ) ) ;
#5063 = CARTESIAN_POINT ( 'NONE',  ( 25.98462502921945472, 232.4886642530942424, 757.1936606339488662 ) ) ;
#5064 = ORIENTED_EDGE ( 'NONE', *, *, #816, .T. ) ;
#5065 = DIRECTION ( 'NONE',  ( 1.000000000000000000, 0.000000000000000000, 0.000000000000000000 ) ) ;
#5066 = EDGE_CURVE ( 'NONE', #175, #1582, #3807, .T. ) ;
#5067 = EDGE_CURVE ( 'NONE', #2493, #1715, #1909, .T. ) ;
#5068 = EDGE_LOOP ( 'NONE', ( #473, #5183, #3672, #26, #872, #5449 ) ) ;
#5069 = SURFACE_SIDE_STYLE ('',( #2983 ) ) ;
#5070 = CARTESIAN_POINT ( 'NONE',  ( 30.16376354980100416, 232.0963050715886311, 761.0202303601395215 ) ) ;
#5071 = DIRECTION ( 'NONE',  ( 0.000000000000000000, 0.000000000000000000, 1.000000000000000000 ) ) ;
#5072 = DIRECTION ( 'NONE',  ( 1.000000000000000000, 0.000000000000000000, 0.000000000000000000 ) ) ;
#5073 = EDGE_CURVE ( 'NONE', #4500, #3605, #67, .T. ) ;
#5074 = CARTESIAN_POINT ( 'NONE',  ( 27.62961678544718680, 233.4765444393148925, 749.9223186183909320 ) ) ;
#5075 = EDGE_LOOP ( 'NONE', ( #1837, #3236 ) ) ;
#5076 = EDGE_LOOP ( 'NONE', ( #3338, #2100, #3442, #976 ) ) ;
#5077 = ORIENTED_EDGE ( 'NONE', *, *, #4201, .T. ) ;
#5078 = CARTESIAN_POINT ( 'NONE',  ( 33.46570807637402822, 234.2751336822321377, 750.8194691696372729 ) ) ;
#5079 = EDGE_LOOP ( 'NONE', ( #2159, #4417, #3251, #5396 ) ) ;
#5080 = CIRCLE ( 'NONE', #1709, 1.524999999999998579 ) ;
#5081 = LINE ( 'NONE', #1269, #915 ) ;
#5082 = DIRECTION ( 'NONE',  ( -0.000000000000000000, -0.000000000000000000, -1.000000000000000000 ) ) ;
#5083 = CIRCLE ( 'NONE', #16, 1.249999999999994227 ) ;
#5084 = CARTESIAN_POINT ( 'NONE',  ( 25.72508243721398458, 266.9340732816446007, 758.2455405958531856 ) ) ;
#5085 = CARTESIAN_POINT ( 'NONE',  ( 35.13281655382732538, 265.9209990846047162, 752.6203235200703148 ) ) ;
#5086 = ORIENTED_EDGE ( 'NONE', *, *, #982, .T. ) ;
#5087 = DIRECTION ( 'NONE',  ( 0.000000000000000000, 0.000000000000000000, 1.000000000000000000 ) ) ;
#5088 = CIRCLE ( 'NONE', #2347, 22.50000000000001421 ) ;
#5089 = DIRECTION ( 'NONE',  ( -1.000000000000000000, 0.000000000000000000, 0.000000000000000000 ) ) ;
#5090 = DIRECTION ( 'NONE',  ( 0.000000000000000000, 0.000000000000000000, 1.000000000000000000 ) ) ;
#5091 = DIRECTION ( 'NONE',  ( 0.000000000000000000, 0.000000000000000000, -1.000000000000000000 ) ) ;
#5092 = CIRCLE ( 'NONE', #3945, 22.49999999999998934 ) ;
#5093 = VERTEX_POINT ( 'NONE', #4891 ) ;
#5094 = CARTESIAN_POINT ( 'NONE',  ( -2.178892550781579285, 274.9046175315936580, 758.0931354135000220 ) ) ;
#5095 = B_SPLINE_CURVE_WITH_KNOTS ( 'NONE', 3,
 ( #2283, #885, #3135, #4375, #2586, #1390 ),
 .UNSPECIFIED., .F., .F.,
 ( 4, 2, 4 ),
 ( 0.000000000000000000, 0.5000000000000000000, 1.000000000000000000 ),
 .UNSPECIFIED. ) ;
#5096 = EDGE_LOOP ( 'NONE', ( #3487, #4684, #4701 ) ) ;
#5097 = DIRECTION ( 'NONE',  ( -0.000000000000000000, -0.000000000000000000, -1.000000000000000000 ) ) ;
#5098 = CARTESIAN_POINT ( 'NONE',  ( -20.47880008931488049, 264.3391609880760029, 757.5931354135000220 ) ) ;
#5099 = CARTESIAN_POINT ( 'NONE',  ( 1.017909983045999956E-06, 249.9997500793000142, 762.0931354135001357 ) ) ;
#5100 = CARTESIAN_POINT ( 'NONE',  ( 1.017909983045999956E-06, 249.9997500793000142, 752.5931354135001357 ) ) ;
#5101 = EDGE_CURVE ( 'NONE', #3404, #3836, #4347, .T. ) ;
#5102 = CIRCLE ( 'NONE', #4135, 21.99999999999999645 ) ;
#5103 = EDGE_CURVE ( 'NONE', #1589, #3404, #5321, .T. ) ;
#5104 = VECTOR ( 'NONE', #4276, 1000.000000000000000 ) ;
#5105 = DIRECTION ( 'NONE',  ( 0.000000000000000000, 0.1234049929975011561, 0.9923563914760092919 ) ) ;
#5106 = ORIENTED_EDGE ( 'NONE', *, *, #4501, .F. ) ;
#5107 = EDGE_CURVE ( 'NONE', #804, #1582, #3886, .T. ) ;
#5108 = ORIENTED_EDGE ( 'NONE', *, *, #1050, .T. ) ;
#5109 = ORIENTED_EDGE ( 'NONE', *, *, #5516, .F. ) ;
#5110 = EDGE_CURVE ( 'NONE', #901, #2992, #5372, .T. ) ;
#5111 = B_SPLINE_CURVE_WITH_KNOTS ( 'NONE', 3,
 ( #2947, #4131, #5411, #1164 ),
 .UNSPECIFIED., .F., .F.,
 ( 4, 4 ),
 ( 0.000000000000000000, 1.000000000000000000 ),
 .UNSPECIFIED. ) ;
#5112 = DIRECTION ( 'NONE',  ( -0.000000000000000000, -0.000000000000000000, -1.000000000000000000 ) ) ;
#5113 = EDGE_LOOP ( 'NONE', ( #1877, #1768, #2830, #1264 ) ) ;
#5114 = CIRCLE ( 'NONE', #2714, 21.99999999999999645 ) ;
#5115 = CARTESIAN_POINT ( 'NONE',  ( 28.14610500105441560, 255.0802689303503996, 749.5678965532994198 ) ) ;
#5116 = VECTOR ( 'NONE', #64, 1000.000000000000000 ) ;
#5117 = CARTESIAN_POINT ( 'NONE',  ( 35.14248473036148823, 267.1195621373878453, 754.7142231786760931 ) ) ;
#5118 = CARTESIAN_POINT ( 'NONE',  ( 26.47440346175418568, 233.1058702612427567, 758.4994729324570244 ) ) ;
#5119 = DIRECTION ( 'NONE',  ( -0.000000000000000000, -0.000000000000000000, -1.000000000000000000 ) ) ;
#5120 = CARTESIAN_POINT ( 'NONE',  ( 32.88910175488852872, 265.6799006986852874, 750.4045706336080457 ) ) ;
#5121 = AXIS2_PLACEMENT_3D ( 'NONE', #3584, #2754, #2311 ) ;
#5122 = VERTEX_POINT ( 'NONE', #2492 ) ;
#5123 = DIRECTION ( 'NONE',  ( 1.000000000000000000, 0.000000000000000000, 0.000000000000000000 ) ) ;
#5124 = CARTESIAN_POINT ( 'NONE',  ( -20.42831951386961364, 261.8396706977362101, 752.0931354135001357 ) ) ;
#5125 = CARTESIAN_POINT ( 'NONE',  ( 23.90769569382621995, 260.5652066228175272, 758.0931354135000220 ) ) ;
#5126 = DIRECTION ( 'NONE',  ( -1.000000000000000000, 0.000000000000000000, 0.000000000000000000 ) ) ;
#5127 = ORIENTED_EDGE ( 'NONE', *, *, #577, .T. ) ;
#5128 = CARTESIAN_POINT ( 'NONE',  ( -18.43091997859222531, 237.0942802614013090, 752.0931354135001357 ) ) ;
#5129 = ORIENTED_EDGE ( 'NONE', *, *, #270, .T. ) ;
#5130 = CARTESIAN_POINT ( 'NONE',  ( 25.12809033318090357, 267.2023363269267975, 750.2617437667732929 ) ) ;
#5131 = CARTESIAN_POINT ( 'NONE',  ( 29.35059014907123398, 232.2880674273128534, 759.4783516476646810 ) ) ;
#5132 = DIRECTION ( 'NONE',  ( 1.000000000000000000, 0.000000000000000000, 0.000000000000000000 ) ) ;
#5133 = CARTESIAN_POINT ( 'NONE',  ( -24.26932118111322723, 255.9997500793000427, 756.3431354135000220 ) ) ;
#5134 = VECTOR ( 'NONE', #3957, 1000.000000000000114 ) ;
#5135 = AXIS2_PLACEMENT_3D ( 'NONE', #2843, #4160, #3761 ) ;
#5136 = CONICAL_SURFACE ( 'NONE', #4606, 2.999999999999992450, 0.7853981633973954324 ) ;
#5137 = CARTESIAN_POINT ( 'NONE',  ( -29.04737407864564602, 242.4997500792999858, 757.0931354135110496 ) ) ;
#5138 = CARTESIAN_POINT ( 'NONE',  ( 24.43955285262021349, 267.3982645595224881, 749.0931354135001357 ) ) ;
#5139 = ORIENTED_EDGE ( 'NONE', *, *, #3708, .F. ) ;
#5140 = ORIENTED_EDGE ( 'NONE', *, *, #3344, .F. ) ;
#5141 = VECTOR ( 'NONE', #2792, 1000.000000000000000 ) ;
#5142 = CARTESIAN_POINT ( 'NONE',  ( -0.6538925507815788185, 274.9046175315936580, 752.0931354135001357 ) ) ;
#5143 = ORIENTED_EDGE ( 'NONE', *, *, #1403, .T. ) ;
#5144 = EDGE_CURVE ( 'NONE', #2567, #2260, #3536, .T. ) ;
#5145 = ADVANCED_FACE ( 'NONE', ( #2021 ), #352, .T. ) ;
#5146 = CARTESIAN_POINT ( 'NONE',  ( 28.05817531098728423, 255.5404048546217552, 749.5674746737170153 ) ) ;
#5147 = DIRECTION ( 'NONE',  ( -1.000000000000000000, 0.000000000000000000, 0.000000000000000000 ) ) ;
#5148 = DIRECTION ( 'NONE',  ( -1.000000000000000000, -0.000000000000000000, -0.000000000000000000 ) ) ;
#5149 = CARTESIAN_POINT ( 'NONE',  ( 35.50000101791005847, 232.6000645335093395, 756.9697169650055457 ) ) ;
#5150 = AXIS2_PLACEMENT_3D ( 'NONE', #5412, #1594, #3705 ) ;
#5151 = CARTESIAN_POINT ( 'NONE',  ( 33.36437282623177936, 265.7160268879010800, 750.7365305154545467 ) ) ;
#5152 = CIRCLE ( 'NONE', #3273, 1.524999999999998579 ) ;
#5153 = EDGE_CURVE ( 'NONE', #4374, #4110, #243, .T. ) ;
#5154 = ORIENTED_EDGE ( 'NONE', *, *, #651, .F. ) ;
#5155 = CYLINDRICAL_SURFACE ( 'NONE', #1205, 1.499999999999952704 ) ;
#5156 = CARTESIAN_POINT ( 'NONE',  ( -13.99999898208992377, 228.3491149846890096, 752.3931354135000902 ) ) ;
#5157 = DIRECTION ( 'NONE',  ( -0.000000000000000000, -0.000000000000000000, -1.000000000000000000 ) ) ;
#5158 = ORIENTED_EDGE ( 'NONE', *, *, #881, .T. ) ;
#5159 = CARTESIAN_POINT ( 'NONE',  ( 23.74524426668271460, 231.4716977951237027, 757.0745135093395675 ) ) ;
#5160 = ORIENTED_EDGE ( 'NONE', *, *, #3613, .T. ) ;
#5161 = CARTESIAN_POINT ( 'NONE',  ( -28.83267729831250747, 241.7103396188243494, 749.4798469858237695 ) ) ;
#5162 = DIRECTION ( 'NONE',  ( -0.06162841671621839545, 0.7044160264027231610, -0.7071067811865829889 ) ) ;
#5163 = CARTESIAN_POINT ( 'NONE',  ( 28.60000101797107064, 249.5515596899993227, 749.5876260447200821 ) ) ;
#5164 = CARTESIAN_POINT ( 'NONE',  ( -24.53832548865137397, 254.7825104691072795, 755.4223595740978681 ) ) ;
#5165 = FACE_OUTER_BOUND ( 'NONE', #1153, .T. ) ;
#5166 = CARTESIAN_POINT ( 'NONE',  ( 26.58530471000394257, 233.4737595780378570, 749.9669697605451120 ) ) ;
#5167 = VERTEX_POINT ( 'NONE', #708 ) ;
#5168 = ORIENTED_EDGE ( 'NONE', *, *, #2139, .T. ) ;
#5169 = EDGE_LOOP ( 'NONE', ( #3102, #2704, #2050, #2490 ) ) ;
#5170 = CARTESIAN_POINT ( 'NONE',  ( 28.59494475990651452, 255.1602707084223880, 749.0935838839767484 ) ) ;
#5171 = B_SPLINE_CURVE_WITH_KNOTS ( 'NONE', 1,
 ( #323, #292 ),
 .UNSPECIFIED., .F., .F.,
 ( 2, 2 ),
 ( 0.4102587838473485404, 1.000000000000000000 ),
 .UNSPECIFIED. ) ;
#5172 = CYLINDRICAL_SURFACE ( 'NONE', #3352, 3.000000000000023537 ) ;
#5173 = EDGE_CURVE ( 'NONE', #2493, #4236, #3952, .T. ) ;
#5174 = EDGE_CURVE ( 'NONE', #835, #830, #1129, .T. ) ;
#5175 = CARTESIAN_POINT ( 'NONE',  ( 35.98040246761360095, 266.0980445076560841, 754.2474146073479915 ) ) ;
#5176 = VERTEX_POINT ( 'NONE', #4225 ) ;
#5177 =( BOUNDED_CURVE ( )  B_SPLINE_CURVE ( 3, ( #2205, #3956, #2699, #3007 ),
 .UNSPECIFIED., .F., .T. ) 
 B_SPLINE_CURVE_WITH_KNOTS ( ( 4, 4 ),
 ( 2.189438040549120501, 2.235476007530452947 ),
 .UNSPECIFIED. ) 
 CURVE ( )  GEOMETRIC_REPRESENTATION_ITEM ( )  RATIONAL_B_SPLINE_CURVE ( ( 1.000000000000000000, 0.9998233832652708708, 0.9998233832652708708, 1.000000000000000000 ) ) 
 REPRESENTATION_ITEM ( '' )  );
#5178 = CIRCLE ( 'NONE', #992, 28.59999999999999787 ) ;
#5179 = CARTESIAN_POINT ( 'NONE',  ( 29.35042089457332537, 267.7119797301181734, 759.4781259210926692 ) ) ;
#5180 =( NAMED_UNIT ( * ) SI_UNIT ( $, .STERADIAN. ) SOLID_ANGLE_UNIT ( ) );
#5181 = CARTESIAN_POINT ( 'NONE',  ( -20.47880008931491602, 264.3391609880760598, 752.0931354135001357 ) ) ;
#5182 = DIRECTION ( 'NONE',  ( 0.000000000000000000, 0.000000000000000000, -1.000000000000000000 ) ) ;
#5183 = ORIENTED_EDGE ( 'NONE', *, *, #3298, .T. ) ;
#5184 = EDGE_CURVE ( 'NONE', #3928, #2992, #3900, .T. ) ;
#5185 = CARTESIAN_POINT ( 'NONE',  ( -29.04737407864564958, 255.9997500793000427, 755.0931354135001357 ) ) ;
#5186 = ORIENTED_EDGE ( 'NONE', *, *, #3642, .F. ) ;
#5187 = CARTESIAN_POINT ( 'NONE',  ( -27.59474992014531125, 257.5157848786042791, 750.8017603837440674 ) ) ;
#5188 = PRESENTATION_LAYER_ASSIGNMENT (  '', '', ( #1089 ) ) ;
#5189 = CARTESIAN_POINT ( 'NONE',  ( 25.94724531070676221, 265.0807824364044336, 748.6899586726067355 ) ) ;
#5190 = CARTESIAN_POINT ( 'NONE',  ( 23.68184293331541568, 268.4163285751483841, 749.3078186960163976 ) ) ;
#5191 = CARTESIAN_POINT ( 'NONE',  ( -24.26932118111322723, 255.9997500793000427, 756.3431354135000220 ) ) ;
#5192 = CONICAL_SURFACE ( 'NONE', #1889, 1.524999999999998579, 0.7853981633974924659 ) ;
#5193 = CARTESIAN_POINT ( 'NONE',  ( 26.14909796228851135, 233.1110510797368818, 758.3721112336343140 ) ) ;
#5194 =( NAMED_UNIT ( * ) PLANE_ANGLE_UNIT ( ) SI_UNIT ( $, .RADIAN. ) );
#5195 = ORIENTED_EDGE ( 'NONE', *, *, #2885, .T. ) ;
#5196 = ORIENTED_EDGE ( 'NONE', *, *, #4841, .T. ) ;
#5197 = ORIENTED_EDGE ( 'NONE', *, *, #1050, .F. ) ;
#5198 = AXIS2_PLACEMENT_3D ( 'NONE', #3733, #275, #4903 ) ;
#5199 = CARTESIAN_POINT ( 'NONE',  ( 28.41813411000613243, 253.2284049973434605, 749.5763068547335024 ) ) ;
#5200 = CARTESIAN_POINT ( 'NONE',  ( 28.50000101790999807, 266.5295582833005028, 749.9697304205026285 ) ) ;
#5201 = VECTOR ( 'NONE', #1951, 1000.000000000000000 ) ;
#5202 = CARTESIAN_POINT ( 'NONE',  ( 1.017909983045999956E-06, 234.4630042588713934, 749.0931354135001357 ) ) ;
#5203 = COLOUR_RGB ( '',0.8980392156862745390, 0.9176470588235293713, 0.9294117647058823817 ) ;
#5204 = CARTESIAN_POINT ( 'NONE',  ( -20.35764670824609368, 241.6591158673390680, 757.5931354135000220 ) ) ;
#5205 = UNCERTAINTY_MEASURE_WITH_UNIT (LENGTH_MEASURE( 1.000000000000000082E-05 ), #1416, 'distance_accuracy_value', 'NONE');
#5206 = CARTESIAN_POINT ( 'NONE',  ( 25.18083784301979478, 233.4722801847559026, 749.0931354135001357 ) ) ;
#5207 = AXIS2_PLACEMENT_3D ( 'NONE', #4165, #422, #2149 ) ;
#5208 = ORIENTED_EDGE ( 'NONE', *, *, #1395, .F. ) ;
#5209 = SURFACE_STYLE_FILL_AREA ( #2669 ) ;
#5210 = FACE_OUTER_BOUND ( 'NONE', #2745, .T. ) ;
#5211 = CARTESIAN_POINT ( 'NONE',  ( 36.50003629442746700, 233.6493992255779233, 756.5695337114115091 ) ) ;
#5212 = FACE_OUTER_BOUND ( 'NONE', #5479, .T. ) ;
#5213 = DIRECTION ( 'NONE',  ( 0.000000000000000000, 0.000000000000000000, -1.000000000000000000 ) ) ;
#5214 =( BOUNDED_SURFACE ( )  B_SPLINE_SURFACE ( 3, 2, ( 
 ( #2570, #2242, #5190 ),
 ( #1374, #565, #1317 ),
 ( #4303, #953, #2654 ),
 ( #2271, #979, #896 ) ),
 .UNSPECIFIED., .F., .F., .F. ) 
 B_SPLINE_SURFACE_WITH_KNOTS ( ( 4, 4 ),
 ( 3, 3 ),
 ( 0.6785059800798729501, 0.6883570189046912535 ),
 ( 0.000000000000000000, 1.000000000000000000 ),
 .UNSPECIFIED. ) 
 GEOMETRIC_REPRESENTATION_ITEM ( )  RATIONAL_B_SPLINE_SURFACE ( (
 ( 1.000000000000000000, 0.8969932123440215177, 1.000000000000000000),
 ( 1.000000000000000000, 0.8994587340646128526, 1.000000000000000000),
 ( 1.000000000000000000, 0.9018672723412212155, 1.000000000000000000),
 ( 1.000000000000000000, 0.9042195586153245479, 1.000000000000000000) ) ) 
 REPRESENTATION_ITEM ( '' )  SURFACE ( )  );
#5215 = EDGE_CURVE ( 'NONE', #2934, #1342, #4519, .T. ) ;
#5216 = ORIENTED_EDGE ( 'NONE', *, *, #2194, .T. ) ;
#5217 = ADVANCED_FACE ( 'NONE', ( #844 ), #3354, .F. ) ;
#5218 = CARTESIAN_POINT ( 'NONE',  ( 28.37228347853361399, 253.6043768453394307, 749.5742211453876962 ) ) ;
#5219 = DIRECTION ( 'NONE',  ( 0.000000000000000000, 0.000000000000000000, -1.000000000000000000 ) ) ;
#5220 = CARTESIAN_POINT ( 'NONE',  ( -29.04737407864563892, 257.4997500792998153, 750.8228464436782588 ) ) ;
#5221 = CARTESIAN_POINT ( 'NONE',  ( -24.53659408308408629, 254.7909690508099914, 754.7642513975105203 ) ) ;
#5222 = ADVANCED_FACE ( 'NONE', ( #10 ), #4252, .F. ) ;
#5223 = CARTESIAN_POINT ( 'NONE',  ( 26.47440346175415726, 233.1058702612427282, 758.4994729324570244 ) ) ;
#5224 = CARTESIAN_POINT ( 'NONE',  ( 27.19721994433344392, 265.5372018918245089, 749.0931354135001357 ) ) ;
#5225 = CONICAL_SURFACE ( 'NONE', #2816, 1.525000000000000355, 0.7853981633974045362 ) ;
#5226 = ORIENTED_EDGE ( 'NONE', *, *, #2258, .T. ) ;
#5227 = ORIENTED_EDGE ( 'NONE', *, *, #1375, .T. ) ;
#5228 = VERTEX_POINT ( 'NONE', #5142 ) ;
#5229 = AXIS2_PLACEMENT_3D ( 'NONE', #1093, #5307, #3687 ) ;
#5230 = CARTESIAN_POINT ( 'NONE',  ( 22.65769569382622350, 260.5652066228175272, 752.5931354135001357 ) ) ;
#5231 = FILL_AREA_STYLE ('',( #102 ) ) ;
#5232 = VECTOR ( 'NONE', #3336, 1000.000000000000000 ) ;
#5233 = CARTESIAN_POINT ( 'NONE',  ( 36.45968133882782780, 266.3204035073804334, 756.2909448402220960 ) ) ;
#5234 = ORIENTED_EDGE ( 'NONE', *, *, #2139, .F. ) ;
#5235 = LINE ( 'NONE', #581, #3879 ) ;
#5236 = PLANE ( 'NONE',  #35 ) ;
#5237 = CARTESIAN_POINT ( 'NONE',  ( 33.78661295237499473, 234.2483067399127208, 751.0660388489802699 ) ) ;
#5238 = SURFACE_STYLE_USAGE ( .BOTH. , #5293 ) ;
#5239 = CARTESIAN_POINT ( 'NONE',  ( 23.81131378959808842, 268.2875137355675861, 756.8840386436825156 ) ) ;
#5240 = B_SPLINE_CURVE_WITH_KNOTS ( 'NONE', 3,
 ( #772, #2444, #4559, #2915 ),
 .UNSPECIFIED., .F., .F.,
 ( 4, 4 ),
 ( 0.000000000000000000, 0.0001622901846029673183 ),
 .UNSPECIFIED. ) ;
#5241 = MECHANICAL_DESIGN_GEOMETRIC_PRESENTATION_REPRESENTATION (  '', ( #3811 ), #433 ) ;
#5242 = ORIENTED_EDGE ( 'NONE', *, *, #4930, .F. ) ;
#5243 = CARTESIAN_POINT ( 'NONE',  ( 28.14312718359921917, 255.0975024472221264, 749.5678459050883475 ) ) ;
#5244 = CARTESIAN_POINT ( 'NONE',  ( 24.05726560836839312, 267.9383894258921259, 751.2142171350676563 ) ) ;
#5245 = FACE_OUTER_BOUND ( 'NONE', #3830, .T. ) ;
#5246 = CARTESIAN_POINT ( 'NONE',  ( -24.01900426753378426, 256.9345201083430084, 755.9270091392837685 ) ) ;
#5247 = EDGE_CURVE ( 'NONE', #2046, #2967, #2111, .T. ) ;
#5248 = CARTESIAN_POINT ( 'NONE',  ( 35.21122060185064129, 234.0662830700034363, 752.7386884305443573 ) ) ;
#5249 = EDGE_CURVE ( 'NONE', #4175, #3012, #4693, .T. ) ;
#5250 =( NAMED_UNIT ( * ) SI_UNIT ( $, .STERADIAN. ) SOLID_ANGLE_UNIT ( ) );
#5251 = CARTESIAN_POINT ( 'NONE',  ( -18.02134395644772979, 237.3810684795768111, 755.0931354135001357 ) ) ;
#5252 = VERTEX_POINT ( 'NONE', #145 ) ;
#5253 = ORIENTED_EDGE ( 'NONE', *, *, #3784, .T. ) ;
#5254 = EDGE_LOOP ( 'NONE', ( #2370, #2384, #737, #2303 ) ) ;
#5255 = ADVANCED_FACE ( 'NONE', ( #1851 ), #194, .F. ) ;
#5256 = CARTESIAN_POINT ( 'NONE',  ( -29.04737407864564958, 255.9997500793000427, 755.0931354135001357 ) ) ;
#5257 = FACE_OUTER_BOUND ( 'NONE', #3622, .T. ) ;
#5258 = CARTESIAN_POINT ( 'NONE',  ( 36.44831685002482402, 266.3087699906207604, 756.1840245525656883 ) ) ;
#5259 = ORIENTED_EDGE ( 'NONE', *, *, #1257, .T. ) ;
#5260 = CARTESIAN_POINT ( 'NONE',  ( 19.65769569382639403, 239.4342935357827855, 752.5931354135001357 ) ) ;
#5261 = CARTESIAN_POINT ( 'NONE',  ( 17.40202599221985835, 236.5398270931348463, 752.5931354135001357 ) ) ;
#5262 = CARTESIAN_POINT ( 'NONE',  ( 24.74710971146139116, 267.9007586810960788, 757.0540388499746314 ) ) ;
#5263 = DIRECTION ( 'NONE',  ( 0.000000000000000000, 0.000000000000000000, -1.000000000000000000 ) ) ;
#5264 = AXIS2_PLACEMENT_3D ( 'NONE', #5348, #3218, #4921 ) ;
#5265 = EDGE_LOOP ( 'NONE', ( #4919, #1787, #1177, #4311, #2988, #2647, #709, #1829, #397, #1574, #836, #1750, #1913, #3803, #3184, #5445, #3820, #3293, #5373, #1726, #4488, #3756, #262 ) ) ;
#5266 = LINE ( 'NONE', #114, #1462 ) ;
#5267 = DIRECTION ( 'NONE',  ( 1.000000000000000000, 0.000000000000000000, 0.000000000000000000 ) ) ;
#5268 = CARTESIAN_POINT ( 'NONE',  ( -24.26932118111325209, 243.9997500793000427, 756.3431354135000220 ) ) ;
#5269 = DIRECTION ( 'NONE',  ( -0.000000000000000000, -0.000000000000000000, 1.000000000000000000 ) ) ;
#5270 = VECTOR ( 'NONE', #3882, 1000.000000000000000 ) ;
#5271 = DIRECTION ( 'NONE',  ( 0.000000000000000000, 0.000000000000000000, -1.000000000000000000 ) ) ;
#5272 = CARTESIAN_POINT ( 'NONE',  ( 22.65769569382622350, 260.5652066228175272, 752.0931354135001357 ) ) ;
#5273 = EDGE_CURVE ( 'NONE', #4127, #5434, #4520, .T. ) ;
#5274 = LINE ( 'NONE', #4415, #388 ) ;
#5275 = EDGE_CURVE ( 'NONE', #4477, #1589, #4432, .T. ) ;
#5276 = AXIS2_PLACEMENT_3D ( 'NONE', #3366, #2090, #4266 ) ;
#5277 = ORIENTED_EDGE ( 'NONE', *, *, #925, .F. ) ;
#5278 = ORIENTED_EDGE ( 'NONE', *, *, #4171, .T. ) ;
#5279 = ORIENTED_EDGE ( 'NONE', *, *, #2420, .F. ) ;
#5280 = CARTESIAN_POINT ( 'NONE',  ( 25.84365879474312422, 265.9950949958266619, 749.0931354135001357 ) ) ;
#5281 = EDGE_CURVE ( 'NONE', #1431, #4236, #5334, .T. ) ;
#5282 = EDGE_CURVE ( 'NONE', #376, #939, #2741, .T. ) ;
#5283 = VECTOR ( 'NONE', #2657, 1000.000000000000114 ) ;
#5284 = DIRECTION ( 'NONE',  ( -1.000000000000000000, 0.000000000000000000, 0.000000000000000000 ) ) ;
#5285 = VECTOR ( 'NONE', #1306, 999.9999999999998863 ) ;
#5286 = FACE_BOUND ( 'NONE', #3798, .T. ) ;
#5287 = EDGE_LOOP ( 'NONE', ( #4886, #4945, #4621, #1303 ) ) ;
#5288 = AXIS2_PLACEMENT_3D ( 'NONE', #4955, #1224, #1614 ) ;
#5289 = ORIENTED_EDGE ( 'NONE', *, *, #4268, .T. ) ;
#5290 = LINE ( 'NONE', #3192, #1748 ) ;
#5291 = LINE ( 'NONE', #3137, #300 ) ;
#5292 = CARTESIAN_POINT ( 'NONE',  ( -23.97459466003390460, 242.9129128460524782, 754.4540151099737386 ) ) ;
#5293 = SURFACE_SIDE_STYLE ('',( #2757 ) ) ;
#5294 = AXIS2_PLACEMENT_3D ( 'NONE', #3575, #1384, #1410 ) ;
#5295 = FACE_OUTER_BOUND ( 'NONE', #5504, .T. ) ;
#5296 = CIRCLE ( 'NONE', #2274, 25.50000000000002132 ) ;
#5297 = CARTESIAN_POINT ( 'NONE',  ( 25.77541809568971232, 267.0178492096371770, 758.0931354135001357 ) ) ;
#5298 = CARTESIAN_POINT ( 'NONE',  ( 25.58066436522125997, 267.5962868836763278, 757.1120222636105837 ) ) ;
#5299 = AXIS2_PLACEMENT_3D ( 'NONE', #5100, #5418, #1286 ) ;
#5300 = CARTESIAN_POINT ( 'NONE',  ( 28.26326371806590387, 245.6231458175656144, 749.5703486297668405 ) ) ;
#5301 = CARTESIAN_POINT ( 'NONE',  ( 19.93877233271642879, 240.7021483210048416, 757.5931354135000220 ) ) ;
#5302 = CARTESIAN_POINT ( 'NONE',  ( -29.04050014880963104, 257.5263726950778960, 755.1848020801666053 ) ) ;
#5303 = AXIS2_PLACEMENT_3D ( 'NONE', #2779, #662, #2371 ) ;
#5304 = CARTESIAN_POINT ( 'NONE',  ( 28.22804151037023956, 245.3786958730055687, 749.5691387379650905 ) ) ;
#5305 = LINE ( 'NONE', #3631, #1379 ) ;
#5306 = DIRECTION ( 'NONE',  ( -1.000000000000000000, 0.000000000000000000, 0.000000000000000000 ) ) ;
#5307 = DIRECTION ( 'NONE',  ( -0.000000000000000000, -0.000000000000000000, -1.000000000000000000 ) ) ;
#5308 = ORIENTED_EDGE ( 'NONE', *, *, #822, .T. ) ;
#5309 = ORIENTED_EDGE ( 'NONE', *, *, #2688, .T. ) ;
#5310 = ORIENTED_EDGE ( 'NONE', *, *, #4229, .F. ) ;
#5311 = CARTESIAN_POINT ( 'NONE',  ( 24.78727622505840245, 266.9428164289668644, 749.0931354135003630 ) ) ;
#5312 = AXIS2_PLACEMENT_3D ( 'NONE', #3534, #4069, #584 ) ;
#5313 = DIRECTION ( 'NONE',  ( -1.000000000000000000, -0.000000000000000000, -0.000000000000000000 ) ) ;
#5314 = DIRECTION ( 'NONE',  ( -0.000000000000000000, 1.000000000000000000, -0.000000000000000000 ) ) ;
#5315 = VERTEX_POINT ( 'NONE', #1982 ) ;
#5316 =( GEOMETRIC_REPRESENTATION_CONTEXT ( 3 ) GLOBAL_UNCERTAINTY_ASSIGNED_CONTEXT ( ( #1069 ) ) GLOBAL_UNIT_ASSIGNED_CONTEXT ( ( #1145, #1516, #3501 ) ) REPRESENTATION_CONTEXT ( 'NONE', 'WORKASPACE' ) );
#5317 = EDGE_CURVE ( 'NONE', #2029, #1606, #2216, .T. ) ;
#5318 = EDGE_CURVE ( 'NONE', #1094, #3055, #1034, .T. ) ;
#5319 = VECTOR ( 'NONE', #4898, 1000.000000000000114 ) ;
#5320 = ORIENTED_EDGE ( 'NONE', *, *, #822, .F. ) ;
#5321 = CIRCLE ( 'NONE', #1492, 2.500000000000030198 ) ;
#5322 = DIRECTION ( 'NONE',  ( -0.000000000000000000, -0.000000000000000000, -1.000000000000000000 ) ) ;
#5323 = CARTESIAN_POINT ( 'NONE',  ( 27.92159833232462418, 267.5397485166848810, 758.0931354135005904 ) ) ;
#5324 = CARTESIAN_POINT ( 'NONE',  ( -23.92558001843736548, 242.7494692460918770, 755.2582469797415570 ) ) ;
#5325 = CARTESIAN_POINT ( 'NONE',  ( -14.29999898208989606, 228.3491149846890096, 752.0931354135001357 ) ) ;
#5326 = CARTESIAN_POINT ( 'NONE',  ( 24.90099386401746528, 267.8416392565500246, 757.1906238087631209 ) ) ;
#5327 = AXIS2_PLACEMENT_3D ( 'NONE', #3205, #4958, #5386 ) ;
#5328 = ADVANCED_FACE ( 'NONE', ( #2299 ), #226, .T. ) ;
#5329 = VERTEX_POINT ( 'NONE', #1060 ) ;
#5330 = EDGE_LOOP ( 'NONE', ( #686, #2202, #2605, #769 ) ) ;
#5331 = CARTESIAN_POINT ( 'NONE',  ( 26.14958660086822917, 266.8858257232328697, 758.3699264613059086 ) ) ;
#5332 = CARTESIAN_POINT ( 'NONE',  ( -20.41822339878040538, 238.6597275189313621, 762.0931354135001357 ) ) ;
#5333 = DIRECTION ( 'NONE',  ( 1.000000000000000000, 0.000000000000000000, 0.000000000000000000 ) ) ;
#5334 = LINE ( 'NONE', #593, #1771 ) ;
#5335 = CARTESIAN_POINT ( 'NONE',  ( 36.50000101791000162, 266.4076905170830969, 757.0931354135001357 ) ) ;
#5336 = CARTESIAN_POINT ( 'NONE',  ( 25.98740760922601822, 267.5109187004112528, 757.1943777578994741 ) ) ;
#5337 = DIRECTION ( 'NONE',  ( -0.000000000000000000, -0.000000000000000000, -1.000000000000000000 ) ) ;
#5338 = CARTESIAN_POINT ( 'NONE',  ( 28.54881461618854388, 244.6043900549958323, 749.0931354135001357 ) ) ;
#5339 = ORIENTED_EDGE ( 'NONE', *, *, #200, .T. ) ;
#5340 = ORIENTED_EDGE ( 'NONE', *, *, #2117, .F. ) ;
#5341 = ORIENTED_EDGE ( 'NONE', *, *, #4876, .F. ) ;
#5342 = CARTESIAN_POINT ( 'NONE',  ( 36.50000101791000162, 223.5005589826000119, 758.0931354135000220 ) ) ;
#5343 = CARTESIAN_POINT ( 'NONE',  ( 23.68963906130696273, 268.5735940564754856, 757.0757960717633068 ) ) ;
#5344 = CARTESIAN_POINT ( 'NONE',  ( 36.44722687853753484, 233.6934982708939970, 756.1642955457170956 ) ) ;
#5345 = EDGE_LOOP ( 'NONE', ( #1191, #1919, #3075, #4063 ) ) ;
#5346 = B_SPLINE_CURVE_WITH_KNOTS ( 'NONE', 3,
 ( #4462, #5302, #3652, #1113 ),
 .UNSPECIFIED., .F., .F.,
 ( 4, 4 ),
 ( 1.799156205994911772E-05, 0.0005679915620601105886 ),
 .UNSPECIFIED. ) ;
#5347 = CARTESIAN_POINT ( 'NONE',  ( 26.47210827529481136, 267.4368293727842456, 757.2655151580686379 ) ) ;
#5348 = CARTESIAN_POINT ( 'NONE',  ( 2.955623769756750008, 228.1991928811738433, 757.5931354135000220 ) ) ;
#5349 = ADVANCED_FACE ( 'NONE', ( #3256 ), #785, .F. ) ;
#5350 = CARTESIAN_POINT ( 'NONE',  ( 24.29788809982689202, 268.1426161835496487, 757.0626596341394361 ) ) ;
#5351 = EDGE_CURVE ( 'NONE', #871, #1736, #5346, .T. ) ;
#5352 = DIRECTION ( 'NONE',  ( -0.000000000000000000, -0.000000000000000000, -1.000000000000000000 ) ) ;
#5353 = ORIENTED_EDGE ( 'NONE', *, *, #3410, .T. ) ;
#5354 = FACE_OUTER_BOUND ( 'NONE', #5019, .T. ) ;
#5355 = CARTESIAN_POINT ( 'NONE',  ( 24.22171281142763988, 268.1898428865558230, 757.0642094601695362 ) ) ;
#5356 = DIRECTION ( 'NONE',  ( -0.7071067811865162644, 0.000000000000000000, -0.7071067811865787700 ) ) ;
#5357 = CARTESIAN_POINT ( 'NONE',  ( 1.017909983045999956E-06, 249.9997500793000142, 827.1756946511300157 ) ) ;
#5358 = ADVANCED_FACE ( 'NONE', ( #3992 ), #339, .T. ) ;
#5359 = LINE ( 'NONE', #2403, #4325 ) ;
#5360 = CONICAL_SURFACE ( 'NONE', #4989, 1.524999999999998579, 0.7853981633974419507 ) ;
#5361 = CARTESIAN_POINT ( 'NONE',  ( 22.65769569382641890, 239.4342935357827855, 757.5931354135000220 ) ) ;
#5362 = DIRECTION ( 'NONE',  ( 0.000000000000000000, 0.000000000000000000, 1.000000000000000000 ) ) ;
#5363 = CARTESIAN_POINT ( 'NONE',  ( 24.82076739697236434, 267.2146722680699895, 758.1027809892057121 ) ) ;
#5364 = AXIS2_PLACEMENT_3D ( 'NONE', #62, #2630, #1770 ) ;
#5365 = CARTESIAN_POINT ( 'NONE',  ( 24.79835840816732428, 267.8763497237754336, 757.0531005173528456 ) ) ;
#5366 = ORIENTED_EDGE ( 'NONE', *, *, #1402, .T. ) ;
#5367 = ORIENTED_EDGE ( 'NONE', *, *, #2487, .F. ) ;
#5368 = COLOUR_RGB ( '',0.8980392156862745390, 0.9176470588235293713, 0.9294117647058823817 ) ;
#5369 = DIRECTION ( 'NONE',  ( -1.000000000000000000, 0.000000000000000000, 0.000000000000000000 ) ) ;
#5370 = PRESENTATION_LAYER_ASSIGNMENT (  '', '', ( #1539 ) ) ;
#5371 = CARTESIAN_POINT ( 'NONE',  ( -3.428892550781578397, 274.9046175315936580, 752.3681354135001129 ) ) ;
#5372 = LINE ( 'NONE', #3271, #424 ) ;
#5373 = ORIENTED_EDGE ( 'NONE', *, *, #520, .T. ) ;
#5374 = CARTESIAN_POINT ( 'NONE',  ( 23.95502670484006913, 231.6342701755436053, 757.0697865581895485 ) ) ;
#5375 = FACE_OUTER_BOUND ( 'NONE', #1933, .T. ) ;
#5377 = CIRCLE ( 'NONE', #4042, 5.000000000000015099 ) ;
#5376 = FACE_OUTER_BOUND ( 'NONE', #2497, .T. ) ;
#5378 = CARTESIAN_POINT ( 'NONE',  ( -27.49271818505193821, 240.6142109769284048, 749.0931354135001357 ) ) ;
#5379 = CIRCLE ( 'NONE', #1895, 3.000000000000023537 ) ;
#5380 = ORIENTED_EDGE ( 'NONE', *, *, #5351, .T. ) ;
#5381 = ORIENTED_EDGE ( 'NONE', *, *, #4875, .T. ) ;
#5382 = CARTESIAN_POINT ( 'NONE',  ( -27.49272142414583442, 259.3852798213344499, 749.0931354135000220 ) ) ;
#5383 = DIRECTION ( 'NONE',  ( -0.000000000000000000, -0.000000000000000000, -1.000000000000000000 ) ) ;
#5384 = CARTESIAN_POINT ( 'NONE',  ( 20.15769569382638693, 239.4342935357827855, 758.0931354135000220 ) ) ;
#5385 = CARTESIAN_POINT ( 'NONE',  ( 20.40202599221985835, 236.5398270931348463, 757.5931354135000220 ) ) ;
#5386 = DIRECTION ( 'NONE',  ( -1.000000000000000000, 0.000000000000000000, 0.000000000000000000 ) ) ;
#5387 = CIRCLE ( 'NONE', #4305, 1.249999999999997558 ) ;
#5388 = ADVANCED_FACE ( 'NONE', ( #1894 ), #281, .F. ) ;
#5389 = EDGE_CURVE ( 'NONE', #175, #3827, #4215, .T. ) ;
#5390 = CIRCLE ( 'NONE', #661, 25.00000000000007461 ) ;
#5391 = CARTESIAN_POINT ( 'NONE',  ( 1.017909983045999956E-06, 265.5372018918245089, 749.0931354135001357 ) ) ;
#5392 = CARTESIAN_POINT ( 'NONE',  ( 22.00000101790997675, 249.9997500793000142, 757.5931354135000220 ) ) ;
#5393 = CARTESIAN_POINT ( 'NONE',  ( 36.11871543091064041, 266.9162684678394726, 758.0931354135000220 ) ) ;
#5394 = CARTESIAN_POINT ( 'NONE',  ( 0.3883656094877800391, 226.6470377540900927, 752.5931354135001357 ) ) ;
#5395 = ORIENTED_EDGE ( 'NONE', *, *, #1088, .T. ) ;
#5396 = ORIENTED_EDGE ( 'NONE', *, *, #4973, .F. ) ;
#5397 = EDGE_CURVE ( 'NONE', #2435, #5122, #3762, .T. ) ;
#5398 = CARTESIAN_POINT ( 'NONE',  ( 27.13967732340575978, 267.1420520209161396, 754.8950746914123329 ) ) ;
#5399 = CARTESIAN_POINT ( 'NONE',  ( -20.35764670824609368, 241.6591158673390680, 758.0931354135000220 ) ) ;
#5400 = CARTESIAN_POINT ( 'NONE',  ( 24.64272244928736555, 232.4897610116624094, 750.2529456393848477 ) ) ;
#5401 = EDGE_LOOP ( 'NONE', ( #994, #4566 ) ) ;
#5402 = DIRECTION ( 'NONE',  ( -1.000000000000000000, 0.000000000000000000, 0.000000000000000000 ) ) ;
#5403 = CARTESIAN_POINT ( 'NONE',  ( -1.917425322538268695, 228.0834667212815816, 755.0931354135000220 ) ) ;
#5404 = CARTESIAN_POINT ( 'NONE',  ( -20.47880008931491602, 264.3391609880760598, 752.3681354135001129 ) ) ;
#5405 = CARTESIAN_POINT ( 'NONE',  ( 17.40202599221967006, 263.4596730654654948, 752.5931354135001357 ) ) ;
#5406 = CIRCLE ( 'NONE', #4601, 1.524999999999998579 ) ;
#5407 = ORIENTED_EDGE ( 'NONE', *, *, #3706, .T. ) ;
#5408 = CARTESIAN_POINT ( 'NONE',  ( 27.92161774250213924, 232.4603457823492647, 758.0931354135000220 ) ) ;
#5409 =( NAMED_UNIT ( * ) PLANE_ANGLE_UNIT ( ) SI_UNIT ( $, .RADIAN. ) );
#5410 = CARTESIAN_POINT ( 'NONE',  ( 24.90075310317163826, 267.8308609869404222, 757.0537045019334528 ) ) ;
#5411 = CARTESIAN_POINT ( 'NONE',  ( 28.20545054662819240, 255.5694873326588947, 749.4093615869779796 ) ) ;
#5412 = CARTESIAN_POINT ( 'NONE',  ( -12.49999898208992910, 271.6503851739110473, 755.5931354135000220 ) ) ;
#5413 = AXIS2_PLACEMENT_3D ( 'NONE', #4983, #3312, #4189 ) ;
#5414 = CARTESIAN_POINT ( 'NONE',  ( 19.45283122758999994, 233.4706495407533566, 749.9697169650055457 ) ) ;
#5415 = SURFACE_STYLE_FILL_AREA ( #1595 ) ;
#5416 = CARTESIAN_POINT ( 'NONE',  ( 26.69582266237006962, 232.5402171001050249, 757.4311845573106439 ) ) ;
#5417 = CARTESIAN_POINT ( 'NONE',  ( -29.04737407864564958, 255.9997500793000427, 753.5681354135000447 ) ) ;
#5418 = DIRECTION ( 'NONE',  ( 0.000000000000000000, 0.000000000000000000, -1.000000000000000000 ) ) ;
#5419 = ORIENTED_EDGE ( 'NONE', *, *, #1602, .F. ) ;
#5420 = EDGE_CURVE ( 'NONE', #1147, #3055, #4699, .T. ) ;
#5421 = ORIENTED_EDGE ( 'NONE', *, *, #2994, .F. ) ;
#5422 = EDGE_CURVE ( 'NONE', #730, #1227, #3179, .T. ) ;
#5423 = AXIS2_PLACEMENT_3D ( 'NONE', #1534, #719, #2453 ) ;
#5424 = DIRECTION ( 'NONE',  ( 0.000000000000000000, 1.000000000000000000, 0.000000000000000000 ) ) ;
#5425 = ORIENTED_EDGE ( 'NONE', *, *, #340, .F. ) ;
#5426 = CARTESIAN_POINT ( 'NONE',  ( 23.79523585700850674, 268.4892962749220260, 757.0733798518232334 ) ) ;
#5427 = EDGE_CURVE ( 'NONE', #1656, #1518, #3345, .T. ) ;
#5428 = CARTESIAN_POINT ( 'NONE',  ( 23.98910629900473168, 231.9338449062693996, 750.1933313052350059 ) ) ;
#5429 = ORIENTED_EDGE ( 'NONE', *, *, #1290, .F. ) ;
#5430 = CARTESIAN_POINT ( 'NONE',  ( 26.45840796993617161, 267.4536080801080971, 757.4004404722693380 ) ) ;
#5431 = CARTESIAN_POINT ( 'NONE',  ( 20.40202599221966295, 263.4596730654654948, 757.5931354135000220 ) ) ;
#5432 = PLANE ( 'NONE',  #1038 ) ;
#5433 = CARTESIAN_POINT ( 'NONE',  ( -27.53660868187046518, 241.4142209027189097, 749.3106252559038012 ) ) ;
#5434 = VERTEX_POINT ( 'NONE', #724 ) ;
#5435 = CARTESIAN_POINT ( 'NONE',  ( 28.80902943576767328, 267.1995324005123393, 760.5453567163109483 ) ) ;
#5436 = CARTESIAN_POINT ( 'NONE',  ( -27.39723223223493775, 258.2065527598299468, 749.5674746737170153 ) ) ;
#5437 = CARTESIAN_POINT ( 'NONE',  ( 24.83261260078564092, 267.8600355000747868, 757.0524733158781601 ) ) ;
#5438 = DIRECTION ( 'NONE',  ( -1.000000000000000000, 0.000000000000000000, 0.000000000000000000 ) ) ;
#5439 = CARTESIAN_POINT ( 'NONE',  ( 24.66768888113116631, 232.0612698308915753, 757.0554976617241891 ) ) ;
#5440 = FILL_AREA_STYLE_COLOUR ( '', #5203 ) ;
#5441 = CARTESIAN_POINT ( 'NONE',  ( 22.63632118407505445, 231.2034732180928245, 758.0931354134999083 ) ) ;
#5442 = CARTESIAN_POINT ( 'NONE',  ( 17.40202599221985835, 236.5398270931348463, 752.0931354135001357 ) ) ;
#5443 = FACE_BOUND ( 'NONE', #5265, .T. ) ;
#5444 = CARTESIAN_POINT ( 'NONE',  ( 28.68373880504148588, 254.6920796768548030, 749.0949072982203916 ) ) ;
#5445 = ORIENTED_EDGE ( 'NONE', *, *, #3371, .T. ) ;
#5446 = AXIS2_PLACEMENT_3D ( 'NONE', #2474, #4180, #355 ) ;
#5447 = EDGE_CURVE ( 'NONE', #2116, #3405, #2300, .T. ) ;
#5448 = CARTESIAN_POINT ( 'NONE',  ( -21.72880008931490892, 264.3391609880760598, 758.0931354135000220 ) ) ;
#5449 = ORIENTED_EDGE ( 'NONE', *, *, #4396, .T. ) ;
#5450 = ORIENTED_EDGE ( 'NONE', *, *, #2731, .T. ) ;
#5451 = CARTESIAN_POINT ( 'NONE',  ( 36.42975066417988472, 233.7084143834009069, 756.0272060847257762 ) ) ;
#5452 = ORIENTED_EDGE ( 'NONE', *, *, #5453, .T. ) ;
#5453 = EDGE_CURVE ( 'NONE', #804, #1778, #3320, .T. ) ;
#5454 = EDGE_CURVE ( 'NONE', #3986, #2771, #5390, .T. ) ;
#5455 = CARTESIAN_POINT ( 'NONE',  ( 32.76993169112336091, 266.7079149416188670, 751.4039784646491853 ) ) ;
#5456 = CARTESIAN_POINT ( 'NONE',  ( 28.50000101791000517, 249.9997500793000142, 757.0931354135001357 ) ) ;
#5457 = CARTESIAN_POINT ( 'NONE',  ( 24.90075310317163826, 267.8308609869404222, 757.0537045019334528 ) ) ;
#5458 = CIRCLE ( 'NONE', #4561, 1.499999999999952704 ) ;
#5459 = AXIS2_PLACEMENT_3D ( 'NONE', #84, #1840, #4819 ) ;
#5460 = CARTESIAN_POINT ( 'NONE',  ( -20.47880008931471352, 235.6603391705236277, 757.5931354135000220 ) ) ;
#5461 = ORIENTED_EDGE ( 'NONE', *, *, #2791, .T. ) ;
#5462 = CARTESIAN_POINT ( 'NONE',  ( 29.35913594252987835, 267.4001781126717674, 761.8899272103640214 ) ) ;
#5463 = DIRECTION ( 'NONE',  ( -0.000000000000000000, -0.000000000000000000, -1.000000000000000000 ) ) ;
#5464 = CARTESIAN_POINT ( 'NONE',  ( 28.50000101791001228, 233.4706495407533566, 749.9697169650055457 ) ) ;
#5465 = FACE_OUTER_BOUND ( 'NONE', #2685, .T. ) ;
#5466 = AXIS2_PLACEMENT_3D ( 'NONE', #4138, #4220, #2873 ) ;
#5467 = CARTESIAN_POINT ( 'NONE',  ( 24.28214112493708754, 231.8473871595538753, 757.0629859807189632 ) ) ;
#5469 = AXIS2_PLACEMENT_3D ( 'NONE', #22, #1337, #3032 ) ;
#5468 = CARTESIAN_POINT ( 'NONE',  ( 17.40202599221985835, 236.5398270931348463, 757.5931354135000220 ) ) ;
#5470 = AXIS2_PLACEMENT_3D ( 'NONE', #4722, #2631, #1346 ) ;
#5471 = EDGE_LOOP ( 'NONE', ( #2338, #764, #1497 ) ) ;
#5472 = CARTESIAN_POINT ( 'NONE',  ( 1.017909983045999956E-06, 249.9997500793000142, 757.5931354135000220 ) ) ;
#5473 = VECTOR ( 'NONE', #5494, 1000.000000000000000 ) ;
#5474 = CARTESIAN_POINT ( 'NONE',  ( 29.13317311579476865, 232.7031757771908360, 761.1977173743297271 ) ) ;
#5475 = DIRECTION ( 'NONE',  ( 0.000000000000000000, 0.000000000000000000, -1.000000000000000000 ) ) ;
#5476 = CARTESIAN_POINT ( 'NONE',  ( 28.89160503977408467, 253.2807028724761267, 749.1025766143447981 ) ) ;
#5477 = ORIENTED_EDGE ( 'NONE', *, *, #1977, .F. ) ;
#5478 = DIRECTION ( 'NONE',  ( -1.000000000000000000, 0.000000000000000000, 0.000000000000000000 ) ) ;
#5479 = EDGE_LOOP ( 'NONE', ( #3066, #3381, #2541, #4199 ) ) ;
#5480 = CARTESIAN_POINT ( 'NONE',  ( 34.59090846371994132, 234.1570138703517898, 751.9048812546870977 ) ) ;
#5481 = ORIENTED_EDGE ( 'NONE', *, *, #2288, .T. ) ;
#5482 = CARTESIAN_POINT ( 'NONE',  ( 33.37992178729530934, 265.7155585501428163, 750.7322760353813464 ) ) ;
#5483 = CARTESIAN_POINT ( 'NONE',  ( -23.13368957999481523, 259.4777435019825020, 752.5931354135001357 ) ) ;
#5484 =( LENGTH_UNIT ( ) NAMED_UNIT ( * ) SI_UNIT ( .MILLI., .METRE. ) );
#5485 = EDGE_CURVE ( 'NONE', #668, #2734, #2092, .T. ) ;
#5486 = EDGE_CURVE ( 'NONE', #629, #5329, #1553, .T. ) ;
#5487 = LINE ( 'NONE', #4511, #154 ) ;
#5488 = ORIENTED_EDGE ( 'NONE', *, *, #3478, .F. ) ;
#5489 = CARTESIAN_POINT ( 'NONE',  ( 28.39373056203683632, 267.1102510315594145, 759.9470628725455299 ) ) ;
#5491 = DIRECTION ( 'NONE',  ( -0.000000000000000000, -0.000000000000000000, -1.000000000000000000 ) ) ;
#5490 = AXIS2_PLACEMENT_3D ( 'NONE', #1663, #1331, #405 ) ;
#5492 = CARTESIAN_POINT ( 'NONE',  ( -24.51302660218341600, 245.0889752984618895, 754.4579950051456763 ) ) ;
#5493 = EDGE_CURVE ( 'NONE', #835, #2616, #3790, .T. ) ;
#5494 = DIRECTION ( 'NONE',  ( -0.7071067811865165975, 0.000000000000000000, -0.7071067811865784369 ) ) ;
#5495 = VECTOR ( 'NONE', #2613, 1000.000000000000000 ) ;
#5496 = VERTEX_POINT ( 'NONE', #4161 ) ;
#5497 = CARTESIAN_POINT ( 'NONE',  ( 23.79533733729449096, 268.2819787664553246, 750.1646167365109932 ) ) ;
#5498 = CARTESIAN_POINT ( 'NONE',  ( 1.017909983045999956E-06, 249.9997500793000142, 757.5931354135000220 ) ) ;
#5500 = LINE ( 'NONE', #1652, #1452 ) ;
#5499 = AXIS2_PLACEMENT_3D ( 'NONE', #239, #3083, #2775 ) ;
#5501 = CARTESIAN_POINT ( 'NONE',  ( 28.68009922010356050, 245.3046544587261906, 749.0950485958699119 ) ) ;
#5502 =( LENGTH_UNIT ( ) NAMED_UNIT ( * ) SI_UNIT ( .MILLI., .METRE. ) );
#5503 = ORIENTED_EDGE ( 'NONE', *, *, #5004, .F. ) ;
#5504 = EDGE_LOOP ( 'NONE', ( #182, #2276, #5139, #961 ) ) ;
#5505 = VERTEX_POINT ( 'NONE', #2950 ) ;
#5506 = CARTESIAN_POINT ( 'NONE',  ( 35.16880681294774291, 234.0733049618941379, 752.6741686613036109 ) ) ;
#5507 = ORIENTED_EDGE ( 'NONE', *, *, #306, .F. ) ;
#5508 = AXIS2_PLACEMENT_3D ( 'NONE', #2056, #4237, #2138 ) ;
#5509 = CARTESIAN_POINT ( 'NONE',  ( 1.017909983045999956E-06, 249.9997500793000142, 749.0931354135001357 ) ) ;
#5510 = CARTESIAN_POINT ( 'NONE',  ( -12.49999898208992910, 271.6503851739110473, 752.3931354135000902 ) ) ;
#5511 = DIRECTION ( 'NONE',  ( 0.000000000000000000, 0.000000000000000000, 1.000000000000000000 ) ) ;
#5512 = CARTESIAN_POINT ( 'NONE',  ( 36.34486442040015675, 266.2370904630520840, 755.5252798433076578 ) ) ;
#5513 = VERTEX_POINT ( 'NONE', #1226 ) ;
#5514 = EDGE_CURVE ( 'NONE', #5496, #4445, #128, .T. ) ;
#5515 = CARTESIAN_POINT ( 'NONE',  ( 1.017909983045999956E-06, 249.9997500793000142, 757.5931354135000220 ) ) ;
#5516 = EDGE_CURVE ( 'NONE', #5093, #4637, #1826, .T. ) ;
#5517 = DIRECTION ( 'NONE',  ( -1.000000000000000000, 0.000000000000000000, 0.000000000000000000 ) ) ;
#5518 = CARTESIAN_POINT ( 'NONE',  ( 24.74710971146051008, 267.9007586810964767, 757.0540388499746314 ) ) ;
#5519 = DIRECTION ( 'NONE',  ( -1.000000000000000000, 0.000000000000000000, 0.000000000000000000 ) ) ;
#5520 = ORIENTED_EDGE ( 'NONE', *, *, #3750, .F. ) ;
#5521 = CARTESIAN_POINT ( 'NONE',  ( -12.49999898208996996, 228.3491149846890096, 755.5931354135000220 ) ) ;
#5522 =( LENGTH_UNIT ( ) NAMED_UNIT ( * ) SI_UNIT ( .MILLI., .METRE. ) );
ENDSEC;
END-ISO-10303-21;
