ISO-10303-21;
HEADER;
/* Generated by software containing ST-Developer
 * from STEP Tools, Inc. (www.steptools.com) 
 */
/* OPTION: using custom schema-name function */

FILE_DESCRIPTION(
/* description */ (''),
/* implementation_level */ '2;1');

FILE_NAME(
/* name */ '\X2\652F67B6\X0\L.stp',
/* time_stamp */ '2026-07-10T11:50:50+08:00',
/* author */ (''),
/* organization */ (''),
/* preprocessor_version */ 'ST-DEVELOPER v20',
/* originating_system */ 'SIEMENS PLM Software NX2412.1700',
/* authorisation */ '');

FILE_SCHEMA (('AUTOMOTIVE_DESIGN { 1 0 10303 214 3 1 1 1 }'));
ENDSEC;

DATA;
#10=SHAPE_REPRESENTATION_RELATIONSHIP('None',
'relationship between \X2\652F67B6\X0\L-None and \X2\652F67B6\X0\L-Non
e',#22,#11);
#11=ADVANCED_BREP_SHAPE_REPRESENTATION('\X2\652F67B6\X0\L-None',(#32),#5074);
#12=SHAPE_DEFINITION_REPRESENTATION(#13,#22);
#13=PRODUCT_DEFINITION_SHAPE('','',#14);
#14=PRODUCT_DEFINITION(' ','',#16,#15);
#15=PRODUCT_DEFINITION_CONTEXT('part definition',#21,'design');
#16=PRODUCT_DEFINITION_FORMATION_WITH_SPECIFIED_SOURCE(' ',' ',#18,
 .NOT_KNOWN.);
#17=PRODUCT_RELATED_PRODUCT_CATEGORY('part','',(#18));
#18=PRODUCT('\X2\652F67B6\X0\L','\X2\652F67B6\X0\L',' ',(#19));
#19=PRODUCT_CONTEXT(' ',#21,'mechanical');
#20=APPLICATION_PROTOCOL_DEFINITION('international standard',
'automotive_design',2010,#21);
#21=APPLICATION_CONTEXT(
'core data for automotive mechanical design processes');
#22=SHAPE_REPRESENTATION('\X2\652F67B6\X0\L-None',(#1674),#5074);
#23=PRESENTATION_LAYER_ASSIGNMENT('1','Layer 1',(#32));
#24=STYLED_ITEM('',(#25),#32);
#25=PRESENTATION_STYLE_ASSIGNMENT((#26));
#26=SURFACE_STYLE_USAGE(.BOTH.,#27);
#27=SURFACE_SIDE_STYLE('',(#28));
#28=SURFACE_STYLE_FILL_AREA(#29);
#29=FILL_AREA_STYLE('',(#30));
#30=FILL_AREA_STYLE_COLOUR('',#31);
#31=COLOUR_RGB('medium steel',0.611764705882353,0.658823529411765,0.670588235294118);
#32=MANIFOLD_SOLID_BREP('BREP_2',#33);
#33=CLOSED_SHELL('',(#239,#240,#241,#242,#243,#244,#245,#246,#247,#248,
#249,#250,#251,#252,#253,#254,#255,#256,#257,#258,#259,#260,#261,#262,#263,
#264,#265,#266,#267,#268,#269,#270,#271,#272,#273,#274,#275,#276,#277,#278,
#279,#280,#281,#282,#283,#284,#285,#286,#287,#288,#289,#290,#291,#292,#293,
#294,#295,#296,#297,#298,#299,#300,#301,#302,#303,#304,#305,#306,#307,#308,
#309,#310,#311,#312,#313,#314,#315,#316,#317,#318,#319,#320,#321,#322,#323,
#324,#325,#326,#327,#328,#329,#330,#331,#332,#333,#334));
#34=CONICAL_SURFACE('',#1773,1.54999999999997,44.9999999999963);
#35=CONICAL_SURFACE('',#1776,1.54999999999994,44.9999999999931);
#36=B_SPLINE_SURFACE_WITH_KNOTS('',3,3,((#3955,#3956,#3957,#3958,#3959,
#3960,#3961,#3962,#3963,#3964),(#3965,#3966,#3967,#3968,#3969,#3970,#3971,
#3972,#3973,#3974),(#3975,#3976,#3977,#3978,#3979,#3980,#3981,#3982,#3983,
#3984),(#3985,#3986,#3987,#3988,#3989,#3990,#3991,#3992,#3993,#3994),(#3995,
#3996,#3997,#3998,#3999,#4000,#4001,#4002,#4003,#4004),(#4005,#4006,#4007,
#4008,#4009,#4010,#4011,#4012,#4013,#4014),(#4015,#4016,#4017,#4018,#4019,
#4020,#4021,#4022,#4023,#4024),(#4025,#4026,#4027,#4028,#4029,#4030,#4031,
#4032,#4033,#4034),(#4035,#4036,#4037,#4038,#4039,#4040,#4041,#4042,#4043,
#4044),(#4045,#4046,#4047,#4048,#4049,#4050,#4051,#4052,#4053,#4054),(#4055,
#4056,#4057,#4058,#4059,#4060,#4061,#4062,#4063,#4064),(#4065,#4066,#4067,
#4068,#4069,#4070,#4071,#4072,#4073,#4074),(#4075,#4076,#4077,#4078,#4079,
#4080,#4081,#4082,#4083,#4084),(#4085,#4086,#4087,#4088,#4089,#4090,#4091,
#4092,#4093,#4094),(#4095,#4096,#4097,#4098,#4099,#4100,#4101,#4102,#4103,
#4104),(#4105,#4106,#4107,#4108,#4109,#4110,#4111,#4112,#4113,#4114),(#4115,
#4116,#4117,#4118,#4119,#4120,#4121,#4122,#4123,#4124),(#4125,#4126,#4127,
#4128,#4129,#4130,#4131,#4132,#4133,#4134),(#4135,#4136,#4137,#4138,#4139,
#4140,#4141,#4142,#4143,#4144),(#4145,#4146,#4147,#4148,#4149,#4150,#4151,
#4152,#4153,#4154),(#4155,#4156,#4157,#4158,#4159,#4160,#4161,#4162,#4163,
#4164),(#4165,#4166,#4167,#4168,#4169,#4170,#4171,#4172,#4173,#4174),(#4175,
#4176,#4177,#4178,#4179,#4180,#4181,#4182,#4183,#4184),(#4185,#4186,#4187,
#4188,#4189,#4190,#4191,#4192,#4193,#4194),(#4195,#4196,#4197,#4198,#4199,
#4200,#4201,#4202,#4203,#4204),(#4205,#4206,#4207,#4208,#4209,#4210,#4211,
#4212,#4213,#4214),(#4215,#4216,#4217,#4218,#4219,#4220,#4221,#4222,#4223,
#4224),(#4225,#4226,#4227,#4228,#4229,#4230,#4231,#4232,#4233,#4234),(#4235,
#4236,#4237,#4238,#4239,#4240,#4241,#4242,#4243,#4244),(#4245,#4246,#4247,
#4248,#4249,#4250,#4251,#4252,#4253,#4254),(#4255,#4256,#4257,#4258,#4259,
#4260,#4261,#4262,#4263,#4264),(#4265,#4266,#4267,#4268,#4269,#4270,#4271,
#4272,#4273,#4274),(#4275,#4276,#4277,#4278,#4279,#4280,#4281,#4282,#4283,
#4284),(#4285,#4286,#4287,#4288,#4289,#4290,#4291,#4292,#4293,#4294),(#4295,
#4296,#4297,#4298,#4299,#4300,#4301,#4302,#4303,#4304),(#4305,#4306,#4307,
#4308,#4309,#4310,#4311,#4312,#4313,#4314),(#4315,#4316,#4317,#4318,#4319,
#4320,#4321,#4322,#4323,#4324),(#4325,#4326,#4327,#4328,#4329,#4330,#4331,
#4332,#4333,#4334),(#4335,#4336,#4337,#4338,#4339,#4340,#4341,#4342,#4343,
#4344),(#4345,#4346,#4347,#4348,#4349,#4350,#4351,#4352,#4353,#4354),(#4355,
#4356,#4357,#4358,#4359,#4360,#4361,#4362,#4363,#4364),(#4365,#4366,#4367,
#4368,#4369,#4370,#4371,#4372,#4373,#4374),(#4375,#4376,#4377,#4378,#4379,
#4380,#4381,#4382,#4383,#4384),(#4385,#4386,#4387,#4388,#4389,#4390,#4391,
#4392,#4393,#4394),(#4395,#4396,#4397,#4398,#4399,#4400,#4401,#4402,#4403,
#4404),(#4405,#4406,#4407,#4408,#4409,#4410,#4411,#4412,#4413,#4414),(#4415,
#4416,#4417,#4418,#4419,#4420,#4421,#4422,#4423,#4424),(#4425,#4426,#4427,
#4428,#4429,#4430,#4431,#4432,#4433,#4434),(#4435,#4436,#4437,#4438,#4439,
#4440,#4441,#4442,#4443,#4444),(#4445,#4446,#4447,#4448,#4449,#4450,#4451,
#4452,#4453,#4454),(#4455,#4456,#4457,#4458,#4459,#4460,#4461,#4462,#4463,
#4464),(#4465,#4466,#4467,#4468,#4469,#4470,#4471,#4472,#4473,#4474),(#4475,
#4476,#4477,#4478,#4479,#4480,#4481,#4482,#4483,#4484)),.UNSPECIFIED.,.F.,
 .F.,.F.,(4,3,2,2,2,2,2,2,2,2,2,2,1,1,1,1,1,1,2,2,2,2,2,2,2,2,2,2,4),(4,
3,1,1,1,4),(0.,0.00299111492408598,0.0313581574648881,0.0597252000056901,
0.0880922425464922,0.116459285087295,0.144826327628097,0.159009848898498,
0.173193370168899,0.1873768914393,0.201560412709701,0.215743933980102,0.222835694615303,
0.229927455250503,0.237019215885703,0.765972005435139,0.773063762846195,
0.780155520257249,0.787247277668306,0.801430792490419,0.815614307312532,
0.829797822134645,0.843981336956758,0.858164851778872,0.886531881423098,
0.914898911067324,0.943265940711548,0.971632970355774,1.),(0.,0.0099009900990099,
0.257425742574257,0.504950495049505,0.752475247524752,1.),.UNSPECIFIED.);
#37=B_SPLINE_SURFACE_WITH_KNOTS('',3,3,((#4485,#4486,#4487,#4488,#4489,
#4490,#4491,#4492,#4493,#4494,#4495,#4496,#4497,#4498,#4499,#4500,#4501,
#4502,#4503,#4504,#4505,#4506,#4507,#4508,#4509,#4510,#4511,#4512,#4513,
#4514,#4515,#4516,#4517,#4518,#4519,#4520,#4521,#4522,#4523,#4524,#4525,
#4526,#4527,#4528,#4529,#4530,#4531,#4532,#4533,#4534),(#4535,#4536,#4537,
#4538,#4539,#4540,#4541,#4542,#4543,#4544,#4545,#4546,#4547,#4548,#4549,
#4550,#4551,#4552,#4553,#4554,#4555,#4556,#4557,#4558,#4559,#4560,#4561,
#4562,#4563,#4564,#4565,#4566,#4567,#4568,#4569,#4570,#4571,#4572,#4573,
#4574,#4575,#4576,#4577,#4578,#4579,#4580,#4581,#4582,#4583,#4584),(#4585,
#4586,#4587,#4588,#4589,#4590,#4591,#4592,#4593,#4594,#4595,#4596,#4597,
#4598,#4599,#4600,#4601,#4602,#4603,#4604,#4605,#4606,#4607,#4608,#4609,
#4610,#4611,#4612,#4613,#4614,#4615,#4616,#4617,#4618,#4619,#4620,#4621,
#4622,#4623,#4624,#4625,#4626,#4627,#4628,#4629,#4630,#4631,#4632,#4633,
#4634),(#4635,#4636,#4637,#4638,#4639,#4640,#4641,#4642,#4643,#4644,#4645,
#4646,#4647,#4648,#4649,#4650,#4651,#4652,#4653,#4654,#4655,#4656,#4657,
#4658,#4659,#4660,#4661,#4662,#4663,#4664,#4665,#4666,#4667,#4668,#4669,
#4670,#4671,#4672,#4673,#4674,#4675,#4676,#4677,#4678,#4679,#4680,#4681,
#4682,#4683,#4684),(#4685,#4686,#4687,#4688,#4689,#4690,#4691,#4692,#4693,
#4694,#4695,#4696,#4697,#4698,#4699,#4700,#4701,#4702,#4703,#4704,#4705,
#4706,#4707,#4708,#4709,#4710,#4711,#4712,#4713,#4714,#4715,#4716,#4717,
#4718,#4719,#4720,#4721,#4722,#4723,#4724,#4725,#4726,#4727,#4728,#4729,
#4730,#4731,#4732,#4733,#4734),(#4735,#4736,#4737,#4738,#4739,#4740,#4741,
#4742,#4743,#4744,#4745,#4746,#4747,#4748,#4749,#4750,#4751,#4752,#4753,
#4754,#4755,#4756,#4757,#4758,#4759,#4760,#4761,#4762,#4763,#4764,#4765,
#4766,#4767,#4768,#4769,#4770,#4771,#4772,#4773,#4774,#4775,#4776,#4777,
#4778,#4779,#4780,#4781,#4782,#4783,#4784),(#4785,#4786,#4787,#4788,#4789,
#4790,#4791,#4792,#4793,#4794,#4795,#4796,#4797,#4798,#4799,#4800,#4801,
#4802,#4803,#4804,#4805,#4806,#4807,#4808,#4809,#4810,#4811,#4812,#4813,
#4814,#4815,#4816,#4817,#4818,#4819,#4820,#4821,#4822,#4823,#4824,#4825,
#4826,#4827,#4828,#4829,#4830,#4831,#4832,#4833,#4834)),.UNSPECIFIED.,.F.,
 .F.,.F.,(4,1,1,1,4),(4,2,2,2,2,2,2,2,2,2,2,1,1,1,1,1,1,2,2,2,2,2,2,2,2,
2,2,4),(0.,0.25,0.5,0.749999999999999,1.),(0.,0.0284521461798629,0.0569042923597259,
0.0853564385395888,0.113808584719452,0.142260730899315,0.156486803989246,
0.170712877079178,0.18493895016911,0.199165023259041,0.213391096348972,
0.220504132893938,0.227617169438904,0.23473020598387,0.765269900732086,
0.772382934043236,0.779495967354382,0.786609000665531,0.800835067287829,
0.815061133910127,0.829287200532425,0.843513267154724,0.857739333777022,
0.886191467021618,0.914643600266214,0.943095733510808,0.971547866755404,
1.),.UNSPECIFIED.);
#38=(
BOUNDED_SURFACE()
B_SPLINE_SURFACE(3,3,((#3278,#3279,#3280,#3281),(#3282,#3283,#3284,#3285),
(#3286,#3287,#3288,#3289),(#3290,#3291,#3292,#3293),(#3294,#3295,#3296,
#3297),(#3298,#3299,#3300,#3301),(#3302,#3303,#3304,#3305),(#3306,#3307,
#3308,#3309),(#3310,#3311,#3312,#3313),(#3314,#3315,#3316,#3317),(#3318,
#3319,#3320,#3321),(#3322,#3323,#3324,#3325),(#3326,#3327,#3328,#3329),
(#3330,#3331,#3332,#3333),(#3334,#3335,#3336,#3337),(#3338,#3339,#3340,
#3341),(#3342,#3343,#3344,#3345)),.UNSPECIFIED.,.F.,.F.,.F.)
B_SPLINE_SURFACE_WITH_KNOTS((4,1,1,1,1,1,1,1,1,1,1,1,1,1,4),(4,4),(0.,0.00970481030404751,
0.0593375093545065,0.113067747168844,0.173533260936127,0.241336244076499,
0.318182492626807,0.405541118447211,0.500731593604333,0.59848224280046,
0.69746849888922,0.79638398324562,0.889738240578482,0.974016126354658,1.),
(0.,1.),.UNSPECIFIED.)
GEOMETRIC_REPRESENTATION_ITEM()
RATIONAL_B_SPLINE_SURFACE(((1.645626144457,0.7847912851811,0.7847912851811,
1.645626144457),(1.645626144457,0.7847912851811,0.7847912851811,1.645626144457),
(1.645626144457,0.7847912851811,0.7847912851811,1.645626144457),(1.645626144457,
0.7847912851811,0.7847912851811,1.645626144457),(1.645626144457,0.7847912851811,
0.7847912851811,1.645626144457),(1.645626144457,0.7847912851811,0.7847912851811,
1.645626144457),(1.645626144457,0.7847912851811,0.7847912851811,1.645626144457),
(1.645626144457,0.7847912851811,0.7847912851811,1.645626144457),(1.645626144457,
0.7847912851811,0.7847912851811,1.645626144457),(1.645626144457,0.7847912851811,
0.7847912851811,1.645626144457),(1.645626144457,0.7847912851811,0.7847912851811,
1.645626144457),(1.645626144457,0.7847912851811,0.7847912851811,1.645626144457),
(1.645626144457,0.7847912851811,0.7847912851811,1.645626144457),(1.645626144457,
0.7847912851811,0.7847912851811,1.645626144457),(1.645626144457,0.7847912851811,
0.7847912851811,1.645626144457),(1.645626144457,0.7847912851811,0.7847912851811,
1.645626144457),(1.645626144457,0.7847912851811,0.7847912851811,1.645626144457)))
REPRESENTATION_ITEM('')
SURFACE()
);
#39=(
BOUNDED_SURFACE()
B_SPLINE_SURFACE(3,3,((#3350,#3351,#3352,#3353,#3354,#3355,#3356,#3357,
#3358,#3359,#3360,#3361,#3362,#3363,#3364,#3365,#3366,#3367,#3368,#3369,
#3370,#3371,#3372,#3373,#3374,#3375,#3376,#3377,#3378,#3379,#3380,#3381,
#3382,#3383,#3384),(#3385,#3386,#3387,#3388,#3389,#3390,#3391,#3392,#3393,
#3394,#3395,#3396,#3397,#3398,#3399,#3400,#3401,#3402,#3403,#3404,#3405,
#3406,#3407,#3408,#3409,#3410,#3411,#3412,#3413,#3414,#3415,#3416,#3417,
#3418,#3419),(#3420,#3421,#3422,#3423,#3424,#3425,#3426,#3427,#3428,#3429,
#3430,#3431,#3432,#3433,#3434,#3435,#3436,#3437,#3438,#3439,#3440,#3441,
#3442,#3443,#3444,#3445,#3446,#3447,#3448,#3449,#3450,#3451,#3452,#3453,
#3454),(#3455,#3456,#3457,#3458,#3459,#3460,#3461,#3462,#3463,#3464,#3465,
#3466,#3467,#3468,#3469,#3470,#3471,#3472,#3473,#3474,#3475,#3476,#3477,
#3478,#3479,#3480,#3481,#3482,#3483,#3484,#3485,#3486,#3487,#3488,#3489)),
 .UNSPECIFIED.,.F.,.F.,.F.)
B_SPLINE_SURFACE_WITH_KNOTS((4,4),(4,1,1,1,1,1,1,1,1,1,1,1,1,1,1,1,1,1,
1,1,1,1,1,1,1,1,1,1,1,1,1,1,4),(0.,1.),(0.,0.00949958798298307,0.0491700840059522,
0.091995482048208,0.139614966752298,0.192520295786478,0.251320944391,0.315307655986574,
0.381118313186283,0.4431271621285,0.498676197673938,0.548314797617133,0.593098681298099,
0.633838102548278,0.671129981715261,0.70534486153641,0.736723261880066,
0.765414465564682,0.791622399060082,0.815625680254505,0.837685776872471,
0.858009920097695,0.876762187908897,0.894100113218602,0.910181807314056,
0.925153859556921,0.93911239698606,0.952109238867719,0.964184224079069,
0.975386709075336,0.985698803086826,0.995781591367677,1.),.UNSPECIFIED.)
GEOMETRIC_REPRESENTATION_ITEM()
RATIONAL_B_SPLINE_SURFACE(((1.305432905902,1.305432905902,1.305432905902,
1.305432905902,1.305432905902,1.305432905902,1.305432905902,1.305432905902,
1.305432905902,1.305432905902,1.305432905902,1.305432905902,1.305432905902,
1.305432905902,1.305432905902,1.305432905902,1.305432905902,1.305432905902,
1.305432905902,1.305432905902,1.305432905902,1.305432905902,1.305432905902,
1.305432905902,1.305432905902,1.305432905902,1.305432905902,1.305432905902,
1.305432905902,1.305432905902,1.305432905902,1.305432905902,1.305432905902,
1.305432905902,1.305432905902),(0.8981890313662,0.8981890313662,0.8981890313662,
0.8981890313662,0.8981890313662,0.8981890313662,0.8981890313662,0.8981890313662,
0.8981890313662,0.8981890313662,0.8981890313662,0.8981890313662,0.8981890313662,
0.8981890313662,0.8981890313662,0.8981890313662,0.8981890313662,0.8981890313662,
0.8981890313662,0.8981890313662,0.8981890313662,0.8981890313662,0.8981890313662,
0.8981890313662,0.8981890313662,0.8981890313662,0.8981890313662,0.8981890313662,
0.8981890313662,0.8981890313662,0.8981890313662,0.8981890313662,0.8981890313662,
0.8981890313662,0.8981890313662),(0.8981890313662,0.8981890313662,0.8981890313662,
0.8981890313662,0.8981890313662,0.8981890313662,0.8981890313662,0.8981890313662,
0.8981890313662,0.8981890313662,0.8981890313662,0.8981890313662,0.8981890313662,
0.8981890313662,0.8981890313662,0.8981890313662,0.8981890313662,0.8981890313662,
0.8981890313662,0.8981890313662,0.8981890313662,0.8981890313662,0.8981890313662,
0.8981890313662,0.8981890313662,0.8981890313662,0.8981890313662,0.8981890313662,
0.8981890313662,0.8981890313662,0.8981890313662,0.8981890313662,0.8981890313662,
0.8981890313662,0.8981890313662),(1.305432905902,1.305432905902,1.305432905902,
1.305432905902,1.305432905902,1.305432905902,1.305432905902,1.305432905902,
1.305432905902,1.305432905902,1.305432905902,1.305432905902,1.305432905902,
1.305432905902,1.305432905902,1.305432905902,1.305432905902,1.305432905902,
1.305432905902,1.305432905902,1.305432905902,1.305432905902,1.305432905902,
1.305432905902,1.305432905902,1.305432905902,1.305432905902,1.305432905902,
1.305432905902,1.305432905902,1.305432905902,1.305432905902,1.305432905902,
1.305432905902,1.305432905902)))
REPRESENTATION_ITEM('')
SURFACE()
);
#40=(
BOUNDED_SURFACE()
B_SPLINE_SURFACE(3,3,((#3517,#3518,#3519,#3520,#3521,#3522,#3523,#3524,
#3525,#3526,#3527,#3528,#3529),(#3530,#3531,#3532,#3533,#3534,#3535,#3536,
#3537,#3538,#3539,#3540,#3541,#3542),(#3543,#3544,#3545,#3546,#3547,#3548,
#3549,#3550,#3551,#3552,#3553,#3554,#3555),(#3556,#3557,#3558,#3559,#3560,
#3561,#3562,#3563,#3564,#3565,#3566,#3567,#3568)),.UNSPECIFIED.,.F.,.F.,
 .F.)
B_SPLINE_SURFACE_WITH_KNOTS((4,4),(4,1,1,1,1,1,1,1,1,1,4),(0.,1.),(0.,0.0422583243532301,
0.204483752495786,0.349915249312205,0.480350974398597,0.597461050060407,
0.70256280394648,0.796843016142577,0.881193355392184,0.955978676771975,
1.),.UNSPECIFIED.)
GEOMETRIC_REPRESENTATION_ITEM()
RATIONAL_B_SPLINE_SURFACE(((1.770394037404,1.770394037404,1.770394037404,
1.770394037404,1.770394037404,1.770394037404,1.770394037404,1.770394037404,
1.770394037404,1.770394037404,1.770394037404,1.770394037404,1.770394037404),
(0.743201987532,0.743201987532,0.743201987532,0.743201987532,0.743201987532,
0.743201987532,0.743201987532,0.743201987532,0.743201987532,0.743201987532,
0.743201987532,0.743201987532,0.743201987532),(0.743201987532,0.743201987532,
0.743201987532,0.743201987532,0.743201987532,0.743201987532,0.743201987532,
0.743201987532,0.743201987532,0.743201987532,0.743201987532,0.743201987532,
0.743201987532),(1.770394037404,1.770394037404,1.770394037404,1.770394037404,
1.770394037404,1.770394037404,1.770394037404,1.770394037404,1.770394037404,
1.770394037404,1.770394037404,1.770394037404,1.770394037404)))
REPRESENTATION_ITEM('')
SURFACE()
);
#41=(
BOUNDED_SURFACE()
B_SPLINE_SURFACE(3,3,((#3656,#3657,#3658,#3659,#3660,#3661,#3662,#3663,
#3664,#3665,#3666,#3667,#3668,#3669,#3670,#3671,#3672),(#3673,#3674,#3675,
#3676,#3677,#3678,#3679,#3680,#3681,#3682,#3683,#3684,#3685,#3686,#3687,
#3688,#3689),(#3690,#3691,#3692,#3693,#3694,#3695,#3696,#3697,#3698,#3699,
#3700,#3701,#3702,#3703,#3704,#3705,#3706),(#3707,#3708,#3709,#3710,#3711,
#3712,#3713,#3714,#3715,#3716,#3717,#3718,#3719,#3720,#3721,#3722,#3723)),
 .UNSPECIFIED.,.F.,.F.,.F.)
B_SPLINE_SURFACE_WITH_KNOTS((4,4),(4,1,1,1,1,1,1,1,1,1,1,1,1,1,4),(0.,1.),
(0.,0.00970481030404751,0.0593375093545065,0.113067747168844,0.173533260936127,
0.241336244076499,0.318182492626807,0.405541118447211,0.500731593604333,
0.59848224280046,0.69746849888922,0.79638398324562,0.889738240578482,0.974016126354658,
1.),.UNSPECIFIED.)
GEOMETRIC_REPRESENTATION_ITEM()
RATIONAL_B_SPLINE_SURFACE(((1.645626144457,1.645626144457,1.645626144457,
1.645626144457,1.645626144457,1.645626144457,1.645626144457,1.645626144457,
1.645626144457,1.645626144457,1.645626144457,1.645626144457,1.645626144457,
1.645626144457,1.645626144457,1.645626144457,1.645626144457),(0.7847912851811,
0.7847912851811,0.7847912851811,0.7847912851811,0.7847912851811,0.7847912851811,
0.7847912851811,0.7847912851811,0.7847912851811,0.7847912851811,0.7847912851811,
0.7847912851811,0.7847912851811,0.7847912851811,0.7847912851811,0.7847912851811,
0.7847912851811),(0.7847912851811,0.7847912851811,0.7847912851811,0.7847912851811,
0.7847912851811,0.7847912851811,0.7847912851811,0.7847912851811,0.7847912851811,
0.7847912851811,0.7847912851811,0.7847912851811,0.7847912851811,0.7847912851811,
0.7847912851811,0.7847912851811,0.7847912851811),(1.645626144457,1.645626144457,
1.645626144457,1.645626144457,1.645626144457,1.645626144457,1.645626144457,
1.645626144457,1.645626144457,1.645626144457,1.645626144457,1.645626144457,
1.645626144457,1.645626144457,1.645626144457,1.645626144457,1.645626144457)))
REPRESENTATION_ITEM('')
SURFACE()
);
#42=(
BOUNDED_SURFACE()
B_SPLINE_SURFACE(3,3,((#3735,#3736,#3737,#3738),(#3739,#3740,#3741,#3742),
(#3743,#3744,#3745,#3746),(#3747,#3748,#3749,#3750),(#3751,#3752,#3753,
#3754),(#3755,#3756,#3757,#3758),(#3759,#3760,#3761,#3762),(#3763,#3764,
#3765,#3766),(#3767,#3768,#3769,#3770),(#3771,#3772,#3773,#3774),(#3775,
#3776,#3777,#3778),(#3779,#3780,#3781,#3782),(#3783,#3784,#3785,#3786),
(#3787,#3788,#3789,#3790),(#3791,#3792,#3793,#3794),(#3795,#3796,#3797,
#3798),(#3799,#3800,#3801,#3802),(#3803,#3804,#3805,#3806),(#3807,#3808,
#3809,#3810),(#3811,#3812,#3813,#3814),(#3815,#3816,#3817,#3818),(#3819,
#3820,#3821,#3822),(#3823,#3824,#3825,#3826),(#3827,#3828,#3829,#3830),
(#3831,#3832,#3833,#3834),(#3835,#3836,#3837,#3838),(#3839,#3840,#3841,
#3842),(#3843,#3844,#3845,#3846),(#3847,#3848,#3849,#3850),(#3851,#3852,
#3853,#3854),(#3855,#3856,#3857,#3858),(#3859,#3860,#3861,#3862),(#3863,
#3864,#3865,#3866),(#3867,#3868,#3869,#3870),(#3871,#3872,#3873,#3874)),
 .UNSPECIFIED.,.F.,.F.,.F.)
B_SPLINE_SURFACE_WITH_KNOTS((4,1,1,1,1,1,1,1,1,1,1,1,1,1,1,1,1,1,1,1,1,
1,1,1,1,1,1,1,1,1,1,1,4),(4,4),(0.,0.00949958798298307,0.0491700840059522,
0.091995482048208,0.139614966752298,0.192520295786478,0.251320944391,0.315307655986574,
0.381118313186283,0.4431271621285,0.498676197673938,0.548314797617133,0.593098681298099,
0.633838102548278,0.671129981715261,0.70534486153641,0.736723261880066,
0.765414465564682,0.791622399060082,0.815625680254505,0.837685776872471,
0.858009920097695,0.876762187908897,0.894100113218602,0.910181807314056,
0.925153859556921,0.93911239698606,0.952109238867719,0.964184224079069,
0.975386709075336,0.985698803086826,0.995781591367677,1.),(0.,1.),
 .UNSPECIFIED.)
GEOMETRIC_REPRESENTATION_ITEM()
RATIONAL_B_SPLINE_SURFACE(((1.305432905902,0.8981890313662,0.8981890313662,
1.305432905902),(1.305432905902,0.8981890313662,0.8981890313662,1.305432905902),
(1.305432905902,0.8981890313662,0.8981890313662,1.305432905902),(1.305432905902,
0.8981890313662,0.8981890313662,1.305432905902),(1.305432905902,0.8981890313662,
0.8981890313662,1.305432905902),(1.305432905902,0.8981890313662,0.8981890313662,
1.305432905902),(1.305432905902,0.8981890313662,0.8981890313662,1.305432905902),
(1.305432905902,0.8981890313662,0.8981890313662,1.305432905902),(1.305432905902,
0.8981890313662,0.8981890313662,1.305432905902),(1.305432905902,0.8981890313662,
0.8981890313662,1.305432905902),(1.305432905902,0.8981890313662,0.8981890313662,
1.305432905902),(1.305432905902,0.8981890313662,0.8981890313662,1.305432905902),
(1.305432905902,0.8981890313662,0.8981890313662,1.305432905902),(1.305432905902,
0.8981890313662,0.8981890313662,1.305432905902),(1.305432905902,0.8981890313662,
0.8981890313662,1.305432905902),(1.305432905902,0.8981890313662,0.8981890313662,
1.305432905902),(1.305432905902,0.8981890313662,0.8981890313662,1.305432905902),
(1.305432905902,0.8981890313662,0.8981890313662,1.305432905902),(1.305432905902,
0.8981890313662,0.8981890313662,1.305432905902),(1.305432905902,0.8981890313662,
0.8981890313662,1.305432905902),(1.305432905902,0.8981890313662,0.8981890313662,
1.305432905902),(1.305432905902,0.8981890313662,0.8981890313662,1.305432905902),
(1.305432905902,0.8981890313662,0.8981890313662,1.305432905902),(1.305432905902,
0.8981890313662,0.8981890313662,1.305432905902),(1.305432905902,0.8981890313662,
0.8981890313662,1.305432905902),(1.305432905902,0.8981890313662,0.8981890313662,
1.305432905902),(1.305432905902,0.8981890313662,0.8981890313662,1.305432905902),
(1.305432905902,0.8981890313662,0.8981890313662,1.305432905902),(1.305432905902,
0.8981890313662,0.8981890313662,1.305432905902),(1.305432905902,0.8981890313662,
0.8981890313662,1.305432905902),(1.305432905902,0.8981890313662,0.8981890313662,
1.305432905902),(1.305432905902,0.8981890313662,0.8981890313662,1.305432905902),
(1.305432905902,0.8981890313662,0.8981890313662,1.305432905902),(1.305432905902,
0.8981890313662,0.8981890313662,1.305432905902),(1.305432905902,0.8981890313662,
0.8981890313662,1.305432905902)))
REPRESENTATION_ITEM('')
SURFACE()
);
#43=(
BOUNDED_SURFACE()
B_SPLINE_SURFACE(3,3,((#3882,#3883,#3884,#3885),(#3886,#3887,#3888,#3889),
(#3890,#3891,#3892,#3893),(#3894,#3895,#3896,#3897),(#3898,#3899,#3900,
#3901),(#3902,#3903,#3904,#3905),(#3906,#3907,#3908,#3909),(#3910,#3911,
#3912,#3913),(#3914,#3915,#3916,#3917),(#3918,#3919,#3920,#3921),(#3922,
#3923,#3924,#3925),(#3926,#3927,#3928,#3929),(#3930,#3931,#3932,#3933)),
 .UNSPECIFIED.,.F.,.F.,.F.)
B_SPLINE_SURFACE_WITH_KNOTS((4,1,1,1,1,1,1,1,1,1,4),(4,4),(0.,0.0422583243532301,
0.204483752495786,0.349915249312205,0.480350974398597,0.597461050060407,
0.70256280394648,0.796843016142577,0.881193355392184,0.955978676771975,
1.),(0.,1.),.UNSPECIFIED.)
GEOMETRIC_REPRESENTATION_ITEM()
RATIONAL_B_SPLINE_SURFACE(((1.770394037404,0.743201987532,0.743201987532,
1.770394037404),(1.770394037404,0.743201987532,0.743201987532,1.770394037404),
(1.770394037404,0.743201987532,0.743201987532,1.770394037404),(1.770394037404,
0.743201987532,0.743201987532,1.770394037404),(1.770394037404,0.743201987532,
0.743201987532,1.770394037404),(1.770394037404,0.743201987532,0.743201987532,
1.770394037404),(1.770394037404,0.743201987532,0.743201987532,1.770394037404),
(1.770394037404,0.743201987532,0.743201987532,1.770394037404),(1.770394037404,
0.743201987532,0.743201987532,1.770394037404),(1.770394037404,0.743201987532,
0.743201987532,1.770394037404),(1.770394037404,0.743201987532,0.743201987532,
1.770394037404),(1.770394037404,0.743201987532,0.743201987532,1.770394037404),
(1.770394037404,0.743201987532,0.743201987532,1.770394037404)))
REPRESENTATION_ITEM('')
SURFACE()
);
#44=TOROIDAL_SURFACE('',#1740,4.09999999999985,0.600000000000006);
#45=TOROIDAL_SURFACE('',#1758,4.09999999999984,0.600000000000016);
#46=(
BOUNDED_CURVE()
B_SPLINE_CURVE(3,(#2613,#2614,#2615,#2616,#2617,#2618,#2619,#2620,#2621,
#2622,#2623),.UNSPECIFIED.,.F.,.F.)
B_SPLINE_CURVE_WITH_KNOTS((4,1,1,1,1,1,1,1,4),(0.,0.0818470565768,0.1741623246195,
0.2773451112856,0.3923712827043,0.5205396827534,0.6632920300565,0.8224561511483,
1.),.UNSPECIFIED.)
CURVE()
GEOMETRIC_REPRESENTATION_ITEM()
RATIONAL_B_SPLINE_CURVE((1.48883312136532,1.48883312136532,1.48883312136532,
1.48883312136532,1.48883312136532,1.48883312136532,1.48883312136532,1.48883312136532,
1.48883312136532,1.48883312136532,1.48883312136532))
REPRESENTATION_ITEM('')
);
#47=(
BOUNDED_CURVE()
B_SPLINE_CURVE(3,(#2844,#2845,#2846,#2847),.UNSPECIFIED.,.F.,.F.)
B_SPLINE_CURVE_WITH_KNOTS((4,4),(0.,1.),.UNSPECIFIED.)
CURVE()
GEOMETRIC_REPRESENTATION_ITEM()
RATIONAL_B_SPLINE_CURVE((0.585786437506399,0.4714045208312,0.4714045208312,
0.585786437506399))
REPRESENTATION_ITEM('')
);
#48=(
BOUNDED_CURVE()
B_SPLINE_CURVE(3,(#2859,#2860,#2861,#2862),.UNSPECIFIED.,.F.,.F.)
B_SPLINE_CURVE_WITH_KNOTS((4,4),(0.,1.),.UNSPECIFIED.)
CURVE()
GEOMETRIC_REPRESENTATION_ITEM()
RATIONAL_B_SPLINE_CURVE((0.585786437506399,0.4714045208312,0.4714045208312,
0.585786437506399))
REPRESENTATION_ITEM('')
);
#49=(
BOUNDED_CURVE()
B_SPLINE_CURVE(3,(#2870,#2871,#2872,#2873,#2874,#2875,#2876,#2877,#2878,
#2879,#2880,#2881,#2882,#2883,#2884,#2885,#2886,#2887,#2888,#2889,#2890,
#2891,#2892,#2893,#2894,#2895,#2896,#2897,#2898),.UNSPECIFIED.,.F.,.F.)
B_SPLINE_CURVE_WITH_KNOTS((4,1,2,1,1,2,2,2,2,2,2,2,2,2,2,4),(0.,0.490289137410526,
0.544765708233918,0.546188315395687,0.558991779851608,0.573217851469299,
0.601669994704679,0.63012213794006,0.65857428117544,0.68702642441082,0.715478567646201,
0.772382854116956,0.829287140587717,0.886191427058478,0.943095713529239,
1.),.UNSPECIFIED.)
CURVE()
GEOMETRIC_REPRESENTATION_ITEM()
RATIONAL_B_SPLINE_CURVE((1.,1.,1.,1.,1.,1.,1.,1.,1.,1.,1.,1.,1.,1.,1.,1.,
1.,1.,1.,1.,1.,1.,1.,1.,1.,1.,1.,1.,1.))
REPRESENTATION_ITEM('')
);
#50=(
BOUNDED_CURVE()
B_SPLINE_CURVE(3,(#2916,#2917,#2918,#2919,#2920,#2921,#2922,#2923,#2924,
#2925,#2926,#2927,#2928,#2929,#2930,#2931,#2932,#2933,#2934,#2935,#2936,
#2937,#2938,#2939,#2940,#2941,#2942,#2943,#2944),.UNSPECIFIED.,.F.,.F.)
B_SPLINE_CURVE_WITH_KNOTS((4,2,2,2,2,2,2,2,2,2,2,1,1,2,1,4),(0.,0.0569042597520725,
0.113808547834978,0.170712835917884,0.227617124000791,0.284521412083697,
0.312973556125149,0.341425700166603,0.369877844208056,0.398329988249508,
0.426782132290962,0.441008204311688,0.453811669130342,0.455234276332414,
0.509710848699173,1.),.UNSPECIFIED.)
CURVE()
GEOMETRIC_REPRESENTATION_ITEM()
RATIONAL_B_SPLINE_CURVE((1.,1.,1.,1.,1.,1.,1.,1.,1.,1.,1.,1.,1.,1.,1.,1.,
1.,1.,1.,1.,1.,1.,1.,1.,1.,1.,1.,1.,1.))
REPRESENTATION_ITEM('')
);
#51=(
BOUNDED_CURVE()
B_SPLINE_CURVE(3,(#3731,#3732,#3733,#3734),.UNSPECIFIED.,.F.,.F.)
B_SPLINE_CURVE_WITH_KNOTS((4,4),(0.,1.),.UNSPECIFIED.)
CURVE()
GEOMETRIC_REPRESENTATION_ITEM()
RATIONAL_B_SPLINE_CURVE((1.17329101448738,0.942165140102183,0.942236350437694,
1.17350464549391))
REPRESENTATION_ITEM('')
);
#52=(
BOUNDED_CURVE()
B_SPLINE_CURVE(3,(#5010,#5011,#5012,#5013),.UNSPECIFIED.,.F.,.F.)
B_SPLINE_CURVE_WITH_KNOTS((4,4),(0.,1.),.UNSPECIFIED.)
CURVE()
GEOMETRIC_REPRESENTATION_ITEM()
RATIONAL_B_SPLINE_CURVE((0.585786437506399,0.4714045208312,0.4714045208312,
0.585786437506399))
REPRESENTATION_ITEM('')
);
#53=(
BOUNDED_CURVE()
B_SPLINE_CURVE(3,(#5017,#5018,#5019,#5020),.UNSPECIFIED.,.F.,.F.)
B_SPLINE_CURVE_WITH_KNOTS((4,4),(0.,1.),.UNSPECIFIED.)
CURVE()
GEOMETRIC_REPRESENTATION_ITEM()
RATIONAL_B_SPLINE_CURVE((0.585786437506399,0.4714045208312,0.4714045208312,
0.585786437506399))
REPRESENTATION_ITEM('')
);
#54=(
BOUNDED_CURVE()
B_SPLINE_CURVE(3,(#5032,#5033,#5034,#5035),.UNSPECIFIED.,.F.,.F.)
B_SPLINE_CURVE_WITH_KNOTS((4,4),(0.,1.),.UNSPECIFIED.)
CURVE()
GEOMETRIC_REPRESENTATION_ITEM()
RATIONAL_B_SPLINE_CURVE((0.585786437506399,0.4714045208312,0.4714045208312,
0.585786437506399))
REPRESENTATION_ITEM('')
);
#55=SURFACE_OF_LINEAR_EXTRUSION('',#1581,#147);
#56=SURFACE_OF_LINEAR_EXTRUSION('',#1600,#148);
#57=SURFACE_OF_LINEAR_EXTRUSION('',#1621,#156);
#58=SURFACE_OF_LINEAR_EXTRUSION('',#1625,#157);
#59=SURFACE_OF_LINEAR_EXTRUSION('',#1649,#158);
#60=SURFACE_OF_LINEAR_EXTRUSION('',#1664,#159);
#61=SURFACE_OF_LINEAR_EXTRUSION('',#53,#172);
#62=SURFACE_OF_LINEAR_EXTRUSION('',#1672,#174);
#63=SURFACE_OF_LINEAR_EXTRUSION('',#1673,#176);
#64=SURFACE_OF_LINEAR_EXTRUSION('',#54,#178);
#65=ELLIPSE('',#1683,45382.5775359252,88.34508852916);
#66=ELLIPSE('',#1685,383889.944682749,88.34508852916);
#67=ELLIPSE('',#1686,98.6429024480012,88.34508852916);
#68=ELLIPSE('',#1688,98.5590150011852,88.34508852916);
#69=ELLIPSE('',#1693,95.2832473236261,88.34508852916);
#70=ELLIPSE('',#1697,95.3495154019347,88.34508852916);
#71=ELLIPSE('',#1726,44.1913714652948,28.5);
#72=ELLIPSE('',#1745,44.1913714652948,28.5);
#73=PLANE('',#1678);
#74=PLANE('',#1682);
#75=PLANE('',#1684);
#76=PLANE('',#1695);
#77=PLANE('',#1699);
#78=PLANE('',#1703);
#79=PLANE('',#1719);
#80=PLANE('',#1721);
#81=PLANE('',#1723);
#82=PLANE('',#1724);
#83=PLANE('',#1725);
#84=PLANE('',#1727);
#85=PLANE('',#1730);
#86=PLANE('',#1736);
#87=PLANE('',#1746);
#88=PLANE('',#1749);
#89=PLANE('',#1754);
#90=PLANE('',#1765);
#91=PLANE('',#1770);
#92=PLANE('',#1781);
#93=PLANE('',#1788);
#94=PLANE('',#1793);
#95=PLANE('',#1796);
#96=PLANE('',#1798);
#97=PLANE('',#1801);
#98=PLANE('',#1802);
#99=PLANE('',#1806);
#100=PLANE('',#1812);
#101=PLANE('',#1813);
#102=PLANE('',#1816);
#103=LINE('',#2187,#142);
#104=LINE('',#2229,#143);
#105=LINE('',#2268,#144);
#106=LINE('',#2271,#145);
#107=LINE('',#2275,#146);
#108=LINE('',#2802,#149);
#109=LINE('',#2808,#150);
#110=LINE('',#2816,#151);
#111=LINE('',#2826,#152);
#112=LINE('',#2834,#153);
#113=LINE('',#2838,#154);
#114=LINE('',#2842,#155);
#115=LINE('',#4992,#160);
#116=LINE('',#4993,#161);
#117=LINE('',#4995,#162);
#118=LINE('',#4996,#163);
#119=LINE('',#4998,#164);
#120=LINE('',#4999,#165);
#121=LINE('',#5001,#166);
#122=LINE('',#5002,#167);
#123=LINE('',#5004,#168);
#124=LINE('',#5006,#169);
#125=LINE('',#5015,#170);
#126=LINE('',#5016,#171);
#127=LINE('',#5021,#173);
#128=LINE('',#5026,#175);
#129=LINE('',#5031,#177);
#130=LINE('',#5036,#179);
#131=LINE('',#5039,#180);
#132=LINE('',#5040,#181);
#133=LINE('',#5041,#182);
#134=LINE('',#5043,#183);
#135=LINE('',#5045,#184);
#136=LINE('',#5047,#185);
#137=LINE('',#5050,#186);
#138=LINE('',#5052,#187);
#139=LINE('',#5059,#188);
#140=LINE('',#5065,#189);
#141=LINE('',#5067,#190);
#142=VECTOR('',#1825,1.);
#143=VECTOR('',#1834,1.);
#144=VECTOR('',#1837,1.);
#145=VECTOR('',#1838,1.);
#146=VECTOR('',#1841,1.);
#147=VECTOR('',#1864,1.);
#148=VECTOR('',#1873,1.);
#149=VECTOR('',#1886,1.);
#150=VECTOR('',#1891,1.);
#151=VECTOR('',#1898,1.);
#152=VECTOR('',#1903,1.);
#153=VECTOR('',#1910,1.);
#154=VECTOR('',#1913,1.);
#155=VECTOR('',#1916,1.);
#156=VECTOR('',#1933,1.);
#157=VECTOR('',#1934,1.);
#158=VECTOR('',#1967,1.);
#159=VECTOR('',#2004,1.);
#160=VECTOR('',#2065,1.);
#161=VECTOR('',#2066,1.);
#162=VECTOR('',#2069,1.);
#163=VECTOR('',#2070,1.);
#164=VECTOR('',#2073,1.);
#165=VECTOR('',#2074,1.);
#166=VECTOR('',#2077,1.);
#167=VECTOR('',#2078,1.);
#168=VECTOR('',#2081,1.);
#169=VECTOR('',#2084,1.);
#170=VECTOR('',#2089,1.);
#171=VECTOR('',#2090,1.);
#172=VECTOR('',#2091,1.);
#173=VECTOR('',#2092,1.);
#174=VECTOR('',#2093,1.);
#175=VECTOR('',#2094,1.);
#176=VECTOR('',#2095,1.);
#177=VECTOR('',#2096,1.);
#178=VECTOR('',#2097,1.);
#179=VECTOR('',#2098,1.);
#180=VECTOR('',#2099,1.);
#181=VECTOR('',#2100,1.);
#182=VECTOR('',#2101,1.);
#183=VECTOR('',#2104,1.);
#184=VECTOR('',#2107,1.);
#185=VECTOR('',#2110,1.);
#186=VECTOR('',#2115,1.);
#187=VECTOR('',#2118,1.);
#188=VECTOR('',#2131,1.);
#189=VECTOR('',#2138,1.);
#190=VECTOR('',#2141,1.);
#191=FACE_BOUND('',#453,.T.);
#192=FACE_BOUND('',#454,.T.);
#193=FACE_BOUND('',#456,.T.);
#194=FACE_BOUND('',#457,.T.);
#195=FACE_BOUND('',#470,.T.);
#196=FACE_BOUND('',#471,.T.);
#197=FACE_BOUND('',#472,.T.);
#198=FACE_BOUND('',#473,.T.);
#199=FACE_BOUND('',#474,.T.);
#200=FACE_BOUND('',#475,.T.);
#201=FACE_BOUND('',#476,.T.);
#202=FACE_BOUND('',#477,.T.);
#203=FACE_BOUND('',#478,.T.);
#204=FACE_BOUND('',#479,.T.);
#205=FACE_BOUND('',#514,.T.);
#206=FACE_BOUND('',#515,.T.);
#207=FACE_BOUND('',#516,.T.);
#208=FACE_BOUND('',#517,.T.);
#209=FACE_BOUND('',#518,.T.);
#210=FACE_BOUND('',#519,.T.);
#211=FACE_BOUND('',#520,.T.);
#212=FACE_BOUND('',#521,.T.);
#213=FACE_BOUND('',#522,.T.);
#214=FACE_BOUND('',#523,.T.);
#215=FACE_BOUND('',#524,.T.);
#216=FACE_BOUND('',#525,.T.);
#217=FACE_BOUND('',#526,.T.);
#218=FACE_BOUND('',#527,.T.);
#219=FACE_BOUND('',#528,.T.);
#220=FACE_BOUND('',#529,.T.);
#221=FACE_BOUND('',#530,.T.);
#222=FACE_BOUND('',#531,.T.);
#223=FACE_BOUND('',#532,.T.);
#224=FACE_BOUND('',#533,.T.);
#225=FACE_BOUND('',#534,.T.);
#226=FACE_BOUND('',#535,.T.);
#227=FACE_BOUND('',#536,.T.);
#228=FACE_BOUND('',#537,.T.);
#229=FACE_BOUND('',#538,.T.);
#230=FACE_BOUND('',#539,.T.);
#231=FACE_BOUND('',#540,.T.);
#232=FACE_BOUND('',#541,.T.);
#233=FACE_BOUND('',#542,.T.);
#234=FACE_BOUND('',#543,.T.);
#235=FACE_BOUND('',#545,.T.);
#236=FACE_BOUND('',#546,.T.);
#237=FACE_BOUND('',#547,.T.);
#238=FACE_BOUND('',#548,.T.);
#239=ADVANCED_FACE('',(#379),#335,.T.);
#240=ADVANCED_FACE('',(#191,#192),#73,.T.);
#241=ADVANCED_FACE('',(#380),#336,.T.);
#242=ADVANCED_FACE('',(#193,#194),#74,.T.);
#243=ADVANCED_FACE('',(#381),#75,.F.);
#244=ADVANCED_FACE('',(#382),#337,.T.);
#245=ADVANCED_FACE('',(#383),#338,.T.);
#246=ADVANCED_FACE('',(#384),#339,.T.);
#247=ADVANCED_FACE('',(#385),#340,.T.);
#248=ADVANCED_FACE('',(#386),#55,.T.);
#249=ADVANCED_FACE('',(#387),#76,.T.);
#250=ADVANCED_FACE('',(#388),#341,.T.);
#251=ADVANCED_FACE('',(#389),#342,.T.);
#252=ADVANCED_FACE('',(#390),#56,.T.);
#253=ADVANCED_FACE('',(#391),#77,.T.);
#254=ADVANCED_FACE('',(#392),#343,.T.);
#255=ADVANCED_FACE('',(#195,#196,#197),#78,.T.);
#256=ADVANCED_FACE('',(#198,#199,#200),#79,.T.);
#257=ADVANCED_FACE('',(#201,#202),#80,.T.);
#258=ADVANCED_FACE('',(#203,#204),#81,.T.);
#259=ADVANCED_FACE('',(#393),#82,.T.);
#260=ADVANCED_FACE('',(#394),#57,.T.);
#261=ADVANCED_FACE('',(#395),#58,.T.);
#262=ADVANCED_FACE('',(#396),#83,.T.);
#263=ADVANCED_FACE('',(#397),#84,.T.);
#264=ADVANCED_FACE('',(#398),#344,.F.);
#265=ADVANCED_FACE('',(#399),#85,.T.);
#266=ADVANCED_FACE('',(#400),#345,.F.);
#267=ADVANCED_FACE('',(#401),#346,.T.);
#268=ADVANCED_FACE('',(#402),#86,.T.);
#269=ADVANCED_FACE('',(#403),#347,.T.);
#270=ADVANCED_FACE('',(#404),#44,.T.);
#271=ADVANCED_FACE('',(#405),#59,.T.);
#272=ADVANCED_FACE('',(#406),#38,.T.);
#273=ADVANCED_FACE('',(#407),#39,.T.);
#274=ADVANCED_FACE('',(#408),#348,.F.);
#275=ADVANCED_FACE('',(#409),#349,.F.);
#276=ADVANCED_FACE('',(#410),#40,.T.);
#277=ADVANCED_FACE('',(#411),#87,.T.);
#278=ADVANCED_FACE('',(#412),#350,.F.);
#279=ADVANCED_FACE('',(#413),#88,.T.);
#280=ADVANCED_FACE('',(#414),#351,.F.);
#281=ADVANCED_FACE('',(#415),#352,.T.);
#282=ADVANCED_FACE('',(#416),#89,.T.);
#283=ADVANCED_FACE('',(#417),#353,.T.);
#284=ADVANCED_FACE('',(#418),#45,.T.);
#285=ADVANCED_FACE('',(#419),#60,.T.);
#286=ADVANCED_FACE('',(#420),#41,.T.);
#287=ADVANCED_FACE('',(#421),#42,.T.);
#288=ADVANCED_FACE('',(#422),#354,.F.);
#289=ADVANCED_FACE('',(#423),#355,.F.);
#290=ADVANCED_FACE('',(#424),#43,.T.);
#291=ADVANCED_FACE('',(#425),#36,.T.);
#292=ADVANCED_FACE('',(#426),#37,.T.);
#293=ADVANCED_FACE('',(#205,#206),#356,.F.);
#294=ADVANCED_FACE('',(#207,#208),#90,.F.);
#295=ADVANCED_FACE('',(#209,#210),#357,.F.);
#296=ADVANCED_FACE('',(#211,#212),#358,.F.);
#297=ADVANCED_FACE('',(#213,#214),#91,.F.);
#298=ADVANCED_FACE('',(#215,#216),#359,.F.);
#299=ADVANCED_FACE('',(#217,#218),#34,.F.);
#300=ADVANCED_FACE('',(#219,#220),#360,.F.);
#301=ADVANCED_FACE('',(#221,#222),#35,.F.);
#302=ADVANCED_FACE('',(#223,#224),#361,.F.);
#303=ADVANCED_FACE('',(#225,#226),#362,.F.);
#304=ADVANCED_FACE('',(#227,#228),#92,.F.);
#305=ADVANCED_FACE('',(#229,#230),#363,.F.);
#306=ADVANCED_FACE('',(#231,#232),#364,.F.);
#307=ADVANCED_FACE('',(#233,#234),#93,.F.);
#308=ADVANCED_FACE('',(#427),#365,.F.);
#309=ADVANCED_FACE('',(#235,#236),#366,.F.);
#310=ADVANCED_FACE('',(#237,#238),#367,.F.);
#311=ADVANCED_FACE('',(#428),#368,.F.);
#312=ADVANCED_FACE('',(#429),#94,.F.);
#313=ADVANCED_FACE('',(#430),#369,.T.);
#314=ADVANCED_FACE('',(#431),#61,.F.);
#315=ADVANCED_FACE('',(#432),#62,.F.);
#316=ADVANCED_FACE('',(#433),#63,.F.);
#317=ADVANCED_FACE('',(#434),#64,.F.);
#318=ADVANCED_FACE('',(#435),#95,.F.);
#319=ADVANCED_FACE('',(#436),#370,.T.);
#320=ADVANCED_FACE('',(#437),#96,.F.);
#321=ADVANCED_FACE('',(#438),#371,.F.);
#322=ADVANCED_FACE('',(#439),#372,.F.);
#323=ADVANCED_FACE('',(#440),#97,.F.);
#324=ADVANCED_FACE('',(#441),#98,.F.);
#325=ADVANCED_FACE('',(#442),#373,.F.);
#326=ADVANCED_FACE('',(#443),#374,.F.);
#327=ADVANCED_FACE('',(#444),#99,.T.);
#328=ADVANCED_FACE('',(#445),#375,.F.);
#329=ADVANCED_FACE('',(#446),#376,.F.);
#330=ADVANCED_FACE('',(#447),#377,.F.);
#331=ADVANCED_FACE('',(#448),#100,.T.);
#332=ADVANCED_FACE('',(#449),#101,.F.);
#333=ADVANCED_FACE('',(#450),#378,.F.);
#334=ADVANCED_FACE('',(#451),#102,.T.);
#335=CYLINDRICAL_SURFACE('',#1676,5.00000000000001);
#336=CYLINDRICAL_SURFACE('',#1680,5.00000000000001);
#337=CYLINDRICAL_SURFACE('',#1687,88.34508852916);
#338=CYLINDRICAL_SURFACE('',#1689,88.34508852916);
#339=CYLINDRICAL_SURFACE('',#1692,1.99999999999994);
#340=CYLINDRICAL_SURFACE('',#1694,88.34508852916);
#341=CYLINDRICAL_SURFACE('',#1696,0.599999999999994);
#342=CYLINDRICAL_SURFACE('',#1698,88.34508852916);
#343=CYLINDRICAL_SURFACE('',#1700,0.599999999999994);
#344=CYLINDRICAL_SURFACE('',#1729,3.5);
#345=CYLINDRICAL_SURFACE('',#1733,0.599999999999994);
#346=CYLINDRICAL_SURFACE('',#1734,0.599999999999966);
#347=CYLINDRICAL_SURFACE('',#1739,0.600000000000059);
#348=CYLINDRICAL_SURFACE('',#1742,0.59999999999993);
#349=CYLINDRICAL_SURFACE('',#1743,0.600000016422341);
#350=CYLINDRICAL_SURFACE('',#1748,3.5);
#351=CYLINDRICAL_SURFACE('',#1750,0.599999999999994);
#352=CYLINDRICAL_SURFACE('',#1752,0.599999999999994);
#353=CYLINDRICAL_SURFACE('',#1757,0.600000000000072);
#354=CYLINDRICAL_SURFACE('',#1760,0.599999999999927);
#355=CYLINDRICAL_SURFACE('',#1761,0.6000000164223);
#356=CYLINDRICAL_SURFACE('',#1763,1.7);
#357=CYLINDRICAL_SURFACE('',#1766,3.);
#358=CYLINDRICAL_SURFACE('',#1768,1.7);
#359=CYLINDRICAL_SURFACE('',#1771,3.);
#360=CYLINDRICAL_SURFACE('',#1774,1.3);
#361=CYLINDRICAL_SURFACE('',#1777,1.3);
#362=CYLINDRICAL_SURFACE('',#1779,1.4);
#363=CYLINDRICAL_SURFACE('',#1782,2.4);
#364=CYLINDRICAL_SURFACE('',#1784,1.4);
#365=CYLINDRICAL_SURFACE('',#1789,2.4);
#366=CYLINDRICAL_SURFACE('',#1790,7391.21204150731);
#367=CYLINDRICAL_SURFACE('',#1791,7391.21204150731);
#368=CYLINDRICAL_SURFACE('',#1792,3.5);
#369=CYLINDRICAL_SURFACE('',#1795,2.3);
#370=CYLINDRICAL_SURFACE('',#1797,2.3);
#371=CYLINDRICAL_SURFACE('',#1799,3.5);
#372=CYLINDRICAL_SURFACE('',#1800,3.5);
#373=CYLINDRICAL_SURFACE('',#1803,3.5);
#374=CYLINDRICAL_SURFACE('',#1805,1.);
#375=CYLINDRICAL_SURFACE('',#1807,7.);
#376=CYLINDRICAL_SURFACE('',#1809,1.);
#377=CYLINDRICAL_SURFACE('',#1811,1.);
#378=CYLINDRICAL_SURFACE('',#1815,28.5);
#379=FACE_OUTER_BOUND('',#452,.T.);
#380=FACE_OUTER_BOUND('',#455,.T.);
#381=FACE_OUTER_BOUND('',#458,.T.);
#382=FACE_OUTER_BOUND('',#459,.T.);
#383=FACE_OUTER_BOUND('',#460,.T.);
#384=FACE_OUTER_BOUND('',#461,.T.);
#385=FACE_OUTER_BOUND('',#462,.T.);
#386=FACE_OUTER_BOUND('',#463,.T.);
#387=FACE_OUTER_BOUND('',#464,.T.);
#388=FACE_OUTER_BOUND('',#465,.T.);
#389=FACE_OUTER_BOUND('',#466,.T.);
#390=FACE_OUTER_BOUND('',#467,.T.);
#391=FACE_OUTER_BOUND('',#468,.T.);
#392=FACE_OUTER_BOUND('',#469,.T.);
#393=FACE_OUTER_BOUND('',#480,.T.);
#394=FACE_OUTER_BOUND('',#481,.T.);
#395=FACE_OUTER_BOUND('',#482,.T.);
#396=FACE_OUTER_BOUND('',#483,.T.);
#397=FACE_OUTER_BOUND('',#484,.T.);
#398=FACE_OUTER_BOUND('',#485,.T.);
#399=FACE_OUTER_BOUND('',#486,.T.);
#400=FACE_OUTER_BOUND('',#487,.T.);
#401=FACE_OUTER_BOUND('',#488,.T.);
#402=FACE_OUTER_BOUND('',#489,.T.);
#403=FACE_OUTER_BOUND('',#490,.T.);
#404=FACE_OUTER_BOUND('',#491,.T.);
#405=FACE_OUTER_BOUND('',#492,.T.);
#406=FACE_OUTER_BOUND('',#493,.T.);
#407=FACE_OUTER_BOUND('',#494,.T.);
#408=FACE_OUTER_BOUND('',#495,.T.);
#409=FACE_OUTER_BOUND('',#496,.T.);
#410=FACE_OUTER_BOUND('',#497,.T.);
#411=FACE_OUTER_BOUND('',#498,.T.);
#412=FACE_OUTER_BOUND('',#499,.T.);
#413=FACE_OUTER_BOUND('',#500,.T.);
#414=FACE_OUTER_BOUND('',#501,.T.);
#415=FACE_OUTER_BOUND('',#502,.T.);
#416=FACE_OUTER_BOUND('',#503,.T.);
#417=FACE_OUTER_BOUND('',#504,.T.);
#418=FACE_OUTER_BOUND('',#505,.T.);
#419=FACE_OUTER_BOUND('',#506,.T.);
#420=FACE_OUTER_BOUND('',#507,.T.);
#421=FACE_OUTER_BOUND('',#508,.T.);
#422=FACE_OUTER_BOUND('',#509,.T.);
#423=FACE_OUTER_BOUND('',#510,.T.);
#424=FACE_OUTER_BOUND('',#511,.T.);
#425=FACE_OUTER_BOUND('',#512,.T.);
#426=FACE_OUTER_BOUND('',#513,.T.);
#427=FACE_OUTER_BOUND('',#544,.T.);
#428=FACE_OUTER_BOUND('',#549,.T.);
#429=FACE_OUTER_BOUND('',#550,.T.);
#430=FACE_OUTER_BOUND('',#551,.T.);
#431=FACE_OUTER_BOUND('',#552,.T.);
#432=FACE_OUTER_BOUND('',#553,.T.);
#433=FACE_OUTER_BOUND('',#554,.T.);
#434=FACE_OUTER_BOUND('',#555,.T.);
#435=FACE_OUTER_BOUND('',#556,.T.);
#436=FACE_OUTER_BOUND('',#557,.T.);
#437=FACE_OUTER_BOUND('',#558,.T.);
#438=FACE_OUTER_BOUND('',#559,.T.);
#439=FACE_OUTER_BOUND('',#560,.T.);
#440=FACE_OUTER_BOUND('',#561,.T.);
#441=FACE_OUTER_BOUND('',#562,.T.);
#442=FACE_OUTER_BOUND('',#563,.T.);
#443=FACE_OUTER_BOUND('',#564,.T.);
#444=FACE_OUTER_BOUND('',#565,.T.);
#445=FACE_OUTER_BOUND('',#566,.T.);
#446=FACE_OUTER_BOUND('',#567,.T.);
#447=FACE_OUTER_BOUND('',#568,.T.);
#448=FACE_OUTER_BOUND('',#569,.T.);
#449=FACE_OUTER_BOUND('',#570,.T.);
#450=FACE_OUTER_BOUND('',#571,.T.);
#451=FACE_OUTER_BOUND('',#572,.T.);
#452=EDGE_LOOP('',(#629,#630,#631,#632));
#453=EDGE_LOOP('',(#633));
#454=EDGE_LOOP('',(#634,#635,#636,#637,#638,#639,#640));
#455=EDGE_LOOP('',(#641,#642,#643,#644));
#456=EDGE_LOOP('',(#645));
#457=EDGE_LOOP('',(#646,#647,#648,#649,#650,#651,#652));
#458=EDGE_LOOP('',(#653,#654,#655,#656));
#459=EDGE_LOOP('',(#657,#658,#659,#660,#661,#662,#663,#664,#665,#666,#667));
#460=EDGE_LOOP('',(#668,#669,#670,#671,#672,#673,#674,#675,#676));
#461=EDGE_LOOP('',(#677,#678,#679,#680,#681,#682));
#462=EDGE_LOOP('',(#683,#684,#685,#686,#687,#688,#689));
#463=EDGE_LOOP('',(#690,#691,#692,#693,#694,#695,#696,#697,#698,#699,#700,
#701));
#464=EDGE_LOOP('',(#702,#703,#704,#705,#706,#707));
#465=EDGE_LOOP('',(#708,#709,#710));
#466=EDGE_LOOP('',(#711,#712,#713,#714,#715,#716,#717,#718));
#467=EDGE_LOOP('',(#719,#720,#721,#722,#723,#724,#725,#726,#727,#728,#729));
#468=EDGE_LOOP('',(#730,#731,#732,#733,#734,#735));
#469=EDGE_LOOP('',(#736,#737,#738));
#470=EDGE_LOOP('',(#739));
#471=EDGE_LOOP('',(#740));
#472=EDGE_LOOP('',(#741,#742,#743,#744,#745,#746,#747));
#473=EDGE_LOOP('',(#748,#749,#750,#751,#752,#753,#754,#755,#756,#757,#758,
#759,#760,#761,#762,#763,#764,#765,#766,#767,#768,#769,#770,#771,#772,#773,
#774,#775,#776,#777,#778,#779));
#474=EDGE_LOOP('',(#780));
#475=EDGE_LOOP('',(#781));
#476=EDGE_LOOP('',(#782));
#477=EDGE_LOOP('',(#783,#784,#785,#786));
#478=EDGE_LOOP('',(#787));
#479=EDGE_LOOP('',(#788,#789,#790,#791));
#480=EDGE_LOOP('',(#792,#793,#794,#795));
#481=EDGE_LOOP('',(#796,#797,#798,#799));
#482=EDGE_LOOP('',(#800,#801,#802,#803));
#483=EDGE_LOOP('',(#804,#805,#806,#807));
#484=EDGE_LOOP('',(#808,#809,#810,#811,#812,#813));
#485=EDGE_LOOP('',(#814,#815,#816,#817));
#486=EDGE_LOOP('',(#818,#819,#820,#821,#822,#823,#824,#825));
#487=EDGE_LOOP('',(#826,#827,#828,#829));
#488=EDGE_LOOP('',(#830,#831,#832,#833));
#489=EDGE_LOOP('',(#834,#835,#836,#837,#838,#839,#840,#841));
#490=EDGE_LOOP('',(#842,#843,#844,#845));
#491=EDGE_LOOP('',(#846,#847,#848,#849));
#492=EDGE_LOOP('',(#850,#851,#852,#853,#854,#855));
#493=EDGE_LOOP('',(#856,#857,#858,#859));
#494=EDGE_LOOP('',(#860,#861,#862));
#495=EDGE_LOOP('',(#863,#864,#865,#866));
#496=EDGE_LOOP('',(#867,#868,#869,#870));
#497=EDGE_LOOP('',(#871,#872,#873,#874));
#498=EDGE_LOOP('',(#875,#876,#877,#878,#879,#880));
#499=EDGE_LOOP('',(#881,#882,#883,#884));
#500=EDGE_LOOP('',(#885,#886,#887,#888,#889,#890,#891,#892));
#501=EDGE_LOOP('',(#893,#894,#895,#896));
#502=EDGE_LOOP('',(#897,#898,#899,#900));
#503=EDGE_LOOP('',(#901,#902,#903,#904,#905,#906,#907,#908));
#504=EDGE_LOOP('',(#909,#910,#911,#912));
#505=EDGE_LOOP('',(#913,#914,#915,#916));
#506=EDGE_LOOP('',(#917,#918,#919,#920,#921));
#507=EDGE_LOOP('',(#922,#923,#924,#925,#926));
#508=EDGE_LOOP('',(#927,#928,#929,#930));
#509=EDGE_LOOP('',(#931,#932,#933,#934));
#510=EDGE_LOOP('',(#935,#936,#937,#938));
#511=EDGE_LOOP('',(#939,#940,#941,#942));
#512=EDGE_LOOP('',(#943,#944,#945,#946,#947));
#513=EDGE_LOOP('',(#948,#949,#950,#951,#952));
#514=EDGE_LOOP('',(#953));
#515=EDGE_LOOP('',(#954));
#516=EDGE_LOOP('',(#955));
#517=EDGE_LOOP('',(#956));
#518=EDGE_LOOP('',(#957));
#519=EDGE_LOOP('',(#958));
#520=EDGE_LOOP('',(#959));
#521=EDGE_LOOP('',(#960));
#522=EDGE_LOOP('',(#961));
#523=EDGE_LOOP('',(#962));
#524=EDGE_LOOP('',(#963));
#525=EDGE_LOOP('',(#964));
#526=EDGE_LOOP('',(#965));
#527=EDGE_LOOP('',(#966));
#528=EDGE_LOOP('',(#967));
#529=EDGE_LOOP('',(#968));
#530=EDGE_LOOP('',(#969));
#531=EDGE_LOOP('',(#970));
#532=EDGE_LOOP('',(#971));
#533=EDGE_LOOP('',(#972));
#534=EDGE_LOOP('',(#973));
#535=EDGE_LOOP('',(#974));
#536=EDGE_LOOP('',(#975));
#537=EDGE_LOOP('',(#976));
#538=EDGE_LOOP('',(#977,#978,#979,#980,#981));
#539=EDGE_LOOP('',(#982));
#540=EDGE_LOOP('',(#983));
#541=EDGE_LOOP('',(#984));
#542=EDGE_LOOP('',(#985,#986,#987));
#543=EDGE_LOOP('',(#988));
#544=EDGE_LOOP('',(#989,#990,#991,#992,#993));
#545=EDGE_LOOP('',(#994,#995,#996,#997,#998));
#546=EDGE_LOOP('',(#999));
#547=EDGE_LOOP('',(#1000,#1001,#1002,#1003,#1004,#1005));
#548=EDGE_LOOP('',(#1006));
#549=EDGE_LOOP('',(#1007,#1008,#1009,#1010));
#550=EDGE_LOOP('',(#1011,#1012,#1013,#1014,#1015));
#551=EDGE_LOOP('',(#1016,#1017,#1018,#1019,#1020,#1021));
#552=EDGE_LOOP('',(#1022,#1023,#1024,#1025,#1026,#1027));
#553=EDGE_LOOP('',(#1028,#1029,#1030,#1031,#1032));
#554=EDGE_LOOP('',(#1033,#1034,#1035,#1036));
#555=EDGE_LOOP('',(#1037,#1038,#1039,#1040));
#556=EDGE_LOOP('',(#1041,#1042,#1043,#1044,#1045,#1046,#1047,#1048));
#557=EDGE_LOOP('',(#1049,#1050,#1051,#1052));
#558=EDGE_LOOP('',(#1053,#1054,#1055,#1056,#1057));
#559=EDGE_LOOP('',(#1058,#1059,#1060,#1061));
#560=EDGE_LOOP('',(#1062,#1063,#1064,#1065));
#561=EDGE_LOOP('',(#1066,#1067,#1068,#1069));
#562=EDGE_LOOP('',(#1070,#1071,#1072,#1073));
#563=EDGE_LOOP('',(#1074,#1075,#1076,#1077,#1078,#1079));
#564=EDGE_LOOP('',(#1080,#1081,#1082,#1083));
#565=EDGE_LOOP('',(#1084,#1085));
#566=EDGE_LOOP('',(#1086,#1087,#1088,#1089,#1090,#1091,#1092));
#567=EDGE_LOOP('',(#1093,#1094,#1095,#1096));
#568=EDGE_LOOP('',(#1097,#1098,#1099,#1100));
#569=EDGE_LOOP('',(#1101,#1102,#1103,#1104,#1105,#1106));
#570=EDGE_LOOP('',(#1107,#1108,#1109,#1110));
#571=EDGE_LOOP('',(#1111,#1112,#1113,#1114,#1115,#1116,#1117));
#572=EDGE_LOOP('',(#1118,#1119,#1120));
#573=CIRCLE('',#1675,5.00000000000904);
#574=CIRCLE('',#1677,1.7);
#575=CIRCLE('',#1679,5.00000000000901);
#576=CIRCLE('',#1681,1.7);
#577=CIRCLE('',#1690,1.99999999999989);
#578=CIRCLE('',#1691,1.9999999999999);
#579=CIRCLE('',#1701,1.54999999999994);
#580=CIRCLE('',#1702,1.54999999999997);
#581=CIRCLE('',#1704,1.);
#582=CIRCLE('',#1705,1.);
#583=CIRCLE('',#1706,2.3);
#584=CIRCLE('',#1707,3.5);
#585=CIRCLE('',#1708,3.5);
#586=CIRCLE('',#1709,7391.21204150731);
#587=CIRCLE('',#1710,7.);
#588=CIRCLE('',#1711,7.);
#589=CIRCLE('',#1712,7391.21204150731);
#590=CIRCLE('',#1713,3.5);
#591=CIRCLE('',#1714,3.5);
#592=CIRCLE('',#1715,2.3);
#593=CIRCLE('',#1716,1.);
#594=CIRCLE('',#1717,1.4);
#595=CIRCLE('',#1718,1.4);
#596=CIRCLE('',#1720,3.);
#597=CIRCLE('',#1722,3.);
#598=CIRCLE('',#1728,3.49999999995367);
#599=CIRCLE('',#1731,0.599999989914437);
#600=CIRCLE('',#1732,0.599999999975665);
#601=CIRCLE('',#1735,4.09999999952728);
#602=CIRCLE('',#1737,0.600000000024472);
#603=CIRCLE('',#1738,0.599999999972596);
#604=CIRCLE('',#1741,0.599999999950626);
#605=CIRCLE('',#1744,0.599999999975665);
#606=CIRCLE('',#1747,3.49999999996714);
#607=CIRCLE('',#1751,0.599999999999994);
#608=CIRCLE('',#1753,4.09999999952728);
#609=CIRCLE('',#1755,0.599999999972539);
#610=CIRCLE('',#1756,0.600000000024534);
#611=CIRCLE('',#1759,0.599999999950626);
#612=CIRCLE('',#1762,1.7);
#613=CIRCLE('',#1764,3.);
#614=CIRCLE('',#1767,1.7);
#615=CIRCLE('',#1769,3.);
#616=CIRCLE('',#1772,1.3);
#617=CIRCLE('',#1775,1.3);
#618=CIRCLE('',#1778,1.4);
#619=CIRCLE('',#1780,2.4);
#620=CIRCLE('',#1783,1.4);
#621=CIRCLE('',#1785,2.4);
#622=CIRCLE('',#1786,7391.21204150731);
#623=CIRCLE('',#1787,3.5);
#624=CIRCLE('',#1794,2.3);
#625=CIRCLE('',#1804,1.);
#626=CIRCLE('',#1808,1.);
#627=CIRCLE('',#1810,1.);
#628=CIRCLE('',#1814,28.5);
#629=ORIENTED_EDGE('',*,*,#1284,.F.);
#630=ORIENTED_EDGE('',*,*,#1285,.T.);
#631=ORIENTED_EDGE('',*,*,#1286,.F.);
#632=ORIENTED_EDGE('',*,*,#1287,.F.);
#633=ORIENTED_EDGE('',*,*,#1288,.F.);
#634=ORIENTED_EDGE('',*,*,#1289,.F.);
#635=ORIENTED_EDGE('',*,*,#1290,.T.);
#636=ORIENTED_EDGE('',*,*,#1291,.T.);
#637=ORIENTED_EDGE('',*,*,#1292,.T.);
#638=ORIENTED_EDGE('',*,*,#1293,.F.);
#639=ORIENTED_EDGE('',*,*,#1294,.T.);
#640=ORIENTED_EDGE('',*,*,#1295,.T.);
#641=ORIENTED_EDGE('',*,*,#1296,.T.);
#642=ORIENTED_EDGE('',*,*,#1297,.T.);
#643=ORIENTED_EDGE('',*,*,#1289,.T.);
#644=ORIENTED_EDGE('',*,*,#1298,.T.);
#645=ORIENTED_EDGE('',*,*,#1299,.F.);
#646=ORIENTED_EDGE('',*,*,#1300,.T.);
#647=ORIENTED_EDGE('',*,*,#1301,.T.);
#648=ORIENTED_EDGE('',*,*,#1284,.T.);
#649=ORIENTED_EDGE('',*,*,#1302,.F.);
#650=ORIENTED_EDGE('',*,*,#1303,.F.);
#651=ORIENTED_EDGE('',*,*,#1304,.T.);
#652=ORIENTED_EDGE('',*,*,#1292,.F.);
#653=ORIENTED_EDGE('',*,*,#1305,.F.);
#654=ORIENTED_EDGE('',*,*,#1306,.T.);
#655=ORIENTED_EDGE('',*,*,#1307,.T.);
#656=ORIENTED_EDGE('',*,*,#1308,.F.);
#657=ORIENTED_EDGE('',*,*,#1309,.F.);
#658=ORIENTED_EDGE('',*,*,#1310,.F.);
#659=ORIENTED_EDGE('',*,*,#1311,.F.);
#660=ORIENTED_EDGE('',*,*,#1312,.F.);
#661=ORIENTED_EDGE('',*,*,#1313,.F.);
#662=ORIENTED_EDGE('',*,*,#1314,.F.);
#663=ORIENTED_EDGE('',*,*,#1315,.F.);
#664=ORIENTED_EDGE('',*,*,#1316,.F.);
#665=ORIENTED_EDGE('',*,*,#1317,.F.);
#666=ORIENTED_EDGE('',*,*,#1318,.T.);
#667=ORIENTED_EDGE('',*,*,#1319,.F.);
#668=ORIENTED_EDGE('',*,*,#1320,.F.);
#669=ORIENTED_EDGE('',*,*,#1321,.F.);
#670=ORIENTED_EDGE('',*,*,#1307,.F.);
#671=ORIENTED_EDGE('',*,*,#1322,.F.);
#672=ORIENTED_EDGE('',*,*,#1323,.F.);
#673=ORIENTED_EDGE('',*,*,#1319,.T.);
#674=ORIENTED_EDGE('',*,*,#1324,.F.);
#675=ORIENTED_EDGE('',*,*,#1325,.T.);
#676=ORIENTED_EDGE('',*,*,#1326,.T.);
#677=ORIENTED_EDGE('',*,*,#1327,.F.);
#678=ORIENTED_EDGE('',*,*,#1328,.T.);
#679=ORIENTED_EDGE('',*,*,#1329,.F.);
#680=ORIENTED_EDGE('',*,*,#1330,.T.);
#681=ORIENTED_EDGE('',*,*,#1331,.T.);
#682=ORIENTED_EDGE('',*,*,#1332,.F.);
#683=ORIENTED_EDGE('',*,*,#1333,.F.);
#684=ORIENTED_EDGE('',*,*,#1334,.F.);
#685=ORIENTED_EDGE('',*,*,#1335,.T.);
#686=ORIENTED_EDGE('',*,*,#1336,.F.);
#687=ORIENTED_EDGE('',*,*,#1337,.F.);
#688=ORIENTED_EDGE('',*,*,#1338,.F.);
#689=ORIENTED_EDGE('',*,*,#1339,.F.);
#690=ORIENTED_EDGE('',*,*,#1340,.F.);
#691=ORIENTED_EDGE('',*,*,#1326,.F.);
#692=ORIENTED_EDGE('',*,*,#1341,.F.);
#693=ORIENTED_EDGE('',*,*,#1342,.F.);
#694=ORIENTED_EDGE('',*,*,#1343,.F.);
#695=ORIENTED_EDGE('',*,*,#1344,.F.);
#696=ORIENTED_EDGE('',*,*,#1345,.T.);
#697=ORIENTED_EDGE('',*,*,#1346,.T.);
#698=ORIENTED_EDGE('',*,*,#1347,.F.);
#699=ORIENTED_EDGE('',*,*,#1348,.F.);
#700=ORIENTED_EDGE('',*,*,#1349,.F.);
#701=ORIENTED_EDGE('',*,*,#1350,.F.);
#702=ORIENTED_EDGE('',*,*,#1351,.T.);
#703=ORIENTED_EDGE('',*,*,#1332,.T.);
#704=ORIENTED_EDGE('',*,*,#1352,.T.);
#705=ORIENTED_EDGE('',*,*,#1345,.F.);
#706=ORIENTED_EDGE('',*,*,#1353,.F.);
#707=ORIENTED_EDGE('',*,*,#1354,.F.);
#708=ORIENTED_EDGE('',*,*,#1355,.T.);
#709=ORIENTED_EDGE('',*,*,#1354,.T.);
#710=ORIENTED_EDGE('',*,*,#1356,.F.);
#711=ORIENTED_EDGE('',*,*,#1357,.F.);
#712=ORIENTED_EDGE('',*,*,#1358,.F.);
#713=ORIENTED_EDGE('',*,*,#1359,.F.);
#714=ORIENTED_EDGE('',*,*,#1347,.T.);
#715=ORIENTED_EDGE('',*,*,#1360,.T.);
#716=ORIENTED_EDGE('',*,*,#1337,.T.);
#717=ORIENTED_EDGE('',*,*,#1336,.T.);
#718=ORIENTED_EDGE('',*,*,#1361,.T.);
#719=ORIENTED_EDGE('',*,*,#1362,.F.);
#720=ORIENTED_EDGE('',*,*,#1363,.F.);
#721=ORIENTED_EDGE('',*,*,#1364,.F.);
#722=ORIENTED_EDGE('',*,*,#1365,.F.);
#723=ORIENTED_EDGE('',*,*,#1339,.T.);
#724=ORIENTED_EDGE('',*,*,#1366,.F.);
#725=ORIENTED_EDGE('',*,*,#1367,.F.);
#726=ORIENTED_EDGE('',*,*,#1368,.T.);
#727=ORIENTED_EDGE('',*,*,#1369,.T.);
#728=ORIENTED_EDGE('',*,*,#1370,.F.);
#729=ORIENTED_EDGE('',*,*,#1315,.T.);
#730=ORIENTED_EDGE('',*,*,#1371,.T.);
#731=ORIENTED_EDGE('',*,*,#1372,.T.);
#732=ORIENTED_EDGE('',*,*,#1367,.T.);
#733=ORIENTED_EDGE('',*,*,#1373,.F.);
#734=ORIENTED_EDGE('',*,*,#1330,.F.);
#735=ORIENTED_EDGE('',*,*,#1374,.F.);
#736=ORIENTED_EDGE('',*,*,#1375,.T.);
#737=ORIENTED_EDGE('',*,*,#1371,.F.);
#738=ORIENTED_EDGE('',*,*,#1376,.F.);
#739=ORIENTED_EDGE('',*,*,#1377,.F.);
#740=ORIENTED_EDGE('',*,*,#1378,.F.);
#741=ORIENTED_EDGE('',*,*,#1373,.T.);
#742=ORIENTED_EDGE('',*,*,#1366,.T.);
#743=ORIENTED_EDGE('',*,*,#1338,.T.);
#744=ORIENTED_EDGE('',*,*,#1360,.F.);
#745=ORIENTED_EDGE('',*,*,#1346,.F.);
#746=ORIENTED_EDGE('',*,*,#1352,.F.);
#747=ORIENTED_EDGE('',*,*,#1331,.F.);
#748=ORIENTED_EDGE('',*,*,#1379,.F.);
#749=ORIENTED_EDGE('',*,*,#1380,.F.);
#750=ORIENTED_EDGE('',*,*,#1381,.F.);
#751=ORIENTED_EDGE('',*,*,#1382,.F.);
#752=ORIENTED_EDGE('',*,*,#1383,.F.);
#753=ORIENTED_EDGE('',*,*,#1384,.F.);
#754=ORIENTED_EDGE('',*,*,#1385,.F.);
#755=ORIENTED_EDGE('',*,*,#1386,.F.);
#756=ORIENTED_EDGE('',*,*,#1387,.F.);
#757=ORIENTED_EDGE('',*,*,#1388,.T.);
#758=ORIENTED_EDGE('',*,*,#1327,.T.);
#759=ORIENTED_EDGE('',*,*,#1351,.F.);
#760=ORIENTED_EDGE('',*,*,#1355,.F.);
#761=ORIENTED_EDGE('',*,*,#1389,.F.);
#762=ORIENTED_EDGE('',*,*,#1390,.T.);
#763=ORIENTED_EDGE('',*,*,#1376,.T.);
#764=ORIENTED_EDGE('',*,*,#1374,.T.);
#765=ORIENTED_EDGE('',*,*,#1329,.T.);
#766=ORIENTED_EDGE('',*,*,#1391,.T.);
#767=ORIENTED_EDGE('',*,*,#1392,.F.);
#768=ORIENTED_EDGE('',*,*,#1393,.F.);
#769=ORIENTED_EDGE('',*,*,#1394,.F.);
#770=ORIENTED_EDGE('',*,*,#1395,.F.);
#771=ORIENTED_EDGE('',*,*,#1396,.F.);
#772=ORIENTED_EDGE('',*,*,#1397,.F.);
#773=ORIENTED_EDGE('',*,*,#1398,.F.);
#774=ORIENTED_EDGE('',*,*,#1399,.F.);
#775=ORIENTED_EDGE('',*,*,#1400,.F.);
#776=ORIENTED_EDGE('',*,*,#1401,.F.);
#777=ORIENTED_EDGE('',*,*,#1402,.F.);
#778=ORIENTED_EDGE('',*,*,#1403,.F.);
#779=ORIENTED_EDGE('',*,*,#1404,.F.);
#780=ORIENTED_EDGE('',*,*,#1405,.F.);
#781=ORIENTED_EDGE('',*,*,#1406,.F.);
#782=ORIENTED_EDGE('',*,*,#1407,.T.);
#783=ORIENTED_EDGE('',*,*,#1408,.T.);
#784=ORIENTED_EDGE('',*,*,#1409,.T.);
#785=ORIENTED_EDGE('',*,*,#1410,.T.);
#786=ORIENTED_EDGE('',*,*,#1411,.F.);
#787=ORIENTED_EDGE('',*,*,#1412,.T.);
#788=ORIENTED_EDGE('',*,*,#1413,.T.);
#789=ORIENTED_EDGE('',*,*,#1414,.T.);
#790=ORIENTED_EDGE('',*,*,#1411,.T.);
#791=ORIENTED_EDGE('',*,*,#1415,.F.);
#792=ORIENTED_EDGE('',*,*,#1416,.T.);
#793=ORIENTED_EDGE('',*,*,#1417,.T.);
#794=ORIENTED_EDGE('',*,*,#1293,.T.);
#795=ORIENTED_EDGE('',*,*,#1418,.F.);
#796=ORIENTED_EDGE('',*,*,#1419,.T.);
#797=ORIENTED_EDGE('',*,*,#1420,.T.);
#798=ORIENTED_EDGE('',*,*,#1294,.F.);
#799=ORIENTED_EDGE('',*,*,#1417,.F.);
#800=ORIENTED_EDGE('',*,*,#1421,.T.);
#801=ORIENTED_EDGE('',*,*,#1422,.T.);
#802=ORIENTED_EDGE('',*,*,#1303,.T.);
#803=ORIENTED_EDGE('',*,*,#1423,.F.);
#804=ORIENTED_EDGE('',*,*,#1424,.T.);
#805=ORIENTED_EDGE('',*,*,#1418,.T.);
#806=ORIENTED_EDGE('',*,*,#1304,.F.);
#807=ORIENTED_EDGE('',*,*,#1422,.F.);
#808=ORIENTED_EDGE('',*,*,#1286,.T.);
#809=ORIENTED_EDGE('',*,*,#1425,.T.);
#810=ORIENTED_EDGE('',*,*,#1426,.F.);
#811=ORIENTED_EDGE('',*,*,#1318,.F.);
#812=ORIENTED_EDGE('',*,*,#1427,.F.);
#813=ORIENTED_EDGE('',*,*,#1428,.F.);
#814=ORIENTED_EDGE('',*,*,#1429,.T.);
#815=ORIENTED_EDGE('',*,*,#1430,.T.);
#816=ORIENTED_EDGE('',*,*,#1415,.T.);
#817=ORIENTED_EDGE('',*,*,#1431,.F.);
#818=ORIENTED_EDGE('',*,*,#1432,.T.);
#819=ORIENTED_EDGE('',*,*,#1433,.T.);
#820=ORIENTED_EDGE('',*,*,#1434,.T.);
#821=ORIENTED_EDGE('',*,*,#1435,.T.);
#822=ORIENTED_EDGE('',*,*,#1436,.T.);
#823=ORIENTED_EDGE('',*,*,#1437,.T.);
#824=ORIENTED_EDGE('',*,*,#1438,.T.);
#825=ORIENTED_EDGE('',*,*,#1439,.F.);
#826=ORIENTED_EDGE('',*,*,#1440,.T.);
#827=ORIENTED_EDGE('',*,*,#1438,.F.);
#828=ORIENTED_EDGE('',*,*,#1441,.F.);
#829=ORIENTED_EDGE('',*,*,#1390,.F.);
#830=ORIENTED_EDGE('',*,*,#1442,.T.);
#831=ORIENTED_EDGE('',*,*,#1443,.T.);
#832=ORIENTED_EDGE('',*,*,#1444,.F.);
#833=ORIENTED_EDGE('',*,*,#1413,.F.);
#834=ORIENTED_EDGE('',*,*,#1445,.T.);
#835=ORIENTED_EDGE('',*,*,#1446,.F.);
#836=ORIENTED_EDGE('',*,*,#1298,.F.);
#837=ORIENTED_EDGE('',*,*,#1295,.F.);
#838=ORIENTED_EDGE('',*,*,#1420,.F.);
#839=ORIENTED_EDGE('',*,*,#1443,.F.);
#840=ORIENTED_EDGE('',*,*,#1447,.T.);
#841=ORIENTED_EDGE('',*,*,#1448,.T.);
#842=ORIENTED_EDGE('',*,*,#1449,.T.);
#843=ORIENTED_EDGE('',*,*,#1448,.F.);
#844=ORIENTED_EDGE('',*,*,#1450,.T.);
#845=ORIENTED_EDGE('',*,*,#1451,.T.);
#846=ORIENTED_EDGE('',*,*,#1450,.F.);
#847=ORIENTED_EDGE('',*,*,#1447,.F.);
#848=ORIENTED_EDGE('',*,*,#1442,.F.);
#849=ORIENTED_EDGE('',*,*,#1430,.F.);
#850=ORIENTED_EDGE('',*,*,#1325,.F.);
#851=ORIENTED_EDGE('',*,*,#1452,.F.);
#852=ORIENTED_EDGE('',*,*,#1445,.F.);
#853=ORIENTED_EDGE('',*,*,#1453,.T.);
#854=ORIENTED_EDGE('',*,*,#1342,.T.);
#855=ORIENTED_EDGE('',*,*,#1341,.T.);
#856=ORIENTED_EDGE('',*,*,#1453,.F.);
#857=ORIENTED_EDGE('',*,*,#1449,.F.);
#858=ORIENTED_EDGE('',*,*,#1454,.T.);
#859=ORIENTED_EDGE('',*,*,#1455,.F.);
#860=ORIENTED_EDGE('',*,*,#1343,.T.);
#861=ORIENTED_EDGE('',*,*,#1455,.T.);
#862=ORIENTED_EDGE('',*,*,#1456,.F.);
#863=ORIENTED_EDGE('',*,*,#1353,.T.);
#864=ORIENTED_EDGE('',*,*,#1457,.T.);
#865=ORIENTED_EDGE('',*,*,#1458,.T.);
#866=ORIENTED_EDGE('',*,*,#1459,.F.);
#867=ORIENTED_EDGE('',*,*,#1460,.T.);
#868=ORIENTED_EDGE('',*,*,#1457,.F.);
#869=ORIENTED_EDGE('',*,*,#1344,.T.);
#870=ORIENTED_EDGE('',*,*,#1456,.T.);
#871=ORIENTED_EDGE('',*,*,#1461,.T.);
#872=ORIENTED_EDGE('',*,*,#1462,.F.);
#873=ORIENTED_EDGE('',*,*,#1356,.T.);
#874=ORIENTED_EDGE('',*,*,#1459,.T.);
#875=ORIENTED_EDGE('',*,*,#1426,.T.);
#876=ORIENTED_EDGE('',*,*,#1463,.T.);
#877=ORIENTED_EDGE('',*,*,#1296,.F.);
#878=ORIENTED_EDGE('',*,*,#1446,.T.);
#879=ORIENTED_EDGE('',*,*,#1452,.T.);
#880=ORIENTED_EDGE('',*,*,#1324,.T.);
#881=ORIENTED_EDGE('',*,*,#1431,.T.);
#882=ORIENTED_EDGE('',*,*,#1410,.F.);
#883=ORIENTED_EDGE('',*,*,#1464,.F.);
#884=ORIENTED_EDGE('',*,*,#1432,.F.);
#885=ORIENTED_EDGE('',*,*,#1439,.T.);
#886=ORIENTED_EDGE('',*,*,#1465,.F.);
#887=ORIENTED_EDGE('',*,*,#1461,.F.);
#888=ORIENTED_EDGE('',*,*,#1458,.F.);
#889=ORIENTED_EDGE('',*,*,#1460,.F.);
#890=ORIENTED_EDGE('',*,*,#1454,.F.);
#891=ORIENTED_EDGE('',*,*,#1451,.F.);
#892=ORIENTED_EDGE('',*,*,#1429,.F.);
#893=ORIENTED_EDGE('',*,*,#1389,.T.);
#894=ORIENTED_EDGE('',*,*,#1462,.T.);
#895=ORIENTED_EDGE('',*,*,#1465,.T.);
#896=ORIENTED_EDGE('',*,*,#1440,.F.);
#897=ORIENTED_EDGE('',*,*,#1409,.F.);
#898=ORIENTED_EDGE('',*,*,#1466,.T.);
#899=ORIENTED_EDGE('',*,*,#1467,.F.);
#900=ORIENTED_EDGE('',*,*,#1468,.F.);
#901=ORIENTED_EDGE('',*,*,#1469,.F.);
#902=ORIENTED_EDGE('',*,*,#1470,.F.);
#903=ORIENTED_EDGE('',*,*,#1467,.T.);
#904=ORIENTED_EDGE('',*,*,#1423,.T.);
#905=ORIENTED_EDGE('',*,*,#1302,.T.);
#906=ORIENTED_EDGE('',*,*,#1287,.T.);
#907=ORIENTED_EDGE('',*,*,#1428,.T.);
#908=ORIENTED_EDGE('',*,*,#1471,.F.);
#909=ORIENTED_EDGE('',*,*,#1433,.F.);
#910=ORIENTED_EDGE('',*,*,#1472,.F.);
#911=ORIENTED_EDGE('',*,*,#1469,.T.);
#912=ORIENTED_EDGE('',*,*,#1473,.F.);
#913=ORIENTED_EDGE('',*,*,#1464,.T.);
#914=ORIENTED_EDGE('',*,*,#1468,.T.);
#915=ORIENTED_EDGE('',*,*,#1470,.T.);
#916=ORIENTED_EDGE('',*,*,#1472,.T.);
#917=ORIENTED_EDGE('',*,*,#1474,.F.);
#918=ORIENTED_EDGE('',*,*,#1475,.F.);
#919=ORIENTED_EDGE('',*,*,#1471,.T.);
#920=ORIENTED_EDGE('',*,*,#1427,.T.);
#921=ORIENTED_EDGE('',*,*,#1317,.T.);
#922=ORIENTED_EDGE('',*,*,#1476,.F.);
#923=ORIENTED_EDGE('',*,*,#1477,.T.);
#924=ORIENTED_EDGE('',*,*,#1434,.F.);
#925=ORIENTED_EDGE('',*,*,#1473,.T.);
#926=ORIENTED_EDGE('',*,*,#1475,.T.);
#927=ORIENTED_EDGE('',*,*,#1478,.F.);
#928=ORIENTED_EDGE('',*,*,#1369,.F.);
#929=ORIENTED_EDGE('',*,*,#1479,.T.);
#930=ORIENTED_EDGE('',*,*,#1477,.F.);
#931=ORIENTED_EDGE('',*,*,#1480,.T.);
#932=ORIENTED_EDGE('',*,*,#1436,.F.);
#933=ORIENTED_EDGE('',*,*,#1481,.F.);
#934=ORIENTED_EDGE('',*,*,#1372,.F.);
#935=ORIENTED_EDGE('',*,*,#1479,.F.);
#936=ORIENTED_EDGE('',*,*,#1368,.F.);
#937=ORIENTED_EDGE('',*,*,#1481,.T.);
#938=ORIENTED_EDGE('',*,*,#1435,.F.);
#939=ORIENTED_EDGE('',*,*,#1480,.F.);
#940=ORIENTED_EDGE('',*,*,#1375,.F.);
#941=ORIENTED_EDGE('',*,*,#1441,.T.);
#942=ORIENTED_EDGE('',*,*,#1437,.F.);
#943=ORIENTED_EDGE('',*,*,#1482,.T.);
#944=ORIENTED_EDGE('',*,*,#1424,.F.);
#945=ORIENTED_EDGE('',*,*,#1421,.F.);
#946=ORIENTED_EDGE('',*,*,#1466,.F.);
#947=ORIENTED_EDGE('',*,*,#1408,.F.);
#948=ORIENTED_EDGE('',*,*,#1414,.F.);
#949=ORIENTED_EDGE('',*,*,#1444,.T.);
#950=ORIENTED_EDGE('',*,*,#1419,.F.);
#951=ORIENTED_EDGE('',*,*,#1416,.F.);
#952=ORIENTED_EDGE('',*,*,#1482,.F.);
#953=ORIENTED_EDGE('',*,*,#1288,.T.);
#954=ORIENTED_EDGE('',*,*,#1483,.T.);
#955=ORIENTED_EDGE('',*,*,#1483,.F.);
#956=ORIENTED_EDGE('',*,*,#1484,.T.);
#957=ORIENTED_EDGE('',*,*,#1484,.F.);
#958=ORIENTED_EDGE('',*,*,#1412,.F.);
#959=ORIENTED_EDGE('',*,*,#1299,.T.);
#960=ORIENTED_EDGE('',*,*,#1485,.T.);
#961=ORIENTED_EDGE('',*,*,#1485,.F.);
#962=ORIENTED_EDGE('',*,*,#1486,.T.);
#963=ORIENTED_EDGE('',*,*,#1486,.F.);
#964=ORIENTED_EDGE('',*,*,#1407,.F.);
#965=ORIENTED_EDGE('',*,*,#1378,.T.);
#966=ORIENTED_EDGE('',*,*,#1487,.F.);
#967=ORIENTED_EDGE('',*,*,#1488,.T.);
#968=ORIENTED_EDGE('',*,*,#1487,.T.);
#969=ORIENTED_EDGE('',*,*,#1377,.T.);
#970=ORIENTED_EDGE('',*,*,#1489,.F.);
#971=ORIENTED_EDGE('',*,*,#1490,.T.);
#972=ORIENTED_EDGE('',*,*,#1489,.T.);
#973=ORIENTED_EDGE('',*,*,#1491,.T.);
#974=ORIENTED_EDGE('',*,*,#1406,.T.);
#975=ORIENTED_EDGE('',*,*,#1492,.T.);
#976=ORIENTED_EDGE('',*,*,#1491,.F.);
#977=ORIENTED_EDGE('',*,*,#1316,.T.);
#978=ORIENTED_EDGE('',*,*,#1370,.T.);
#979=ORIENTED_EDGE('',*,*,#1478,.T.);
#980=ORIENTED_EDGE('',*,*,#1476,.T.);
#981=ORIENTED_EDGE('',*,*,#1474,.T.);
#982=ORIENTED_EDGE('',*,*,#1492,.F.);
#983=ORIENTED_EDGE('',*,*,#1493,.T.);
#984=ORIENTED_EDGE('',*,*,#1405,.T.);
#985=ORIENTED_EDGE('',*,*,#1494,.T.);
#986=ORIENTED_EDGE('',*,*,#1495,.F.);
#987=ORIENTED_EDGE('',*,*,#1496,.F.);
#988=ORIENTED_EDGE('',*,*,#1493,.F.);
#989=ORIENTED_EDGE('',*,*,#1359,.T.);
#990=ORIENTED_EDGE('',*,*,#1497,.T.);
#991=ORIENTED_EDGE('',*,*,#1494,.F.);
#992=ORIENTED_EDGE('',*,*,#1498,.T.);
#993=ORIENTED_EDGE('',*,*,#1348,.T.);
#994=ORIENTED_EDGE('',*,*,#1333,.T.);
#995=ORIENTED_EDGE('',*,*,#1365,.T.);
#996=ORIENTED_EDGE('',*,*,#1499,.F.);
#997=ORIENTED_EDGE('',*,*,#1393,.T.);
#998=ORIENTED_EDGE('',*,*,#1500,.T.);
#999=ORIENTED_EDGE('',*,*,#1490,.F.);
#1000=ORIENTED_EDGE('',*,*,#1358,.T.);
#1001=ORIENTED_EDGE('',*,*,#1501,.F.);
#1002=ORIENTED_EDGE('',*,*,#1386,.T.);
#1003=ORIENTED_EDGE('',*,*,#1502,.T.);
#1004=ORIENTED_EDGE('',*,*,#1495,.T.);
#1005=ORIENTED_EDGE('',*,*,#1497,.F.);
#1006=ORIENTED_EDGE('',*,*,#1488,.F.);
#1007=ORIENTED_EDGE('',*,*,#1350,.T.);
#1008=ORIENTED_EDGE('',*,*,#1503,.F.);
#1009=ORIENTED_EDGE('',*,*,#1384,.T.);
#1010=ORIENTED_EDGE('',*,*,#1504,.T.);
#1011=ORIENTED_EDGE('',*,*,#1340,.T.);
#1012=ORIENTED_EDGE('',*,*,#1504,.F.);
#1013=ORIENTED_EDGE('',*,*,#1383,.T.);
#1014=ORIENTED_EDGE('',*,*,#1505,.T.);
#1015=ORIENTED_EDGE('',*,*,#1320,.T.);
#1016=ORIENTED_EDGE('',*,*,#1382,.T.);
#1017=ORIENTED_EDGE('',*,*,#1506,.T.);
#1018=ORIENTED_EDGE('',*,*,#1507,.F.);
#1019=ORIENTED_EDGE('',*,*,#1308,.T.);
#1020=ORIENTED_EDGE('',*,*,#1321,.T.);
#1021=ORIENTED_EDGE('',*,*,#1505,.F.);
#1022=ORIENTED_EDGE('',*,*,#1508,.F.);
#1023=ORIENTED_EDGE('',*,*,#1509,.T.);
#1024=ORIENTED_EDGE('',*,*,#1404,.T.);
#1025=ORIENTED_EDGE('',*,*,#1510,.T.);
#1026=ORIENTED_EDGE('',*,*,#1322,.T.);
#1027=ORIENTED_EDGE('',*,*,#1306,.F.);
#1028=ORIENTED_EDGE('',*,*,#1309,.T.);
#1029=ORIENTED_EDGE('',*,*,#1323,.T.);
#1030=ORIENTED_EDGE('',*,*,#1510,.F.);
#1031=ORIENTED_EDGE('',*,*,#1403,.T.);
#1032=ORIENTED_EDGE('',*,*,#1511,.T.);
#1033=ORIENTED_EDGE('',*,*,#1310,.T.);
#1034=ORIENTED_EDGE('',*,*,#1511,.F.);
#1035=ORIENTED_EDGE('',*,*,#1402,.T.);
#1036=ORIENTED_EDGE('',*,*,#1512,.T.);
#1037=ORIENTED_EDGE('',*,*,#1311,.T.);
#1038=ORIENTED_EDGE('',*,*,#1512,.F.);
#1039=ORIENTED_EDGE('',*,*,#1401,.T.);
#1040=ORIENTED_EDGE('',*,*,#1513,.T.);
#1041=ORIENTED_EDGE('',*,*,#1514,.F.);
#1042=ORIENTED_EDGE('',*,*,#1515,.T.);
#1043=ORIENTED_EDGE('',*,*,#1398,.T.);
#1044=ORIENTED_EDGE('',*,*,#1516,.T.);
#1045=ORIENTED_EDGE('',*,*,#1312,.T.);
#1046=ORIENTED_EDGE('',*,*,#1513,.F.);
#1047=ORIENTED_EDGE('',*,*,#1400,.T.);
#1048=ORIENTED_EDGE('',*,*,#1517,.T.);
#1049=ORIENTED_EDGE('',*,*,#1313,.T.);
#1050=ORIENTED_EDGE('',*,*,#1516,.F.);
#1051=ORIENTED_EDGE('',*,*,#1397,.T.);
#1052=ORIENTED_EDGE('',*,*,#1518,.T.);
#1053=ORIENTED_EDGE('',*,*,#1314,.T.);
#1054=ORIENTED_EDGE('',*,*,#1518,.F.);
#1055=ORIENTED_EDGE('',*,*,#1396,.T.);
#1056=ORIENTED_EDGE('',*,*,#1519,.T.);
#1057=ORIENTED_EDGE('',*,*,#1362,.T.);
#1058=ORIENTED_EDGE('',*,*,#1363,.T.);
#1059=ORIENTED_EDGE('',*,*,#1519,.F.);
#1060=ORIENTED_EDGE('',*,*,#1395,.T.);
#1061=ORIENTED_EDGE('',*,*,#1520,.T.);
#1062=ORIENTED_EDGE('',*,*,#1364,.T.);
#1063=ORIENTED_EDGE('',*,*,#1520,.F.);
#1064=ORIENTED_EDGE('',*,*,#1394,.T.);
#1065=ORIENTED_EDGE('',*,*,#1499,.T.);
#1066=ORIENTED_EDGE('',*,*,#1392,.T.);
#1067=ORIENTED_EDGE('',*,*,#1521,.T.);
#1068=ORIENTED_EDGE('',*,*,#1334,.T.);
#1069=ORIENTED_EDGE('',*,*,#1500,.F.);
#1070=ORIENTED_EDGE('',*,*,#1357,.T.);
#1071=ORIENTED_EDGE('',*,*,#1522,.T.);
#1072=ORIENTED_EDGE('',*,*,#1387,.T.);
#1073=ORIENTED_EDGE('',*,*,#1501,.T.);
#1074=ORIENTED_EDGE('',*,*,#1349,.T.);
#1075=ORIENTED_EDGE('',*,*,#1498,.F.);
#1076=ORIENTED_EDGE('',*,*,#1496,.T.);
#1077=ORIENTED_EDGE('',*,*,#1502,.F.);
#1078=ORIENTED_EDGE('',*,*,#1385,.T.);
#1079=ORIENTED_EDGE('',*,*,#1503,.T.);
#1080=ORIENTED_EDGE('',*,*,#1523,.T.);
#1081=ORIENTED_EDGE('',*,*,#1517,.F.);
#1082=ORIENTED_EDGE('',*,*,#1399,.T.);
#1083=ORIENTED_EDGE('',*,*,#1515,.F.);
#1084=ORIENTED_EDGE('',*,*,#1514,.T.);
#1085=ORIENTED_EDGE('',*,*,#1523,.F.);
#1086=ORIENTED_EDGE('',*,*,#1388,.F.);
#1087=ORIENTED_EDGE('',*,*,#1522,.F.);
#1088=ORIENTED_EDGE('',*,*,#1361,.F.);
#1089=ORIENTED_EDGE('',*,*,#1335,.F.);
#1090=ORIENTED_EDGE('',*,*,#1521,.F.);
#1091=ORIENTED_EDGE('',*,*,#1391,.F.);
#1092=ORIENTED_EDGE('',*,*,#1328,.F.);
#1093=ORIENTED_EDGE('',*,*,#1381,.T.);
#1094=ORIENTED_EDGE('',*,*,#1524,.T.);
#1095=ORIENTED_EDGE('',*,*,#1525,.T.);
#1096=ORIENTED_EDGE('',*,*,#1506,.F.);
#1097=ORIENTED_EDGE('',*,*,#1526,.T.);
#1098=ORIENTED_EDGE('',*,*,#1527,.F.);
#1099=ORIENTED_EDGE('',*,*,#1379,.T.);
#1100=ORIENTED_EDGE('',*,*,#1509,.F.);
#1101=ORIENTED_EDGE('',*,*,#1507,.T.);
#1102=ORIENTED_EDGE('',*,*,#1525,.F.);
#1103=ORIENTED_EDGE('',*,*,#1528,.F.);
#1104=ORIENTED_EDGE('',*,*,#1526,.F.);
#1105=ORIENTED_EDGE('',*,*,#1508,.T.);
#1106=ORIENTED_EDGE('',*,*,#1305,.T.);
#1107=ORIENTED_EDGE('',*,*,#1380,.T.);
#1108=ORIENTED_EDGE('',*,*,#1527,.T.);
#1109=ORIENTED_EDGE('',*,*,#1528,.T.);
#1110=ORIENTED_EDGE('',*,*,#1524,.F.);
#1111=ORIENTED_EDGE('',*,*,#1529,.T.);
#1112=ORIENTED_EDGE('',*,*,#1290,.F.);
#1113=ORIENTED_EDGE('',*,*,#1297,.F.);
#1114=ORIENTED_EDGE('',*,*,#1463,.F.);
#1115=ORIENTED_EDGE('',*,*,#1425,.F.);
#1116=ORIENTED_EDGE('',*,*,#1285,.F.);
#1117=ORIENTED_EDGE('',*,*,#1301,.F.);
#1118=ORIENTED_EDGE('',*,*,#1529,.F.);
#1119=ORIENTED_EDGE('',*,*,#1300,.F.);
#1120=ORIENTED_EDGE('',*,*,#1291,.F.);
#1121=VERTEX_POINT('',#2155);
#1122=VERTEX_POINT('',#2156);
#1123=VERTEX_POINT('',#2170);
#1124=VERTEX_POINT('',#2173);
#1125=VERTEX_POINT('',#2177);
#1126=VERTEX_POINT('',#2180);
#1127=VERTEX_POINT('',#2181);
#1128=VERTEX_POINT('',#2186);
#1129=VERTEX_POINT('',#2188);
#1130=VERTEX_POINT('',#2191);
#1131=VERTEX_POINT('',#2194);
#1132=VERTEX_POINT('',#2211);
#1133=VERTEX_POINT('',#2217);
#1134=VERTEX_POINT('',#2218);
#1135=VERTEX_POINT('',#2228);
#1136=VERTEX_POINT('',#2230);
#1137=VERTEX_POINT('',#2237);
#1138=VERTEX_POINT('',#2264);
#1139=VERTEX_POINT('',#2269);
#1140=VERTEX_POINT('',#2270);
#1141=VERTEX_POINT('',#2272);
#1142=VERTEX_POINT('',#2274);
#1143=VERTEX_POINT('',#2281);
#1144=VERTEX_POINT('',#2282);
#1145=VERTEX_POINT('',#2293);
#1146=VERTEX_POINT('',#2310);
#1147=VERTEX_POINT('',#2312);
#1148=VERTEX_POINT('',#2326);
#1149=VERTEX_POINT('',#2328);
#1150=VERTEX_POINT('',#2331);
#1151=VERTEX_POINT('',#2363);
#1152=VERTEX_POINT('',#2366);
#1153=VERTEX_POINT('',#2371);
#1154=VERTEX_POINT('',#2378);
#1155=VERTEX_POINT('',#2379);
#1156=VERTEX_POINT('',#2409);
#1157=VERTEX_POINT('',#2424);
#1158=VERTEX_POINT('',#2429);
#1159=VERTEX_POINT('',#2437);
#1160=VERTEX_POINT('',#2438);
#1161=VERTEX_POINT('',#2445);
#1162=VERTEX_POINT('',#2448);
#1163=VERTEX_POINT('',#2450);
#1164=VERTEX_POINT('',#2453);
#1165=VERTEX_POINT('',#2460);
#1166=VERTEX_POINT('',#2461);
#1167=VERTEX_POINT('',#2463);
#1168=VERTEX_POINT('',#2468);
#1169=VERTEX_POINT('',#2473);
#1170=VERTEX_POINT('',#2478);
#1171=VERTEX_POINT('',#2483);
#1172=VERTEX_POINT('',#2491);
#1173=VERTEX_POINT('',#2496);
#1174=VERTEX_POINT('',#2501);
#1175=VERTEX_POINT('',#2512);
#1176=VERTEX_POINT('',#2517);
#1177=VERTEX_POINT('',#2520);
#1178=VERTEX_POINT('',#2528);
#1179=VERTEX_POINT('',#2533);
#1180=VERTEX_POINT('',#2565);
#1181=VERTEX_POINT('',#2576);
#1182=VERTEX_POINT('',#2599);
#1183=VERTEX_POINT('',#2604);
#1184=VERTEX_POINT('',#2612);
#1185=VERTEX_POINT('',#2626);
#1186=VERTEX_POINT('',#2627);
#1187=VERTEX_POINT('',#2632);
#1188=VERTEX_POINT('',#2665);
#1189=VERTEX_POINT('',#2679);
#1190=VERTEX_POINT('',#2693);
#1191=VERTEX_POINT('',#2716);
#1192=VERTEX_POINT('',#2721);
#1193=VERTEX_POINT('',#2726);
#1194=VERTEX_POINT('',#2737);
#1195=VERTEX_POINT('',#2769);
#1196=VERTEX_POINT('',#2770);
#1197=VERTEX_POINT('',#2788);
#1198=VERTEX_POINT('',#2795);
#1199=VERTEX_POINT('',#2797);
#1200=VERTEX_POINT('',#2800);
#1201=VERTEX_POINT('',#2801);
#1202=VERTEX_POINT('',#2803);
#1203=VERTEX_POINT('',#2805);
#1204=VERTEX_POINT('',#2807);
#1205=VERTEX_POINT('',#2809);
#1206=VERTEX_POINT('',#2811);
#1207=VERTEX_POINT('',#2813);
#1208=VERTEX_POINT('',#2815);
#1209=VERTEX_POINT('',#2817);
#1210=VERTEX_POINT('',#2821);
#1211=VERTEX_POINT('',#2825);
#1212=VERTEX_POINT('',#2827);
#1213=VERTEX_POINT('',#2829);
#1214=VERTEX_POINT('',#2831);
#1215=VERTEX_POINT('',#2833);
#1216=VERTEX_POINT('',#2835);
#1217=VERTEX_POINT('',#2837);
#1218=VERTEX_POINT('',#2839);
#1219=VERTEX_POINT('',#2841);
#1220=VERTEX_POINT('',#2843);
#1221=VERTEX_POINT('',#2848);
#1222=VERTEX_POINT('',#2853);
#1223=VERTEX_POINT('',#2858);
#1224=VERTEX_POINT('',#2864);
#1225=VERTEX_POINT('',#2866);
#1226=VERTEX_POINT('',#2869);
#1227=VERTEX_POINT('',#2899);
#1228=VERTEX_POINT('',#2900);
#1229=VERTEX_POINT('',#2903);
#1230=VERTEX_POINT('',#2906);
#1231=VERTEX_POINT('',#2911);
#1232=VERTEX_POINT('',#2914);
#1233=VERTEX_POINT('',#2915);
#1234=VERTEX_POINT('',#2953);
#1235=VERTEX_POINT('',#2954);
#1236=VERTEX_POINT('',#2996);
#1237=VERTEX_POINT('',#3040);
#1238=VERTEX_POINT('',#3041);
#1239=VERTEX_POINT('',#3063);
#1240=VERTEX_POINT('',#3086);
#1241=VERTEX_POINT('',#3092);
#1242=VERTEX_POINT('',#3093);
#1243=VERTEX_POINT('',#3102);
#1244=VERTEX_POINT('',#3105);
#1245=VERTEX_POINT('',#3115);
#1246=VERTEX_POINT('',#3122);
#1247=VERTEX_POINT('',#3125);
#1248=VERTEX_POINT('',#3132);
#1249=VERTEX_POINT('',#3135);
#1250=VERTEX_POINT('',#3146);
#1251=VERTEX_POINT('',#3161);
#1252=VERTEX_POINT('',#3162);
#1253=VERTEX_POINT('',#3166);
#1254=VERTEX_POINT('',#3171);
#1255=VERTEX_POINT('',#3243);
#1256=VERTEX_POINT('',#3494);
#1257=VERTEX_POINT('',#3497);
#1258=VERTEX_POINT('',#3515);
#1259=VERTEX_POINT('',#3583);
#1260=VERTEX_POINT('',#3588);
#1261=VERTEX_POINT('',#3589);
#1262=VERTEX_POINT('',#3608);
#1263=VERTEX_POINT('',#3635);
#1264=VERTEX_POINT('',#4836);
#1265=VERTEX_POINT('',#4839);
#1266=VERTEX_POINT('',#4843);
#1267=VERTEX_POINT('',#4846);
#1268=VERTEX_POINT('',#4850);
#1269=VERTEX_POINT('',#4910);
#1270=VERTEX_POINT('',#4913);
#1271=VERTEX_POINT('',#4973);
#1272=VERTEX_POINT('',#4976);
#1273=VERTEX_POINT('',#4979);
#1274=VERTEX_POINT('',#4983);
#1275=VERTEX_POINT('',#4986);
#1276=VERTEX_POINT('',#4987);
#1277=VERTEX_POINT('',#4989);
#1278=VERTEX_POINT('',#5007);
#1279=VERTEX_POINT('',#5014);
#1280=VERTEX_POINT('',#5037);
#1281=VERTEX_POINT('',#5038);
#1282=VERTEX_POINT('',#5060);
#1283=VERTEX_POINT('',#5064);
#1284=EDGE_CURVE('',#1121,#1122,#1530,.T.);
#1285=EDGE_CURVE('',#1121,#1123,#1531,.T.);
#1286=EDGE_CURVE('',#1124,#1123,#1532,.T.);
#1287=EDGE_CURVE('',#1122,#1124,#573,.T.);
#1288=EDGE_CURVE('',#1125,#1125,#574,.T.);
#1289=EDGE_CURVE('',#1126,#1127,#1533,.T.);
#1290=EDGE_CURVE('',#1126,#1128,#1534,.T.);
#1291=EDGE_CURVE('',#1128,#1129,#103,.T.);
#1292=EDGE_CURVE('',#1129,#1130,#1535,.T.);
#1293=EDGE_CURVE('',#1131,#1130,#1536,.T.);
#1294=EDGE_CURVE('',#1131,#1132,#1537,.T.);
#1295=EDGE_CURVE('',#1132,#1127,#1538,.T.);
#1296=EDGE_CURVE('',#1133,#1134,#1539,.T.);
#1297=EDGE_CURVE('',#1134,#1126,#1540,.T.);
#1298=EDGE_CURVE('',#1127,#1133,#575,.T.);
#1299=EDGE_CURVE('',#1135,#1135,#576,.T.);
#1300=EDGE_CURVE('',#1129,#1136,#104,.T.);
#1301=EDGE_CURVE('',#1136,#1121,#1541,.T.);
#1302=EDGE_CURVE('',#1137,#1122,#1542,.T.);
#1303=EDGE_CURVE('',#1138,#1137,#1543,.T.);
#1304=EDGE_CURVE('',#1138,#1130,#1544,.T.);
#1305=EDGE_CURVE('',#1139,#1140,#105,.T.);
#1306=EDGE_CURVE('',#1139,#1141,#106,.T.);
#1307=EDGE_CURVE('',#1141,#1142,#65,.T.);
#1308=EDGE_CURVE('',#1140,#1142,#107,.T.);
#1309=EDGE_CURVE('',#1143,#1144,#1545,.T.);
#1310=EDGE_CURVE('',#1145,#1143,#1546,.T.);
#1311=EDGE_CURVE('',#1146,#1145,#1547,.T.);
#1312=EDGE_CURVE('',#1147,#1146,#66,.T.);
#1313=EDGE_CURVE('',#1148,#1147,#1548,.T.);
#1314=EDGE_CURVE('',#1149,#1148,#67,.T.);
#1315=EDGE_CURVE('',#1150,#1149,#1549,.T.);
#1316=EDGE_CURVE('',#1151,#1150,#1550,.T.);
#1317=EDGE_CURVE('',#1152,#1151,#1551,.T.);
#1318=EDGE_CURVE('',#1152,#1153,#1552,.T.);
#1319=EDGE_CURVE('',#1144,#1153,#1553,.T.);
#1320=EDGE_CURVE('',#1154,#1155,#68,.T.);
#1321=EDGE_CURVE('',#1142,#1154,#1554,.T.);
#1322=EDGE_CURVE('',#1156,#1141,#1555,.T.);
#1323=EDGE_CURVE('',#1144,#1156,#1556,.T.);
#1324=EDGE_CURVE('',#1157,#1153,#1557,.T.);
#1325=EDGE_CURVE('',#1157,#1158,#1558,.T.);
#1326=EDGE_CURVE('',#1158,#1155,#1559,.T.);
#1327=EDGE_CURVE('',#1159,#1160,#1560,.T.);
#1328=EDGE_CURVE('',#1159,#1161,#1561,.T.);
#1329=EDGE_CURVE('',#1162,#1161,#1562,.T.);
#1330=EDGE_CURVE('',#1162,#1163,#577,.T.);
#1331=EDGE_CURVE('',#1163,#1164,#1563,.T.);
#1332=EDGE_CURVE('',#1160,#1164,#578,.T.);
#1333=EDGE_CURVE('',#1165,#1166,#1564,.T.);
#1334=EDGE_CURVE('',#1167,#1165,#69,.T.);
#1335=EDGE_CURVE('',#1167,#1168,#1565,.T.);
#1336=EDGE_CURVE('',#1169,#1168,#1566,.T.);
#1337=EDGE_CURVE('',#1170,#1169,#1567,.T.);
#1338=EDGE_CURVE('',#1171,#1170,#1568,.T.);
#1339=EDGE_CURVE('',#1166,#1171,#1569,.T.);
#1340=EDGE_CURVE('',#1155,#1172,#1570,.T.);
#1341=EDGE_CURVE('',#1173,#1158,#1571,.T.);
#1342=EDGE_CURVE('',#1174,#1173,#1572,.T.);
#1343=EDGE_CURVE('',#1175,#1174,#1573,.T.);
#1344=EDGE_CURVE('',#1176,#1175,#1574,.T.);
#1345=EDGE_CURVE('',#1176,#1177,#1575,.T.);
#1346=EDGE_CURVE('',#1177,#1178,#1576,.T.);
#1347=EDGE_CURVE('',#1179,#1178,#1577,.T.);
#1348=EDGE_CURVE('',#1180,#1179,#1578,.T.);
#1349=EDGE_CURVE('',#1181,#1180,#1579,.T.);
#1350=EDGE_CURVE('',#1172,#1181,#1580,.T.);
#1351=EDGE_CURVE('',#1182,#1160,#1582,.T.);
#1352=EDGE_CURVE('',#1164,#1177,#1583,.T.);
#1353=EDGE_CURVE('',#1183,#1176,#1584,.T.);
#1354=EDGE_CURVE('',#1182,#1183,#1585,.T.);
#1355=EDGE_CURVE('',#1184,#1182,#1586,.T.);
#1356=EDGE_CURVE('',#1184,#1183,#46,.T.);
#1357=EDGE_CURVE('',#1185,#1186,#70,.T.);
#1358=EDGE_CURVE('',#1187,#1185,#1587,.T.);
#1359=EDGE_CURVE('',#1179,#1187,#1588,.T.);
#1360=EDGE_CURVE('',#1178,#1170,#1589,.T.);
#1361=EDGE_CURVE('',#1168,#1186,#1590,.T.);
#1362=EDGE_CURVE('',#1188,#1149,#1591,.T.);
#1363=EDGE_CURVE('',#1189,#1188,#1592,.T.);
#1364=EDGE_CURVE('',#1190,#1189,#1593,.T.);
#1365=EDGE_CURVE('',#1166,#1190,#1594,.T.);
#1366=EDGE_CURVE('',#1191,#1171,#1595,.T.);
#1367=EDGE_CURVE('',#1192,#1191,#1596,.T.);
#1368=EDGE_CURVE('',#1192,#1193,#1597,.T.);
#1369=EDGE_CURVE('',#1193,#1194,#1598,.T.);
#1370=EDGE_CURVE('',#1150,#1194,#1599,.T.);
#1371=EDGE_CURVE('',#1195,#1196,#1601,.T.);
#1372=EDGE_CURVE('',#1196,#1192,#1602,.T.);
#1373=EDGE_CURVE('',#1163,#1191,#1603,.T.);
#1374=EDGE_CURVE('',#1195,#1162,#1604,.T.);
#1375=EDGE_CURVE('',#1197,#1196,#1605,.T.);
#1376=EDGE_CURVE('',#1197,#1195,#1606,.T.);
#1377=EDGE_CURVE('',#1198,#1198,#579,.T.);
#1378=EDGE_CURVE('',#1199,#1199,#580,.T.);
#1379=EDGE_CURVE('',#1200,#1201,#581,.T.);
#1380=EDGE_CURVE('',#1202,#1200,#108,.T.);
#1381=EDGE_CURVE('',#1203,#1202,#582,.T.);
#1382=EDGE_CURVE('',#1204,#1203,#583,.T.);
#1383=EDGE_CURVE('',#1205,#1204,#109,.T.);
#1384=EDGE_CURVE('',#1206,#1205,#584,.T.);
#1385=EDGE_CURVE('',#1207,#1206,#585,.T.);
#1386=EDGE_CURVE('',#1208,#1207,#586,.T.);
#1387=EDGE_CURVE('',#1209,#1208,#110,.T.);
#1388=EDGE_CURVE('',#1209,#1159,#587,.T.);
#1389=EDGE_CURVE('',#1210,#1184,#1607,.T.);
#1390=EDGE_CURVE('',#1210,#1197,#1608,.T.);
#1391=EDGE_CURVE('',#1161,#1211,#588,.T.);
#1392=EDGE_CURVE('',#1212,#1211,#111,.T.);
#1393=EDGE_CURVE('',#1213,#1212,#589,.T.);
#1394=EDGE_CURVE('',#1214,#1213,#590,.T.);
#1395=EDGE_CURVE('',#1215,#1214,#591,.T.);
#1396=EDGE_CURVE('',#1216,#1215,#112,.T.);
#1397=EDGE_CURVE('',#1217,#1216,#592,.T.);
#1398=EDGE_CURVE('',#1218,#1217,#113,.T.);
#1399=EDGE_CURVE('',#1219,#1218,#593,.T.);
#1400=EDGE_CURVE('',#1220,#1219,#114,.T.);
#1401=EDGE_CURVE('',#1221,#1220,#47,.T.);
#1402=EDGE_CURVE('',#1222,#1221,#1609,.T.);
#1403=EDGE_CURVE('',#1223,#1222,#1610,.T.);
#1404=EDGE_CURVE('',#1201,#1223,#48,.T.);
#1405=EDGE_CURVE('',#1224,#1224,#594,.T.);
#1406=EDGE_CURVE('',#1225,#1225,#595,.T.);
#1407=EDGE_CURVE('',#1226,#1226,#596,.T.);
#1408=EDGE_CURVE('',#1227,#1228,#49,.T.);
#1409=EDGE_CURVE('',#1228,#1229,#1611,.T.);
#1410=EDGE_CURVE('',#1229,#1230,#1612,.T.);
#1411=EDGE_CURVE('',#1227,#1230,#1613,.T.);
#1412=EDGE_CURVE('',#1231,#1231,#597,.T.);
#1413=EDGE_CURVE('',#1232,#1233,#1614,.T.);
#1414=EDGE_CURVE('',#1233,#1227,#50,.T.);
#1415=EDGE_CURVE('',#1232,#1230,#1615,.T.);
#1416=EDGE_CURVE('',#1234,#1235,#1616,.T.);
#1417=EDGE_CURVE('',#1235,#1131,#1617,.T.);
#1418=EDGE_CURVE('',#1234,#1130,#1618,.T.);
#1419=EDGE_CURVE('',#1235,#1236,#1619,.T.);
#1420=EDGE_CURVE('',#1236,#1132,#1620,.T.);
#1421=EDGE_CURVE('',#1237,#1238,#1622,.T.);
#1422=EDGE_CURVE('',#1238,#1138,#1623,.T.);
#1423=EDGE_CURVE('',#1237,#1137,#1624,.T.);
#1424=EDGE_CURVE('',#1238,#1234,#1626,.T.);
#1425=EDGE_CURVE('',#1123,#1239,#71,.T.);
#1426=EDGE_CURVE('',#1153,#1239,#1627,.T.);
#1427=EDGE_CURVE('',#1240,#1152,#1628,.T.);
#1428=EDGE_CURVE('',#1124,#1240,#1629,.T.);
#1429=EDGE_CURVE('',#1241,#1242,#1630,.T.);
#1430=EDGE_CURVE('',#1242,#1232,#1631,.T.);
#1431=EDGE_CURVE('',#1241,#1230,#598,.T.);
#1432=EDGE_CURVE('',#1241,#1243,#1632,.T.);
#1433=EDGE_CURVE('',#1243,#1244,#1633,.T.);
#1434=EDGE_CURVE('',#1244,#1245,#1634,.T.);
#1435=EDGE_CURVE('',#1245,#1246,#1635,.T.);
#1436=EDGE_CURVE('',#1246,#1247,#1636,.T.);
#1437=EDGE_CURVE('',#1247,#1248,#1637,.T.);
#1438=EDGE_CURVE('',#1248,#1249,#1638,.T.);
#1439=EDGE_CURVE('',#1241,#1249,#1639,.T.);
#1440=EDGE_CURVE('',#1210,#1249,#599,.T.);
#1441=EDGE_CURVE('',#1197,#1248,#600,.T.);
#1442=EDGE_CURVE('',#1232,#1250,#1640,.T.);
#1443=EDGE_CURVE('',#1250,#1236,#1641,.T.);
#1444=EDGE_CURVE('',#1233,#1236,#1642,.T.);
#1445=EDGE_CURVE('',#1251,#1252,#1643,.T.);
#1446=EDGE_CURVE('',#1133,#1252,#1644,.T.);
#1447=EDGE_CURVE('',#1250,#1253,#601,.T.);
#1448=EDGE_CURVE('',#1253,#1251,#1645,.T.);
#1449=EDGE_CURVE('',#1254,#1251,#602,.T.);
#1450=EDGE_CURVE('',#1253,#1242,#603,.T.);
#1451=EDGE_CURVE('',#1242,#1254,#1646,.T.);
#1452=EDGE_CURVE('',#1252,#1157,#1647,.T.);
#1453=EDGE_CURVE('',#1251,#1174,#1648,.T.);
#1454=EDGE_CURVE('',#1254,#1255,#1650,.T.);
#1455=EDGE_CURVE('',#1174,#1255,#1651,.T.);
#1456=EDGE_CURVE('',#1175,#1255,#1652,.T.);
#1457=EDGE_CURVE('',#1176,#1256,#1653,.T.);
#1458=EDGE_CURVE('',#1256,#1257,#1654,.T.);
#1459=EDGE_CURVE('',#1183,#1257,#604,.T.);
#1460=EDGE_CURVE('',#1255,#1256,#1655,.T.);
#1461=EDGE_CURVE('',#1257,#1258,#1656,.T.);
#1462=EDGE_CURVE('',#1184,#1258,#605,.T.);
#1463=EDGE_CURVE('',#1239,#1134,#72,.T.);
#1464=EDGE_CURVE('',#1243,#1229,#606,.T.);
#1465=EDGE_CURVE('',#1258,#1249,#1657,.T.);
#1466=EDGE_CURVE('',#1228,#1237,#1658,.T.);
#1467=EDGE_CURVE('',#1259,#1237,#1659,.T.);
#1468=EDGE_CURVE('',#1229,#1259,#607,.T.);
#1469=EDGE_CURVE('',#1260,#1261,#1660,.T.);
#1470=EDGE_CURVE('',#1259,#1260,#608,.T.);
#1471=EDGE_CURVE('',#1261,#1240,#1661,.T.);
#1472=EDGE_CURVE('',#1260,#1243,#609,.T.);
#1473=EDGE_CURVE('',#1244,#1261,#610,.T.);
#1474=EDGE_CURVE('',#1262,#1151,#1662,.T.);
#1475=EDGE_CURVE('',#1261,#1262,#1663,.T.);
#1476=EDGE_CURVE('',#1263,#1262,#1665,.T.);
#1477=EDGE_CURVE('',#1263,#1245,#1666,.T.);
#1478=EDGE_CURVE('',#1194,#1263,#1667,.T.);
#1479=EDGE_CURVE('',#1193,#1245,#51,.T.);
#1480=EDGE_CURVE('',#1196,#1247,#611,.T.);
#1481=EDGE_CURVE('',#1192,#1246,#1668,.T.);
#1482=EDGE_CURVE('',#1227,#1234,#1669,.T.);
#1483=EDGE_CURVE('',#1264,#1264,#612,.T.);
#1484=EDGE_CURVE('',#1265,#1265,#613,.T.);
#1485=EDGE_CURVE('',#1266,#1266,#614,.T.);
#1486=EDGE_CURVE('',#1267,#1267,#615,.T.);
#1487=EDGE_CURVE('',#1268,#1268,#616,.T.);
#1488=EDGE_CURVE('',#1269,#1269,#1670,.T.);
#1489=EDGE_CURVE('',#1270,#1270,#617,.T.);
#1490=EDGE_CURVE('',#1271,#1271,#1671,.T.);
#1491=EDGE_CURVE('',#1272,#1272,#618,.T.);
#1492=EDGE_CURVE('',#1273,#1273,#619,.T.);
#1493=EDGE_CURVE('',#1274,#1274,#620,.T.);
#1494=EDGE_CURVE('',#1275,#1276,#621,.T.);
#1495=EDGE_CURVE('',#1277,#1276,#622,.T.);
#1496=EDGE_CURVE('',#1275,#1277,#623,.T.);
#1497=EDGE_CURVE('',#1187,#1276,#115,.T.);
#1498=EDGE_CURVE('',#1275,#1180,#116,.T.);
#1499=EDGE_CURVE('',#1213,#1190,#117,.T.);
#1500=EDGE_CURVE('',#1212,#1165,#118,.T.);
#1501=EDGE_CURVE('',#1208,#1185,#119,.T.);
#1502=EDGE_CURVE('',#1207,#1277,#120,.T.);
#1503=EDGE_CURVE('',#1206,#1181,#121,.T.);
#1504=EDGE_CURVE('',#1205,#1172,#122,.T.);
#1505=EDGE_CURVE('',#1204,#1154,#123,.T.);
#1506=EDGE_CURVE('',#1203,#1278,#124,.T.);
#1507=EDGE_CURVE('',#1140,#1278,#624,.T.);
#1508=EDGE_CURVE('',#1279,#1139,#52,.T.);
#1509=EDGE_CURVE('',#1279,#1201,#125,.T.);
#1510=EDGE_CURVE('',#1223,#1156,#126,.T.);
#1511=EDGE_CURVE('',#1222,#1143,#127,.T.);
#1512=EDGE_CURVE('',#1221,#1145,#128,.T.);
#1513=EDGE_CURVE('',#1220,#1146,#129,.T.);
#1514=EDGE_CURVE('',#1280,#1281,#130,.T.);
#1515=EDGE_CURVE('',#1280,#1218,#131,.T.);
#1516=EDGE_CURVE('',#1217,#1147,#132,.T.);
#1517=EDGE_CURVE('',#1219,#1281,#133,.T.);
#1518=EDGE_CURVE('',#1216,#1148,#134,.T.);
#1519=EDGE_CURVE('',#1215,#1188,#135,.T.);
#1520=EDGE_CURVE('',#1214,#1189,#136,.T.);
#1521=EDGE_CURVE('',#1211,#1167,#137,.T.);
#1522=EDGE_CURVE('',#1186,#1209,#138,.T.);
#1523=EDGE_CURVE('',#1280,#1281,#625,.T.);
#1524=EDGE_CURVE('',#1202,#1282,#139,.T.);
#1525=EDGE_CURVE('',#1282,#1278,#626,.T.);
#1526=EDGE_CURVE('',#1279,#1283,#627,.T.);
#1527=EDGE_CURVE('',#1200,#1283,#140,.T.);
#1528=EDGE_CURVE('',#1283,#1282,#141,.T.);
#1529=EDGE_CURVE('',#1136,#1128,#628,.T.);
#1530=B_SPLINE_CURVE_WITH_KNOTS('',1,(#2153,#2154),.UNSPECIFIED.,.F.,.F.,
(2,2),(0.,1.),.UNSPECIFIED.);
#1531=B_SPLINE_CURVE_WITH_KNOTS('',3,(#2157,#2158,#2159,#2160,#2161,#2162,
#2163,#2164,#2165,#2166,#2167,#2168,#2169),.UNSPECIFIED.,.F.,.F.,(4,3,3,
3,4),(0.,0.173067217022146,0.344686578823765,0.630621041444554,1.),
 .UNSPECIFIED.);
#1532=B_SPLINE_CURVE_WITH_KNOTS('',1,(#2171,#2172),.UNSPECIFIED.,.F.,.F.,
(2,2),(0.,1.),.UNSPECIFIED.);
#1533=B_SPLINE_CURVE_WITH_KNOTS('',1,(#2178,#2179),.UNSPECIFIED.,.F.,.F.,
(2,2),(0.,1.),.UNSPECIFIED.);
#1534=B_SPLINE_CURVE_WITH_KNOTS('',3,(#2182,#2183,#2184,#2185),
 .UNSPECIFIED.,.F.,.F.,(4,4),(0.,1.),.UNSPECIFIED.);
#1535=B_SPLINE_CURVE_WITH_KNOTS('',1,(#2189,#2190),.UNSPECIFIED.,.F.,.F.,
(2,2),(0.,1.),.UNSPECIFIED.);
#1536=B_SPLINE_CURVE_WITH_KNOTS('',1,(#2192,#2193),.UNSPECIFIED.,.F.,.F.,
(2,2),(0.,1.),.UNSPECIFIED.);
#1537=B_SPLINE_CURVE_WITH_KNOTS('',3,(#2195,#2196,#2197,#2198,#2199,#2200,
#2201,#2202,#2203,#2204,#2205,#2206,#2207,#2208,#2209,#2210),
 .UNSPECIFIED.,.F.,.F.,(4,2,2,2,2,2,2,4),(0.,0.124999999999996,0.249999999999992,
0.499999999999995,0.749999999999998,0.875,0.9375,1.),.UNSPECIFIED.);
#1538=B_SPLINE_CURVE_WITH_KNOTS('',1,(#2212,#2213),.UNSPECIFIED.,.F.,.F.,
(2,2),(0.,1.),.UNSPECIFIED.);
#1539=B_SPLINE_CURVE_WITH_KNOTS('',1,(#2215,#2216),.UNSPECIFIED.,.F.,.F.,
(2,2),(0.,1.),.UNSPECIFIED.);
#1540=B_SPLINE_CURVE_WITH_KNOTS('',3,(#2219,#2220,#2221,#2222,#2223,#2224),
 .UNSPECIFIED.,.F.,.F.,(4,2,4),(0.,0.5,1.),.UNSPECIFIED.);
#1541=B_SPLINE_CURVE_WITH_KNOTS('',3,(#2231,#2232,#2233,#2234),
 .UNSPECIFIED.,.F.,.F.,(4,4),(0.,1.),.UNSPECIFIED.);
#1542=B_SPLINE_CURVE_WITH_KNOTS('',1,(#2235,#2236),.UNSPECIFIED.,.F.,.F.,
(2,2),(0.,1.),.UNSPECIFIED.);
#1543=B_SPLINE_CURVE_WITH_KNOTS('',3,(#2238,#2239,#2240,#2241,#2242,#2243,
#2244,#2245,#2246,#2247,#2248,#2249,#2250,#2251,#2252,#2253,#2254,#2255,
#2256,#2257,#2258,#2259,#2260,#2261,#2262,#2263),.UNSPECIFIED.,.F.,.F.,
(4,2,2,2,2,2,2,2,2,2,2,2,4),(0.,0.125000000000002,0.187500000000009,0.250000000000017,
0.37500000000003,0.437500000000037,0.500000000000043,0.625000000000063,
0.68750000000007,0.718750000000074,0.734375000000075,0.750000000000076,
1.),.UNSPECIFIED.);
#1544=B_SPLINE_CURVE_WITH_KNOTS('',1,(#2265,#2266),.UNSPECIFIED.,.F.,.F.,
(2,2),(0.,1.),.UNSPECIFIED.);
#1545=B_SPLINE_CURVE_WITH_KNOTS('',3,(#2277,#2278,#2279,#2280),
 .UNSPECIFIED.,.F.,.F.,(4,4),(0.,1.),.UNSPECIFIED.);
#1546=B_SPLINE_CURVE_WITH_KNOTS('',3,(#2283,#2284,#2285,#2286,#2287,#2288,
#2289,#2290,#2291,#2292),.UNSPECIFIED.,.F.,.F.,(4,3,3,4),(0.,0.499892960248397,
0.749932202805614,1.),.UNSPECIFIED.);
#1547=B_SPLINE_CURVE_WITH_KNOTS('',3,(#2294,#2295,#2296,#2297,#2298,#2299,
#2300,#2301,#2302,#2303,#2304,#2305,#2306,#2307,#2308,#2309),
 .UNSPECIFIED.,.F.,.F.,(4,3,3,3,3,4),(0.,0.21441808208697,0.428815105380043,
0.643540111449106,0.858779692440313,1.),.UNSPECIFIED.);
#1548=B_SPLINE_CURVE_WITH_KNOTS('',3,(#2313,#2314,#2315,#2316,#2317,#2318,
#2319,#2320,#2321,#2322,#2323,#2324,#2325),.UNSPECIFIED.,.F.,.F.,(4,3,3,
3,4),(0.,0.304424836000216,0.608896173166883,0.912715041991197,1.),
 .UNSPECIFIED.);
#1549=B_SPLINE_CURVE_WITH_KNOTS('',1,(#2329,#2330),.UNSPECIFIED.,.F.,.F.,
(2,2),(0.,1.),.UNSPECIFIED.);
#1550=B_SPLINE_CURVE_WITH_KNOTS('',3,(#2332,#2333,#2334,#2335,#2336,#2337,
#2338,#2339,#2340,#2341,#2342,#2343,#2344,#2345,#2346,#2347,#2348,#2349,
#2350,#2351,#2352,#2353,#2354,#2355,#2356,#2357,#2358,#2359,#2360,#2361,
#2362),.UNSPECIFIED.,.F.,.F.,(4,3,3,3,3,3,3,3,3,3,4),(0.,0.105747242249954,
0.211518306212059,0.316933997941725,0.421894784463601,0.526559908382678,
0.631100943419299,0.735672485740107,0.84043423322978,0.94555967028661,1.),
 .UNSPECIFIED.);
#1551=B_SPLINE_CURVE_WITH_KNOTS('',1,(#2364,#2365),.UNSPECIFIED.,.F.,.F.,
(2,2),(0.,1.),.UNSPECIFIED.);
#1552=B_SPLINE_CURVE_WITH_KNOTS('',3,(#2367,#2368,#2369,#2370),
 .UNSPECIFIED.,.F.,.F.,(4,4),(0.,1.),.UNSPECIFIED.);
#1553=B_SPLINE_CURVE_WITH_KNOTS('',3,(#2372,#2373,#2374,#2375),
 .UNSPECIFIED.,.F.,.F.,(4,4),(0.,1.),.UNSPECIFIED.);
#1554=B_SPLINE_CURVE_WITH_KNOTS('',3,(#2380,#2381,#2382,#2383,#2384,#2385,
#2386,#2387,#2388,#2389,#2390,#2391,#2392),.UNSPECIFIED.,.F.,.F.,(4,3,3,
3,4),(0.,0.303358684273367,0.606701529179278,0.910299494192433,1.),
 .UNSPECIFIED.);
#1555=B_SPLINE_CURVE_WITH_KNOTS('',3,(#2393,#2394,#2395,#2396,#2397,#2398,
#2399,#2400,#2401,#2402,#2403,#2404,#2405,#2406,#2407,#2408),
 .UNSPECIFIED.,.F.,.F.,(4,3,3,3,3,4),(0.,0.215351359757524,0.430696402950619,
0.646109211842196,0.861232365667833,1.),.UNSPECIFIED.);
#1556=B_SPLINE_CURVE_WITH_KNOTS('',3,(#2410,#2411,#2412,#2413,#2414,#2415,
#2416,#2417,#2418,#2419),.UNSPECIFIED.,.F.,.F.,(4,3,3,4),(0.,0.2510608743066,
0.625482907864587,1.),.UNSPECIFIED.);
#1557=B_SPLINE_CURVE_WITH_KNOTS('',3,(#2420,#2421,#2422,#2423),
 .UNSPECIFIED.,.F.,.F.,(4,4),(0.,1.),.UNSPECIFIED.);
#1558=B_SPLINE_CURVE_WITH_KNOTS('',3,(#2425,#2426,#2427,#2428),
 .UNSPECIFIED.,.F.,.F.,(4,4),(0.,1.),.UNSPECIFIED.);
#1559=B_SPLINE_CURVE_WITH_KNOTS('',3,(#2430,#2431,#2432,#2433),
 .UNSPECIFIED.,.F.,.F.,(4,4),(0.,1.),.UNSPECIFIED.);
#1560=B_SPLINE_CURVE_WITH_KNOTS('',1,(#2435,#2436),.UNSPECIFIED.,.F.,.F.,
(2,2),(0.,1.),.UNSPECIFIED.);
#1561=B_SPLINE_CURVE_WITH_KNOTS('',3,(#2439,#2440,#2441,#2442,#2443,#2444),
 .UNSPECIFIED.,.F.,.F.,(4,2,4),(0.,0.5,1.),.UNSPECIFIED.);
#1562=B_SPLINE_CURVE_WITH_KNOTS('',1,(#2446,#2447),.UNSPECIFIED.,.F.,.F.,
(2,2),(0.,1.),.UNSPECIFIED.);
#1563=B_SPLINE_CURVE_WITH_KNOTS('',1,(#2451,#2452),.UNSPECIFIED.,.F.,.F.,
(2,2),(0.,1.),.UNSPECIFIED.);
#1564=B_SPLINE_CURVE_WITH_KNOTS('',3,(#2456,#2457,#2458,#2459),
 .UNSPECIFIED.,.F.,.F.,(4,4),(0.,1.),.UNSPECIFIED.);
#1565=B_SPLINE_CURVE_WITH_KNOTS('',3,(#2464,#2465,#2466,#2467),
 .UNSPECIFIED.,.F.,.F.,(4,4),(0.,1.),.UNSPECIFIED.);
#1566=B_SPLINE_CURVE_WITH_KNOTS('',3,(#2469,#2470,#2471,#2472),
 .UNSPECIFIED.,.F.,.F.,(4,4),(0.,1.),.UNSPECIFIED.);
#1567=B_SPLINE_CURVE_WITH_KNOTS('',3,(#2474,#2475,#2476,#2477),
 .UNSPECIFIED.,.F.,.F.,(4,4),(0.,1.),.UNSPECIFIED.);
#1568=B_SPLINE_CURVE_WITH_KNOTS('',3,(#2479,#2480,#2481,#2482),
 .UNSPECIFIED.,.F.,.F.,(4,4),(0.,1.),.UNSPECIFIED.);
#1569=B_SPLINE_CURVE_WITH_KNOTS('',1,(#2484,#2485),.UNSPECIFIED.,.F.,.F.,
(2,2),(0.,1.),.UNSPECIFIED.);
#1570=B_SPLINE_CURVE_WITH_KNOTS('',3,(#2487,#2488,#2489,#2490),
 .UNSPECIFIED.,.F.,.F.,(4,4),(0.,1.),.UNSPECIFIED.);
#1571=B_SPLINE_CURVE_WITH_KNOTS('',3,(#2492,#2493,#2494,#2495),
 .UNSPECIFIED.,.F.,.F.,(4,4),(0.,1.),.UNSPECIFIED.);
#1572=B_SPLINE_CURVE_WITH_KNOTS('',3,(#2497,#2498,#2499,#2500),
 .UNSPECIFIED.,.F.,.F.,(4,4),(0.,1.),.UNSPECIFIED.);
#1573=B_SPLINE_CURVE_WITH_KNOTS('',3,(#2502,#2503,#2504,#2505,#2506,#2507,
#2508,#2509,#2510,#2511),.UNSPECIFIED.,.F.,.F.,(4,2,2,2,4),(0.,0.25,0.5,
0.75,1.),.UNSPECIFIED.);
#1574=B_SPLINE_CURVE_WITH_KNOTS('',3,(#2513,#2514,#2515,#2516),
 .UNSPECIFIED.,.F.,.F.,(4,4),(0.,1.),.UNSPECIFIED.);
#1575=B_SPLINE_CURVE_WITH_KNOTS('',1,(#2518,#2519),.UNSPECIFIED.,.F.,.F.,
(2,2),(0.,1.),.UNSPECIFIED.);
#1576=B_SPLINE_CURVE_WITH_KNOTS('',3,(#2521,#2522,#2523,#2524,#2525,#2526,
#2527),.UNSPECIFIED.,.F.,.F.,(4,1,1,1,4),(0.,0.239828209703217,0.499995117823962,
0.760162025944707,1.),.UNSPECIFIED.);
#1577=B_SPLINE_CURVE_WITH_KNOTS('',3,(#2529,#2530,#2531,#2532),
 .UNSPECIFIED.,.F.,.F.,(4,4),(0.,1.),.UNSPECIFIED.);
#1578=B_SPLINE_CURVE_WITH_KNOTS('',3,(#2534,#2535,#2536,#2537,#2538,#2539,
#2540,#2541,#2542,#2543,#2544,#2545,#2546,#2547,#2548,#2549,#2550,#2551,
#2552,#2553,#2554,#2555,#2556,#2557,#2558,#2559,#2560,#2561,#2562,#2563,
#2564),.UNSPECIFIED.,.F.,.F.,(4,3,3,3,3,3,3,3,3,3,4),(0.,0.0170058030126029,
0.134962476238282,0.253785612165542,0.381358783277925,0.496522913150613,
0.594941514787967,0.700761828561498,0.824301605607237,0.948754072783579,
1.),.UNSPECIFIED.);
#1579=B_SPLINE_CURVE_WITH_KNOTS('',3,(#2566,#2567,#2568,#2569,#2570,#2571,
#2572,#2573,#2574,#2575),.UNSPECIFIED.,.F.,.F.,(4,3,3,4),(0.,0.371932562185364,
0.741639530337908,1.),.UNSPECIFIED.);
#1580=B_SPLINE_CURVE_WITH_KNOTS('',3,(#2577,#2578,#2579,#2580,#2581,#2582,
#2583,#2584,#2585,#2586,#2587,#2588,#2589),.UNSPECIFIED.,.F.,.F.,(4,3,3,
3,4),(0.,0.315582216390307,0.630716553231863,0.954143436421231,1.),
 .UNSPECIFIED.);
#1581=B_SPLINE_CURVE_WITH_KNOTS('',3,(#2590,#2591,#2592,#2593,#2594,#2595,
#2596),.UNSPECIFIED.,.F.,.F.,(4,1,1,1,4),(0.,0.25,0.5,0.75,1.),
 .UNSPECIFIED.);
#1582=B_SPLINE_CURVE_WITH_KNOTS('',1,(#2597,#2598),.UNSPECIFIED.,.F.,.F.,
(2,2),(0.,1.),.UNSPECIFIED.);
#1583=B_SPLINE_CURVE_WITH_KNOTS('',1,(#2600,#2601),.UNSPECIFIED.,.F.,.F.,
(2,2),(0.,1.),.UNSPECIFIED.);
#1584=B_SPLINE_CURVE_WITH_KNOTS('',1,(#2602,#2603),.UNSPECIFIED.,.F.,.F.,
(2,2),(0.,1.),.UNSPECIFIED.);
#1585=B_SPLINE_CURVE_WITH_KNOTS('',1,(#2605,#2606),.UNSPECIFIED.,.F.,.F.,
(2,2),(0.,1.),.UNSPECIFIED.);
#1586=B_SPLINE_CURVE_WITH_KNOTS('',3,(#2608,#2609,#2610,#2611),
 .UNSPECIFIED.,.F.,.F.,(4,4),(0.,1.),.UNSPECIFIED.);
#1587=B_SPLINE_CURVE_WITH_KNOTS('',3,(#2628,#2629,#2630,#2631),
 .UNSPECIFIED.,.F.,.F.,(4,4),(0.,1.),.UNSPECIFIED.);
#1588=B_SPLINE_CURVE_WITH_KNOTS('',3,(#2633,#2634,#2635,#2636,#2637,#2638,
#2639,#2640,#2641,#2642,#2643,#2644,#2645,#2646,#2647,#2648,#2649,#2650,
#2651),.UNSPECIFIED.,.F.,.F.,(4,3,3,3,3,3,4),(0.,0.178182744996286,0.356405620125074,
0.534029813248029,0.71088746784185,0.887246826706936,1.),.UNSPECIFIED.);
#1589=B_SPLINE_CURVE_WITH_KNOTS('',3,(#2652,#2653,#2654,#2655),
 .UNSPECIFIED.,.F.,.F.,(4,4),(0.,1.),.UNSPECIFIED.);
#1590=B_SPLINE_CURVE_WITH_KNOTS('',3,(#2656,#2657,#2658,#2659),
 .UNSPECIFIED.,.F.,.F.,(4,4),(0.,1.),.UNSPECIFIED.);
#1591=B_SPLINE_CURVE_WITH_KNOTS('',3,(#2661,#2662,#2663,#2664),
 .UNSPECIFIED.,.F.,.F.,(4,4),(0.,1.),.UNSPECIFIED.);
#1592=B_SPLINE_CURVE_WITH_KNOTS('',3,(#2666,#2667,#2668,#2669,#2670,#2671,
#2672,#2673,#2674,#2675,#2676,#2677,#2678),.UNSPECIFIED.,.F.,.F.,(4,3,3,
3,4),(0.,0.303219477433827,0.604601967799807,0.928168661753445,1.),
 .UNSPECIFIED.);
#1593=B_SPLINE_CURVE_WITH_KNOTS('',3,(#2680,#2681,#2682,#2683,#2684,#2685,
#2686,#2687,#2688,#2689,#2690,#2691,#2692),.UNSPECIFIED.,.F.,.F.,(4,3,3,
3,4),(0.,0.314929636287789,0.629386689901027,0.952473083899073,1.),
 .UNSPECIFIED.);
#1594=B_SPLINE_CURVE_WITH_KNOTS('',3,(#2694,#2695,#2696,#2697),
 .UNSPECIFIED.,.F.,.F.,(4,4),(0.,1.),.UNSPECIFIED.);
#1595=B_SPLINE_CURVE_WITH_KNOTS('',3,(#2698,#2699,#2700,#2701,#2702,#2703,
#2704,#2705,#2706,#2707,#2708,#2709,#2710,#2711,#2712,#2713,#2714,#2715),
 .UNSPECIFIED.,.F.,.F.,(4,2,2,2,2,2,2,2,4),(0.,0.125000000000003,0.187500000000003,
0.250000000000003,0.500000000000002,0.750000000000002,0.875000000000007,
0.937500000000003,1.),.UNSPECIFIED.);
#1596=B_SPLINE_CURVE_WITH_KNOTS('',3,(#2717,#2718,#2719,#2720),
 .UNSPECIFIED.,.F.,.F.,(4,4),(0.,1.),.UNSPECIFIED.);
#1597=B_SPLINE_CURVE_WITH_KNOTS('',3,(#2722,#2723,#2724,#2725),
 .UNSPECIFIED.,.F.,.F.,(4,4),(0.,1.),.UNSPECIFIED.);
#1598=B_SPLINE_CURVE_WITH_KNOTS('',3,(#2727,#2728,#2729,#2730,#2731,#2732,
#2733,#2734,#2735,#2736),.UNSPECIFIED.,.F.,.F.,(4,2,2,2,4),(0.,0.249999999999997,
0.374999999999995,0.499999999999993,1.),.UNSPECIFIED.);
#1599=B_SPLINE_CURVE_WITH_KNOTS('',3,(#2738,#2739,#2740,#2741,#2742,#2743,
#2744,#2745,#2746,#2747,#2748,#2749,#2750,#2751,#2752,#2753,#2754,#2755,
#2756,#2757,#2758,#2759),.UNSPECIFIED.,.F.,.F.,(4,3,3,3,3,3,3,4),(0.,0.161378722985793,
0.322710777493435,0.485730015852512,0.660472239519851,0.816509539483986,
0.950882559228431,1.),.UNSPECIFIED.);
#1600=B_SPLINE_CURVE_WITH_KNOTS('',3,(#2760,#2761,#2762,#2763,#2764,#2765,
#2766),.UNSPECIFIED.,.F.,.F.,(4,1,1,1,4),(0.,0.25,0.5,0.75,1.),
 .UNSPECIFIED.);
#1601=B_SPLINE_CURVE_WITH_KNOTS('',1,(#2767,#2768),.UNSPECIFIED.,.F.,.F.,
(2,2),(0.,1.),.UNSPECIFIED.);
#1602=B_SPLINE_CURVE_WITH_KNOTS('',1,(#2771,#2772),.UNSPECIFIED.,.F.,.F.,
(2,2),(0.,1.),.UNSPECIFIED.);
#1603=B_SPLINE_CURVE_WITH_KNOTS('',1,(#2773,#2774),.UNSPECIFIED.,.F.,.F.,
(2,2),(0.,1.),.UNSPECIFIED.);
#1604=B_SPLINE_CURVE_WITH_KNOTS('',1,(#2775,#2776),.UNSPECIFIED.,.F.,.F.,
(2,2),(0.,1.),.UNSPECIFIED.);
#1605=B_SPLINE_CURVE_WITH_KNOTS('',3,(#2778,#2779,#2780,#2781,#2782,#2783,
#2784,#2785,#2786,#2787),.UNSPECIFIED.,.F.,.F.,(4,2,2,2,4),(0.,0.500000000000013,
0.625000000000016,0.750000000000019,1.),.UNSPECIFIED.);
#1606=B_SPLINE_CURVE_WITH_KNOTS('',3,(#2789,#2790,#2791,#2792),
 .UNSPECIFIED.,.F.,.F.,(4,4),(0.,1.),.UNSPECIFIED.);
#1607=B_SPLINE_CURVE_WITH_KNOTS('',1,(#2819,#2820),.UNSPECIFIED.,.F.,.F.,
(2,2),(0.,1.),.UNSPECIFIED.);
#1608=B_SPLINE_CURVE_WITH_KNOTS('',1,(#2822,#2823),.UNSPECIFIED.,.F.,.F.,
(2,2),(0.,1.),.UNSPECIFIED.);
#1609=B_SPLINE_CURVE_WITH_KNOTS('',3,(#2849,#2850,#2851,#2852),
 .UNSPECIFIED.,.F.,.F.,(4,4),(0.,1.),.UNSPECIFIED.);
#1610=B_SPLINE_CURVE_WITH_KNOTS('',3,(#2854,#2855,#2856,#2857),
 .UNSPECIFIED.,.F.,.F.,(4,4),(0.,1.),.UNSPECIFIED.);
#1611=B_SPLINE_CURVE_WITH_KNOTS('',1,(#2901,#2902),.UNSPECIFIED.,.F.,.F.,
(2,2),(0.,1.),.UNSPECIFIED.);
#1612=B_SPLINE_CURVE_WITH_KNOTS('',1,(#2904,#2905),.UNSPECIFIED.,.F.,.F.,
(2,2),(0.,1.),.UNSPECIFIED.);
#1613=B_SPLINE_CURVE_WITH_KNOTS('',1,(#2907,#2908),.UNSPECIFIED.,.F.,.F.,
(2,2),(0.,1.),.UNSPECIFIED.);
#1614=B_SPLINE_CURVE_WITH_KNOTS('',1,(#2912,#2913),.UNSPECIFIED.,.F.,.F.,
(2,2),(0.,1.),.UNSPECIFIED.);
#1615=B_SPLINE_CURVE_WITH_KNOTS('',1,(#2945,#2946,#2947),.UNSPECIFIED.,
 .F.,.F.,(2,1,2),(0.,0.0099009900990099,1.),.UNSPECIFIED.);
#1616=B_SPLINE_CURVE_WITH_KNOTS('',3,(#2949,#2950,#2951,#2952),
 .UNSPECIFIED.,.F.,.F.,(4,4),(0.,1.),.UNSPECIFIED.);
#1617=B_SPLINE_CURVE_WITH_KNOTS('',3,(#2955,#2956,#2957,#2958),
 .UNSPECIFIED.,.F.,.F.,(4,4),(0.,1.),.UNSPECIFIED.);
#1618=B_SPLINE_CURVE_WITH_KNOTS('',1,(#2959,#2960),.UNSPECIFIED.,.F.,.F.,
(2,2),(0.,1.),.UNSPECIFIED.);
#1619=B_SPLINE_CURVE_WITH_KNOTS('',3,(#2962,#2963,#2964,#2965,#2966,#2967,
#2968,#2969,#2970,#2971,#2972,#2973,#2974,#2975,#2976,#2977,#2978,#2979,
#2980,#2981,#2982,#2983,#2984,#2985,#2986,#2987,#2988,#2989,#2990,#2991,
#2992,#2993,#2994,#2995),.UNSPECIFIED.,.F.,.F.,(4,2,2,2,2,2,2,2,2,2,2,2,
2,2,2,2,4),(0.,0.0312499999999978,0.0624999999999956,0.125,0.249999999999999,
0.374999999999999,0.499999999999999,0.562500000000002,0.625000000000006,
0.687500000000009,0.718750000000011,0.750000000000013,0.812500000000016,
0.843750000000017,0.859375000000017,0.875000000000016,1.),.UNSPECIFIED.);
#1620=B_SPLINE_CURVE_WITH_KNOTS('',1,(#2997,#2998),.UNSPECIFIED.,.F.,.F.,
(2,2),(0.,1.),.UNSPECIFIED.);
#1621=B_SPLINE_CURVE_WITH_KNOTS('',3,(#2999,#3000,#3001,#3002,#3003,#3004,
#3005,#3006,#3007),.UNSPECIFIED.,.F.,.F.,(4,1,1,1,1,1,4),(0.,0.125,0.25,
0.5,0.75,0.875,1.),.UNSPECIFIED.);
#1622=B_SPLINE_CURVE_WITH_KNOTS('',3,(#3008,#3009,#3010,#3011,#3012,#3013,
#3014,#3015,#3016,#3017,#3018,#3019,#3020,#3021,#3022,#3023,#3024,#3025,
#3026,#3027,#3028,#3029,#3030,#3031,#3032,#3033,#3034,#3035,#3036,#3037,
#3038,#3039),.UNSPECIFIED.,.F.,.F.,(4,2,2,2,2,2,2,2,2,2,2,2,2,2,2,4),(0.,
0.0624999999999916,0.0937499999999885,0.109374999999987,0.124999999999985,
0.187499999999984,0.218749999999983,0.249999999999982,0.312499999999979,
0.374999999999977,0.499999999999976,0.749999999999978,0.874999999999979,
0.906249999999984,0.93749999999999,1.),.UNSPECIFIED.);
#1623=B_SPLINE_CURVE_WITH_KNOTS('',1,(#3042,#3043),.UNSPECIFIED.,.F.,.F.,
(2,2),(0.,1.),.UNSPECIFIED.);
#1624=B_SPLINE_CURVE_WITH_KNOTS('',3,(#3044,#3045,#3046,#3047),
 .UNSPECIFIED.,.F.,.F.,(4,4),(0.,1.),.UNSPECIFIED.);
#1625=B_SPLINE_CURVE_WITH_KNOTS('',3,(#3048,#3049,#3050,#3051,#3052,#3053,
#3054,#3055,#3056),.UNSPECIFIED.,.F.,.F.,(4,1,1,1,1,1,4),(0.,0.125,0.25,
0.5,0.75,0.875,1.),.UNSPECIFIED.);
#1626=B_SPLINE_CURVE_WITH_KNOTS('',3,(#3057,#3058,#3059,#3060),
 .UNSPECIFIED.,.F.,.F.,(4,4),(0.,1.),.UNSPECIFIED.);
#1627=B_SPLINE_CURVE_WITH_KNOTS('',1,(#3064,#3065),.UNSPECIFIED.,.F.,.F.,
(2,2),(0.,1.),.UNSPECIFIED.);
#1628=B_SPLINE_CURVE_WITH_KNOTS('',3,(#3066,#3067,#3068,#3069,#3070,#3071,
#3072,#3073,#3074,#3075,#3076,#3077,#3078,#3079,#3080,#3081,#3082,#3083,
#3084,#3085),.UNSPECIFIED.,.F.,.F.,(4,2,2,2,2,2,2,2,2,4),(0.,0.124999999999994,
0.187499999999991,0.249999999999988,0.374999999999985,0.437499999999986,
0.499999999999987,0.624999999999988,0.749999999999988,1.),.UNSPECIFIED.);
#1629=B_SPLINE_CURVE_WITH_KNOTS('',1,(#3087,#3088),.UNSPECIFIED.,.F.,.F.,
(2,2),(0.,1.),.UNSPECIFIED.);
#1630=B_SPLINE_CURVE_WITH_KNOTS('',1,(#3090,#3091),.UNSPECIFIED.,.F.,.F.,
(2,2),(0.,1.),.UNSPECIFIED.);
#1631=B_SPLINE_CURVE_WITH_KNOTS('',3,(#3094,#3095,#3096,#3097),
 .UNSPECIFIED.,.F.,.F.,(4,4),(0.,1.),.UNSPECIFIED.);
#1632=B_SPLINE_CURVE_WITH_KNOTS('',1,(#3100,#3101),.UNSPECIFIED.,.F.,.F.,
(2,2),(0.,1.),.UNSPECIFIED.);
#1633=B_SPLINE_CURVE_WITH_KNOTS('',1,(#3103,#3104),.UNSPECIFIED.,.F.,.F.,
(2,2),(0.,1.),.UNSPECIFIED.);
#1634=B_SPLINE_CURVE_WITH_KNOTS('',3,(#3106,#3107,#3108,#3109,#3110,#3111,
#3112,#3113,#3114),.UNSPECIFIED.,.F.,.F.,(4,1,1,1,1,1,4),(0.,0.166666670181696,
0.333333340363296,0.500000010544996,0.666666680726695,0.833333350908293,
1.),.UNSPECIFIED.);
#1635=B_SPLINE_CURVE_WITH_KNOTS('',3,(#3116,#3117,#3118,#3119,#3120,#3121),
 .UNSPECIFIED.,.F.,.F.,(4,1,1,4),(0.,0.333333206735533,0.666666603367818,
1.),.UNSPECIFIED.);
#1636=B_SPLINE_CURVE_WITH_KNOTS('',1,(#3123,#3124),.UNSPECIFIED.,.F.,.F.,
(2,2),(0.,1.),.UNSPECIFIED.);
#1637=B_SPLINE_CURVE_WITH_KNOTS('',3,(#3126,#3127,#3128,#3129,#3130,#3131),
 .UNSPECIFIED.,.F.,.F.,(4,2,4),(0.,0.5,1.),.UNSPECIFIED.);
#1638=B_SPLINE_CURVE_WITH_KNOTS('',1,(#3133,#3134),.UNSPECIFIED.,.F.,.F.,
(2,2),(0.,1.),.UNSPECIFIED.);
#1639=B_SPLINE_CURVE_WITH_KNOTS('',1,(#3136,#3137),.UNSPECIFIED.,.F.,.F.,
(2,2),(0.,1.),.UNSPECIFIED.);
#1640=B_SPLINE_CURVE_WITH_KNOTS('',3,(#3142,#3143,#3144,#3145),
 .UNSPECIFIED.,.F.,.F.,(4,4),(0.,1.),.UNSPECIFIED.);
#1641=B_SPLINE_CURVE_WITH_KNOTS('',1,(#3147,#3148),.UNSPECIFIED.,.F.,.F.,
(2,2),(0.,1.),.UNSPECIFIED.);
#1642=B_SPLINE_CURVE_WITH_KNOTS('',3,(#3149,#3150,#3151,#3152,#3153,#3154,
#3155),.UNSPECIFIED.,.F.,.F.,(4,1,1,1,4),(0.,0.25,0.5,0.749999999999999,
1.),.UNSPECIFIED.);
#1643=B_SPLINE_CURVE_WITH_KNOTS('',3,(#3157,#3158,#3159,#3160),
 .UNSPECIFIED.,.F.,.F.,(4,4),(0.,1.),.UNSPECIFIED.);
#1644=B_SPLINE_CURVE_WITH_KNOTS('',1,(#3163,#3164),.UNSPECIFIED.,.F.,.F.,
(2,2),(0.,1.),.UNSPECIFIED.);
#1645=B_SPLINE_CURVE_WITH_KNOTS('',1,(#3167,#3168),.UNSPECIFIED.,.F.,.F.,
(2,2),(0.,1.),.UNSPECIFIED.);
#1646=B_SPLINE_CURVE_WITH_KNOTS('',1,(#3173,#3174),.UNSPECIFIED.,.F.,.F.,
(2,2),(0.,1.),.UNSPECIFIED.);
#1647=B_SPLINE_CURVE_WITH_KNOTS('',3,(#3177,#3178,#3179,#3180,#3181,#3182,
#3183,#3184,#3185,#3186,#3187,#3188,#3189,#3190,#3191,#3192),
 .UNSPECIFIED.,.F.,.F.,(4,2,2,2,2,2,2,4),(0.,0.124999999999997,0.249999999999994,
0.499999999999995,0.749999999999995,0.874999999999997,0.937499999999999,
1.),.UNSPECIFIED.);
#1648=B_SPLINE_CURVE_WITH_KNOTS('',3,(#3193,#3194,#3195,#3196,#3197,#3198,
#3199,#3200,#3201,#3202,#3203,#3204,#3205,#3206,#3207,#3208,#3209,#3210,
#3211,#3212,#3213,#3214,#3215,#3216,#3217,#3218,#3219,#3220,#3221,#3222,
#3223,#3224),.UNSPECIFIED.,.F.,.F.,(4,2,2,2,2,2,2,2,2,2,2,2,2,2,2,4),(0.,
0.249999999999992,0.265624999999995,0.281249999999997,0.312500000000003,
0.375000000000014,0.500000000000029,0.515625000000024,0.53125000000002,
0.562500000000017,0.625000000000012,0.750000000000002,0.874999999999992,
0.906249999999994,0.937499999999996,1.),.UNSPECIFIED.);
#1649=B_SPLINE_CURVE_WITH_KNOTS('',3,(#3225,#3226,#3227,#3228,#3229,#3230,
#3231,#3232,#3233),.UNSPECIFIED.,.F.,.F.,(4,1,1,1,1,1,4),(0.,0.125,0.25,
0.5,0.75,0.875,1.),.UNSPECIFIED.);
#1650=B_SPLINE_CURVE_WITH_KNOTS('',3,(#3234,#3235,#3236,#3237,#3238,#3239,
#3240,#3241,#3242),.UNSPECIFIED.,.F.,.F.,(4,1,1,1,1,1,4),(0.,0.166666670181696,
0.333333340363296,0.500000010544996,0.666666680726695,0.833333350908293,
1.),.UNSPECIFIED.);
#1651=B_SPLINE_CURVE_WITH_KNOTS('',3,(#3244,#3245,#3246,#3247,#3248,#3249,
#3250,#3251,#3252,#3253,#3254,#3255,#3256,#3257,#3258,#3259,#3260,#3261,
#3262,#3263,#3264,#3265,#3266,#3267,#3268,#3269,#3270,#3271,#3272,#3273,
#3274,#3275,#3276,#3277),.UNSPECIFIED.,.F.,.F.,(4,2,2,2,2,2,2,2,2,2,2,2,
2,2,2,2,4),(0.,0.124999999999952,0.249999999999904,0.31249999999988,0.343749999999867,
0.374999999999855,0.437499999999839,0.468749999999824,0.484374999999829,
0.499999999999834,0.62499999999987,0.687499999999893,0.749999999999916,
0.812499999999939,0.84374999999995,0.874999999999961,1.),.UNSPECIFIED.);
#1652=B_SPLINE_CURVE_WITH_KNOTS('',3,(#3346,#3347,#3348,#3349),
 .UNSPECIFIED.,.F.,.F.,(4,4),(0.,1.),.UNSPECIFIED.);
#1653=B_SPLINE_CURVE_WITH_KNOTS('',3,(#3490,#3491,#3492,#3493),
 .UNSPECIFIED.,.F.,.F.,(4,4),(0.,1.),.UNSPECIFIED.);
#1654=B_SPLINE_CURVE_WITH_KNOTS('',1,(#3495,#3496),.UNSPECIFIED.,.F.,.F.,
(2,2),(0.,1.),.UNSPECIFIED.);
#1655=B_SPLINE_CURVE_WITH_KNOTS('',3,(#3500,#3501,#3502,#3503,#3504,#3505),
 .UNSPECIFIED.,.F.,.F.,(4,1,1,4),(0.,0.333333206735533,0.666666603367818,
1.),.UNSPECIFIED.);
#1656=B_SPLINE_CURVE_WITH_KNOTS('',3,(#3507,#3508,#3509,#3510,#3511,#3512,
#3513,#3514),.UNSPECIFIED.,.F.,.F.,(4,2,2,4),(0.,0.25000000000001,0.500000000000019,
1.),.UNSPECIFIED.);
#1657=B_SPLINE_CURVE_WITH_KNOTS('',1,(#3573,#3574),.UNSPECIFIED.,.F.,.F.,
(2,2),(0.,1.),.UNSPECIFIED.);
#1658=B_SPLINE_CURVE_WITH_KNOTS('',3,(#3577,#3578,#3579,#3580),
 .UNSPECIFIED.,.F.,.F.,(4,4),(0.,1.),.UNSPECIFIED.);
#1659=B_SPLINE_CURVE_WITH_KNOTS('',1,(#3581,#3582),.UNSPECIFIED.,.F.,.F.,
(2,2),(0.,1.),.UNSPECIFIED.);
#1660=B_SPLINE_CURVE_WITH_KNOTS('',1,(#3586,#3587),.UNSPECIFIED.,.F.,.F.,
(2,2),(0.,1.),.UNSPECIFIED.);
#1661=B_SPLINE_CURVE_WITH_KNOTS('',1,(#3591,#3592),.UNSPECIFIED.,.F.,.F.,
(2,2),(0.,1.),.UNSPECIFIED.);
#1662=B_SPLINE_CURVE_WITH_KNOTS('',3,(#3598,#3599,#3600,#3601,#3602,#3603,
#3604,#3605,#3606,#3607),.UNSPECIFIED.,.F.,.F.,(4,3,3,4),(0.,0.232750545528204,
0.680825343438891,1.),.UNSPECIFIED.);
#1663=B_SPLINE_CURVE_WITH_KNOTS('',3,(#3609,#3610,#3611,#3612,#3613,#3614,
#3615,#3616,#3617,#3618),.UNSPECIFIED.,.F.,.F.,(4,2,2,2,4),(0.,0.249999999999997,
0.374999999999995,0.499999999999992,1.),.UNSPECIFIED.);
#1664=B_SPLINE_CURVE_WITH_KNOTS('',3,(#3619,#3620,#3621,#3622,#3623,#3624,
#3625,#3626,#3627),.UNSPECIFIED.,.F.,.F.,(4,1,1,1,1,1,4),(0.,0.125,0.25,
0.5,0.75,0.875,1.),.UNSPECIFIED.);
#1665=B_SPLINE_CURVE_WITH_KNOTS('',3,(#3628,#3629,#3630,#3631,#3632,#3633,
#3634),.UNSPECIFIED.,.F.,.F.,(4,3,4),(0.,0.327855640975144,1.),
 .UNSPECIFIED.);
#1666=B_SPLINE_CURVE_WITH_KNOTS('',3,(#3636,#3637,#3638,#3639,#3640,#3641,
#3642,#3643,#3644,#3645,#3646,#3647,#3648,#3649,#3650,#3651,#3652,#3653,
#3654,#3655),.UNSPECIFIED.,.F.,.F.,(4,2,2,2,2,2,2,2,2,4),(0.,0.0312500000000033,
0.0625000000000066,0.125000000000025,0.250000000000064,0.375000000000103,
0.437500000000097,0.500000000000091,0.750000000000045,1.),.UNSPECIFIED.);
#1667=B_SPLINE_CURVE_WITH_KNOTS('',3,(#3724,#3725,#3726,#3727,#3728,#3729,
#3730),.UNSPECIFIED.,.F.,.F.,(4,3,4),(0.,0.827741948511697,1.),
 .UNSPECIFIED.);
#1668=B_SPLINE_CURVE_WITH_KNOTS('',3,(#3876,#3877,#3878,#3879),
 .UNSPECIFIED.,.F.,.F.,(4,4),(0.,1.),.UNSPECIFIED.);
#1669=B_SPLINE_CURVE_WITH_KNOTS('',3,(#3934,#3935,#3936,#3937,#3938,#3939,
#3940,#3941,#3942,#3943,#3944,#3945,#3946,#3947,#3948,#3949,#3950,#3951,
#3952,#3953,#3954),.UNSPECIFIED.,.F.,.F.,(4,2,2,2,3,3,2,3,4),(0.,0.0310596431435676,
0.0621191532596488,0.124237663249841,0.248455173981708,0.499923488584968,
0.625448477478326,0.750978929235894,1.),.UNSPECIFIED.);
#1670=B_SPLINE_CURVE_WITH_KNOTS('',3,(#4852,#4853,#4854,#4855,#4856,#4857,
#4858,#4859,#4860,#4861,#4862,#4863,#4864,#4865,#4866,#4867,#4868,#4869,
#4870,#4871,#4872,#4873,#4874,#4875,#4876,#4877,#4878,#4879,#4880,#4881,
#4882,#4883,#4884,#4885,#4886,#4887,#4888,#4889,#4890,#4891,#4892,#4893,
#4894,#4895,#4896,#4897,#4898,#4899,#4900,#4901,#4902,#4903,#4904,#4905,
#4906,#4907,#4908,#4909),.UNSPECIFIED.,.T.,.F.,(1,3,3,3,3,3,3,3,3,3,3,3,
3,3,3,3,3,3,3,3,3,1),(-0.0271100718815458,0.,0.046180711031035,0.0922642880478687,
0.139794994884997,0.191817146076469,0.249363944615183,0.311495879226842,
0.374733802377977,0.434245454827668,0.487131505062808,0.53449426344875,
0.579773614452188,0.626393951318482,0.676942624235367,0.732886083464191,
0.793921416166524,0.857255766245363,0.918169289945553,0.972889928118454,
1.,1.04618071103104),.UNSPECIFIED.);
#1671=B_SPLINE_CURVE_WITH_KNOTS('',3,(#4915,#4916,#4917,#4918,#4919,#4920,
#4921,#4922,#4923,#4924,#4925,#4926,#4927,#4928,#4929,#4930,#4931,#4932,
#4933,#4934,#4935,#4936,#4937,#4938,#4939,#4940,#4941,#4942,#4943,#4944,
#4945,#4946,#4947,#4948,#4949,#4950,#4951,#4952,#4953,#4954,#4955,#4956,
#4957,#4958,#4959,#4960,#4961,#4962,#4963,#4964,#4965,#4966,#4967,#4968,
#4969,#4970,#4971,#4972),.UNSPECIFIED.,.T.,.F.,(1,3,3,3,3,3,3,3,3,3,3,3,
3,3,3,3,3,3,3,3,3,1),(-0.0271868502079247,0.,0.0462260789168962,0.0923554732328861,
0.139926576156243,0.191968120454829,0.249500647106602,0.311576287279986,
0.374730789870871,0.434179711929129,0.487066417600952,0.534483562869507,
0.579832234299876,0.626506749969751,0.677076031971816,0.732995673819753,
0.793966038679989,0.857221843162095,0.918086959437328,0.972813149792075,
1.,1.0462260789169),.UNSPECIFIED.);
#1672=B_SPLINE_CURVE_WITH_KNOTS('',3,(#5022,#5023,#5024,#5025),
 .UNSPECIFIED.,.F.,.F.,(4,4),(0.,1.),.UNSPECIFIED.);
#1673=B_SPLINE_CURVE_WITH_KNOTS('',3,(#5027,#5028,#5029,#5030),
 .UNSPECIFIED.,.F.,.F.,(4,4),(0.,1.),.UNSPECIFIED.);
#1674=AXIS2_PLACEMENT_3D('',#2152,#1817,#1818);
#1675=AXIS2_PLACEMENT_3D('',#2174,#1819,#1820);
#1676=AXIS2_PLACEMENT_3D('',#2175,#1821,#1822);
#1677=AXIS2_PLACEMENT_3D('',#2176,#1823,#1824);
#1678=AXIS2_PLACEMENT_3D('',#2214,#1826,#1827);
#1679=AXIS2_PLACEMENT_3D('',#2225,#1828,#1829);
#1680=AXIS2_PLACEMENT_3D('',#2226,#1830,#1831);
#1681=AXIS2_PLACEMENT_3D('',#2227,#1832,#1833);
#1682=AXIS2_PLACEMENT_3D('',#2267,#1835,#1836);
#1683=AXIS2_PLACEMENT_3D('',#2273,#1839,#1840);
#1684=AXIS2_PLACEMENT_3D('',#2276,#1842,#1843);
#1685=AXIS2_PLACEMENT_3D('',#2311,#1844,#1845);
#1686=AXIS2_PLACEMENT_3D('',#2327,#1846,#1847);
#1687=AXIS2_PLACEMENT_3D('',#2376,#1848,#1849);
#1688=AXIS2_PLACEMENT_3D('',#2377,#1850,#1851);
#1689=AXIS2_PLACEMENT_3D('',#2434,#1852,#1853);
#1690=AXIS2_PLACEMENT_3D('',#2449,#1854,#1855);
#1691=AXIS2_PLACEMENT_3D('',#2454,#1856,#1857);
#1692=AXIS2_PLACEMENT_3D('',#2455,#1858,#1859);
#1693=AXIS2_PLACEMENT_3D('',#2462,#1860,#1861);
#1694=AXIS2_PLACEMENT_3D('',#2486,#1862,#1863);
#1695=AXIS2_PLACEMENT_3D('',#2607,#1865,#1866);
#1696=AXIS2_PLACEMENT_3D('',#2624,#1867,#1868);
#1697=AXIS2_PLACEMENT_3D('',#2625,#1869,#1870);
#1698=AXIS2_PLACEMENT_3D('',#2660,#1871,#1872);
#1699=AXIS2_PLACEMENT_3D('',#2777,#1874,#1875);
#1700=AXIS2_PLACEMENT_3D('',#2793,#1876,#1877);
#1701=AXIS2_PLACEMENT_3D('',#2794,#1878,#1879);
#1702=AXIS2_PLACEMENT_3D('',#2796,#1880,#1881);
#1703=AXIS2_PLACEMENT_3D('',#2798,#1882,#1883);
#1704=AXIS2_PLACEMENT_3D('',#2799,#1884,#1885);
#1705=AXIS2_PLACEMENT_3D('',#2804,#1887,#1888);
#1706=AXIS2_PLACEMENT_3D('',#2806,#1889,#1890);
#1707=AXIS2_PLACEMENT_3D('',#2810,#1892,#1893);
#1708=AXIS2_PLACEMENT_3D('',#2812,#1894,#1895);
#1709=AXIS2_PLACEMENT_3D('',#2814,#1896,#1897);
#1710=AXIS2_PLACEMENT_3D('',#2818,#1899,#1900);
#1711=AXIS2_PLACEMENT_3D('',#2824,#1901,#1902);
#1712=AXIS2_PLACEMENT_3D('',#2828,#1904,#1905);
#1713=AXIS2_PLACEMENT_3D('',#2830,#1906,#1907);
#1714=AXIS2_PLACEMENT_3D('',#2832,#1908,#1909);
#1715=AXIS2_PLACEMENT_3D('',#2836,#1911,#1912);
#1716=AXIS2_PLACEMENT_3D('',#2840,#1914,#1915);
#1717=AXIS2_PLACEMENT_3D('',#2863,#1917,#1918);
#1718=AXIS2_PLACEMENT_3D('',#2865,#1919,#1920);
#1719=AXIS2_PLACEMENT_3D('',#2867,#1921,#1922);
#1720=AXIS2_PLACEMENT_3D('',#2868,#1923,#1924);
#1721=AXIS2_PLACEMENT_3D('',#2909,#1925,#1926);
#1722=AXIS2_PLACEMENT_3D('',#2910,#1927,#1928);
#1723=AXIS2_PLACEMENT_3D('',#2948,#1929,#1930);
#1724=AXIS2_PLACEMENT_3D('',#2961,#1931,#1932);
#1725=AXIS2_PLACEMENT_3D('',#3061,#1935,#1936);
#1726=AXIS2_PLACEMENT_3D('',#3062,#1937,#1938);
#1727=AXIS2_PLACEMENT_3D('',#3089,#1939,#1940);
#1728=AXIS2_PLACEMENT_3D('',#3098,#1941,#1942);
#1729=AXIS2_PLACEMENT_3D('',#3099,#1943,#1944);
#1730=AXIS2_PLACEMENT_3D('',#3138,#1945,#1946);
#1731=AXIS2_PLACEMENT_3D('',#3139,#1947,#1948);
#1732=AXIS2_PLACEMENT_3D('',#3140,#1949,#1950);
#1733=AXIS2_PLACEMENT_3D('',#3141,#1951,#1952);
#1734=AXIS2_PLACEMENT_3D('',#3156,#1953,#1954);
#1735=AXIS2_PLACEMENT_3D('',#3165,#1955,#1956);
#1736=AXIS2_PLACEMENT_3D('',#3169,#1957,#1958);
#1737=AXIS2_PLACEMENT_3D('',#3170,#1959,#1960);
#1738=AXIS2_PLACEMENT_3D('',#3172,#1961,#1962);
#1739=AXIS2_PLACEMENT_3D('',#3175,#1963,#1964);
#1740=AXIS2_PLACEMENT_3D('',#3176,#1965,#1966);
#1741=AXIS2_PLACEMENT_3D('',#3498,#1968,#1969);
#1742=AXIS2_PLACEMENT_3D('',#3499,#1970,#1971);
#1743=AXIS2_PLACEMENT_3D('',#3506,#1972,#1973);
#1744=AXIS2_PLACEMENT_3D('',#3516,#1974,#1975);
#1745=AXIS2_PLACEMENT_3D('',#3569,#1976,#1977);
#1746=AXIS2_PLACEMENT_3D('',#3570,#1978,#1979);
#1747=AXIS2_PLACEMENT_3D('',#3571,#1980,#1981);
#1748=AXIS2_PLACEMENT_3D('',#3572,#1982,#1983);
#1749=AXIS2_PLACEMENT_3D('',#3575,#1984,#1985);
#1750=AXIS2_PLACEMENT_3D('',#3576,#1986,#1987);
#1751=AXIS2_PLACEMENT_3D('',#3584,#1988,#1989);
#1752=AXIS2_PLACEMENT_3D('',#3585,#1990,#1991);
#1753=AXIS2_PLACEMENT_3D('',#3590,#1992,#1993);
#1754=AXIS2_PLACEMENT_3D('',#3593,#1994,#1995);
#1755=AXIS2_PLACEMENT_3D('',#3594,#1996,#1997);
#1756=AXIS2_PLACEMENT_3D('',#3595,#1998,#1999);
#1757=AXIS2_PLACEMENT_3D('',#3596,#2000,#2001);
#1758=AXIS2_PLACEMENT_3D('',#3597,#2002,#2003);
#1759=AXIS2_PLACEMENT_3D('',#3875,#2005,#2006);
#1760=AXIS2_PLACEMENT_3D('',#3880,#2007,#2008);
#1761=AXIS2_PLACEMENT_3D('',#3881,#2009,#2010);
#1762=AXIS2_PLACEMENT_3D('',#4835,#2011,#2012);
#1763=AXIS2_PLACEMENT_3D('',#4837,#2013,#2014);
#1764=AXIS2_PLACEMENT_3D('',#4838,#2015,#2016);
#1765=AXIS2_PLACEMENT_3D('',#4840,#2017,#2018);
#1766=AXIS2_PLACEMENT_3D('',#4841,#2019,#2020);
#1767=AXIS2_PLACEMENT_3D('',#4842,#2021,#2022);
#1768=AXIS2_PLACEMENT_3D('',#4844,#2023,#2024);
#1769=AXIS2_PLACEMENT_3D('',#4845,#2025,#2026);
#1770=AXIS2_PLACEMENT_3D('',#4847,#2027,#2028);
#1771=AXIS2_PLACEMENT_3D('',#4848,#2029,#2030);
#1772=AXIS2_PLACEMENT_3D('',#4849,#2031,#2032);
#1773=AXIS2_PLACEMENT_3D('',#4851,#2033,#2034);
#1774=AXIS2_PLACEMENT_3D('',#4911,#2035,#2036);
#1775=AXIS2_PLACEMENT_3D('',#4912,#2037,#2038);
#1776=AXIS2_PLACEMENT_3D('',#4914,#2039,#2040);
#1777=AXIS2_PLACEMENT_3D('',#4974,#2041,#2042);
#1778=AXIS2_PLACEMENT_3D('',#4975,#2043,#2044);
#1779=AXIS2_PLACEMENT_3D('',#4977,#2045,#2046);
#1780=AXIS2_PLACEMENT_3D('',#4978,#2047,#2048);
#1781=AXIS2_PLACEMENT_3D('',#4980,#2049,#2050);
#1782=AXIS2_PLACEMENT_3D('',#4981,#2051,#2052);
#1783=AXIS2_PLACEMENT_3D('',#4982,#2053,#2054);
#1784=AXIS2_PLACEMENT_3D('',#4984,#2055,#2056);
#1785=AXIS2_PLACEMENT_3D('',#4985,#2057,#2058);
#1786=AXIS2_PLACEMENT_3D('',#4988,#2059,#2060);
#1787=AXIS2_PLACEMENT_3D('',#4990,#2061,#2062);
#1788=AXIS2_PLACEMENT_3D('',#4991,#2063,#2064);
#1789=AXIS2_PLACEMENT_3D('',#4994,#2067,#2068);
#1790=AXIS2_PLACEMENT_3D('',#4997,#2071,#2072);
#1791=AXIS2_PLACEMENT_3D('',#5000,#2075,#2076);
#1792=AXIS2_PLACEMENT_3D('',#5003,#2079,#2080);
#1793=AXIS2_PLACEMENT_3D('',#5005,#2082,#2083);
#1794=AXIS2_PLACEMENT_3D('',#5008,#2085,#2086);
#1795=AXIS2_PLACEMENT_3D('',#5009,#2087,#2088);
#1796=AXIS2_PLACEMENT_3D('',#5042,#2102,#2103);
#1797=AXIS2_PLACEMENT_3D('',#5044,#2105,#2106);
#1798=AXIS2_PLACEMENT_3D('',#5046,#2108,#2109);
#1799=AXIS2_PLACEMENT_3D('',#5048,#2111,#2112);
#1800=AXIS2_PLACEMENT_3D('',#5049,#2113,#2114);
#1801=AXIS2_PLACEMENT_3D('',#5051,#2116,#2117);
#1802=AXIS2_PLACEMENT_3D('',#5053,#2119,#2120);
#1803=AXIS2_PLACEMENT_3D('',#5054,#2121,#2122);
#1804=AXIS2_PLACEMENT_3D('',#5055,#2123,#2124);
#1805=AXIS2_PLACEMENT_3D('',#5056,#2125,#2126);
#1806=AXIS2_PLACEMENT_3D('',#5057,#2127,#2128);
#1807=AXIS2_PLACEMENT_3D('',#5058,#2129,#2130);
#1808=AXIS2_PLACEMENT_3D('',#5061,#2132,#2133);
#1809=AXIS2_PLACEMENT_3D('',#5062,#2134,#2135);
#1810=AXIS2_PLACEMENT_3D('',#5063,#2136,#2137);
#1811=AXIS2_PLACEMENT_3D('',#5066,#2139,#2140);
#1812=AXIS2_PLACEMENT_3D('',#5068,#2142,#2143);
#1813=AXIS2_PLACEMENT_3D('',#5069,#2144,#2145);
#1814=AXIS2_PLACEMENT_3D('',#5070,#2146,#2147);
#1815=AXIS2_PLACEMENT_3D('',#5071,#2148,#2149);
#1816=AXIS2_PLACEMENT_3D('',#5072,#2150,#2151);
#1817=DIRECTION('',(0.,0.,1.));
#1818=DIRECTION('',(1.,0.,0.));
#1819=DIRECTION('',(1.,3.21064173641458E-14,-8.78298942336569E-14));
#1820=DIRECTION('',(-8.88178419698519E-14,-8.32667268467362E-15,-1.));
#1821=DIRECTION('',(-1.,0.,0.));
#1822=DIRECTION('',(0.,0.,0.999999999999999));
#1823=DIRECTION('',(0.,0.,-1.));
#1824=DIRECTION('',(-1.,0.,0.));
#1825=DIRECTION('',(1.,4.33172649227364E-18,0.));
#1826=DIRECTION('',(0.,0.,-1.));
#1827=DIRECTION('',(-1.,0.,0.));
#1828=DIRECTION('',(1.,6.42128347282917E-14,-1.75659788467314E-13));
#1829=DIRECTION('',(-1.77635683939705E-13,-9.71445146545261E-15,-0.999999999999998));
#1830=DIRECTION('',(-1.,0.,0.));
#1831=DIRECTION('',(0.,0.,0.999999999999999));
#1832=DIRECTION('',(0.,0.,-1.));
#1833=DIRECTION('',(-1.,0.,0.));
#1834=DIRECTION('',(1.,4.33172649227364E-18,0.));
#1835=DIRECTION('',(0.,0.,-1.));
#1836=DIRECTION('',(-1.,0.,0.));
#1837=DIRECTION('',(-0.0019466741054808,0.,0.999998105228168));
#1838=DIRECTION('',(0.,1.,0.));
#1839=DIRECTION('',(0.999998105228168,0.,0.0019466741054808));
#1840=DIRECTION('',(0.0019466741054808,0.,-0.999998105228168));
#1841=DIRECTION('',(0.,1.,0.));
#1842=DIRECTION('',(-0.999998105228168,0.,-0.0019466741054808));
#1843=DIRECTION('',(-0.0019466741054808,0.,0.999998105228169));
#1844=DIRECTION('',(-0.999999973519794,0.,0.000230131290889032));
#1845=DIRECTION('',(0.000230131290889032,0.,0.999999973519794));
#1846=DIRECTION('',(-0.444849938980988,0.,0.895605120456896));
#1847=DIRECTION('',(0.895605120456896,0.,0.444849938980988));
#1848=DIRECTION('',(0.,0.,1.));
#1849=DIRECTION('',(1.,0.,0.));
#1850=DIRECTION('',(0.443311938722181,0.,0.896367405133844));
#1851=DIRECTION('',(0.896367405133844,0.,-0.443311938722181));
#1852=DIRECTION('',(0.,0.,-1.));
#1853=DIRECTION('',(-1.,0.,0.));
#1854=DIRECTION('',(-1.,-3.4308038186352E-14,3.43080381863521E-14));
#1855=DIRECTION('',(2.77555756156304E-14,-1.,-5.55111512312609E-14));
#1856=DIRECTION('',(-1.,-3.4308038186352E-14,3.43080381863521E-14));
#1857=DIRECTION('',(2.77555756156303E-14,-1.,-4.16333634234454E-14));
#1858=DIRECTION('',(-1.,0.,0.));
#1859=DIRECTION('',(0.,0.,1.));
#1860=DIRECTION('',(-0.374606593415916,0.,-0.927183854566786));
#1861=DIRECTION('',(-0.927183854566786,0.,0.374606593415916));
#1862=DIRECTION('',(0.,0.,1.));
#1863=DIRECTION('',(1.,0.,0.));
#1864=DIRECTION('',(6.02276434621644E-17,-1.10712579893687E-17,-1.));
#1865=DIRECTION('',(-1.,0.,0.));
#1866=DIRECTION('',(0.,0.,1.));
#1867=DIRECTION('',(0.,-1.,0.));
#1868=DIRECTION('',(0.999999999999992,0.,0.));
#1869=DIRECTION('',(0.376197592662347,0.,-0.926539460182379));
#1870=DIRECTION('',(-0.926539460182379,0.,-0.376197592662347));
#1871=DIRECTION('',(0.,0.,-1.));
#1872=DIRECTION('',(-1.,0.,0.));
#1873=DIRECTION('',(3.82622676112524E-17,-1.10712579893687E-17,-1.));
#1874=DIRECTION('',(1.,0.,0.));
#1875=DIRECTION('',(0.,0.,-1.));
#1876=DIRECTION('',(0.,1.,0.));
#1877=DIRECTION('',(0.999999999999992,0.,0.));
#1878=DIRECTION('',(0.,0.,1.));
#1879=DIRECTION('',(1.,0.,0.));
#1880=DIRECTION('',(0.,0.,1.));
#1881=DIRECTION('',(1.,0.,0.));
#1882=DIRECTION('',(0.,0.,1.));
#1883=DIRECTION('',(1.,0.,0.));
#1884=DIRECTION('',(0.,-1.,0.));
#1885=DIRECTION('',(0.927183854566777,0.,-0.374606593415927));
#1886=DIRECTION('',(0.00194667410532357,0.,-0.999998105228169));
#1887=DIRECTION('',(0.,-1.,0.));
#1888=DIRECTION('',(0.927183854566777,0.,-0.374606593415927));
#1889=DIRECTION('',(0.,1.,0.));
#1890=DIRECTION('',(-0.999998526738643,0.,-0.00171654319907935));
#1891=DIRECTION('',(0.896367405133844,0.,-0.443311938722181));
#1892=DIRECTION('',(0.,-1.,0.));
#1893=DIRECTION('',(-0.999998526738639,0.,-0.00171654319908177));
#1894=DIRECTION('',(0.,-1.,0.));
#1895=DIRECTION('',(-0.999998526738639,0.,-0.00171654319908177));
#1896=DIRECTION('',(0.,-1.,0.));
#1897=DIRECTION('',(-0.999998526738638,0.,-0.00171654319908382));
#1898=DIRECTION('',(-0.926539460182379,0.,-0.376197592662347));
#1899=DIRECTION('',(0.,1.,0.));
#1900=DIRECTION('',(0.,0.,-1.));
#1901=DIRECTION('',(0.,1.,0.));
#1902=DIRECTION('',(0.,0.,-1.));
#1903=DIRECTION('',(-0.927183854566786,0.,0.374606593415916));
#1904=DIRECTION('',(0.,-1.,0.));
#1905=DIRECTION('',(1.,0.,-1.20166816310008E-16));
#1906=DIRECTION('',(0.,-1.,0.));
#1907=DIRECTION('',(1.,0.,0.));
#1908=DIRECTION('',(0.,-1.,0.));
#1909=DIRECTION('',(1.,0.,0.));
#1910=DIRECTION('',(0.895605120456896,0.,0.444849938980988));
#1911=DIRECTION('',(0.,1.,0.));
#1912=DIRECTION('',(0.999999999999998,0.,0.));
#1913=DIRECTION('',(0.000230131290889032,0.,0.999999973519794));
#1914=DIRECTION('',(0.,-1.,0.));
#1915=DIRECTION('',(0.927183854566777,0.,-0.374606593415927));
#1916=DIRECTION('',(0.000230131290889032,0.,0.999999973519794));
#1917=DIRECTION('',(0.,-1.,0.));
#1918=DIRECTION('',(1.00000000000001,0.,0.));
#1919=DIRECTION('',(0.,-1.,0.));
#1920=DIRECTION('',(1.00000000000001,0.,0.));
#1921=DIRECTION('',(0.,-1.,0.));
#1922=DIRECTION('',(1.,0.,0.));
#1923=DIRECTION('',(0.,0.,-1.));
#1924=DIRECTION('',(-1.,0.,0.));
#1925=DIRECTION('',(0.,0.,1.));
#1926=DIRECTION('',(1.,0.,0.));
#1927=DIRECTION('',(0.,0.,-1.));
#1928=DIRECTION('',(-1.,0.,0.));
#1929=DIRECTION('',(0.,0.,1.));
#1930=DIRECTION('',(1.,0.,0.));
#1931=DIRECTION('',(0.,-0.819152044289016,0.573576436351011));
#1932=DIRECTION('',(1.,0.,0.));
#1933=DIRECTION('',(1.72603232715946E-16,-0.573576436350995,-0.819152044289028));
#1934=DIRECTION('',(9.96932464824573E-17,-0.573576436350995,-0.819152044289028));
#1935=DIRECTION('',(0.,-0.819152044289016,0.573576436351012));
#1936=DIRECTION('',(1.,0.,0.));
#1937=DIRECTION('',(0.,-0.644924300252611,0.764246456938912));
#1938=DIRECTION('',(5.66786544230376E-18,-0.764246456938912,-0.644924300252611));
#1939=DIRECTION('',(0.,0.644924300252611,-0.764246456938912));
#1940=DIRECTION('',(1.,0.,0.));
#1941=DIRECTION('',(-1.,0.,0.));
#1942=DIRECTION('',(0.,0.644924300387072,-0.764246456825448));
#1943=DIRECTION('',(1.,0.,0.));
#1944=DIRECTION('',(0.,0.,-1.));
#1945=DIRECTION('',(0.,-0.644924300252609,0.764246456938913));
#1946=DIRECTION('',(1.,0.,0.));
#1947=DIRECTION('',(-1.,0.,0.));
#1948=DIRECTION('',(0.,-4.6303471095564E-9,1.00000000000001));
#1949=DIRECTION('',(-1.,0.,0.));
#1950=DIRECTION('',(0.,3.46944695209433E-14,1.00000000000002));
#1951=DIRECTION('',(-1.,0.,0.));
#1952=DIRECTION('',(0.,0.,0.999999999999992));
#1953=DIRECTION('',(0.,-1.,0.));
#1954=DIRECTION('',(0.999999999999993,0.,0.));
#1955=DIRECTION('',(1.,-3.91541675160806E-14,1.07109627094227E-13));
#1956=DIRECTION('',(1.01544788849375E-13,2.87710235073228E-14,-1.));
#1957=DIRECTION('',(-1.,0.,0.));
#1958=DIRECTION('',(0.,0.,1.));
#1959=DIRECTION('',(-9.66988619604002E-6,-0.764252693238718,-0.644916909984425));
#1960=DIRECTION('',(5.96744875711682E-12,-0.644916910014585,0.764252693274457));
#1961=DIRECTION('',(-9.24353514020554E-10,0.76424645686954,0.644924300334818));
#1962=DIRECTION('',(-0.999999999999998,-7.88593727391901E-10,-4.98767693835632E-10));
#1963=DIRECTION('',(0.,-0.764246456938918,-0.644924300252604));
#1964=DIRECTION('',(1.00000000000002,0.,0.));
#1965=DIRECTION('',(1.,1.48553094128849E-15,-1.20986016328439E-16));
#1966=DIRECTION('',(0.,1.,0.));
#1967=DIRECTION('',(-1.28278381041703E-16,5.22873835767739E-18,-1.));
#1968=DIRECTION('',(6.60978827511503E-11,0.764246456938882,0.644924300252646));
#1969=DIRECTION('',(0.999999999999977,-5.03937169812731E-11,-4.27898457442824E-11));
#1970=DIRECTION('',(0.,-0.764246456938916,-0.644924300252606));
#1971=DIRECTION('',(1.00000000000001,0.,0.));
#1972=DIRECTION('',(-0.0023453302128723,-0.764244338066627,-0.64492254663587));
#1973=DIRECTION('',(-0.999997249709313,0.00179241026573604,0.00151256049357046));
#1974=DIRECTION('',(-1.,0.,0.));
#1975=DIRECTION('',(0.,3.46944695209433E-14,1.00000000000002));
#1976=DIRECTION('',(0.,-0.644924300252611,0.764246456938912));
#1977=DIRECTION('',(5.66786544230376E-18,-0.764246456938912,-0.644924300252611));
#1978=DIRECTION('',(0.,0.644924300252611,-0.764246456938912));
#1979=DIRECTION('',(1.,0.,0.));
#1980=DIRECTION('',(-1.,0.,0.));
#1981=DIRECTION('',(0.,0.644924300385987,-0.764246456826361));
#1982=DIRECTION('',(1.,0.,0.));
#1983=DIRECTION('',(0.,0.,-1.));
#1984=DIRECTION('',(0.,-0.644924300252609,0.764246456938913));
#1985=DIRECTION('',(1.,0.,0.));
#1986=DIRECTION('',(-1.,0.,0.));
#1987=DIRECTION('',(0.,0.,0.999999999999992));
#1988=DIRECTION('',(0.,1.,0.));
#1989=DIRECTION('',(0.,0.,0.999999999999992));
#1990=DIRECTION('',(0.,1.,0.));
#1991=DIRECTION('',(0.999999999999992,0.,0.));
#1992=DIRECTION('',(1.,-3.91541675160806E-14,1.07109627094227E-13));
#1993=DIRECTION('',(1.01544788849375E-13,2.87710235073228E-14,-1.));
#1994=DIRECTION('',(1.,0.,0.));
#1995=DIRECTION('',(0.,0.,-1.));
#1996=DIRECTION('',(-9.24353514020554E-10,-0.76424645686954,-0.644924300334818));
#1997=DIRECTION('',(1.,-7.88593727391976E-10,-4.98767693835679E-10));
#1998=DIRECTION('',(-9.66988619604002E-6,0.764252693238718,0.644916909984425));
#1999=DIRECTION('',(-5.78241158635291E-12,-0.64491691001457,0.76425269327447));
#2000=DIRECTION('',(0.,0.764246456938918,0.644924300252604));
#2001=DIRECTION('',(1.,0.,0.));
#2002=DIRECTION('',(1.,-8.68715646998042E-16,1.34005937134713E-15));
#2003=DIRECTION('',(0.,0.,-1.));
#2004=DIRECTION('',(-1.84051590190269E-16,5.22873835767739E-18,-1.));
#2005=DIRECTION('',(6.60978827511352E-11,-0.764246456938882,-0.644924300252646));
#2006=DIRECTION('',(-0.999999999999977,-5.04920179782533E-11,-4.26973271588894E-11));
#2007=DIRECTION('',(0.,0.764246456938916,0.644924300252606));
#2008=DIRECTION('',(1.00000000000001,0.,0.));
#2009=DIRECTION('',(-0.00234533021287204,0.764244338066627,0.64492254663587));
#2010=DIRECTION('',(-0.999997249709335,-0.00179241026573617,-0.00151256049357056));
#2011=DIRECTION('',(0.,0.,1.));
#2012=DIRECTION('',(-1.,0.,0.));
#2013=DIRECTION('',(0.,0.,-1.));
#2014=DIRECTION('',(-1.,0.,0.));
#2015=DIRECTION('',(0.,0.,1.));
#2016=DIRECTION('',(-1.,0.,0.));
#2017=DIRECTION('',(0.,0.,-1.));
#2018=DIRECTION('',(-1.,0.,0.));
#2019=DIRECTION('',(0.,0.,-1.));
#2020=DIRECTION('',(-1.,0.,0.));
#2021=DIRECTION('',(0.,0.,1.));
#2022=DIRECTION('',(-1.,0.,0.));
#2023=DIRECTION('',(0.,0.,-1.));
#2024=DIRECTION('',(-1.,0.,0.));
#2025=DIRECTION('',(0.,0.,1.));
#2026=DIRECTION('',(-1.,0.,0.));
#2027=DIRECTION('',(0.,0.,-1.));
#2028=DIRECTION('',(-1.,0.,0.));
#2029=DIRECTION('',(0.,0.,-1.));
#2030=DIRECTION('',(-1.,0.,0.));
#2031=DIRECTION('',(0.,0.,1.));
#2032=DIRECTION('',(0.999999999999997,0.,0.));
#2033=DIRECTION('',(0.,0.,1.));
#2034=DIRECTION('',(1.,0.,-8.3137863159001E-17));
#2035=DIRECTION('',(0.,0.,-1.));
#2036=DIRECTION('',(-0.999999999999997,0.,0.));
#2037=DIRECTION('',(0.,0.,1.));
#2038=DIRECTION('',(0.999999999999997,0.,0.));
#2039=DIRECTION('',(0.,0.,1.));
#2040=DIRECTION('',(1.,0.,-8.31378631590102E-17));
#2041=DIRECTION('',(0.,0.,-1.));
#2042=DIRECTION('',(-0.999999999999997,0.,0.));
#2043=DIRECTION('',(0.,1.,0.));
#2044=DIRECTION('',(0.,0.,-1.00000000000001));
#2045=DIRECTION('',(0.,-1.,0.));
#2046=DIRECTION('',(0.,0.,-1.00000000000001));
#2047=DIRECTION('',(0.,1.,0.));
#2048=DIRECTION('',(1.00000000000001,0.,0.));
#2049=DIRECTION('',(0.,-1.,0.));
#2050=DIRECTION('',(0.,0.,-1.));
#2051=DIRECTION('',(0.,-1.,0.));
#2052=DIRECTION('',(0.,0.,-1.00000000000001));
#2053=DIRECTION('',(0.,1.,0.));
#2054=DIRECTION('',(0.,0.,-1.00000000000001));
#2055=DIRECTION('',(0.,-1.,0.));
#2056=DIRECTION('',(0.,0.,-1.00000000000001));
#2057=DIRECTION('',(0.,1.,0.));
#2058=DIRECTION('',(1.00000000000001,0.,0.));
#2059=DIRECTION('',(0.,1.,0.));
#2060=DIRECTION('',(0.,0.,-1.));
#2061=DIRECTION('',(0.,1.,0.));
#2062=DIRECTION('',(0.,0.,-1.));
#2063=DIRECTION('',(0.,-1.,0.));
#2064=DIRECTION('',(0.,0.,-1.));
#2065=DIRECTION('',(0.,-1.,0.));
#2066=DIRECTION('',(0.,1.,0.));
#2067=DIRECTION('',(0.,-1.,0.));
#2068=DIRECTION('',(0.,0.,-1.00000000000001));
#2069=DIRECTION('',(0.,1.,0.));
#2070=DIRECTION('',(0.,1.,0.));
#2071=DIRECTION('',(0.,-1.,0.));
#2072=DIRECTION('',(0.,0.,-1.));
#2073=DIRECTION('',(0.,1.,0.));
#2074=DIRECTION('',(0.,1.,0.));
#2075=DIRECTION('',(0.,-1.,0.));
#2076=DIRECTION('',(0.,0.,-1.));
#2077=DIRECTION('',(0.,1.,0.));
#2078=DIRECTION('',(0.,1.,0.));
#2079=DIRECTION('',(0.,-1.,0.));
#2080=DIRECTION('',(0.,0.,-1.));
#2081=DIRECTION('',(0.,1.,0.));
#2082=DIRECTION('',(-0.443311938722181,0.,-0.896367405133844));
#2083=DIRECTION('',(-0.896367405133844,0.,0.443311938722181));
#2084=DIRECTION('',(0.,1.,0.));
#2085=DIRECTION('',(0.,-1.,0.));
#2086=DIRECTION('',(0.,0.,-0.999999999999999));
#2087=DIRECTION('',(0.,-1.,0.));
#2088=DIRECTION('',(0.,0.,-0.999999999999999));
#2089=DIRECTION('',(0.,-1.,0.));
#2090=DIRECTION('',(0.,1.,0.));
#2091=DIRECTION('',(0.,-1.,0.));
#2092=DIRECTION('',(0.,1.,0.));
#2093=DIRECTION('',(0.,-1.,0.));
#2094=DIRECTION('',(0.,1.,0.));
#2095=DIRECTION('',(0.,-1.,0.));
#2096=DIRECTION('',(0.,1.,0.));
#2097=DIRECTION('',(0.,-1.,0.));
#2098=DIRECTION('',(-0.000230131290889032,0.,-0.999999973519794));
#2099=DIRECTION('',(0.,-1.,0.));
#2100=DIRECTION('',(0.,1.,0.));
#2101=DIRECTION('',(0.,1.,0.));
#2102=DIRECTION('',(0.999999973519794,0.,-0.000230131290889032));
#2103=DIRECTION('',(-0.00023013129088903,0.,-0.999999973519794));
#2104=DIRECTION('',(0.,1.,0.));
#2105=DIRECTION('',(0.,-1.,0.));
#2106=DIRECTION('',(0.,0.,-0.999999999999998));
#2107=DIRECTION('',(0.,1.,0.));
#2108=DIRECTION('',(0.444849938980988,0.,-0.895605120456896));
#2109=DIRECTION('',(-0.895605120456896,0.,-0.444849938980988));
#2110=DIRECTION('',(0.,1.,0.));
#2111=DIRECTION('',(0.,-1.,0.));
#2112=DIRECTION('',(0.,0.,-1.));
#2113=DIRECTION('',(0.,-1.,0.));
#2114=DIRECTION('',(0.,0.,-1.));
#2115=DIRECTION('',(0.,1.,0.));
#2116=DIRECTION('',(0.374606593415916,0.,0.927183854566786));
#2117=DIRECTION('',(0.927183854566786,0.,-0.374606593415916));
#2118=DIRECTION('',(0.,-1.,0.));
#2119=DIRECTION('',(-0.376197592662347,0.,0.926539460182379));
#2120=DIRECTION('',(0.926539460182379,0.,0.376197592662347));
#2121=DIRECTION('',(0.,-1.,0.));
#2122=DIRECTION('',(0.,0.,-1.));
#2123=DIRECTION('',(0.,1.,0.));
#2124=DIRECTION('',(0.927183854566777,0.,-0.374606593415927));
#2125=DIRECTION('',(0.,-1.,0.));
#2126=DIRECTION('',(0.,0.,-1.));
#2127=DIRECTION('',(0.,-1.,0.));
#2128=DIRECTION('',(0.,0.,-1.));
#2129=DIRECTION('',(0.,-1.,0.));
#2130=DIRECTION('',(0.,0.,-1.));
#2131=DIRECTION('',(0.,1.,0.));
#2132=DIRECTION('',(0.,1.,0.));
#2133=DIRECTION('',(0.927183854566777,0.,-0.374606593415927));
#2134=DIRECTION('',(0.,-1.,0.));
#2135=DIRECTION('',(0.,0.,-1.));
#2136=DIRECTION('',(0.,1.,0.));
#2137=DIRECTION('',(0.927183854566777,0.,-0.374606593415927));
#2138=DIRECTION('',(0.,1.,0.));
#2139=DIRECTION('',(0.,-1.,0.));
#2140=DIRECTION('',(0.,0.,-1.));
#2141=DIRECTION('',(-0.00194667410532357,0.,0.999998105228169));
#2142=DIRECTION('',(0.,-1.,0.));
#2143=DIRECTION('',(0.,0.,-1.));
#2144=DIRECTION('',(-0.999998105228169,0.,-0.00194667410532357));
#2145=DIRECTION('',(-0.00194667410532356,0.,0.999998105228169));
#2146=DIRECTION('',(4.33172649225849E-18,-0.999999999996503,-2.64468944841677E-6));
#2147=DIRECTION('',(1.,0.,0.));
#2148=DIRECTION('',(4.33165574992211E-18,-0.999999999996503,-2.64468944841677E-6));
#2149=DIRECTION('',(0.,2.64468944843303E-6,-0.999999999996503));
#2150=DIRECTION('',(-4.33172649225849E-18,0.999999999996503,2.64468944841677E-6));
#2151=DIRECTION('',(0.,-2.64468944841806E-6,0.999999999996503));
#2152=CARTESIAN_POINT('',(0.,0.,0.));
#2153=CARTESIAN_POINT('',(200.,-29.29722214515,135.5747610293));
#2154=CARTESIAN_POINT('',(215.,-29.29722214515,135.5747610293));
#2155=CARTESIAN_POINT('',(212.726684674431,-29.29722214515,135.5747610293));
#2156=CARTESIAN_POINT('',(215.,-29.29722214515,135.5747610293));
#2157=CARTESIAN_POINT('',(212.726684674431,-29.29722214515,135.5747610293));
#2158=CARTESIAN_POINT('',(212.726686084447,-29.0311330603699,135.5747610293));
#2159=CARTESIAN_POINT('',(212.682218443141,-28.7616668377719,135.597065758647));
#2160=CARTESIAN_POINT('',(212.601387098369,-28.511303499623,135.63691414198));
#2161=CARTESIAN_POINT('',(212.520941817497,-28.2621359382765,135.67657220283));
#2162=CARTESIAN_POINT('',(212.403656268169,-28.0257275430839,135.733913942083));
#2163=CARTESIAN_POINT('',(212.26355047338,-27.8111623677399,135.800703390565));
#2164=CARTESIAN_POINT('',(212.031442639461,-27.455700567185,135.911350878338));
#2165=CARTESIAN_POINT('',(211.732123178069,-27.1497711989324,136.04978576809));
#2166=CARTESIAN_POINT('',(211.407279640661,-26.891285347093,136.19167215001));
#2167=CARTESIAN_POINT('',(210.986836156635,-26.5567283077688,136.375315036141));
#2168=CARTESIAN_POINT('',(210.513759620693,-26.2910415444563,136.569193123986));
#2169=CARTESIAN_POINT('',(210.023117391181,-26.0726006438914,136.753528744602));
#2170=CARTESIAN_POINT('',(210.023117391159,-26.07260064389,136.7535287446));
#2171=CARTESIAN_POINT('',(215.,-26.07260064389,136.7535287446));
#2172=CARTESIAN_POINT('',(200.,-26.07260064389,136.7535287446));
#2173=CARTESIAN_POINT('',(215.,-26.07260064389,136.7535287446));
#2174=CARTESIAN_POINT('',(215.,-29.29722214515,140.574761029309));
#2175=CARTESIAN_POINT('',(200.,-29.29722214515,140.5747610293));
#2176=CARTESIAN_POINT('',(192.,-51.43388342039,135.5747610293));
#2177=CARTESIAN_POINT('',(190.3,-51.43388342039,135.5747610293));
#2178=CARTESIAN_POINT('',(200.,-29.29722214515,135.5747610293));
#2179=CARTESIAN_POINT('',(185.,-29.29722214515,135.5747610293));
#2180=CARTESIAN_POINT('',(187.272699513509,-29.29722214515,135.5747610293));
#2181=CARTESIAN_POINT('',(185.,-29.29722214515,135.5747610293));
#2182=CARTESIAN_POINT('',(187.272699513509,-29.29722214515,135.5747610293));
#2183=CARTESIAN_POINT('',(187.272730665914,-35.1761021843862,135.5747610293));
#2184=CARTESIAN_POINT('',(187.272761818461,-41.0549822236225,135.5747610293));
#2185=CARTESIAN_POINT('',(187.272792971151,-46.9338622628587,135.5747610293));
#2186=CARTESIAN_POINT('',(187.272792971151,-46.9338622628587,135.5747610293));
#2187=CARTESIAN_POINT('',(218.132524014081,-46.9338622628587,135.5747610293));
#2188=CARTESIAN_POINT('',(200.,-46.9338622628587,135.5747610293));
#2189=CARTESIAN_POINT('',(200.,-29.29722214515,135.5747610293));
#2190=CARTESIAN_POINT('',(200.,-60.79388342039,135.5747610293));
#2191=CARTESIAN_POINT('',(200.,-60.79388342039,135.5747610293));
#2192=CARTESIAN_POINT('',(190.,-60.79388342039,135.5747610293));
#2193=CARTESIAN_POINT('',(200.,-60.79388342039,135.5747610293));
#2194=CARTESIAN_POINT('',(190.000000057197,-60.7938397014946,135.574730417));
#2195=CARTESIAN_POINT('',(190.,-60.79388342039,135.5747610293));
#2196=CARTESIAN_POINT('',(189.647902872675,-60.79388342039,135.5747610293));
#2197=CARTESIAN_POINT('',(189.367395772591,-60.7862239544298,135.5747610293));
#2198=CARTESIAN_POINT('',(188.949561626908,-60.7555860905891,135.5747610293));
#2199=CARTESIAN_POINT('',(188.55863241634,-60.7000321696278,135.5747610293));
#2200=CARTESIAN_POINT('',(187.671905472945,-60.4493869812737,135.5747610293));
#2201=CARTESIAN_POINT('',(186.979521192802,-60.0624469483345,135.5747610293));
#2202=CARTESIAN_POINT('',(185.944410315892,-58.960374771452,135.5747610293));
#2203=CARTESIAN_POINT('',(185.509503732152,-58.2015484066923,135.5747610293));
#2204=CARTESIAN_POINT('',(185.148436898885,-56.9086849740227,135.5747610293));
#2205=CARTESIAN_POINT('',(185.076994567317,-56.4799815852087,135.5747610293));
#2206=CARTESIAN_POINT('',(185.01800830774,-55.7624692525616,135.5747610293));
#2207=CARTESIAN_POINT('',(185.01303177723,-55.618958669661,135.5747610293));
#2208=CARTESIAN_POINT('',(185.002606355446,-55.2112100762874,135.5747610293));
#2209=CARTESIAN_POINT('',(185.,-54.9695187774894,135.5747610293));
#2210=CARTESIAN_POINT('',(185.,-54.69001047658,135.5747610293));
#2211=CARTESIAN_POINT('',(185.000053370915,-54.6900104061421,135.574760995299));
#2212=CARTESIAN_POINT('',(185.,-54.69001047658,135.5747610293));
#2213=CARTESIAN_POINT('',(185.,-29.29722214515,135.5747610293));
#2214=CARTESIAN_POINT('',(218.132524014081,-64.0761441581517,135.5747610293));
#2215=CARTESIAN_POINT('',(185.,-26.07260064389,136.7535287446));
#2216=CARTESIAN_POINT('',(200.,-26.07260064389,136.7535287446));
#2217=CARTESIAN_POINT('',(185.,-26.07260064389,136.7535287446));
#2218=CARTESIAN_POINT('',(189.976266796782,-26.07260064389,136.7535287446));
#2219=CARTESIAN_POINT('',(189.976266796759,-26.0726006438914,136.753528744602));
#2220=CARTESIAN_POINT('',(189.308534579956,-26.3698845261205,136.502659933917));
#2221=CARTESIAN_POINT('',(188.68186924407,-26.7446921017106,136.236763274084));
#2222=CARTESIAN_POINT('',(187.656771716646,-27.8009938701111,135.769042030452));
#2223=CARTESIAN_POINT('',(187.272695374011,-28.5160427629108,135.5747610293));
#2224=CARTESIAN_POINT('',(187.272699513509,-29.29722214515,135.5747610293));
#2225=CARTESIAN_POINT('',(185.000000000001,-29.2972221451499,140.574761029309));
#2226=CARTESIAN_POINT('',(200.,-29.29722214515,140.5747610293));
#2227=CARTESIAN_POINT('',(208.,-51.43388342039,135.5747610293));
#2228=CARTESIAN_POINT('',(206.3,-51.43388342039,135.5747610293));
#2229=CARTESIAN_POINT('',(181.867475985919,-46.9338622628587,135.5747610293));
#2230=CARTESIAN_POINT('',(212.726591216789,-46.9338622628587,135.5747610293));
#2231=CARTESIAN_POINT('',(212.726591216789,-46.9338622628587,135.5747610293));
#2232=CARTESIAN_POINT('',(212.726622369479,-41.0549822236225,135.5747610293));
#2233=CARTESIAN_POINT('',(212.726653522027,-35.1761021843862,135.5747610293));
#2234=CARTESIAN_POINT('',(212.726684674431,-29.29722214515,135.5747610293));
#2235=CARTESIAN_POINT('',(215.,-54.69001047658,135.5747610293));
#2236=CARTESIAN_POINT('',(215.,-29.29722214515,135.5747610293));
#2237=CARTESIAN_POINT('',(214.999946629086,-54.6900104086093,135.574760991776));
#2238=CARTESIAN_POINT('',(209.999999824246,-60.7937959826551,135.574699804739));
#2239=CARTESIAN_POINT('',(210.369102023445,-60.7934601660499,135.574464663395));
#2240=CARTESIAN_POINT('',(210.698994089955,-60.7850565288081,135.578935533755));
#2241=CARTESIAN_POINT('',(211.134493693131,-60.7400612996388,135.578495016671));
#2242=CARTESIAN_POINT('',(211.269624461162,-60.7203714795224,135.577652006853));
#2243=CARTESIAN_POINT('',(211.519137924893,-60.673505043355,135.575901256531));
#2244=CARTESIAN_POINT('',(211.57867095733,-60.6619629312821,135.575018179969));
#2245=CARTESIAN_POINT('',(212.05530009445,-60.5262655045059,135.574900982759));
#2246=CARTESIAN_POINT('',(212.372479350525,-60.3889911262504,135.575003826201));
#2247=CARTESIAN_POINT('',(212.829479628036,-60.1115178292592,135.574485961761));
#2248=CARTESIAN_POINT('',(212.978623585304,-60.007202631456,135.574273339318));
#2249=CARTESIAN_POINT('',(213.267088643295,-59.7750853710904,135.573881058985));
#2250=CARTESIAN_POINT('',(213.426937888067,-59.6256908979364,135.573687569959));
#2251=CARTESIAN_POINT('',(213.76305077252,-59.2721490924299,135.573461815699));
#2252=CARTESIAN_POINT('',(213.98961855784,-58.9769319771435,135.57547468722));
#2253=CARTESIAN_POINT('',(214.299514217877,-58.4362507299041,135.575737082267));
#2254=CARTESIAN_POINT('',(214.397808405358,-58.2399053899955,135.575498804973));
#2255=CARTESIAN_POINT('',(214.532677305489,-57.9216848657368,135.574985284415));
#2256=CARTESIAN_POINT('',(214.575529834795,-57.8116720735205,135.574795890226));
#2257=CARTESIAN_POINT('',(214.635940136698,-57.6409153062957,135.574604446603));
#2258=CARTESIAN_POINT('',(214.655431579506,-57.583040962248,135.574556662572));
#2259=CARTESIAN_POINT('',(214.692997915022,-57.4654206012661,135.57452058293));
#2260=CARTESIAN_POINT('',(214.723157612439,-57.3633049657557,135.574572648751));
#2261=CARTESIAN_POINT('',(214.811836771507,-57.0523936568755,135.574868890905));
#2262=CARTESIAN_POINT('',(214.998549322755,-56.1671550265778,135.574760105127));
#2263=CARTESIAN_POINT('',(214.999893258195,-54.6900103114934,135.574760961299));
#2264=CARTESIAN_POINT('',(209.999999942803,-60.7938397014946,135.574730417));
#2265=CARTESIAN_POINT('',(210.,-60.79388342039,135.5747610293));
#2266=CARTESIAN_POINT('',(200.,-60.79388342039,135.5747610293));
#2267=CARTESIAN_POINT('',(181.867475985919,-64.0761441581517,135.5747610293));
#2268=CARTESIAN_POINT('',(193.732478845451,-21.72903450151,161.597437615147));
#2269=CARTESIAN_POINT('',(193.738118354314,-21.72903450151,158.700446196799));
#2270=CARTESIAN_POINT('',(193.732478845451,-21.72903450151,161.597437615147));
#2271=CARTESIAN_POINT('',(193.738118354314,-0.729034501510007,158.700446196799));
#2272=CARTESIAN_POINT('',(193.738118354314,-18.3492979278148,158.700446196799));
#2273=CARTESIAN_POINT('',(200.,-106.4721865861,-3058.00119031179));
#2274=CARTESIAN_POINT('',(193.732478845451,-18.3496988443074,161.597437615147));
#2275=CARTESIAN_POINT('',(193.732478845451,-0.729034501510007,161.597437615147));
#2276=CARTESIAN_POINT('',(193.732478845451,-0.729034501510007,161.597437615147));
#2277=CARTESIAN_POINT('',(200.01704193234,-18.1270997006503,156.208556791288));
#2278=CARTESIAN_POINT('',(200.011361288306,-18.1270986048434,156.208551915749));
#2279=CARTESIAN_POINT('',(200.00568064414,-18.12709805694,156.208547040209));
#2280=CARTESIAN_POINT('',(200.,-18.12709805694,156.208542164603));
#2281=CARTESIAN_POINT('',(200.01704193234,-18.1270997006503,156.208556791288));
#2282=CARTESIAN_POINT('',(200.,-18.12709805694,156.208542164603));
#2283=CARTESIAN_POINT('',(203.791103765443,-18.2084783053759,156.211059432971));
#2284=CARTESIAN_POINT('',(203.162634346272,-18.1814842799957,156.210887983804));
#2285=CARTESIAN_POINT('',(202.533840786083,-18.1612018763078,156.210532561736));
#2286=CARTESIAN_POINT('',(201.904938298108,-18.1476380318871,156.210084927224));
#2287=CARTESIAN_POINT('',(201.590356892649,-18.1408533024212,156.209861017323));
#2288=CARTESIAN_POINT('',(201.27573476584,-18.1357491692058,156.209614037977));
#2289=CARTESIAN_POINT('',(200.961098851008,-18.1323260687565,156.209355521006));
#2290=CARTESIAN_POINT('',(200.646427005301,-18.128902577395,156.209096974513));
#2291=CARTESIAN_POINT('',(200.331732384985,-18.1271604050266,156.208826881365));
#2292=CARTESIAN_POINT('',(200.01704193234,-18.1270997006503,156.208556791288));
#2293=CARTESIAN_POINT('',(203.791103765443,-18.2084783053759,156.211059432971));
#2294=CARTESIAN_POINT('',(206.291678824058,-18.3514203343247,158.71122056916));
#2295=CARTESIAN_POINT('',(206.291614533765,-18.3514157441028,158.431857034354));
#2296=CARTESIAN_POINT('',(206.243386084367,-18.3479369825207,158.148653115554));
#2297=CARTESIAN_POINT('',(206.151032312242,-18.3414912029426,157.885075382365));
#2298=CARTESIAN_POINT('',(206.05868363261,-18.3350457787923,157.621512183156));
#2299=CARTESIAN_POINT('',(205.91968491635,-18.3254768386391,157.370311469943));
#2300=CARTESIAN_POINT('',(205.745579114784,-18.3141297344383,157.152151447972));
#2301=CARTESIAN_POINT('',(205.571206698822,-18.3027652540139,156.933657349813));
#2302=CARTESIAN_POINT('',(205.356830607882,-18.2893353955175,156.742287592256));
#2303=CARTESIAN_POINT('',(205.120140454359,-18.2755946510782,156.593749634273));
#2304=CARTESIAN_POINT('',(204.882895505258,-18.2618216986905,156.44486350717));
#2305=CARTESIAN_POINT('',(204.616692277024,-18.2473849390474,156.334909046122));
#2306=CARTESIAN_POINT('',(204.343516154345,-18.2339378804392,156.272974229195));
#2307=CARTESIAN_POINT('',(204.162830504546,-18.2250436531593,156.232008962787));
#2308=CARTESIAN_POINT('',(203.976417571125,-18.2164379059886,156.211109987376));
#2309=CARTESIAN_POINT('',(203.791103765443,-18.2084783053759,156.211059432971));
#2310=CARTESIAN_POINT('',(206.291678824058,-18.3514203343247,158.71122056916));
#2311=CARTESIAN_POINT('',(200.,-106.4721865861,-27180.8071610782));
#2312=CARTESIAN_POINT('',(206.292345513696,-18.3514679374111,161.608217399943));
#2313=CARTESIAN_POINT('',(207.569190593135,-18.4519501572542,163.667579875025));
#2314=CARTESIAN_POINT('',(207.33897871128,-18.4321533732274,163.553232894133));
#2315=CARTESIAN_POINT('',(207.125119878923,-18.4147063628966,163.397524114436));
#2316=CARTESIAN_POINT('',(206.945429815294,-18.4005358016055,163.213200129373));
#2317=CARTESIAN_POINT('',(206.765722982174,-18.3863639178535,163.028858942361));
#2318=CARTESIAN_POINT('',(206.615242997627,-18.3750521842263,162.810800144674));
#2319=CARTESIAN_POINT('',(206.506623625088,-18.3670305722403,162.577102590048));
#2320=CARTESIAN_POINT('',(206.398233614533,-18.3590258987874,162.343898514011));
#2321=CARTESIAN_POINT('',(206.328533847853,-18.3540558584252,162.08867706664));
#2322=CARTESIAN_POINT('',(206.303371609185,-18.352255959813,161.832629742156));
#2323=CARTESIAN_POINT('',(206.29604702232,-18.3517320193994,161.758095798866));
#2324=CARTESIAN_POINT('',(206.292362749336,-18.3514691681387,161.683112209444));
#2325=CARTESIAN_POINT('',(206.292345513696,-18.3514679374111,161.608217399943));
#2326=CARTESIAN_POINT('',(207.569190593135,-18.4519501572542,163.667579875025));
#2327=CARTESIAN_POINT('',(200.,-106.4721865861,159.90793860391));
#2328=CARTESIAN_POINT('',(209.483015740309,-18.6376902577724,164.618182970624));
#2329=CARTESIAN_POINT('',(209.482997820438,-18.6378496174192,156.058864242402));
#2330=CARTESIAN_POINT('',(209.482997820438,-18.6378496174192,164.618182970624));
#2331=CARTESIAN_POINT('',(209.483015740309,-18.6376902577724,156.058864242402));
#2332=CARTESIAN_POINT('',(209.48303366018,-18.6375308981256,151.261736607435));
#2333=CARTESIAN_POINT('',(209.213893847659,-18.6084733253323,151.252419503029));
#2334=CARTESIAN_POINT('',(208.939301177358,-18.5801481518835,151.289545012072));
#2335=CARTESIAN_POINT('',(208.681982817153,-18.5547375694925,151.370223097441));
#2336=CARTESIAN_POINT('',(208.424630572137,-18.5293236409246,151.450911806854));
#2337=CARTESIAN_POINT('',(208.177449730525,-18.506107145957,151.577423266986));
#2338=CARTESIAN_POINT('',(207.961195114758,-18.4865398045376,151.739404049538));
#2339=CARTESIAN_POINT('',(207.745663875296,-18.4670379162927,151.900843002915));
#2340=CARTESIAN_POINT('',(207.554886233149,-18.4505926663484,152.102001778469));
#2341=CARTESIAN_POINT('',(207.404966517785,-18.4379822215713,152.326192835661));
#2342=CARTESIAN_POINT('',(207.255683122775,-18.4254253006598,152.549432334663));
#2343=CARTESIAN_POINT('',(207.142780256124,-18.4162959454092,152.801690975818));
#2344=CARTESIAN_POINT('',(207.075772059311,-18.4109117997912,153.06199847617));
#2345=CARTESIAN_POINT('',(207.008948668719,-18.4055425034551,153.321588057706));
#2346=CARTESIAN_POINT('',(206.985918702394,-18.4037352225334,153.596353176741));
#2347=CARTESIAN_POINT('',(207.008616834552,-18.4055416103116,153.863490739573));
#2348=CARTESIAN_POINT('',(207.031288969681,-18.4073459291657,154.130322339646));
#2349=CARTESIAN_POINT('',(207.100205035558,-18.4128100179001,154.396899616772));
#2350=CARTESIAN_POINT('',(207.209592783616,-18.4217667170298,154.641175039586));
#2351=CARTESIAN_POINT('',(207.319015417185,-18.4307262725948,154.88552836576));
#2352=CARTESIAN_POINT('',(207.471937467622,-18.4434480768717,155.114288043839));
#2353=CARTESIAN_POINT('',(207.655596431358,-18.4594232474495,155.308649339754));
#2354=CARTESIAN_POINT('',(207.839592186016,-18.4754277130442,155.50336705236));
#2355=CARTESIAN_POINT('',(208.059474980191,-18.4951643088872,155.668910321617));
#2356=CARTESIAN_POINT('',(208.296996485651,-18.5175703539646,155.791821150438));
#2357=CARTESIAN_POINT('',(208.535340137338,-18.540053954316,155.91515741726));
#2358=CARTESIAN_POINT('',(208.79796552564,-18.5658638239093,155.998959916948));
#2359=CARTESIAN_POINT('',(209.063226380852,-18.5932209868479,156.036553900846));
#2360=CARTESIAN_POINT('',(209.202019915469,-18.6075351883847,156.056224356562));
#2361=CARTESIAN_POINT('',(209.34302126644,-18.6224145157333,156.063709962654));
#2362=CARTESIAN_POINT('',(209.48303366018,-18.6375308981256,156.058863001967));
#2363=CARTESIAN_POINT('',(209.483028774106,-18.6375757905793,151.261736269162));
#2364=CARTESIAN_POINT('',(209.483023888032,-18.6376206830331,143.028021930981));
#2365=CARTESIAN_POINT('',(209.483023888032,-18.6376206830331,151.261736269162));
#2366=CARTESIAN_POINT('',(209.480131195841,-18.6372176308849,143.028021930981));
#2367=CARTESIAN_POINT('',(209.480131204502,-18.6372175841669,143.028021970716));
#2368=CARTESIAN_POINT('',(206.320083660756,-18.2961499471246,143.315839237989));
#2369=CARTESIAN_POINT('',(203.15387988873,-18.12709805694,143.459747871625));
#2370=CARTESIAN_POINT('',(200.,-18.12709805694,143.459747871625));
#2371=CARTESIAN_POINT('',(200.,-18.1256149198025,143.459747871625));
#2372=CARTESIAN_POINT('',(200.,-18.12709805694,156.208542164603));
#2373=CARTESIAN_POINT('',(200.,-18.12709805694,151.958944066943));
#2374=CARTESIAN_POINT('',(200.,-18.12709805694,147.709345969284));
#2375=CARTESIAN_POINT('',(200.,-18.12709805694,143.459747871625));
#2376=CARTESIAN_POINT('',(200.,-106.4721865861,160.5462031505));
#2377=CARTESIAN_POINT('',(200.,-106.4721865861,159.921678519581));
#2378=CARTESIAN_POINT('',(192.452100662487,-18.4501218363119,163.654605296512));
#2379=CARTESIAN_POINT('',(190.516984259691,-18.6376902577724,164.611646125154));
#2380=CARTESIAN_POINT('',(193.732478845451,-18.3496988443074,161.597437615147));
#2381=CARTESIAN_POINT('',(193.73197875848,-18.3497344119105,161.854330138397));
#2382=CARTESIAN_POINT('',(193.687203957846,-18.3528891059619,162.114678553446));
#2383=CARTESIAN_POINT('',(193.601900551384,-18.3590831867149,162.3569160032));
#2384=CARTESIAN_POINT('',(193.516599602442,-18.3652770890215,162.599146474296));
#2385=CARTESIAN_POINT('',(193.388427485365,-18.3746971841285,162.829940548118));
#2386=CARTESIAN_POINT('',(193.228081422731,-18.3870244643899,163.030258784439));
#2387=CARTESIAN_POINT('',(193.067596766848,-18.3993623995921,163.230750163489));
#2388=CARTESIAN_POINT('',(192.87048080687,-18.4149767621228,163.406227534176));
#2389=CARTESIAN_POINT('',(192.653110984701,-18.4331163444057,163.542336528944));
#2390=CARTESIAN_POINT('',(192.588049952016,-18.4385457087213,163.583075356758));
#2391=CARTESIAN_POINT('',(192.520877724489,-18.4442241975528,163.62059056938));
#2392=CARTESIAN_POINT('',(192.452100662487,-18.4501218363119,163.654605296512));
#2393=CARTESIAN_POINT('',(196.242981363523,-18.2070208739671,156.204581089111));
#2394=CARTESIAN_POINT('',(195.96265837168,-18.2189528597747,156.204176375388));
#2395=CARTESIAN_POINT('',(195.678462855051,-18.2324610876702,156.25222381726));
#2396=CARTESIAN_POINT('',(195.413919830179,-18.2462123160411,156.344697638118));
#2397=CARTESIAN_POINT('',(195.149382136533,-18.2599632672892,156.437169595389));
#2398=CARTESIAN_POINT('',(194.897192159869,-18.2743172930004,156.57661489929));
#2399=CARTESIAN_POINT('',(194.678208536792,-18.2875325761918,156.751520222295));
#2400=CARTESIAN_POINT('',(194.45916382094,-18.3007515462265,156.926474340964));
#2401=CARTESIAN_POINT('',(194.267293654609,-18.3131657097777,157.141752171671));
#2402=CARTESIAN_POINT('',(194.118571683855,-18.323088642972,157.379549529021));
#2403=CARTESIAN_POINT('',(193.970051153647,-18.3329981357777,157.617024795228));
#2404=CARTESIAN_POINT('',(193.860462297724,-18.3406681549728,157.883537269648));
#2405=CARTESIAN_POINT('',(193.798994890916,-18.3449932638216,158.156949228667));
#2406=CARTESIAN_POINT('',(193.759012790399,-18.3478065749033,158.334792820836));
#2407=CARTESIAN_POINT('',(193.738473241203,-18.3492727100793,158.518142330203));
#2408=CARTESIAN_POINT('',(193.738118354314,-18.3492979278148,158.700446196799));
#2409=CARTESIAN_POINT('',(196.242981363523,-18.2070208739671,156.204581089111));
#2410=CARTESIAN_POINT('',(200.,-18.12709805694,156.208542164603));
#2411=CARTESIAN_POINT('',(199.685490379687,-18.12709805694,156.208272225974));
#2412=CARTESIAN_POINT('',(199.370976275259,-18.1287775921432,156.208002075123));
#2413=CARTESIAN_POINT('',(199.056484602379,-18.13213651865,156.207720228385));
#2414=CARTESIAN_POINT('',(198.587472628779,-18.1371457983416,156.207299900898));
#2415=CARTESIAN_POINT('',(198.118485697878,-18.1458905673242,156.20685353028));
#2416=CARTESIAN_POINT('',(197.649613087091,-18.1583691587872,156.206343092425));
#2417=CARTESIAN_POINT('',(197.180621449538,-18.1708509180326,156.205832524993));
#2418=CARTESIAN_POINT('',(196.71171442547,-18.1870691882136,156.205257818129));
#2419=CARTESIAN_POINT('',(196.242981363523,-18.2070208739671,156.204581089111));
#2420=CARTESIAN_POINT('',(190.516966339824,-18.6375308981462,143.027757574284));
#2421=CARTESIAN_POINT('',(193.677977559882,-18.2962535792273,143.315751105817));
#2422=CARTESIAN_POINT('',(196.838988779941,-18.1256149197679,143.459747871584));
#2423=CARTESIAN_POINT('',(200.,-18.1256149197679,143.459747871584));
#2424=CARTESIAN_POINT('',(190.515230594329,-18.6377638065813,143.027598906735));
#2425=CARTESIAN_POINT('',(190.51696633982,-18.6375308981256,143.0277575743));
#2426=CARTESIAN_POINT('',(190.51696633982,-18.6375308981256,146.088199856333));
#2427=CARTESIAN_POINT('',(190.51696633982,-18.6375308981256,149.148642138367));
#2428=CARTESIAN_POINT('',(190.51696633982,-18.6375308981256,152.2090844204));
#2429=CARTESIAN_POINT('',(190.516983926213,-18.6376902952718,152.20908449953));
#2430=CARTESIAN_POINT('',(190.51696633982,-18.6375308981256,152.2090844204));
#2431=CARTESIAN_POINT('',(190.51696633982,-18.6375308981256,156.343271655318));
#2432=CARTESIAN_POINT('',(190.51696633982,-18.6375308981256,160.477458890236));
#2433=CARTESIAN_POINT('',(190.51696633982,-18.6375308981256,164.611646125154));
#2434=CARTESIAN_POINT('',(200.,-106.4721865861,160.5462031505));
#2435=CARTESIAN_POINT('',(213.5,-26.72903450151,174.0646487267));
#2436=CARTESIAN_POINT('',(186.5,-26.72903450151,174.0646487267));
#2437=CARTESIAN_POINT('',(197.628603772797,-26.72903450151,174.0646487267));
#2438=CARTESIAN_POINT('',(186.5,-26.72903450151,174.0646487267));
#2439=CARTESIAN_POINT('',(197.628603772797,-26.72903450151,174.0646487267));
#2440=CARTESIAN_POINT('',(198.395687346544,-26.72903450151,174.341816023005));
#2441=CARTESIAN_POINT('',(199.201343740373,-26.685102850231,174.48153806313));
#2442=CARTESIAN_POINT('',(200.818842208768,-26.6852369953227,174.480908149293));
#2443=CARTESIAN_POINT('',(201.619442767217,-26.72903450151,174.341672835644));
#2444=CARTESIAN_POINT('',(202.386130058019,-26.72903450151,174.0646487267));
#2445=CARTESIAN_POINT('',(202.386130058019,-26.72903450151,174.0646487267));
#2446=CARTESIAN_POINT('',(213.5,-26.72903450151,174.0646487267));
#2447=CARTESIAN_POINT('',(186.5,-26.72903450151,174.0646487267));
#2448=CARTESIAN_POINT('',(213.5,-26.72903450151,174.0646487267));
#2449=CARTESIAN_POINT('',(213.5,-24.7290345015101,174.0646487267));
#2450=CARTESIAN_POINT('',(213.5,-24.72903450151,176.0646487267));
#2451=CARTESIAN_POINT('',(213.5,-24.72903450151,176.0646487267));
#2452=CARTESIAN_POINT('',(186.5,-24.72903450151,176.0646487267));
#2453=CARTESIAN_POINT('',(186.5,-24.72903450151,176.0646487267));
#2454=CARTESIAN_POINT('',(186.5,-24.7290345015101,174.0646487267));
#2455=CARTESIAN_POINT('',(195.494950060571,-24.7290345015101,174.0646487267));
#2456=CARTESIAN_POINT('',(203.101751266489,-18.1815653044149,173.78075440512));
#2457=CARTESIAN_POINT('',(205.232647836889,-18.2564261564516,172.718026189474));
#2458=CARTESIAN_POINT('',(207.36197845486,-18.4085320166522,171.654790375715));
#2459=CARTESIAN_POINT('',(209.48303366018,-18.6375308981256,170.594413117609));
#2460=CARTESIAN_POINT('',(203.101751266489,-18.1815653044148,173.78075440512));
#2461=CARTESIAN_POINT('',(209.483015740309,-18.6376902577724,170.594422076274));
#2462=CARTESIAN_POINT('',(200.,-106.4721865861,175.033943262797));
#2463=CARTESIAN_POINT('',(202.629613069319,-18.1662422656253,173.971510618993));
#2464=CARTESIAN_POINT('',(202.629613069319,-18.1662422656253,173.971510618993));
#2465=CARTESIAN_POINT('',(201.786360501215,-18.1411315214858,174.31220677151));
#2466=CARTESIAN_POINT('',(200.909850560679,-18.12709805694,174.482177302754));
#2467=CARTESIAN_POINT('',(200.,-18.12709805694,174.481219760493));
#2468=CARTESIAN_POINT('',(200.,-18.12709805694,174.481219760493));
#2469=CARTESIAN_POINT('',(200.,-18.12709805694,175.033585105664));
#2470=CARTESIAN_POINT('',(200.,-18.12709805694,174.84946332394));
#2471=CARTESIAN_POINT('',(200.,-18.12709805694,174.665341542217));
#2472=CARTESIAN_POINT('',(200.,-18.12709805694,174.481219760493));
#2473=CARTESIAN_POINT('',(200.000263256389,-18.12709805694,175.033585105664));
#2474=CARTESIAN_POINT('',(200.,-18.12709805694,176.0646487267));
#2475=CARTESIAN_POINT('',(200.,-18.12709805694,175.720960765351));
#2476=CARTESIAN_POINT('',(200.,-18.12709805694,175.377272804002));
#2477=CARTESIAN_POINT('',(200.,-18.12709805694,175.033584842653));
#2478=CARTESIAN_POINT('',(200.,-18.1270123386274,176.0646487267));
#2479=CARTESIAN_POINT('',(209.483001141065,-18.6378320997628,176.0646487267));
#2480=CARTESIAN_POINT('',(206.33116977276,-18.2973427378531,176.0646487267));
#2481=CARTESIAN_POINT('',(203.170169392405,-18.1270694841412,176.0646487267));
#2482=CARTESIAN_POINT('',(200.,-18.1270123386272,176.0646487267));
#2483=CARTESIAN_POINT('',(209.483070341313,-18.6376953254883,176.064648726677));
#2484=CARTESIAN_POINT('',(209.482997820438,-18.6378496174192,170.594422076274));
#2485=CARTESIAN_POINT('',(209.482997820438,-18.6378496174192,176.0646487267));
#2486=CARTESIAN_POINT('',(200.,-106.4721865861,160.5462031505));
#2487=CARTESIAN_POINT('',(190.517002179561,-18.6378496174192,164.611637262613));
#2488=CARTESIAN_POINT('',(190.506983031321,-18.6389762629888,164.616592382585));
#2489=CARTESIAN_POINT('',(190.49696436972,-18.6401083116988,164.621547261881));
#2490=CARTESIAN_POINT('',(190.486946272516,-18.6412465301543,164.626501862046));
#2491=CARTESIAN_POINT('',(190.486946272517,-18.6412465301543,164.626501862047));
#2492=CARTESIAN_POINT('',(190.462404564034,-18.6435836434982,152.20218253738));
#2493=CARTESIAN_POINT('',(190.481471767864,-18.6414909882277,152.210890587366));
#2494=CARTESIAN_POINT('',(190.499662358783,-18.639505103771,152.213191198834));
#2495=CARTESIAN_POINT('',(190.516976316921,-18.6376206607261,152.209084371786));
#2496=CARTESIAN_POINT('',(190.462429963142,-18.6438127856411,152.202181989101));
#2497=CARTESIAN_POINT('',(190.452494015896,-18.644672324976,152.203223669441));
#2498=CARTESIAN_POINT('',(190.456248720077,-18.6442594885508,152.206472698858));
#2499=CARTESIAN_POINT('',(190.459552001975,-18.6438967166595,152.206125240471));
#2500=CARTESIAN_POINT('',(190.462403861879,-18.6435837205609,152.202181294282));
#2501=CARTESIAN_POINT('',(190.452513935225,-18.6448471180895,152.2032228599));
#2502=CARTESIAN_POINT('',(186.501104520094,-22.8311801470999,150.747663659));
#2503=CARTESIAN_POINT('',(186.506291352874,-22.3848780149013,151.141882959075));
#2504=CARTESIAN_POINT('',(186.538477271416,-21.9291851100508,151.5160159915));
#2505=CARTESIAN_POINT('',(186.818846067364,-20.9703987761018,152.093970572388));
#2506=CARTESIAN_POINT('',(187.071343014402,-20.4766698128307,152.298532273294));
#2507=CARTESIAN_POINT('',(187.802198846214,-19.6226088136098,152.509051927956));
#2508=CARTESIAN_POINT('',(188.275399224975,-19.2691048108672,152.512789179848));
#2509=CARTESIAN_POINT('',(189.309760430254,-18.8081468144362,152.379648252218));
#2510=CARTESIAN_POINT('',(189.857842010989,-18.7095318604901,152.190056341367));
#2511=CARTESIAN_POINT('',(190.452475659395,-18.644514326805,152.20322289692));
#2512=CARTESIAN_POINT('',(186.501931547328,-22.8311988882179,150.747662578583));
#2513=CARTESIAN_POINT('',(186.499710171349,-23.1115306719731,150.50519994098));
#2514=CARTESIAN_POINT('',(186.49999991097,-23.0180826018995,150.586017583485));
#2515=CARTESIAN_POINT('',(186.500284043098,-22.9246345217749,150.666835234471));
#2516=CARTESIAN_POINT('',(186.50056256789,-22.831186404519,150.747652861848));
#2517=CARTESIAN_POINT('',(186.50002397418,-23.1115315274977,150.50519988855));
#2518=CARTESIAN_POINT('',(186.500337775804,-23.1115327686503,150.50519988855));
#2519=CARTESIAN_POINT('',(186.500337775804,-23.1115327686503,176.0646487267));
#2520=CARTESIAN_POINT('',(186.500168887919,-23.1115319689479,176.06464872645));
#2521=CARTESIAN_POINT('',(186.500337776367,-23.1115326479317,176.0646487267));
#2522=CARTESIAN_POINT('',(186.502767983876,-22.5910691635692,176.0646487267));
#2523=CARTESIAN_POINT('',(186.529602274341,-21.4924159613409,176.0646487267));
#2524=CARTESIAN_POINT('',(187.38693181124,-19.8756118715,176.0646487267));
#2525=CARTESIAN_POINT('',(188.910378187581,-18.8488340550848,176.0646487267));
#2526=CARTESIAN_POINT('',(189.999753088604,-18.6960128868935,176.0646487267));
#2527=CARTESIAN_POINT('',(190.517055301739,-18.6378436439221,176.0646487267));
#2528=CARTESIAN_POINT('',(190.51703730305,-18.6376835806093,176.064648488412));
#2529=CARTESIAN_POINT('',(190.51696633982,-18.6375308981256,174.873045640748));
#2530=CARTESIAN_POINT('',(190.51696633982,-18.6375308981256,175.270246589969));
#2531=CARTESIAN_POINT('',(190.51696633982,-18.6375308981256,175.667447539191));
#2532=CARTESIAN_POINT('',(190.51696633982,-18.6375308981256,176.064648488412));
#2533=CARTESIAN_POINT('',(190.516975299755,-18.637610577949,174.873045640748));
#2534=CARTESIAN_POINT('',(189.879704202771,-18.7242969621324,170.185296139953));
#2535=CARTESIAN_POINT('',(189.842798690884,-18.7305931130928,170.196916485609));
#2536=CARTESIAN_POINT('',(189.806201456783,-18.7371381514215,170.209421391825));
#2537=CARTESIAN_POINT('',(189.769981057566,-18.7439424533675,170.222780842162));
#2538=CARTESIAN_POINT('',(189.521336084165,-18.7906524707323,170.314490493227));
#2539=CARTESIAN_POINT('',(189.287412408462,-18.8517113642019,170.448847228457));
#2540=CARTESIAN_POINT('',(189.085922451065,-18.9220635206968,170.612765439046));
#2541=CARTESIAN_POINT('',(188.882725919107,-18.9930115441128,170.778071999961));
#2542=CARTESIAN_POINT('',(188.706666993837,-19.0749001138746,170.97728501615));
#2543=CARTESIAN_POINT('',(188.567771811335,-19.1483380701339,171.198562458665));
#2544=CARTESIAN_POINT('',(188.419267446794,-19.2268566827387,171.435148533115));
#2545=CARTESIAN_POINT('',(188.308892981884,-19.297450587223,171.705564025457));
#2546=CARTESIAN_POINT('',(188.250493336786,-19.3357485160983,171.987192219239));
#2547=CARTESIAN_POINT('',(188.19777812237,-19.3703186496827,172.241407644619));
#2548=CARTESIAN_POINT('',(188.186655385346,-19.3782748283683,172.513025415397));
#2549=CARTESIAN_POINT('',(188.21901385863,-19.3566086313662,172.772029229234));
#2550=CARTESIAN_POINT('',(188.246853913126,-19.3379678228226,172.994866698373));
#2551=CARTESIAN_POINT('',(188.306804973886,-19.2979893910808,173.214166542343));
#2552=CARTESIAN_POINT('',(188.392879966082,-19.2466539215263,173.415995309653));
#2553=CARTESIAN_POINT('',(188.485494797452,-19.1914180657362,173.6331587014));
#2554=CARTESIAN_POINT('',(188.610133974998,-19.1222997663774,173.835578414253));
#2555=CARTESIAN_POINT('',(188.759322345372,-19.0537683822681,174.014001296775));
#2556=CARTESIAN_POINT('',(188.93285836981,-18.9740526248145,174.221542927694));
#2557=CARTESIAN_POINT('',(189.145078029143,-18.8946295358558,174.40252533559));
#2558=CARTESIAN_POINT('',(189.381848118215,-18.8313261290331,174.542079933988));
#2559=CARTESIAN_POINT('',(189.620026058467,-18.7676463158141,174.682464333594));
#2560=CARTESIAN_POINT('',(189.890090424796,-18.7182254839374,174.78413214037));
#2561=CARTESIAN_POINT('',(190.16667549861,-18.6806976412345,174.834965077056));
#2562=CARTESIAN_POINT('',(190.282032293075,-18.6650457060897,174.856166237872));
#2563=CARTESIAN_POINT('',(190.39948495847,-18.651064339201,174.868955898792));
#2564=CARTESIAN_POINT('',(190.517002179561,-18.6378496174192,174.873046888663));
#2565=CARTESIAN_POINT('',(189.879704202771,-18.7242969621324,170.185296139953));
#2566=CARTESIAN_POINT('',(188.50974131533,-19.179654004559,167.582797884907));
#2567=CARTESIAN_POINT('',(188.52902381441,-19.1690362133882,167.9610406893));
#2568=CARTESIAN_POINT('',(188.611856042726,-19.1220381395865,168.339874833911));
#2569=CARTESIAN_POINT('',(188.748765944819,-19.0586372300423,168.687420765715));
#2570=CARTESIAN_POINT('',(188.885169863768,-18.9954706336559,169.033682258774));
#2571=CARTESIAN_POINT('',(189.078407176952,-18.916910561262,169.359547501151));
#2572=CARTESIAN_POINT('',(189.316135993366,-18.849431685384,169.644897603194));
#2573=CARTESIAN_POINT('',(189.482135716045,-18.8023129773897,169.844150005659));
#2574=CARTESIAN_POINT('',(189.672186817965,-18.7596998251426,170.026674663617));
#2575=CARTESIAN_POINT('',(189.879704202771,-18.7242969621324,170.185296139953));
#2576=CARTESIAN_POINT('',(188.50974131533,-19.179654004559,167.582797884907));
#2577=CARTESIAN_POINT('',(190.486946272517,-18.6412465301543,164.626501862047));
#2578=CARTESIAN_POINT('',(190.133036927083,-18.6814563764317,164.79674353758));
#2579=CARTESIAN_POINT('',(189.804440018143,-18.730142669809,165.030473351162));
#2580=CARTESIAN_POINT('',(189.529048593911,-18.794502158068,165.305915367459));
#2581=CARTESIAN_POINT('',(189.253841750134,-18.8588185095311,165.581172769391));
#2582=CARTESIAN_POINT('',(189.023800751199,-18.9394813544141,165.904937983395));
#2583=CARTESIAN_POINT('',(188.854623285817,-19.0115784081906,166.253969554015));
#2584=CARTESIAN_POINT('',(188.681402000276,-19.0853987855719,166.611343966858));
#2585=CARTESIAN_POINT('',(188.566795582342,-19.1485078228151,167.007759660955));
#2586=CARTESIAN_POINT('',(188.523955152262,-19.1718657477456,167.408746740212));
#2587=CARTESIAN_POINT('',(188.517775527408,-19.1752350699763,167.466588123142));
#2588=CARTESIAN_POINT('',(188.513032099098,-19.1778419544355,167.524651063055));
#2589=CARTESIAN_POINT('',(188.50974131533,-19.179654004559,167.582797884907));
#2590=CARTESIAN_POINT('',(186.49987577253,-23.2437972618,164.28492411465));
#2591=CARTESIAN_POINT('',(186.50147354921,-22.68050899138,164.28492411465));
#2592=CARTESIAN_POINT('',(186.50666378715,-21.5356747531,164.28492411465));
#2593=CARTESIAN_POINT('',(187.38693181124,-19.8756118715,164.28492411465));
#2594=CARTESIAN_POINT('',(188.95111903239,-18.82137539535,164.28492411465));
#2595=CARTESIAN_POINT('',(190.088479895422,-18.68445002412,164.28492411465));
#2596=CARTESIAN_POINT('',(190.648468281304,-18.62331437851,164.28492411465));
#2597=CARTESIAN_POINT('',(186.500006902558,-26.72903450151,148.652661637174));
#2598=CARTESIAN_POINT('',(186.5,-26.72903450151,174.0646487267));
#2599=CARTESIAN_POINT('',(186.500006902558,-26.72903450151,148.652661637174));
#2600=CARTESIAN_POINT('',(186.5,-24.72903450151,176.0646487267));
#2601=CARTESIAN_POINT('',(186.5,-23.1115311766535,176.0646487267));
#2602=CARTESIAN_POINT('',(186.5,-25.30701373416,148.6524986639));
#2603=CARTESIAN_POINT('',(186.5,-23.11153119147,150.5051995026));
#2604=CARTESIAN_POINT('',(186.5,-25.30701373416,148.6524986639));
#2605=CARTESIAN_POINT('',(186.500006902558,-26.72903450151,148.652661637174));
#2606=CARTESIAN_POINT('',(186.5,-25.30701373416,148.6524986639));
#2607=CARTESIAN_POINT('',(186.5,-52.1744365474357,145.579047992199));
#2608=CARTESIAN_POINT('',(187.1,-26.72903450151,148.0524986639));
#2609=CARTESIAN_POINT('',(186.785786409593,-26.72903450151,148.0524986639));
#2610=CARTESIAN_POINT('',(186.499914673793,-26.72903450151,148.338448060227));
#2611=CARTESIAN_POINT('',(186.500000022134,-26.72903450151,148.652661639043));
#2612=CARTESIAN_POINT('',(187.1,-26.72903450151,148.0524986639));
#2613=CARTESIAN_POINT('',(187.1,-26.72903450151,148.052498663902));
#2614=CARTESIAN_POINT('',(187.064794791872,-26.7290303762234,148.052500404511));
#2615=CARTESIAN_POINT('',(186.989602977886,-26.7129814659974,148.059271997707));
#2616=CARTESIAN_POINT('',(186.880758895215,-26.6399098083077,148.090103470534));
#2617=CARTESIAN_POINT('',(186.778347720411,-26.5176205562774,148.141701557468));
#2618=CARTESIAN_POINT('',(186.687376452234,-26.3513179053167,148.211870427609));
#2619=CARTESIAN_POINT('',(186.61046243099,-26.1447546867939,148.299026630913));
#2620=CARTESIAN_POINT('',(186.550044178028,-25.8996165877749,148.402458917422));
#2621=CARTESIAN_POINT('',(186.509554267881,-25.6163120935863,148.521994932982));
#2622=CARTESIAN_POINT('',(186.500001287586,-25.4137233103979,148.607474183826));
#2623=CARTESIAN_POINT('',(186.500000000003,-25.3070137341748,148.652498663935));
#2624=CARTESIAN_POINT('',(187.1,-36.1471420105,148.6524986639));
#2625=CARTESIAN_POINT('',(200.,-106.4721865861,175.03322642251));
#2626=CARTESIAN_POINT('',(196.902173706467,-18.1814275029422,173.77543347985));
#2627=CARTESIAN_POINT('',(197.373983766772,-18.1661352307827,173.966999858302));
#2628=CARTESIAN_POINT('',(192.893580001995,-18.4133797463689,171.766132594527));
#2629=CARTESIAN_POINT('',(194.227894053481,-18.3056994767922,172.435461787947));
#2630=CARTESIAN_POINT('',(195.564643883683,-18.2283569335692,173.105506469411));
#2631=CARTESIAN_POINT('',(196.902173706467,-18.1814275029422,173.77543347985));
#2632=CARTESIAN_POINT('',(192.893580001995,-18.4133797463689,171.766132594527));
#2633=CARTESIAN_POINT('',(190.51696633982,-18.6375308981256,174.873045640748));
#2634=CARTESIAN_POINT('',(190.786104657776,-18.6084734866924,174.882418865331));
#2635=CARTESIAN_POINT('',(191.060705408661,-18.5801474316592,174.845350459387));
#2636=CARTESIAN_POINT('',(191.318040815653,-18.5547352357199,174.764725814918));
#2637=CARTESIAN_POINT('',(191.575410101113,-18.5293196942393,174.684090556131));
#2638=CARTESIAN_POINT('',(191.822617434183,-18.506100818488,174.557630364714));
#2639=CARTESIAN_POINT('',(192.038905868153,-18.4865306673709,174.39569437019));
#2640=CARTESIAN_POINT('',(192.25447094816,-18.4670259665699,174.2342999536));
#2641=CARTESIAN_POINT('',(192.445290609561,-18.4505774080934,174.033180461202));
#2642=CARTESIAN_POINT('',(192.595257012162,-18.4379634197133,173.809020116435));
#2643=CARTESIAN_POINT('',(192.744586871001,-18.4254029723629,173.58581123724));
#2644=CARTESIAN_POINT('',(192.857542130413,-18.4162697538657,173.33357556637));
#2645=CARTESIAN_POINT('',(192.924604239596,-18.4108815647754,173.073281470663));
#2646=CARTESIAN_POINT('',(192.991481353204,-18.405508239386,172.81370541464));
#2647=CARTESIAN_POINT('',(193.014568093618,-18.4036966236735,172.538944683991));
#2648=CARTESIAN_POINT('',(192.991925017578,-18.4054984897155,172.271802036335));
#2649=CARTESIAN_POINT('',(192.977421073486,-18.4066526687807,172.100684736747));
#2650=CARTESIAN_POINT('',(192.944253658644,-18.4092903395293,171.930170041518));
#2651=CARTESIAN_POINT('',(192.893580001995,-18.4133797463689,171.766132594527));
#2652=CARTESIAN_POINT('',(190.517020139221,-18.6375250897114,176.0646487267));
#2653=CARTESIAN_POINT('',(193.665816866668,-18.2975684547866,176.0646487267));
#2654=CARTESIAN_POINT('',(196.832904904425,-18.12709805694,176.0646487267));
#2655=CARTESIAN_POINT('',(200.,-18.12709805694,176.0646487267));
#2656=CARTESIAN_POINT('',(200.,-18.12709805694,174.481219760493));
#2657=CARTESIAN_POINT('',(199.091090712281,-18.12709805694,174.480263208844));
#2658=CARTESIAN_POINT('',(198.215779831571,-18.1411021770191,174.308789567969));
#2659=CARTESIAN_POINT('',(197.373983766772,-18.1661352307827,173.966999858302));
#2660=CARTESIAN_POINT('',(200.,-106.4721865861,160.5462031505));
#2661=CARTESIAN_POINT('',(209.53267378548,-18.6434838732392,164.642848281105));
#2662=CARTESIAN_POINT('',(209.516116690092,-18.6415887200018,164.634624318663));
#2663=CARTESIAN_POINT('',(209.499557916603,-18.6397117875883,164.626399522704));
#2664=CARTESIAN_POINT('',(209.482997819647,-18.6378496173303,164.618174069374));
#2665=CARTESIAN_POINT('',(209.53267378548,-18.6434838732392,164.642848281105));
#2666=CARTESIAN_POINT('',(211.504801219894,-19.1877022261985,167.602533906291));
#2667=CARTESIAN_POINT('',(211.484041061559,-19.1761551322097,167.22419951039));
#2668=CARTESIAN_POINT('',(211.39968596346,-19.1278986300833,166.84563551653));
#2669=CARTESIAN_POINT('',(211.26140234089,-19.063364284913,166.498628034337));
#2670=CARTESIAN_POINT('',(211.123637501422,-18.9990720459816,166.152922381057));
#2671=CARTESIAN_POINT('',(210.929147404465,-18.9194556783373,165.827857233544));
#2672=CARTESIAN_POINT('',(210.690265319065,-18.8512539797879,165.543412301649));
#2673=CARTESIAN_POINT('',(210.434489469899,-18.7782290506398,165.238851397156));
#2674=CARTESIAN_POINT('',(210.119705727612,-18.7178013206324,164.972799780795));
#2675=CARTESIAN_POINT('',(209.772539000259,-18.6726218646312,164.770450207003));
#2676=CARTESIAN_POINT('',(209.694339105363,-18.6624451154429,164.724870621875));
#2677=CARTESIAN_POINT('',(209.61425497909,-18.6528217951123,164.682264019466));
#2678=CARTESIAN_POINT('',(209.53267378548,-18.6434838732392,164.642848281105));
#2679=CARTESIAN_POINT('',(211.504801219894,-19.1877022261985,167.602533906291));
#2680=CARTESIAN_POINT('',(209.53289943353,-18.6435097024383,170.569483530451));
#2681=CARTESIAN_POINT('',(209.886449978462,-18.6839812714532,170.398578941654));
#2682=CARTESIAN_POINT('',(210.214511228082,-18.7335220884101,170.164276057108));
#2683=CARTESIAN_POINT('',(210.48928121029,-18.7988219756737,169.88844695097));
#2684=CARTESIAN_POINT('',(210.763854107229,-18.8640750250485,169.612815689782));
#2685=CARTESIAN_POINT('',(210.993179736359,-18.945813179248,169.288868804381));
#2686=CARTESIAN_POINT('',(211.161710270833,-19.0185851962113,168.939694749177));
#2687=CARTESIAN_POINT('',(211.334441585027,-19.0931711231233,168.581817207126));
#2688=CARTESIAN_POINT('',(211.448469415638,-19.1566380715181,168.184803574725));
#2689=CARTESIAN_POINT('',(211.490566157145,-19.1798233304661,167.783348956339));
#2690=CARTESIAN_POINT('',(211.496866824576,-19.1832934946807,167.723262784621));
#2691=CARTESIAN_POINT('',(211.501617833304,-19.1859315815067,167.662939364229));
#2692=CARTESIAN_POINT('',(211.504801219894,-19.1877022261985,167.602533906291));
#2693=CARTESIAN_POINT('',(209.53289943353,-18.6435097024383,170.569483530451));
#2694=CARTESIAN_POINT('',(209.482997819647,-18.6378496173303,170.594431035335));
#2695=CARTESIAN_POINT('',(209.49963317362,-18.6397202501821,170.586114537608));
#2696=CARTESIAN_POINT('',(209.516267164439,-18.6416057765751,170.577798642879));
#2697=CARTESIAN_POINT('',(209.532899433531,-18.6435097024383,170.569483530453));
#2698=CARTESIAN_POINT('',(213.499999999437,-23.1115310707504,176.0646487267));
#2699=CARTESIAN_POINT('',(213.49819408964,-22.7719673021301,176.0646487267));
#2700=CARTESIAN_POINT('',(213.488652007582,-22.4996218457204,176.0646487267));
#2701=CARTESIAN_POINT('',(213.462734626107,-22.1919311294216,176.0646487267));
#2702=CARTESIAN_POINT('',(213.440648922413,-22.0017536071833,176.0646487267));
#2703=CARTESIAN_POINT('',(213.393492266307,-21.7300071101542,176.0646487267));
#2704=CARTESIAN_POINT('',(213.364436715901,-21.6011326867799,176.0646487267));
#2705=CARTESIAN_POINT('',(213.191772852111,-20.9917546956086,176.0646487267));
#2706=CARTESIAN_POINT('',(212.887408189877,-20.407909414763,176.0646487267));
#2707=CARTESIAN_POINT('',(212.110780059017,-19.5452841636903,176.0646487267));
#2708=CARTESIAN_POINT('',(211.617240461527,-19.2030994980799,176.0646487267));
#2709=CARTESIAN_POINT('',(210.824974897341,-18.8806370666556,176.0646487267));
#2710=CARTESIAN_POINT('',(210.587386514776,-18.8146320098751,176.0646487267));
#2711=CARTESIAN_POINT('',(210.145129147124,-18.7267169289456,176.0646487267));
#2712=CARTESIAN_POINT('',(210.067919555511,-18.7149299755224,176.0646487267));
#2713=CARTESIAN_POINT('',(209.798092230392,-18.6755361452384,176.0646487267));
#2714=CARTESIAN_POINT('',(209.648108360605,-18.6564044842844,176.0646487267));
#2715=CARTESIAN_POINT('',(209.483054283593,-18.6378380775184,176.0646487267));
#2716=CARTESIAN_POINT('',(213.499831112081,-23.1115319689479,176.06464872645));
#2717=CARTESIAN_POINT('',(213.5,-23.11153119147,150.505199881732));
#2718=CARTESIAN_POINT('',(213.5,-23.1115311865312,159.025016163388));
#2719=CARTESIAN_POINT('',(213.5,-23.1115311815923,167.544832445044));
#2720=CARTESIAN_POINT('',(213.5,-23.1115311766535,176.0646487267));
#2721=CARTESIAN_POINT('',(213.49997602582,-23.1115315217503,150.505199881732));
#2722=CARTESIAN_POINT('',(213.499662226548,-23.1115332721803,150.505200210817));
#2723=CARTESIAN_POINT('',(213.499226811361,-23.0182826009627,150.586017738005));
#2724=CARTESIAN_POINT('',(213.498456222275,-22.9248227018134,150.666835265193));
#2725=CARTESIAN_POINT('',(213.496699810885,-22.8312376459756,150.74765279238));
#2726=CARTESIAN_POINT('',(213.498068452651,-22.8311988864213,150.747662576489));
#2727=CARTESIAN_POINT('',(213.496699549265,-22.8312237067547,150.747661588536));
#2728=CARTESIAN_POINT('',(213.489552331303,-22.450427039353,151.084064858824));
#2729=CARTESIAN_POINT('',(213.46336045198,-22.1072445736621,151.358619081472));
#2730=CARTESIAN_POINT('',(213.377942961844,-21.6546360863289,151.677676843982));
#2731=CARTESIAN_POINT('',(213.35024490947,-21.5362323367831,151.755784893142));
#2732=CARTESIAN_POINT('',(213.23955244321,-21.1902015168492,151.95661398559));
#2733=CARTESIAN_POINT('',(213.170267928443,-21.0178820486058,152.045041511154));
#2734=CARTESIAN_POINT('',(212.756278931383,-20.1741733707944,152.42724403568));
#2735=CARTESIAN_POINT('',(212.221673438781,-19.5822528941026,152.532968407816));
#2736=CARTESIAN_POINT('',(211.489721082323,-19.1793580322718,152.475627137599));
#2737=CARTESIAN_POINT('',(211.489873764715,-19.1787221815027,152.478058305136));
#2738=CARTESIAN_POINT('',(209.482997820043,-18.6378496173747,156.058864242415));
#2739=CARTESIAN_POINT('',(209.75019124366,-18.6678953138417,156.049618515538));
#2740=CARTESIAN_POINT('',(210.019031773094,-18.7029020589125,155.994156281945));
#2741=CARTESIAN_POINT('',(210.265937450738,-18.750799454398,155.89863676133));
#2742=CARTESIAN_POINT('',(210.512832973285,-18.7986948798896,155.803121169381));
#2743=CARTESIAN_POINT('',(210.744260787527,-18.861098465258,155.665360945114));
#2744=CARTESIAN_POINT('',(210.942974782724,-18.932283839199,155.498567690478));
#2745=CARTESIAN_POINT('',(211.143969202211,-19.0042861302159,155.329860331155));
#2746=CARTESIAN_POINT('',(211.317361209321,-19.0866221667654,155.127427672056));
#2747=CARTESIAN_POINT('',(211.453131032737,-19.1594718303679,154.903140487337));
#2748=CARTESIAN_POINT('',(211.598027947363,-19.2372187937361,154.663775654721));
#2749=CARTESIAN_POINT('',(211.704256314102,-19.3058918230435,154.390699364517));
#2750=CARTESIAN_POINT('',(211.757965787146,-19.3413114675639,154.107510433657));
#2751=CARTESIAN_POINT('',(211.805952554809,-19.3729571746617,153.854495077893));
#2752=CARTESIAN_POINT('',(211.812703833328,-19.3777878605764,153.585363975911));
#2753=CARTESIAN_POINT('',(211.777087562419,-19.3540016227931,153.329460386566));
#2754=CARTESIAN_POINT('',(211.746214469987,-19.3333831049373,153.107636625519));
#2755=CARTESIAN_POINT('',(211.683517092008,-19.2918195084644,152.889977566189));
#2756=CARTESIAN_POINT('',(211.595075168873,-19.2394994220884,152.689915858524));
#2757=CARTESIAN_POINT('',(211.562581281169,-19.2202768300067,152.616412451631));
#2758=CARTESIAN_POINT('',(211.526491750858,-19.1995602247007,152.544776182079));
#2759=CARTESIAN_POINT('',(211.487119095073,-19.1779270900349,152.475422645252));
#2760=CARTESIAN_POINT('',(209.351531718696,-18.62331437851,164.28492411465));
#2761=CARTESIAN_POINT('',(209.911520104578,-18.68445002412,164.28492411465));
#2762=CARTESIAN_POINT('',(211.04888096761,-18.82137539535,164.28492411465));
#2763=CARTESIAN_POINT('',(212.61306818876,-19.8756118715,164.28492411465));
#2764=CARTESIAN_POINT('',(213.49333621285,-21.5356747531,164.28492411465));
#2765=CARTESIAN_POINT('',(213.49852645079,-22.68050899138,164.28492411465));
#2766=CARTESIAN_POINT('',(213.50012422747,-23.2437972618,164.28492411465));
#2767=CARTESIAN_POINT('',(213.499993097442,-26.72903450151,148.652661637174));
#2768=CARTESIAN_POINT('',(213.5,-25.30701373416,148.6524986639));
#2769=CARTESIAN_POINT('',(213.499993097442,-26.72903450151,148.652661637174));
#2770=CARTESIAN_POINT('',(213.5,-25.30701373416,148.6524986639));
#2771=CARTESIAN_POINT('',(213.5,-25.30701373416,148.6524986639));
#2772=CARTESIAN_POINT('',(213.5,-23.11153119147,150.5051995026));
#2773=CARTESIAN_POINT('',(213.5,-24.72903450151,176.0646487267));
#2774=CARTESIAN_POINT('',(213.5,-23.1115311766535,176.0646487267));
#2775=CARTESIAN_POINT('',(213.499993097442,-26.72903450151,148.652661637174));
#2776=CARTESIAN_POINT('',(213.5,-26.72903450151,174.0646487267));
#2777=CARTESIAN_POINT('',(213.5,-52.1744365474357,145.579047992199));
#2778=CARTESIAN_POINT('',(212.9,-26.72903450151,148.0524986639));
#2779=CARTESIAN_POINT('',(213.04264166021,-26.7290141482457,148.0524986639));
#2780=CARTESIAN_POINT('',(213.200553810489,-26.5833853544835,148.113937808645));
#2781=CARTESIAN_POINT('',(213.332019354492,-26.2974426976395,148.234607468034));
#2782=CARTESIAN_POINT('',(213.357478211534,-26.2315924982504,148.2623040904));
#2783=CARTESIAN_POINT('',(213.404378585457,-26.0825687634315,148.325175640345));
#2784=CARTESIAN_POINT('',(213.431391377751,-25.9710308064196,148.372327133705));
#2785=CARTESIAN_POINT('',(213.4688230276,-25.7806184608159,148.452669001454));
#2786=CARTESIAN_POINT('',(213.5,-25.5804363640187,148.537187346203));
#2787=CARTESIAN_POINT('',(213.5,-25.30701373416,148.6524986639));
#2788=CARTESIAN_POINT('',(212.9,-26.72903450151,148.0524986639));
#2789=CARTESIAN_POINT('',(212.9,-26.72903450151,148.0524986639));
#2790=CARTESIAN_POINT('',(213.23151416252,-26.72903450151,148.051196819003));
#2791=CARTESIAN_POINT('',(213.501392641618,-26.72903450151,148.320233111535));
#2792=CARTESIAN_POINT('',(213.499993097442,-26.72903450151,148.652661637174));
#2793=CARTESIAN_POINT('',(212.9,-36.1471420105,148.6524986639));
#2794=CARTESIAN_POINT('',(205.5,-22.62903450151,176.0646487267));
#2795=CARTESIAN_POINT('',(207.05,-22.62903450151,176.0646487267));
#2796=CARTESIAN_POINT('',(194.5,-22.62903450151,176.0646487267));
#2797=CARTESIAN_POINT('',(196.05,-22.62903450151,176.0646487267));
#2798=CARTESIAN_POINT('',(222.8408237657,-24.72903450151,176.0646487267));
#2799=CARTESIAN_POINT('',(193.601434253797,-26.72903450151,159.556600854656));
#2800=CARTESIAN_POINT('',(192.601436148569,-26.72903450151,159.55465418055));
#2801=CARTESIAN_POINT('',(193.741968997326,-26.72903450151,158.566525107119));
#2802=CARTESIAN_POINT('',(192.598516137411,-26.72903450151,161.05465133839));
#2803=CARTESIAN_POINT('',(192.598516137411,-26.72903450151,161.05465133839));
#2804=CARTESIAN_POINT('',(193.598514242639,-26.72903450151,161.056598012498));
#2805=CARTESIAN_POINT('',(193.686054847635,-26.72903450151,162.052758964592));
#2806=CARTESIAN_POINT('',(191.432483203426,-26.72903450151,161.592960264705));
#2807=CARTESIAN_POINT('',(192.452100662487,-26.72903450151,163.654605296512));
#2808=CARTESIAN_POINT('',(190.486946272516,-26.72903450151,164.626501862047));
#2809=CARTESIAN_POINT('',(190.486946272517,-26.72903450151,164.626501862047));
#2810=CARTESIAN_POINT('',(192.00414962585,-26.72903450151,167.780561782948));
#2811=CARTESIAN_POINT('',(188.50974131533,-26.72903450151,167.582797884907));
#2812=CARTESIAN_POINT('',(192.005202130818,-26.72903450151,167.404602241325));
#2813=CARTESIAN_POINT('',(190.476547299366,-26.72903450151,170.553127992575));
#2814=CARTESIAN_POINT('',(3506.94534123036,-26.72903450151,-6434.82726842705));
#2815=CARTESIAN_POINT('',(196.902173706467,-26.72903450151,173.77543347985));
#2816=CARTESIAN_POINT('',(200.000884932742,-26.72903450151,175.033585726761));
#2817=CARTESIAN_POINT('',(197.373983766772,-26.72903450151,173.966999858302));
#2818=CARTESIAN_POINT('',(200.007366915408,-26.72903450151,167.481223637026));
#2819=CARTESIAN_POINT('',(200.,-26.72903450151,148.0524986563));
#2820=CARTESIAN_POINT('',(187.1,-26.72903450151,148.0524986639));
#2821=CARTESIAN_POINT('',(200.,-26.72903450151,148.0524986563));
#2822=CARTESIAN_POINT('',(200.,-26.72903450151,148.0524986563));
#2823=CARTESIAN_POINT('',(212.9,-26.72903450151,148.0524986639));
#2824=CARTESIAN_POINT('',(200.007366915408,-26.72903450151,167.481223637026));
#2825=CARTESIAN_POINT('',(202.629613069319,-26.72903450151,173.971510618993));
#2826=CARTESIAN_POINT('',(203.101751266488,-26.72903450151,173.780754405118));
#2827=CARTESIAN_POINT('',(203.101751266489,-26.72903450151,173.78075440512));
#2828=CARTESIAN_POINT('',(-3095.59258767529,-26.72903450151,-6440.49404339064));
#2829=CARTESIAN_POINT('',(209.53289943353,-26.72903450151,170.569483530451));
#2830=CARTESIAN_POINT('',(208.009651434654,-26.72903450151,167.418338415748));
#2831=CARTESIAN_POINT('',(211.504801219894,-26.72903450151,167.602533906291));
#2832=CARTESIAN_POINT('',(208.010058587276,-26.72903450151,167.794299210153));
#2833=CARTESIAN_POINT('',(209.53267378548,-26.72903450151,164.642848281105));
#2834=CARTESIAN_POINT('',(207.569190593135,-26.72903450151,163.667579875025));
#2835=CARTESIAN_POINT('',(207.569190593135,-26.72903450151,163.667579875025));
#2836=CARTESIAN_POINT('',(208.592345452791,-26.72903450151,161.607688097974));
#2837=CARTESIAN_POINT('',(206.292345513696,-26.72903450151,161.608217399943));
#2838=CARTESIAN_POINT('',(206.291678824058,-26.72903450151,158.71122056916));
#2839=CARTESIAN_POINT('',(206.292271369144,-26.72903450151,161.286033702104));
#2840=CARTESIAN_POINT('',(206.2,-26.72903450151,160.290299804701));
#2841=CARTESIAN_POINT('',(206.291813060328,-26.72903450151,159.29452354371));
#2842=CARTESIAN_POINT('',(206.291678824058,-26.72903450151,158.71122056916));
#2843=CARTESIAN_POINT('',(206.291678824058,-26.72903450151,158.71122056916));
#2844=CARTESIAN_POINT('',(203.791103765443,-26.72903450151,156.211059432971));
#2845=CARTESIAN_POINT('',(205.255569618649,-26.72903450151,156.21145894557));
#2846=CARTESIAN_POINT('',(206.291341804586,-26.72903450151,157.246754515026));
#2847=CARTESIAN_POINT('',(206.291678824058,-26.72903450151,158.71122056916));
#2848=CARTESIAN_POINT('',(203.791103765443,-26.72903450151,156.211059432971));
#2849=CARTESIAN_POINT('',(200.01704193234,-26.72903450151,156.208556791288));
#2850=CARTESIAN_POINT('',(201.275062476398,-26.72903450151,156.209636515388));
#2851=CARTESIAN_POINT('',(202.533083020456,-26.72903450151,156.210716239487));
#2852=CARTESIAN_POINT('',(203.791103765443,-26.72903450151,156.211059432971));
#2853=CARTESIAN_POINT('',(200.01704193234,-26.72903450151,156.208556791288));
#2854=CARTESIAN_POINT('',(196.242981363523,-26.72903450151,156.204581089111));
#2855=CARTESIAN_POINT('',(197.501000844223,-26.72903450151,156.206397343088));
#2856=CARTESIAN_POINT('',(198.759021388282,-26.72903450151,156.207477067188));
#2857=CARTESIAN_POINT('',(200.01704193234,-26.72903450151,156.208556791288));
#2858=CARTESIAN_POINT('',(196.242981363523,-26.72903450151,156.204581089111));
#2859=CARTESIAN_POINT('',(193.738118354314,-26.72903450151,158.700446196799));
#2860=CARTESIAN_POINT('',(193.740969192536,-26.72903450151,157.235982878715));
#2861=CARTESIAN_POINT('',(194.778516982078,-26.72903450151,156.202466782221));
#2862=CARTESIAN_POINT('',(196.242981363523,-26.72903450151,156.204581089111));
#2863=CARTESIAN_POINT('',(190.6005,-26.72903450151,172.474499804701));
#2864=CARTESIAN_POINT('',(192.0005,-26.72903450151,172.474499804701));
#2865=CARTESIAN_POINT('',(209.4,-26.72903450151,153.660299804701));
#2866=CARTESIAN_POINT('',(210.8,-26.72903450151,153.660299804701));
#2867=CARTESIAN_POINT('',(222.8408237657,-26.72903450151,147.315438446603));
#2868=CARTESIAN_POINT('',(208.,-51.43388342039,143.5747610293));
#2869=CARTESIAN_POINT('',(205.,-51.43388342039,143.5747610293));
#2870=CARTESIAN_POINT('',(200.,-54.5922228221316,143.5747610293));
#2871=CARTESIAN_POINT('',(203.000056968173,-54.5922231214413,143.5747610293));
#2872=CARTESIAN_POINT('',(206.333453599476,-54.5922234540074,143.5747610293));
#2873=CARTESIAN_POINT('',(209.666850230778,-54.5922237865737,143.5747610293));
#2874=CARTESIAN_POINT('',(210.008463075044,-54.5922244554128,143.5747610293));
#2875=CARTESIAN_POINT('',(210.090751450404,-54.5922314591475,143.5747610293));
#2876=CARTESIAN_POINT('',(210.247619675939,-54.5921355691693,143.5747610293));
#2877=CARTESIAN_POINT('',(210.40157796804,-54.5898503189825,143.5747610293));
#2878=CARTESIAN_POINT('',(210.64182774603,-54.5827992547857,143.5747610293));
#2879=CARTESIAN_POINT('',(210.802329832585,-54.5734657857441,143.5747610293));
#2880=CARTESIAN_POINT('',(211.121172565682,-54.537589690835,143.5747610293));
#2881=CARTESIAN_POINT('',(211.279791161379,-54.5110997360503,143.5747610293));
#2882=CARTESIAN_POINT('',(211.591909868565,-54.4364208164592,143.5747610293));
#2883=CARTESIAN_POINT('',(211.745371491966,-54.3880888572178,143.5747610293));
#2884=CARTESIAN_POINT('',(212.0433504998,-54.2688597692087,143.5747610293));
#2885=CARTESIAN_POINT('',(212.18785120474,-54.1980713378978,143.5747610293));
#2886=CARTESIAN_POINT('',(212.464803347611,-54.0358999536075,143.5747610293));
#2887=CARTESIAN_POINT('',(212.597162494455,-53.9444920716966,143.5747610293));
#2888=CARTESIAN_POINT('',(212.973703561831,-53.6443837386336,143.5747610293));
#2889=CARTESIAN_POINT('',(213.196888707899,-53.4102260526943,143.5747610293));
#2890=CARTESIAN_POINT('',(213.582672223654,-52.8972550894103,143.5747610293));
#2891=CARTESIAN_POINT('',(213.745779228605,-52.6186869414415,143.5747610293));
#2892=CARTESIAN_POINT('',(214.013006751077,-52.0350807854179,143.5747610293));
#2893=CARTESIAN_POINT('',(214.11739456003,-51.7301210340735,143.5747610293));
#2894=CARTESIAN_POINT('',(214.2722294584,-51.1071757305214,143.5747610293));
#2895=CARTESIAN_POINT('',(214.322923193941,-50.7893677532034,143.5747610293));
#2896=CARTESIAN_POINT('',(214.384631528509,-50.1504530103376,143.5747610293));
#2897=CARTESIAN_POINT('',(214.396803750212,-49.8293352484129,143.5747610293));
#2898=CARTESIAN_POINT('',(214.399846239247,-49.5084714624238,143.5747610293));
#2899=CARTESIAN_POINT('',(200.,-54.5922228221316,143.5747610293));
#2900=CARTESIAN_POINT('',(214.399846239247,-49.5084714624238,143.5747610293));
#2901=CARTESIAN_POINT('',(214.399846239247,-49.5084714624238,143.5747610293));
#2902=CARTESIAN_POINT('',(214.4,-31.6733119115,143.5747610293));
#2903=CARTESIAN_POINT('',(214.4,-31.6733119115,143.5747610293));
#2904=CARTESIAN_POINT('',(214.4,-31.6733119115,143.5747610293));
#2905=CARTESIAN_POINT('',(200.,-31.6733119115,143.5747610293));
#2906=CARTESIAN_POINT('',(200.,-31.6733119115,143.5747610293));
#2907=CARTESIAN_POINT('',(200.,-54.5922228221316,143.5747610293));
#2908=CARTESIAN_POINT('',(200.,-31.6733119115,143.5747610293));
#2909=CARTESIAN_POINT('',(182.587724031674,-29.2203612318743,143.5747610293));
#2910=CARTESIAN_POINT('',(192.,-51.43388342039,143.5747610293));
#2911=CARTESIAN_POINT('',(189.,-51.43388342039,143.5747610293));
#2912=CARTESIAN_POINT('',(185.6,-31.6733119115,143.5747610293));
#2913=CARTESIAN_POINT('',(185.6,-49.50847469383,143.5747610293));
#2914=CARTESIAN_POINT('',(185.599999999774,-31.6733119167078,143.574783350319));
#2915=CARTESIAN_POINT('',(185.6,-49.50847469383,143.5747610293));
#2916=CARTESIAN_POINT('',(185.6,-49.50847469383,143.5747610293));
#2917=CARTESIAN_POINT('',(185.60304463648,-49.8293382820223,143.5747610293));
#2918=CARTESIAN_POINT('',(185.615219055239,-50.1504558439789,143.5747610293));
#2919=CARTESIAN_POINT('',(185.676931954008,-50.7893703458273,143.5747610293));
#2920=CARTESIAN_POINT('',(185.727628081997,-51.1071782803229,143.5747610293));
#2921=CARTESIAN_POINT('',(185.882467987424,-51.7301234942541,143.5747610293));
#2922=CARTESIAN_POINT('',(185.986858411222,-52.0350831987958,143.5747610293));
#2923=CARTESIAN_POINT('',(186.254091323951,-52.6186892583403,143.5747610293));
#2924=CARTESIAN_POINT('',(186.417201105325,-52.8972573566147,143.5747610293));
#2925=CARTESIAN_POINT('',(186.802990222803,-53.4102282196353,143.5747610293));
#2926=CARTESIAN_POINT('',(187.026178195462,-53.6443858549826,143.5747610293));
#2927=CARTESIAN_POINT('',(187.402723403604,-53.944494113932,143.5747610293));
#2928=CARTESIAN_POINT('',(187.535083912819,-54.0359019714585,143.5747610293));
#2929=CARTESIAN_POINT('',(187.812038713907,-54.1980733081709,143.5747610293));
#2930=CARTESIAN_POINT('',(187.956540714332,-54.2688617162947,143.5747610293));
#2931=CARTESIAN_POINT('',(188.254522216702,-54.3880907596558,143.5747610293));
#2932=CARTESIAN_POINT('',(188.407985038342,-54.4364226974508,143.5747610293));
#2933=CARTESIAN_POINT('',(188.72010602632,-54.5111015762198,143.5747610293));
#2934=CARTESIAN_POINT('',(188.878725705296,-54.5375915116157,143.5747610293));
#2935=CARTESIAN_POINT('',(189.197570501006,-54.573467569608,143.5747610293));
#2936=CARTESIAN_POINT('',(189.358073568136,-54.5828010210992,143.5747610293));
#2937=CARTESIAN_POINT('',(189.59832476814,-54.5898520598448,143.5747610293));
#2938=CARTESIAN_POINT('',(189.752283956733,-54.5921372939862,143.5747610293));
#2939=CARTESIAN_POINT('',(189.909153080935,-54.59223316788,143.5747610293));
#2940=CARTESIAN_POINT('',(189.99144192733,-54.5922261557147,143.5747610293));
#2941=CARTESIAN_POINT('',(190.333057983963,-54.5922254293795,143.5747610293));
#2942=CARTESIAN_POINT('',(193.666486265355,-54.5922245303284,143.5747610293));
#2943=CARTESIAN_POINT('',(196.999914546747,-54.5922236312776,143.5747610293));
#2944=CARTESIAN_POINT('',(200.,-54.5922228221316,143.5747610293));
#2945=CARTESIAN_POINT('',(185.456,-31.6733119115,143.5747610293));
#2946=CARTESIAN_POINT('',(185.6,-31.6733119115,143.5747610293));
#2947=CARTESIAN_POINT('',(200.,-31.6733119115,143.5747610293));
#2948=CARTESIAN_POINT('',(217.412275968326,-29.2203612318743,143.5747610293));
#2949=CARTESIAN_POINT('',(200.,-55.5363688802503,143.083269940219));
#2950=CARTESIAN_POINT('',(196.666666666848,-55.5363688802559,143.083269940211));
#2951=CARTESIAN_POINT('',(193.333333333696,-55.5363688802615,143.083269940203));
#2952=CARTESIAN_POINT('',(190.000000000544,-55.5363688802671,143.083269940195));
#2953=CARTESIAN_POINT('',(200.,-55.5363688210396,143.083269898759));
#2954=CARTESIAN_POINT('',(190.000000093374,-55.5363251680743,143.083239110177));
#2955=CARTESIAN_POINT('',(190.000000000544,-55.5363689847662,143.083269790955));
#2956=CARTESIAN_POINT('',(190.000000000363,-57.2888737966408,140.58043353707));
#2957=CARTESIAN_POINT('',(190.000000000181,-59.0413786085154,138.077597283185));
#2958=CARTESIAN_POINT('',(190.,-60.79388342039,135.5747610293));
#2959=CARTESIAN_POINT('',(200.,-55.5363688210396,143.083269898759));
#2960=CARTESIAN_POINT('',(200.,-60.79388342039,135.5747610293));
#2961=CARTESIAN_POINT('',(212.132235665421,-61.4417689929285,134.649484540282));
#2962=CARTESIAN_POINT('',(190.000000140195,-55.5362814397773,143.0832087195));
#2963=CARTESIAN_POINT('',(189.877562751099,-55.5361698101149,143.083131052855));
#2964=CARTESIAN_POINT('',(189.769418722654,-55.5357258748633,143.083220669834));
#2965=CARTESIAN_POINT('',(189.58175618994,-55.5333028346183,143.083124899368));
#2966=CARTESIAN_POINT('',(189.537809668633,-55.5326335999178,143.082983433602));
#2967=CARTESIAN_POINT('',(189.235523308095,-55.5219057925264,143.082892609999));
#2968=CARTESIAN_POINT('',(189.068789507772,-55.5101087402504,143.08278126356));
#2969=CARTESIAN_POINT('',(188.489620351751,-55.4355556755275,143.080588864716));
#2970=CARTESIAN_POINT('',(188.125204904655,-55.3405096569192,143.077016994609));
#2971=CARTESIAN_POINT('',(187.45537881134,-55.0567299532305,143.064046405499));
#2972=CARTESIAN_POINT('',(187.106481243518,-54.8436688684155,143.055337984309));
#2973=CARTESIAN_POINT('',(186.55203885484,-54.393996705126,143.04024887117));
#2974=CARTESIAN_POINT('',(186.262091687799,-54.0831279026378,143.030611609434));
#2975=CARTESIAN_POINT('',(185.957119163669,-53.6615612978187,143.018094428642));
#2976=CARTESIAN_POINT('',(185.859356398761,-53.509481018786,143.013883567422));
#2977=CARTESIAN_POINT('',(185.674911509083,-53.1826157310574,143.005672992754));
#2978=CARTESIAN_POINT('',(185.57217408995,-52.9702465906646,143.000956802687));
#2979=CARTESIAN_POINT('',(185.445698597817,-52.6741819776597,142.995331002486));
#2980=CARTESIAN_POINT('',(185.383558635882,-52.5108742206032,142.992694600481));
#2981=CARTESIAN_POINT('',(185.297053951722,-52.2427355684172,142.988820001322));
#2982=CARTESIAN_POINT('',(185.269347307836,-52.1495015410742,142.987547655618));
#2983=CARTESIAN_POINT('',(185.217170169281,-51.955403239215,142.985096449483));
#2984=CARTESIAN_POINT('',(185.186080933477,-51.8234634441288,142.983601405656));
#2985=CARTESIAN_POINT('',(185.138971330674,-51.6029151796003,142.981338014763));
#2986=CARTESIAN_POINT('',(185.109122313251,-51.4364164355707,142.979990329068));
#2987=CARTESIAN_POINT('',(185.07125167216,-51.1573836619424,142.978151281031));
#2988=CARTESIAN_POINT('',(185.059772314264,-51.0594984692458,142.977573235463));
#2989=CARTESIAN_POINT('',(185.04473224558,-50.905427936977,142.976806698334));
#2990=CARTESIAN_POINT('',(185.040081018804,-50.8528646321151,142.976568405468));
#2991=CARTESIAN_POINT('',(185.031565152412,-50.745345465642,142.976140518339));
#2992=CARTESIAN_POINT('',(185.025753191589,-50.658666475448,142.975862903341));
#2993=CARTESIAN_POINT('',(185.012264082454,-50.438927393694,142.975253325243));
#2994=CARTESIAN_POINT('',(185.000611732812,-50.0634991547557,142.974789978275));
#2995=CARTESIAN_POINT('',(185.000106741763,-49.5084744825126,142.974760961308));
#2996=CARTESIAN_POINT('',(185.000053370913,-49.5084745796301,142.974760995301));
#2997=CARTESIAN_POINT('',(185.000106741787,-49.5084745163906,142.97476095102));
#2998=CARTESIAN_POINT('',(185.000106741787,-54.6900103135392,135.574760930458));
#2999=CARTESIAN_POINT('',(190.1600177792,-57.1183610711305,140.824207336099));
#3000=CARTESIAN_POINT('',(189.8132316512,-57.1175725925075,140.823655237399));
#3001=CARTESIAN_POINT('',(189.11914987331,-57.1230273281955,140.827474684399));
#3002=CARTESIAN_POINT('',(187.72860236625,-56.9562375053735,140.710687193199));
#3003=CARTESIAN_POINT('',(186.10787612121,-56.2107216177765,140.188671348799));
#3004=CARTESIAN_POINT('',(185.19776927012,-54.8831004009175,139.259060964899));
#3005=CARTESIAN_POINT('',(184.99415649275,-53.7440305678275,138.461475681199));
#3006=CARTESIAN_POINT('',(185.00081549547,-53.1754720605675,138.063366728499));
#3007=CARTESIAN_POINT('',(184.9998529408,-52.8914014948875,137.864458377099));
#3008=CARTESIAN_POINT('',(214.999893258332,-49.5084743782935,142.974760961303));
#3009=CARTESIAN_POINT('',(214.999640786246,-49.7859610165513,142.974775468449));
#3010=CARTESIAN_POINT('',(214.998198671723,-50.0185656759361,142.974901555233));
#3011=CARTESIAN_POINT('',(214.991253337266,-50.3000410666225,142.975181991224));
#3012=CARTESIAN_POINT('',(214.988323295919,-50.3826278427261,142.9752908595));
#3013=CARTESIAN_POINT('',(214.983627365696,-50.4896398319939,142.975469793531));
#3014=CARTESIAN_POINT('',(214.982015422379,-50.5224991568256,142.975532060439));
#3015=CARTESIAN_POINT('',(214.978824147269,-50.5825936690877,142.975660815795));
#3016=CARTESIAN_POINT('',(214.979191341886,-50.5781194475347,142.975639488461));
#3017=CARTESIAN_POINT('',(214.961962651972,-50.8587768642929,142.9764179071));
#3018=CARTESIAN_POINT('',(214.941376548776,-51.0643302705501,142.977538008192));
#3019=CARTESIAN_POINT('',(214.903507509057,-51.3433631933698,142.97937715801));
#3020=CARTESIAN_POINT('',(214.889741583587,-51.431504137482,142.980025694296));
#3021=CARTESIAN_POINT('',(214.860651261225,-51.5980308332068,142.981383143898));
#3022=CARTESIAN_POINT('',(214.851960697509,-51.6453676150255,142.981773922909));
#3023=CARTESIAN_POINT('',(214.78494545635,-51.9591066084314,142.984992977904));
#3024=CARTESIAN_POINT('',(214.731794570084,-52.1533087762681,142.987527645563));
#3025=CARTESIAN_POINT('',(214.616457915647,-52.5108277476545,142.992694311883));
#3026=CARTESIAN_POINT('',(214.570342485451,-52.6366309329929,142.994618478278));
#3027=CARTESIAN_POINT('',(214.332506074214,-53.1933808068004,143.00519474779));
#3028=CARTESIAN_POINT('',(214.172456158803,-53.482445900336,143.012779201057));
#3029=CARTESIAN_POINT('',(213.478757758919,-54.4413585708986,143.041242060843));
#3030=CARTESIAN_POINT('',(212.878819260159,-54.9151372186689,143.057583217471));
#3031=CARTESIAN_POINT('',(211.875152618905,-55.3403610830338,143.077005940649));
#3032=CARTESIAN_POINT('',(211.469183197423,-55.4408564733405,143.080747923817));
#3033=CARTESIAN_POINT('',(211.038037813754,-55.4963580279312,143.082376098917));
#3034=CARTESIAN_POINT('',(210.948073625372,-55.505618687895,143.082656509834));
#3035=CARTESIAN_POINT('',(210.760931412802,-55.5201763008439,143.08292774089));
#3036=CARTESIAN_POINT('',(210.628121014425,-55.5267446543048,143.082933935576));
#3037=CARTESIAN_POINT('',(210.432615345325,-55.5336836830591,143.082991606046));
#3038=CARTESIAN_POINT('',(210.244917926689,-55.536058140985,143.083053358752));
#3039=CARTESIAN_POINT('',(209.9999998598,-55.5362814397773,143.0832087195));
#3040=CARTESIAN_POINT('',(214.999946629139,-49.508474475411,142.974760995301));
#3041=CARTESIAN_POINT('',(209.999999906621,-55.5363252045635,143.08323905858));
#3042=CARTESIAN_POINT('',(209.999999880899,-55.5362815832272,143.083208514591));
#3043=CARTESIAN_POINT('',(209.999999880899,-60.7937959826035,135.574699804703));
#3044=CARTESIAN_POINT('',(215.,-49.508474606309,142.9747610293));
#3045=CARTESIAN_POINT('',(215.,-51.2356532297327,140.508094362633));
#3046=CARTESIAN_POINT('',(215.,-52.9628318531563,138.041427695967));
#3047=CARTESIAN_POINT('',(215.,-54.69001047658,135.5747610293));
#3048=CARTESIAN_POINT('',(215.0001470592,-52.8914014948857,137.864458377101));
#3049=CARTESIAN_POINT('',(214.99918450453,-53.1754720605657,138.063366728501));
#3050=CARTESIAN_POINT('',(215.00584350725,-53.7440305678257,138.461475681201));
#3051=CARTESIAN_POINT('',(214.80223072988,-54.8831004009157,139.259060964901));
#3052=CARTESIAN_POINT('',(213.89212387879,-56.2107216177747,140.188671348801));
#3053=CARTESIAN_POINT('',(212.27139763375,-56.9562375053717,140.710687193201));
#3054=CARTESIAN_POINT('',(210.88085012669,-57.1230273281937,140.827474684401));
#3055=CARTESIAN_POINT('',(210.1867683488,-57.1175725925057,140.823655237401));
#3056=CARTESIAN_POINT('',(209.8399822208,-57.1183610711287,140.824207336101));
#3057=CARTESIAN_POINT('',(209.999999999456,-55.5363688802671,143.083269940195));
#3058=CARTESIAN_POINT('',(206.666666666304,-55.5363688802615,143.083269940203));
#3059=CARTESIAN_POINT('',(203.333333333152,-55.5363688802559,143.083269940211));
#3060=CARTESIAN_POINT('',(200.,-55.5363688802503,143.083269940219));
#3061=CARTESIAN_POINT('',(187.867764334579,-61.4417689929285,134.649484540282));
#3062=CARTESIAN_POINT('',(199.99969209397,-57.6880408163503,110.07422202977));
#3063=CARTESIAN_POINT('',(200.,-23.9149417486959,138.57431134758));
#3064=CARTESIAN_POINT('',(200.,-18.1256149198025,143.459747871625));
#3065=CARTESIAN_POINT('',(200.,-26.07260064389,136.7535287446));
#3066=CARTESIAN_POINT('',(214.999883939504,-24.1057536421195,138.413291124881));
#3067=CARTESIAN_POINT('',(214.999477348309,-23.7755401257138,138.691948673032));
#3068=CARTESIAN_POINT('',(214.99830714762,-23.4449438740928,138.97139240421));
#3069=CARTESIAN_POINT('',(214.949226869659,-22.9454011741827,139.391737275519));
#3070=CARTESIAN_POINT('',(214.925339202248,-22.7784734616579,139.532048778379));
#3071=CARTESIAN_POINT('',(214.858329701116,-22.4451803194686,139.813064875613));
#3072=CARTESIAN_POINT('',(214.822789876801,-22.3019427230392,139.934040727162));
#3073=CARTESIAN_POINT('',(214.63561836041,-21.7364089467591,140.415930376026));
#3074=CARTESIAN_POINT('',(214.462577800619,-21.394364467739,140.702295340162));
#3075=CARTESIAN_POINT('',(214.171853324898,-20.9462143157342,141.079500583703));
#3076=CARTESIAN_POINT('',(214.069622373058,-20.8074451335748,141.196511964439));
#3077=CARTESIAN_POINT('',(213.859981120835,-20.5511823346133,141.413087325026));
#3078=CARTESIAN_POINT('',(213.780232638505,-20.461254703878,141.489312095957));
#3079=CARTESIAN_POINT('',(213.374207795661,-20.0565420161458,141.83185056093));
#3080=CARTESIAN_POINT('',(213.072312633148,-19.8216430895024,142.030239323936));
#3081=CARTESIAN_POINT('',(212.440927311,-19.422376273454,142.367076422663));
#3082=CARTESIAN_POINT('',(212.069806193081,-19.2416118270411,142.519213162727));
#3083=CARTESIAN_POINT('',(211.205495373158,-18.901255121977,142.803582315932));
#3084=CARTESIAN_POINT('',(210.428726848447,-18.7405131648745,142.94158869262));
#3085=CARTESIAN_POINT('',(209.480121711498,-18.6373048689957,143.028022010528));
#3086=CARTESIAN_POINT('',(214.999941969725,-24.1057535289472,138.413291160115));
#3087=CARTESIAN_POINT('',(215.,-26.07260064389,136.7535287446));
#3088=CARTESIAN_POINT('',(215.,-24.10575345956,138.4132911584));
#3089=CARTESIAN_POINT('',(181.867207220203,-27.0267747791228,135.948330263285));
#3090=CARTESIAN_POINT('',(200.,-29.416076860175,144.3998984304));
#3091=CARTESIAN_POINT('',(185.6,-29.41607686017,144.3998984304));
#3092=CARTESIAN_POINT('',(200.,-29.416076860175,144.3998984304));
#3093=CARTESIAN_POINT('',(185.6,-29.4160768601681,144.399898430398));
#3094=CARTESIAN_POINT('',(185.6,-29.4160768601651,144.399898430394));
#3095=CARTESIAN_POINT('',(185.6,-30.0410355273409,143.872514851977));
#3096=CARTESIAN_POINT('',(185.6,-30.8555669791023,143.5747610293));
#3097=CARTESIAN_POINT('',(185.6,-31.6733119115,143.5747610293));
#3098=CARTESIAN_POINT('',(200.,-31.6733119114999,147.074761029254));
#3099=CARTESIAN_POINT('',(200.,-31.6733119115,147.0747610293));
#3100=CARTESIAN_POINT('',(200.,-29.416076860175,144.3998984304));
#3101=CARTESIAN_POINT('',(214.4,-29.41607686017,144.3998984304));
#3102=CARTESIAN_POINT('',(214.4,-29.41607686017,144.3998984304));
#3103=CARTESIAN_POINT('',(214.4,-29.41607686017,144.3998984304));
#3104=CARTESIAN_POINT('',(214.4,-24.49270803971,148.5545793748));
#3105=CARTESIAN_POINT('',(214.4,-24.49270803971,148.5545793748));
#3106=CARTESIAN_POINT('',(214.4,-24.49270803971,148.5545793748));
#3107=CARTESIAN_POINT('',(214.399999666357,-24.4002777316994,148.632578495584));
#3108=CARTESIAN_POINT('',(214.400012427499,-24.2098988168895,148.793233461352));
#3109=CARTESIAN_POINT('',(214.394367782574,-23.9134228691719,149.043420480802));
#3110=CARTESIAN_POINT('',(214.375049807128,-23.5890420473204,149.317155573247));
#3111=CARTESIAN_POINT('',(214.331109069642,-23.2372746490052,149.614001363187));
#3112=CARTESIAN_POINT('',(214.249202270533,-22.8564345492306,149.935380720066));
#3113=CARTESIAN_POINT('',(214.157176046388,-22.5799481562231,150.168699163249));
#3114=CARTESIAN_POINT('',(214.09885498477,-22.43725246723,150.2891157076));
#3115=CARTESIAN_POINT('',(214.09885498477,-22.43725246723,150.2891157076));
#3116=CARTESIAN_POINT('',(214.09885498477,-22.43725246723,150.2891157076));
#3117=CARTESIAN_POINT('',(214.099227331444,-22.4692886792034,150.26208132337));
#3118=CARTESIAN_POINT('',(214.099735276651,-22.5332875135507,150.208074658778));
#3119=CARTESIAN_POINT('',(214.099999266352,-22.6290779946302,150.127239988314));
#3120=CARTESIAN_POINT('',(214.100000002396,-22.6927701119267,150.073492154405));
#3121=CARTESIAN_POINT('',(214.09999999998,-22.72457659968,150.0466516263));
#3122=CARTESIAN_POINT('',(214.09999999998,-22.72457659968,150.0466516263));
#3123=CARTESIAN_POINT('',(214.09999999998,-22.72457659968,150.0466516263));
#3124=CARTESIAN_POINT('',(214.1,-24.92005915401,148.1939507898));
#3125=CARTESIAN_POINT('',(214.1,-24.92005915401,148.1939507898));
#3126=CARTESIAN_POINT('',(214.1,-24.9200591540152,148.193950789806));
#3127=CARTESIAN_POINT('',(214.099990159735,-25.3397829897461,147.839758632812));
#3128=CARTESIAN_POINT('',(213.939003205344,-25.7200548018377,147.518858836559));
#3129=CARTESIAN_POINT('',(213.483898327773,-26.2152970365776,147.100939003506));
#3130=CARTESIAN_POINT('',(213.192137630773,-26.3419750737307,146.994039267529));
#3131=CARTESIAN_POINT('',(212.9,-26.3420799213585,146.99395078981));
#3132=CARTESIAN_POINT('',(212.9,-26.34207992135,146.9939507898));
#3133=CARTESIAN_POINT('',(212.9,-26.34207992135,146.9939507898));
#3134=CARTESIAN_POINT('',(200.,-26.342079927905,146.99395079755));
#3135=CARTESIAN_POINT('',(200.,-26.342079927905,146.99395079755));
#3136=CARTESIAN_POINT('',(200.,-29.416076860175,144.3998984304));
#3137=CARTESIAN_POINT('',(200.,-26.342079927905,146.99395079755));
#3138=CARTESIAN_POINT('',(182.587763091829,-20.1577359825959,152.212730217592));
#3139=CARTESIAN_POINT('',(200.,-26.7290344987318,147.452498666386));
#3140=CARTESIAN_POINT('',(212.9,-26.72903450151,147.452498663924));
#3141=CARTESIAN_POINT('',(200.,-26.72903450151,147.4524986639));
#3142=CARTESIAN_POINT('',(185.6,-31.6733119115,143.5747610293));
#3143=CARTESIAN_POINT('',(185.285840734641,-31.6733119115,143.5747610293));
#3144=CARTESIAN_POINT('',(185.,-31.6733119115,143.288920294659));
#3145=CARTESIAN_POINT('',(185.,-31.6733119115,142.9747610293));
#3146=CARTESIAN_POINT('',(185.00000000057,-31.6733119145503,142.974761029299));
#3147=CARTESIAN_POINT('',(185.,-31.6733119115,142.9747610293));
#3148=CARTESIAN_POINT('',(185.,-49.508474606309,142.9747610293));
#3149=CARTESIAN_POINT('',(185.600000001299,-49.5084745377126,143.5747610293));
#3150=CARTESIAN_POINT('',(185.503346475482,-49.5084745379472,143.574728495923));
#3151=CARTESIAN_POINT('',(185.335060132676,-49.5084745407642,143.528762597936));
#3152=CARTESIAN_POINT('',(185.168768190257,-49.5084745483632,143.406810735053));
#3153=CARTESIAN_POINT('',(185.046505224632,-49.5084745554886,143.240365641749));
#3154=CARTESIAN_POINT('',(185.000271382526,-49.5084745573683,143.073585790211));
#3155=CARTESIAN_POINT('',(185.,-49.5084745569652,142.974761029308));
#3156=CARTESIAN_POINT('',(185.6,-40.590893302665,142.9747610293));
#3157=CARTESIAN_POINT('',(185.,-24.10575345956,148.0960315006));
#3158=CARTESIAN_POINT('',(185.,-24.10575345956,144.868451386533));
#3159=CARTESIAN_POINT('',(185.,-24.10575345956,141.640871272467));
#3160=CARTESIAN_POINT('',(185.,-24.10575345956,138.4132911584));
#3161=CARTESIAN_POINT('',(185.000058030275,-24.1057535289722,148.096031502322));
#3162=CARTESIAN_POINT('',(185.000058030275,-24.1057535289585,138.41329116012));
#3163=CARTESIAN_POINT('',(185.,-26.07260064389,136.7535287446));
#3164=CARTESIAN_POINT('',(185.,-24.10575345956,138.4132911584));
#3165=CARTESIAN_POINT('',(185.,-31.6733119115001,147.074761028827));
#3166=CARTESIAN_POINT('',(185.,-29.02912228046,143.941350556));
#3167=CARTESIAN_POINT('',(185.,-29.02912228046,143.941350556));
#3168=CARTESIAN_POINT('',(185.,-24.10575345956,148.0960315006));
#3169=CARTESIAN_POINT('',(185.,-57.8806718437027,134.190398316749));
#3170=CARTESIAN_POINT('',(185.599999999996,-24.1057578936855,148.096027758817));
#3171=CARTESIAN_POINT('',(185.6,-24.49270803971,148.5545793748));
#3172=CARTESIAN_POINT('',(185.599999999973,-29.0291222799868,143.941350556299));
#3173=CARTESIAN_POINT('',(185.6,-29.41607686017,144.3998984304));
#3174=CARTESIAN_POINT('',(185.6,-24.49270803971,148.5545793748));
#3175=CARTESIAN_POINT('',(185.6,-26.567436947853,146.01869180643));
#3176=CARTESIAN_POINT('',(185.6,-31.6733119115,147.0747610293));
#3177=CARTESIAN_POINT('',(185.,-24.1057534595325,138.413291158367));
#3178=CARTESIAN_POINT('',(185.,-23.6857193029594,138.767745185665));
#3179=CARTESIAN_POINT('',(185.012198497169,-23.3487053514489,139.052140991337));
#3180=CARTESIAN_POINT('',(185.060992485848,-22.8407178585531,139.480816159431));
#3181=CARTESIAN_POINT('',(185.133882382176,-22.4369996251326,139.821501676287));
#3182=CARTESIAN_POINT('',(185.451459161625,-21.4629695957617,140.643455941712));
#3183=CARTESIAN_POINT('',(185.82674652692,-20.8509784836389,141.15989659533));
#3184=CARTESIAN_POINT('',(186.857942484888,-19.8233141985558,142.027111175044));
#3185=CARTESIAN_POINT('',(187.502669203475,-19.4050532704863,142.380068828833));
#3186=CARTESIAN_POINT('',(188.585021070242,-18.985089452568,142.734463499483));
#3187=CARTESIAN_POINT('',(188.954549317518,-18.8808982979696,142.822387240394));
#3188=CARTESIAN_POINT('',(189.562049242782,-18.7607720559981,142.923758116035));
#3189=CARTESIAN_POINT('',(189.700065340655,-18.7396538183601,142.941579153356));
#3190=CARTESIAN_POINT('',(190.064749808865,-18.6891557452599,142.98419293869));
#3191=CARTESIAN_POINT('',(190.275689196061,-18.6635937748281,143.005763906725));
#3192=CARTESIAN_POINT('',(190.515225736348,-18.6377188705144,143.027598950129));
#3193=CARTESIAN_POINT('',(185.000116060497,-24.1057536419942,148.096031467243));
#3194=CARTESIAN_POINT('',(185.000638467504,-23.6814801775667,148.454063458027));
#3195=CARTESIAN_POINT('',(185.004393131476,-23.2566830128973,148.787211798494));
#3196=CARTESIAN_POINT('',(185.073654796505,-22.803730311178,149.114743031778));
#3197=CARTESIAN_POINT('',(185.089181253096,-22.7098075272574,149.182626911161));
#3198=CARTESIAN_POINT('',(185.111522505653,-22.5933891848583,149.266724900412));
#3199=CARTESIAN_POINT('',(185.123585137132,-22.5365728428004,149.307756407694));
#3200=CARTESIAN_POINT('',(185.162204807439,-22.3703676480603,149.427798467509));
#3201=CARTESIAN_POINT('',(185.191216019596,-22.2652252386913,149.503756558012));
#3202=CARTESIAN_POINT('',(185.285488737441,-21.9670881217551,149.719420981401));
#3203=CARTESIAN_POINT('',(185.357420326114,-21.7916351613754,149.846917466165));
#3204=CARTESIAN_POINT('',(185.570968328064,-21.3362149629641,150.180567527974));
#3205=CARTESIAN_POINT('',(185.707953726641,-21.1271949194301,150.337881712533));
#3206=CARTESIAN_POINT('',(185.804913188887,-20.98542710484,150.441601081437));
#3207=CARTESIAN_POINT('',(185.865217675348,-20.899456100896,150.504492601742));
#3208=CARTESIAN_POINT('',(185.93881725484,-20.8005163215062,150.576900822331));
#3209=CARTESIAN_POINT('',(185.976434782763,-20.7519848560054,150.612435687843));
#3210=CARTESIAN_POINT('',(186.091541994056,-20.6092880008376,150.71703255003));
#3211=CARTESIAN_POINT('',(186.171284072109,-20.5180243469237,150.784086812357));
#3212=CARTESIAN_POINT('',(186.418015740766,-20.2563373335753,150.977218661945));
#3213=CARTESIAN_POINT('',(186.592752986111,-20.0982755724609,151.095265311812));
#3214=CARTESIAN_POINT('',(187.131398069317,-19.6710207897379,151.417281511843));
#3215=CARTESIAN_POINT('',(187.508231888561,-19.4486403267277,151.589127312433));
#3216=CARTESIAN_POINT('',(188.235131319852,-19.1068161124726,151.847155581419));
#3217=CARTESIAN_POINT('',(188.710536490773,-18.9429011299989,151.971264515935));
#3218=CARTESIAN_POINT('',(189.282403120591,-18.8154117655533,152.06903245482));
#3219=CARTESIAN_POINT('',(189.330105167427,-18.8060674866492,152.07580534282));
#3220=CARTESIAN_POINT('',(189.514590142856,-18.7712857120371,152.101830758515));
#3221=CARTESIAN_POINT('',(189.614264632563,-18.7541632127419,152.114743117288));
#3222=CARTESIAN_POINT('',(189.935455465044,-18.704673904893,152.153179146383));
#3223=CARTESIAN_POINT('',(190.179193565385,-18.6747221933787,152.178401769481));
#3224=CARTESIAN_POINT('',(190.452494695806,-18.6446722502186,152.203222996282));
#3225=CARTESIAN_POINT('',(184.99983919555,-24.26269815321,145.31239023935));
#3226=CARTESIAN_POINT('',(185.00089121965,-23.92267249704,145.31239023935));
#3227=CARTESIAN_POINT('',(184.99359381382,-23.24286329126,145.31239023935));
#3228=CARTESIAN_POINT('',(185.21620318559,-21.86314813381,145.31239023935));
#3229=CARTESIAN_POINT('',(186.21304777627,-20.19185099398,145.31239023935));
#3230=CARTESIAN_POINT('',(187.99716176031,-19.11669041838,145.31239023935));
#3231=CARTESIAN_POINT('',(189.53557373261,-18.74143104472,145.31239023935));
#3232=CARTESIAN_POINT('',(190.305656988453,-18.66044231959,145.31239023935));
#3233=CARTESIAN_POINT('',(190.690633399954,-18.61883283548,145.31239023935));
#3234=CARTESIAN_POINT('',(185.6,-24.49270803971,148.5545793748));
#3235=CARTESIAN_POINT('',(185.600000333643,-24.4002777316994,148.632578495584));
#3236=CARTESIAN_POINT('',(185.599987572501,-24.2098988168895,148.793233461352));
#3237=CARTESIAN_POINT('',(185.605632217426,-23.9134228691719,149.043420480802));
#3238=CARTESIAN_POINT('',(185.624950192872,-23.5890420473204,149.317155573247));
#3239=CARTESIAN_POINT('',(185.668890930358,-23.2372746490052,149.614001363187));
#3240=CARTESIAN_POINT('',(185.750797729467,-22.8564345492306,149.935380720066));
#3241=CARTESIAN_POINT('',(185.842823953612,-22.5799481562231,150.168699163249));
#3242=CARTESIAN_POINT('',(185.90114501523,-22.43725246723,150.2891157076));
#3243=CARTESIAN_POINT('',(185.90114501523,-22.43725246723,150.2891157076));
#3244=CARTESIAN_POINT('',(190.452475659395,-18.644514326805,152.20322289692));
#3245=CARTESIAN_POINT('',(190.380268038393,-18.6523978307226,152.200063461168));
#3246=CARTESIAN_POINT('',(190.286250537855,-18.6626983874132,152.199293792576));
#3247=CARTESIAN_POINT('',(190.055820102622,-18.6914108663651,152.201735175897));
#3248=CARTESIAN_POINT('',(189.887526573989,-18.715209386619,152.206702539549));
#3249=CARTESIAN_POINT('',(189.701709769906,-18.7468471940693,152.211774171841));
#3250=CARTESIAN_POINT('',(189.629523592702,-18.7599131960781,152.213800223134));
#3251=CARTESIAN_POINT('',(189.506596303043,-18.7850171916668,152.216516484456));
#3252=CARTESIAN_POINT('',(189.4631760373,-18.794311657518,152.217338442846));
#3253=CARTESIAN_POINT('',(189.371545016907,-18.81515288821,152.218665289862));
#3254=CARTESIAN_POINT('',(189.368973149555,-18.8150462917409,152.218929857656));
#3255=CARTESIAN_POINT('',(189.08036155656,-18.888748218937,152.220532215429));
#3256=CARTESIAN_POINT('',(188.9332587976,-18.9372557839114,152.217839491822));
#3257=CARTESIAN_POINT('',(188.774791523547,-18.9934205733624,152.212431836064));
#3258=CARTESIAN_POINT('',(188.732330745,-19.0094451437963,152.210467085562));
#3259=CARTESIAN_POINT('',(188.683602602698,-19.0282606725842,152.207969459177));
#3260=CARTESIAN_POINT('',(188.669855521692,-19.0336683887126,152.207210628921));
#3261=CARTESIAN_POINT('',(188.647282300809,-19.0426309461129,152.205929790356));
#3262=CARTESIAN_POINT('',(188.671327105077,-19.0328683938994,152.207330809734));
#3263=CARTESIAN_POINT('',(188.317993424436,-19.1760187204521,152.186661144021));
#3264=CARTESIAN_POINT('',(188.003871039766,-19.3442747641017,152.147259301139));
#3265=CARTESIAN_POINT('',(187.558128690978,-19.6622655826954,152.038266016862));
#3266=CARTESIAN_POINT('',(187.413710700172,-19.779132926295,151.993463784068));
#3267=CARTESIAN_POINT('',(187.137791809592,-20.0337868845452,151.88481898897));
#3268=CARTESIAN_POINT('',(187.040187895055,-20.1309536492008,151.841510841805));
#3269=CARTESIAN_POINT('',(186.727433233749,-20.5060037268371,151.65188963991));
#3270=CARTESIAN_POINT('',(186.588634153075,-20.7039797930473,151.541697807295));
#3271=CARTESIAN_POINT('',(186.408832575094,-21.0097965433959,151.354807461246));
#3272=CARTESIAN_POINT('',(186.353595905746,-21.1132133109502,151.288924590226));
#3273=CARTESIAN_POINT('',(186.252541915187,-21.3218719569686,151.150354795915));
#3274=CARTESIAN_POINT('',(186.189562966052,-21.4710411550943,151.046179402957));
#3275=CARTESIAN_POINT('',(186.068896053886,-21.7800566708832,150.824515905563));
#3276=CARTESIAN_POINT('',(185.972644156346,-22.0817045741359,150.589153271512));
#3277=CARTESIAN_POINT('',(185.90114501523,-22.4372524672272,150.289115707597));
#3278=CARTESIAN_POINT('',(185.73116185962,-24.55350528035,148.484282969));
#3279=CARTESIAN_POINT('',(184.93189251448,-24.66870681927,148.6213752117));
#3280=CARTESIAN_POINT('',(184.58490758242,-24.19007982647,148.0544441843));
#3281=CARTESIAN_POINT('',(185.23473546589,-23.86874046774,147.6731828334));
#3282=CARTESIAN_POINT('',(185.73117351318,-24.53008012702,148.5040507422));
#3283=CARTESIAN_POINT('',(184.93190641465,-24.64547169944,148.6409826214));
#3284=CARTESIAN_POINT('',(184.5849224579,-24.16692720543,148.0739819758));
#3285=CARTESIAN_POINT('',(185.23474851482,-23.84543334427,147.6928510048));
#3286=CARTESIAN_POINT('',(185.73116935299,-24.38709421348,148.6247121982));
#3287=CARTESIAN_POINT('',(184.93190676137,-24.50306079819,148.7611588421));
#3288=CARTESIAN_POINT('',(184.5849247612,-24.02476593292,148.1939475423));
#3289=CARTESIAN_POINT('',(185.23474715387,-23.70280457101,147.813211081));
#3290=CARTESIAN_POINT('',(185.73121544707,-24.11740131539,148.852297818));
#3291=CARTESIAN_POINT('',(184.93191165887,-24.22776649596,148.9934713162));
#3292=CARTESIAN_POINT('',(184.58491177412,-23.74703990621,148.4283120746));
#3293=CARTESIAN_POINT('',(185.23476766074,-23.42963263938,148.0437325512));
#3294=CARTESIAN_POINT('',(185.74345722285,-23.73308664981,149.1766092551));
#3295=CARTESIAN_POINT('',(184.94471346751,-23.82024820167,149.3373635886));
#3296=CARTESIAN_POINT('',(184.59795670851,-23.32944827483,148.7807049293));
#3297=CARTESIAN_POINT('',(185.24735727307,-23.0309061941,148.3802056501));
#3298=CARTESIAN_POINT('',(185.78494018141,-23.31340018593,149.5307698752));
#3299=CARTESIAN_POINT('',(184.98989503457,-23.36010663405,149.7256630381));
#3300=CARTESIAN_POINT('',(184.64474394384,-22.85174402762,149.183824989));
#3301=CARTESIAN_POINT('',(185.29113743832,-22.58609305499,148.7555699058));
#3302=CARTESIAN_POINT('',(185.88001276098,-22.84982178145,149.9219695666));
#3303=CARTESIAN_POINT('',(185.0964632178,-22.83883869654,150.1655451688));
#3304=CARTESIAN_POINT('',(184.75630268661,-22.30543146801,149.6448415133));
#3305=CARTESIAN_POINT('',(185.39334994025,-22.08668366686,149.1770062727));
#3306=CARTESIAN_POINT('',(186.05974900755,-22.34014897106,150.3520669228));
#3307=CARTESIAN_POINT('',(185.30134758224,-22.25714850423,150.6564157994));
#3308=CARTESIAN_POINT('',(184.97210454466,-21.69247653808,150.1620955034));
#3309=CARTESIAN_POINT('',(185.58870568923,-21.53228084223,149.6448499251));
#3310=CARTESIAN_POINT('',(186.35739284569,-21.79602241209,150.8112387477));
#3311=CARTESIAN_POINT('',(185.64301444939,-21.63231701225,151.1836920583));
#3312=CARTESIAN_POINT('',(185.33288302647,-21.03260880222,150.7189377811));
#3313=CARTESIAN_POINT('',(185.91369224189,-20.93802842882,150.1463214313));
#3314=CARTESIAN_POINT('',(186.79256083332,-21.25154272943,151.2707085629));
#3315=CARTESIAN_POINT('',(186.14402699238,-21.00525351101,151.7128518419));
#3316=CARTESIAN_POINT('',(185.86248051232,-20.3696933809,151.2783519077));
#3317=CARTESIAN_POINT('',(186.38975629962,-20.34225591541,150.6490757036));
#3318=CARTESIAN_POINT('',(187.36207286806,-20.74950768942,151.6943606373));
#3319=CARTESIAN_POINT('',(186.80323892803,-20.4237531836,152.2035622513));
#3320=CARTESIAN_POINT('',(186.56063365623,-19.75369497407,151.7981741952));
#3321=CARTESIAN_POINT('',(187.01498096565,-19.79086496517,151.1143777269));
#3322=CARTESIAN_POINT('',(188.04691925599,-20.32823758378,152.0498576444));
#3323=CARTESIAN_POINT('',(187.60377894483,-19.93078003031,152.6195672757));
#3324=CARTESIAN_POINT('',(187.41139947764,-19.22959354435,152.2404474236));
#3325=CARTESIAN_POINT('',(187.77168469592,-19.32506007838,151.5074562789));
#3326=CARTESIAN_POINT('',(188.81207197785,-20.01963272548,152.3102798818));
#3327=CARTESIAN_POINT('',(188.50576796929,-19.56698070059,152.9265664459));
#3328=CARTESIAN_POINT('',(188.37279292622,-18.8418327678,152.5676669288));
#3329=CARTESIAN_POINT('',(188.62182648016,-18.98217391983,151.7968074612));
#3330=CARTESIAN_POINT('',(189.60092829043,-19.832743604,152.4679899174));
#3331=CARTESIAN_POINT('',(189.42242339852,-19.35099612304,153.1088292504));
#3332=CARTESIAN_POINT('',(189.34492948715,-18.61321704793,152.7605887694));
#3333=CARTESIAN_POINT('',(189.49005885662,-18.77721360318,151.9697672278));
#3334=CARTESIAN_POINT('',(190.212570702949,-19.75279704024,152.5354543868));
#3335=CARTESIAN_POINT('',(190.092320286726,-19.26443646306,153.1818743102));
#3336=CARTESIAN_POINT('',(190.040116254684,-18.52378645995,152.8360565179));
#3337=CARTESIAN_POINT('',(190.137883138821,-18.69315964368,152.0406978033));
#3338=CARTESIAN_POINT('',(190.553319528924,-19.71593277393,152.5665630179));
#3339=CARTESIAN_POINT('',(190.441236440323,-19.2265744039,153.2138249483));
#3340=CARTESIAN_POINT('',(190.392578071126,-18.48549123131,152.8683726946));
#3341=CARTESIAN_POINT('',(190.483704694062,-18.65567564797,152.0723294052));
#3342=CARTESIAN_POINT('',(190.63411926989,-19.70725058585,152.5738896519));
#3343=CARTESIAN_POINT('',(190.522578297887,-19.21781954105,153.2212129103));
#3344=CARTESIAN_POINT('',(190.474155276501,-18.47670481834,152.8757872808));
#3345=CARTESIAN_POINT('',(190.564841143785,-18.64694832158,152.0796941301));
#3346=CARTESIAN_POINT('',(186.500562597237,-22.8311765584352,150.747661377131));
#3347=CARTESIAN_POINT('',(186.50292807729,-22.6267317683539,150.507409281486));
#3348=CARTESIAN_POINT('',(186.21661301813,-22.4390053159793,150.28801852213));
#3349=CARTESIAN_POINT('',(185.901145015001,-22.4372526267425,150.289115896625));
#3350=CARTESIAN_POINT('',(185.76803170062,-22.49822600655,150.2568589645));
#3351=CARTESIAN_POINT('',(185.76860474658,-22.48076426619,150.2716090459));
#3352=CARTESIAN_POINT('',(185.77195437344,-22.3901809622,150.3477022579));
#3353=CARTESIAN_POINT('',(185.78214423102,-22.21866555212,150.4874802741));
#3354=CARTESIAN_POINT('',(185.80776234777,-21.97029631073,150.6774202138));
#3355=CARTESIAN_POINT('',(185.85193382711,-21.68910595134,150.8754943375));
#3356=CARTESIAN_POINT('',(185.92391771943,-21.36759842061,151.0796132477));
#3357=CARTESIAN_POINT('',(186.03525944924,-21.00423761769,151.2825708128));
#3358=CARTESIAN_POINT('',(186.19648561161,-20.60897470842,151.4716077265));
#3359=CARTESIAN_POINT('',(186.40790994395,-20.20952498979,151.6304309619));
#3360=CARTESIAN_POINT('',(186.65495312763,-19.83876990962,151.7491468178));
#3361=CARTESIAN_POINT('',(186.91664405279,-19.51665874859,151.8290026731));
#3362=CARTESIAN_POINT('',(187.17888482463,-19.24509330459,151.8777506082));
#3363=CARTESIAN_POINT('',(187.43569199227,-19.01743825599,151.9031190846));
#3364=CARTESIAN_POINT('',(187.68529428118,-18.82597929433,151.9115142309));
#3365=CARTESIAN_POINT('',(187.92560687863,-18.66546852544,151.9076849376));
#3366=CARTESIAN_POINT('',(188.15487513035,-18.53158180537,151.8950804737));
#3367=CARTESIAN_POINT('',(188.37097793812,-18.42084271628,151.8761060751));
#3368=CARTESIAN_POINT('',(188.57510210187,-18.32889771952,151.8530337798));
#3369=CARTESIAN_POINT('',(188.76643644764,-18.25307529974,151.8280908558));
#3370=CARTESIAN_POINT('',(188.94513528724,-18.19067112824,151.802707799));
#3371=CARTESIAN_POINT('',(189.11180088234,-18.13932863391,151.7777753582));
#3372=CARTESIAN_POINT('',(189.26574916198,-18.09736232048,151.753924255));
#3373=CARTESIAN_POINT('',(189.40935475217,-18.06263625176,151.7310072611));
#3374=CARTESIAN_POINT('',(189.54446127025,-18.03361485844,151.7094587901));
#3375=CARTESIAN_POINT('',(189.67186315957,-18.00923366057,151.6896715589));
#3376=CARTESIAN_POINT('',(189.79259696808,-17.98856248349,151.6719139703));
#3377=CARTESIAN_POINT('',(189.90753741125,-17.97085604687,151.6564317776));
#3378=CARTESIAN_POINT('',(190.017249984317,-17.95552054406,151.6434826319));
#3379=CARTESIAN_POINT('',(190.12277205369,-17.94199276412,151.6333149897));
#3380=CARTESIAN_POINT('',(190.222629765965,-17.93007340836,151.6263051624));
#3381=CARTESIAN_POINT('',(190.322893378706,-17.91871842366,151.6222179335));
#3382=CARTESIAN_POINT('',(190.424277625024,-17.90767993516,151.6231438258));
#3383=CARTESIAN_POINT('',(190.477604052394,-17.90194426878,151.6287938932));
#3384=CARTESIAN_POINT('',(190.487109056317,-17.90092347809,151.630000159));
#3385=CARTESIAN_POINT('',(186.24809731273,-22.42985162826,150.172205154));
#3386=CARTESIAN_POINT('',(186.24874781237,-22.41307092922,150.1868465747));
#3387=CARTESIAN_POINT('',(186.25253377335,-22.32634120769,150.2623486852));
#3388=CARTESIAN_POINT('',(186.26381876688,-22.16511352127,150.4007634988));
#3389=CARTESIAN_POINT('',(186.29097704658,-21.93756538433,150.5883134065));
#3390=CARTESIAN_POINT('',(186.33587196796,-21.68575613574,150.7833957726));
#3391=CARTESIAN_POINT('',(186.40613877887,-21.40334917072,150.9840112884));
#3392=CARTESIAN_POINT('',(186.51093517351,-21.08876275027,151.1832095648));
#3393=CARTESIAN_POINT('',(186.6582412527,-20.74945731986,151.3686244639));
#3394=CARTESIAN_POINT('',(186.84743812124,-20.40745801631,151.5243932389));
#3395=CARTESIAN_POINT('',(187.06577503039,-20.08963477473,151.6408523718));
#3396=CARTESIAN_POINT('',(187.29547697688,-19.81272288507,151.7192267776));
#3397=CARTESIAN_POINT('',(187.52470042678,-19.57858280169,151.7670902438));
#3398=CARTESIAN_POINT('',(187.74850011971,-19.38174488514,151.7920104052));
#3399=CARTESIAN_POINT('',(187.96598425915,-19.21539157189,151.8002731049));
#3400=CARTESIAN_POINT('',(188.1754433193,-19.07526891216,151.7965049847));
#3401=CARTESIAN_POINT('',(188.37545531698,-18.95780767462,151.7840812586));
#3402=CARTESIAN_POINT('',(188.56413664582,-18.8601641977,151.7653742017));
#3403=CARTESIAN_POINT('',(188.74352314001,-18.77827546473,151.7425597619));
#3404=CARTESIAN_POINT('',(188.91279382972,-18.71011369105,151.7178327398));
#3405=CARTESIAN_POINT('',(189.07202226489,-18.65348945341,151.6926144709));
#3406=CARTESIAN_POINT('',(189.22166201293,-18.60647789059,151.667795123));
#3407=CARTESIAN_POINT('',(189.36059774939,-18.56779092689,151.6440540175));
#3408=CARTESIAN_POINT('',(189.49143235875,-18.53545082186,151.6211921136));
#3409=CARTESIAN_POINT('',(189.61604097471,-18.50810880313,151.5996148415));
#3410=CARTESIAN_POINT('',(189.73501119935,-18.48488815579,151.5797283117));
#3411=CARTESIAN_POINT('',(189.8492527617,-18.46498754149,151.5618078907));
#3412=CARTESIAN_POINT('',(189.95954577133,-18.44775527648,151.5461108891));
#3413=CARTESIAN_POINT('',(190.066363941364,-18.4326653231,151.5329124693));
#3414=CARTESIAN_POINT('',(190.170763615639,-18.41918926489,151.5224821967));
#3415=CARTESIAN_POINT('',(190.270845113186,-18.40719805107,151.5152555532));
#3416=CARTESIAN_POINT('',(190.373356228889,-18.3955703274,151.5109916467));
#3417=CARTESIAN_POINT('',(190.481598674422,-18.38378813572,151.5118820364));
#3418=CARTESIAN_POINT('',(190.538173368996,-18.37770685906,151.5180649063));
#3419=CARTESIAN_POINT('',(190.547477004762,-18.37670878624,151.5193642937));
#3420=CARTESIAN_POINT('',(186.59562385956,-22.65751023889,150.4362153529));
#3421=CARTESIAN_POINT('',(186.59601485528,-22.6407315128,150.4511956539));
#3422=CARTESIAN_POINT('',(186.59832456528,-22.55411021643,150.5285412352));
#3423=CARTESIAN_POINT('',(186.60560825063,-22.39396500682,150.6712074746));
#3424=CARTESIAN_POINT('',(186.624755387,-22.16935274314,150.8662111852));
#3425=CARTESIAN_POINT('',(186.6586550182,-21.92178371496,151.0706239586));
#3426=CARTESIAN_POINT('',(186.71488697427,-21.64462998555,151.2821655253));
#3427=CARTESIAN_POINT('',(186.80308562184,-21.33592607561,151.4930879115));
#3428=CARTESIAN_POINT('',(186.93251428701,-21.00260623046,151.6897988027));
#3429=CARTESIAN_POINT('',(187.10455325268,-20.66621487297,151.8550935363));
#3430=CARTESIAN_POINT('',(187.30800322473,-20.35353397087,151.9785907211));
#3431=CARTESIAN_POINT('',(187.52533253148,-20.08163836035,152.0615853297));
#3432=CARTESIAN_POINT('',(187.74419910968,-19.85254916435,152.1122071928));
#3433=CARTESIAN_POINT('',(187.95908602712,-19.66088677823,152.1385255161));
#3434=CARTESIAN_POINT('',(188.16786142424,-19.50039561613,152.1472012776));
#3435=CARTESIAN_POINT('',(188.3687336988,-19.36639297001,152.1432423767));
#3436=CARTESIAN_POINT('',(188.56034710205,-19.25498601812,152.1302549827));
#3437=CARTESIAN_POINT('',(188.74124321707,-19.16300190561,152.1107141662));
#3438=CARTESIAN_POINT('',(188.91197006378,-19.08692157318,152.0870955512));
#3439=CARTESIAN_POINT('',(189.07220131294,-19.02426083055,152.0616951949));
#3440=CARTESIAN_POINT('',(189.22231323812,-18.97265086853,152.0359630014));
#3441=CARTESIAN_POINT('',(189.36299872894,-18.93006754102,152.01079095));
#3442=CARTESIAN_POINT('',(189.49415270515,-18.89501948044,151.9867067942));
#3443=CARTESIAN_POINT('',(189.61736680564,-18.8658664891,151.963673081));
#3444=CARTESIAN_POINT('',(189.73394976836,-18.84138240201,151.9421856308));
#3445=CARTESIAN_POINT('',(189.84459829108,-18.82067580148,151.9226087843));
#3446=CARTESIAN_POINT('',(189.9501133154,-18.80298768206,151.9051961892));
#3447=CARTESIAN_POINT('',(190.0511270143,-18.78771398907,151.8901691132));
#3448=CARTESIAN_POINT('',(190.148001170843,-18.77437650178,151.8777481055));
#3449=CARTESIAN_POINT('',(190.241329909902,-18.76253881304,151.8681368996));
#3450=CARTESIAN_POINT('',(190.330137032196,-18.7520051382,151.8615864414));
#3451=CARTESIAN_POINT('',(190.418474099425,-18.74202932632,151.8578735403));
#3452=CARTESIAN_POINT('',(190.501975684896,-18.73293112299,151.8588746521));
#3453=CARTESIAN_POINT('',(190.547448929701,-18.72803269497,151.8633958685));
#3454=CARTESIAN_POINT('',(190.557180833766,-18.7269853348,151.8644048372));
#3455=CARTESIAN_POINT('',(186.48536737768,-22.96814016157,150.8018070744));
#3456=CARTESIAN_POINT('',(186.48540477702,-22.95068249358,150.8172566444));
#3457=CARTESIAN_POINT('',(186.48570724818,-22.8603229919,150.897154997));
#3458=CARTESIAN_POINT('',(186.48763793494,-22.69104194128,151.0457084561));
#3459=CARTESIAN_POINT('',(186.49672010941,-22.44873268772,151.251033922));
#3460=CARTESIAN_POINT('',(186.51819601629,-22.17629464207,151.4683671042));
#3461=CARTESIAN_POINT('',(186.56121031711,-21.86563040767,151.6950386689));
#3462=CARTESIAN_POINT('',(186.63829234434,-21.51441179849,151.9221961758));
#3463=CARTESIAN_POINT('',(186.76261742098,-21.13150384134,152.1345493459));
#3464=CARTESIAN_POINT('',(186.93862582329,-20.74362958312,152.3130352806));
#3465=CARTESIAN_POINT('',(187.15494061744,-20.38348889661,152.4462785037));
#3466=CARTESIAN_POINT('',(187.39109295861,-20.07173192586,152.535671001));
#3467=CARTESIAN_POINT('',(187.63195592884,-19.81059210762,152.5901125919));
#3468=CARTESIAN_POINT('',(187.87036607932,-19.59361996269,152.6183670389));
#3469=CARTESIAN_POINT('',(188.10199249957,-19.41426117067,152.6276147934));
#3470=CARTESIAN_POINT('',(188.32458096136,-19.26638282984,152.6233917064));
#3471=CARTESIAN_POINT('',(188.53651352612,-19.1449928676,152.6096237655));
#3472=CARTESIAN_POINT('',(188.7365467367,-19.04593537245,152.588928389));
#3473=CARTESIAN_POINT('',(188.9227963693,-18.9659795977,152.5641961816));
#3474=CARTESIAN_POINT('',(189.09547224633,-18.90151195319,152.5378634164));
#3475=CARTESIAN_POINT('',(189.25535353682,-18.84945783647,152.511419559));
#3476=CARTESIAN_POINT('',(189.40353649162,-18.80725574078,152.4857590965));
#3477=CARTESIAN_POINT('',(189.54142230261,-18.77280055146,152.461199897));
#3478=CARTESIAN_POINT('',(189.66929826599,-18.74465306036,152.4379282688));
#3479=CARTESIAN_POINT('',(189.7878388916,-18.72153077415,152.4165652005));
#3480=CARTESIAN_POINT('',(189.89806380918,-18.70233886468,152.3974171921));
#3481=CARTESIAN_POINT('',(190.000785016547,-18.68623453732,152.3807078159));
#3482=CARTESIAN_POINT('',(190.09657187073,-18.67257082376,152.3666084285));
#3483=CARTESIAN_POINT('',(190.18575883009,-18.66085261713,152.3552639528));
#3484=CARTESIAN_POINT('',(190.268429186748,-18.65070662451,152.3467869609));
#3485=CARTESIAN_POINT('',(190.345015262141,-18.64179580067,152.3411728593));
#3486=CARTESIAN_POINT('',(190.416021971338,-18.63385055626,152.3382229705));
#3487=CARTESIAN_POINT('',(190.466338171876,-18.62835213546,152.3393774061));
#3488=CARTESIAN_POINT('',(190.496749900903,-18.62505800781,152.3415976252));
#3489=CARTESIAN_POINT('',(190.507138900978,-18.62393548225,152.3422044327));
#3490=CARTESIAN_POINT('',(186.5,-23.1115311855778,150.505199495618));
#3491=CARTESIAN_POINT('',(186.5,-22.9089222392877,150.265104391774));
#3492=CARTESIAN_POINT('',(186.214159265372,-22.7245766016033,150.046651624694));
#3493=CARTESIAN_POINT('',(185.90000000002,-22.7245765996817,150.046651626302));
#3494=CARTESIAN_POINT('',(185.90000000002,-22.72457659968,150.0466516263));
#3495=CARTESIAN_POINT('',(185.90000000002,-22.72457659968,150.0466516263));
#3496=CARTESIAN_POINT('',(185.9,-24.92005915401,148.1939507898));
#3497=CARTESIAN_POINT('',(185.9,-24.92005915401,148.1939507898));
#3498=CARTESIAN_POINT('',(185.900000000049,-25.3070137341298,148.652498663926));
#3499=CARTESIAN_POINT('',(185.9,-24.2092711784167,149.578850161168));
#3500=CARTESIAN_POINT('',(185.90114501523,-22.43725246723,150.2891157076));
#3501=CARTESIAN_POINT('',(185.900772668556,-22.4692886792034,150.26208132337));
#3502=CARTESIAN_POINT('',(185.900264723349,-22.5332875135507,150.208074658778));
#3503=CARTESIAN_POINT('',(185.900000733648,-22.6290779946302,150.127239988314));
#3504=CARTESIAN_POINT('',(185.899999997604,-22.6927701119267,150.073492154405));
#3505=CARTESIAN_POINT('',(185.90000000002,-22.72457659968,150.0466516263));
#3506=CARTESIAN_POINT('',(185.900149035232,-22.9679803333954,150.626337689183));
#3507=CARTESIAN_POINT('',(185.9,-24.9200591539965,148.193950789784));
#3508=CARTESIAN_POINT('',(185.900005495855,-25.154491226471,147.9961480042));
#3509=CARTESIAN_POINT('',(185.952721848062,-25.3691555454166,147.814966897708));
#3510=CARTESIAN_POINT('',(186.071804567135,-25.6720549386975,147.559369588832));
#3511=CARTESIAN_POINT('',(186.181435534466,-25.8511915412629,147.408186050176));
#3512=CARTESIAN_POINT('',(186.502776631392,-26.2006446750369,147.113324659675));
#3513=CARTESIAN_POINT('',(186.821980150934,-26.3418453758629,146.993875293363));
#3514=CARTESIAN_POINT('',(187.1,-26.3420799213441,146.993950789793));
#3515=CARTESIAN_POINT('',(187.1,-26.34207992135,146.9939507898));
#3516=CARTESIAN_POINT('',(187.1,-26.72903450151,147.452498663924));
#3517=CARTESIAN_POINT('',(186.49240218422,-25.30835354398,148.7885280318));
#3518=CARTESIAN_POINT('',(186.48975328254,-25.33605501648,148.7766898134));
#3519=CARTESIAN_POINT('',(186.47858197345,-25.47038549041,148.7189699685));
#3520=CARTESIAN_POINT('',(186.47346055221,-25.70169014617,148.6168261257));
#3521=CARTESIAN_POINT('',(186.49623055704,-25.98842130373,148.484845705));
#3522=CARTESIAN_POINT('',(186.54442648032,-26.23898956992,148.3648033323));
#3523=CARTESIAN_POINT('',(186.61579589156,-26.45294030797,148.2580206328));
#3524=CARTESIAN_POINT('',(186.70960748915,-26.62839055419,148.1666086786));
#3525=CARTESIAN_POINT('',(186.82528953025,-26.76066970832,148.0945901058));
#3526=CARTESIAN_POINT('',(186.95839857821,-26.8419856754,148.0485287128));
#3527=CARTESIAN_POINT('',(187.0815015267,-26.86526254234,148.0350858348));
#3528=CARTESIAN_POINT('',(187.15313158174,-26.85722755133,148.0396760354));
#3529=CARTESIAN_POINT('',(187.17899843979,-26.8509136625,148.0430852031));
#3530=CARTESIAN_POINT('',(186.65733900039,-24.71314255739,148.073509076));
#3531=CARTESIAN_POINT('',(186.66865133227,-24.7412663325,148.0645879076));
#3532=CARTESIAN_POINT('',(186.72467325885,-24.87657060109,148.023660519));
#3533=CARTESIAN_POINT('',(186.83001739435,-25.10162553405,147.973060587));
#3534=CARTESIAN_POINT('',(186.97027372357,-25.36427299139,147.9493712808));
#3535=CARTESIAN_POINT('',(187.09384493954,-25.57667628358,147.9640918852));
#3536=CARTESIAN_POINT('',(187.19078226454,-25.73870514118,148.0104365454));
#3537=CARTESIAN_POINT('',(187.24878038846,-25.84986312452,148.0805540027));
#3538=CARTESIAN_POINT('',(187.25334648884,-25.91193001043,148.1610476051));
#3539=CARTESIAN_POINT('',(187.19694864507,-25.93530230034,148.2273990616));
#3540=CARTESIAN_POINT('',(187.11278118755,-25.93898149803,148.249184868));
#3541=CARTESIAN_POINT('',(187.06346968685,-25.93792238906,148.2418802613));
#3542=CARTESIAN_POINT('',(187.04665602661,-25.93792804291,148.2369879835));
#3543=CARTESIAN_POINT('',(185.75695941598,-24.50372027011,147.8782031491));
#3544=CARTESIAN_POINT('',(185.7720969849,-24.53199263047,147.8515657558));
#3545=CARTESIAN_POINT('',(185.84911736555,-24.6676395243,147.7257630556));
#3546=CARTESIAN_POINT('',(186.01071332568,-24.89049552063,147.5377389489));
#3547=CARTESIAN_POINT('',(186.25709354575,-25.14466923723,147.3608848871));
#3548=CARTESIAN_POINT('',(186.50385890396,-25.34364435634,147.2575219019));
#3549=CARTESIAN_POINT('',(186.73286032384,-25.48740473568,147.2182873379));
#3550=CARTESIAN_POINT('',(186.92381841773,-25.5759417778,147.2329627883));
#3551=CARTESIAN_POINT('',(187.05315435579,-25.61330479543,147.2845563409));
#3552=CARTESIAN_POINT('',(187.1042379788,-25.61628986522,147.3411271049));
#3553=CARTESIAN_POINT('',(187.10073760791,-25.61307371183,147.3614756379));
#3554=CARTESIAN_POINT('',(187.09816678165,-25.61446903533,147.3547404466));
#3555=CARTESIAN_POINT('',(187.09881352751,-25.61669819162,147.3505829764));
#3556=CARTESIAN_POINT('',(185.35847852225,-25.04461046162,148.542562868));
#3557=CARTESIAN_POINT('',(185.36064706298,-25.07249906002,148.5084131192));
#3558=CARTESIAN_POINT('',(185.37592087142,-25.2072610307,148.3438026631));
#3559=CARTESIAN_POINT('',(185.44164209931,-25.4357963808,148.0685890105));
#3560=CARTESIAN_POINT('',(185.59806283659,-25.71185584466,147.7437153439));
#3561=CARTESIAN_POINT('',(185.80140749417,-25.94551288423,147.4749603853));
#3562=CARTESIAN_POINT('',(186.03909631632,-26.13645659267,147.2604005782));
#3563=CARTESIAN_POINT('',(186.30035557559,-26.28341838696,147.0991658463));
#3564=CARTESIAN_POINT('',(186.57317075663,-26.38458588411,146.9907510125));
#3565=CARTESIAN_POINT('',(186.84164024649,-26.44022651192,146.9323719718));
#3566=CARTESIAN_POINT('',(187.06633403494,-26.45481948389,146.9171190147));
#3567=CARTESIAN_POINT('',(187.19682854853,-26.44987556592,146.9224263278));
#3568=CARTESIAN_POINT('',(187.24468476303,-26.44636192053,146.9267609005));
#3569=CARTESIAN_POINT('',(199.99969209397,-57.6880408163503,110.07422202977));
#3570=CARTESIAN_POINT('',(218.132792779797,-27.0267747791228,135.948330263285));
#3571=CARTESIAN_POINT('',(214.4,-31.6733119114998,147.074761029267));
#3572=CARTESIAN_POINT('',(200.,-31.6733119115,147.0747610293));
#3573=CARTESIAN_POINT('',(187.1,-26.34207992135,146.9939507898));
#3574=CARTESIAN_POINT('',(200.,-26.342079927905,146.99395079755));
#3575=CARTESIAN_POINT('',(217.412236908171,-20.1577359825959,152.212730217592));
#3576=CARTESIAN_POINT('',(200.,-26.72903450151,147.4524986639));
#3577=CARTESIAN_POINT('',(214.399846239252,-49.5084714624238,143.574761009598));
#3578=CARTESIAN_POINT('',(214.714056747877,-49.5084725103855,143.574841531672));
#3579=CARTESIAN_POINT('',(215.,-49.5084735583473,143.288971548242));
#3580=CARTESIAN_POINT('',(215.,-49.508474606309,142.9747610293));
#3581=CARTESIAN_POINT('',(215.,-31.6733119115,142.9747610293));
#3582=CARTESIAN_POINT('',(215.,-49.508474606309,142.9747610293));
#3583=CARTESIAN_POINT('',(215.,-31.6733119115,142.9747610293));
#3584=CARTESIAN_POINT('',(214.4,-31.6733119115,142.9747610293));
#3585=CARTESIAN_POINT('',(214.4,-40.590893302665,142.9747610293));
#3586=CARTESIAN_POINT('',(215.,-29.02912228046,143.941350556));
#3587=CARTESIAN_POINT('',(215.,-24.10575345956,148.0960315006));
#3588=CARTESIAN_POINT('',(215.,-29.02912228056,143.941350555882));
#3589=CARTESIAN_POINT('',(214.999941969725,-24.1057535289722,148.096031502322));
#3590=CARTESIAN_POINT('',(215.,-31.6733119115001,147.074761028827));
#3591=CARTESIAN_POINT('',(214.999883939455,-24.1057536024651,148.096031502322));
#3592=CARTESIAN_POINT('',(214.999883939455,-24.1057536024651,138.413291160115));
#3593=CARTESIAN_POINT('',(215.,-57.8806718437027,134.190398316749));
#3594=CARTESIAN_POINT('',(214.400000000027,-29.0291222799868,143.941350556299));
#3595=CARTESIAN_POINT('',(214.400000000003,-24.1057578936854,148.096027758817));
#3596=CARTESIAN_POINT('',(214.4,-26.567436947853,146.01869180643));
#3597=CARTESIAN_POINT('',(214.4,-31.6733119115,147.0747610293));
#3598=CARTESIAN_POINT('',(211.124514071251,-18.9125674399111,151.991152951348));
#3599=CARTESIAN_POINT('',(211.025968120111,-18.8861582342665,151.889338135555));
#3600=CARTESIAN_POINT('',(210.917966929118,-18.8596632015973,151.795918735357));
#3601=CARTESIAN_POINT('',(210.80281729134,-18.8344711845937,151.712967360788));
#3602=CARTESIAN_POINT('',(210.581953561914,-18.7861514248917,151.553861780415));
#3603=CARTESIAN_POINT('',(210.329240002979,-18.7425902755472,151.430574701009));
#3604=CARTESIAN_POINT('',(210.0658471222,-18.7069651342857,151.354514123017));
#3605=CARTESIAN_POINT('',(209.877135437787,-18.6814409804247,151.300019408704));
#3606=CARTESIAN_POINT('',(209.679818401104,-18.6590397056557,151.268548115243));
#3607=CARTESIAN_POINT('',(209.483023888032,-18.6376206830331,151.261736269162));
#3608=CARTESIAN_POINT('',(211.124527634945,-18.9127693680166,151.991166496701));
#3609=CARTESIAN_POINT('',(214.999999999999,-24.10575345956,148.0960315006));
#3610=CARTESIAN_POINT('',(214.999998517155,-23.7991825312341,148.354737366586));
#3611=CARTESIAN_POINT('',(215.003440915804,-23.4384861231843,148.639499887449));
#3612=CARTESIAN_POINT('',(214.932975068704,-22.8216028659699,149.103087542904));
#3613=CARTESIAN_POINT('',(214.883559514205,-22.5288381251176,149.319096679652));
#3614=CARTESIAN_POINT('',(214.724329871263,-21.978630241629,149.723244395879));
#3615=CARTESIAN_POINT('',(214.617256412122,-21.712105203373,149.91746674389));
#3616=CARTESIAN_POINT('',(213.955732831721,-20.4467479131186,150.831436360341));
#3617=CARTESIAN_POINT('',(212.752169434396,-19.3489969079625,151.652596477801));
#3618=CARTESIAN_POINT('',(211.124483096337,-18.9129557250814,151.991192370329));
#3619=CARTESIAN_POINT('',(209.309366600046,-18.61883283548,145.31239023935));
#3620=CARTESIAN_POINT('',(209.694343011547,-18.66044231959,145.31239023935));
#3621=CARTESIAN_POINT('',(210.46442626739,-18.74143104472,145.31239023935));
#3622=CARTESIAN_POINT('',(212.00283823969,-19.11669041838,145.31239023935));
#3623=CARTESIAN_POINT('',(213.78695222373,-20.19185099398,145.31239023935));
#3624=CARTESIAN_POINT('',(214.78379681441,-21.86314813381,145.31239023935));
#3625=CARTESIAN_POINT('',(215.00640618618,-23.24286329126,145.31239023935));
#3626=CARTESIAN_POINT('',(214.99910878035,-23.92267249704,145.31239023935));
#3627=CARTESIAN_POINT('',(215.00016080445,-24.26269815321,145.31239023935));
#3628=CARTESIAN_POINT('',(211.310837433452,-19.0260892138218,152.208163343166));
#3629=CARTESIAN_POINT('',(211.29365639146,-19.0077115770501,152.185555152371));
#3630=CARTESIAN_POINT('',(211.275276175722,-18.9912220638416,152.162209595085));
#3631=CARTESIAN_POINT('',(211.255888022388,-18.976763687392,152.138564069313));
#3632=CARTESIAN_POINT('',(211.216246960907,-18.9472020587071,152.090218374666));
#3633=CARTESIAN_POINT('',(211.171795910851,-18.9258459414522,152.040004738802));
#3634=CARTESIAN_POINT('',(211.124540774174,-18.9129711772952,151.991180540475));
#3635=CARTESIAN_POINT('',(211.310882978864,-19.0261363741106,152.208223248395));
#3636=CARTESIAN_POINT('',(211.310872554231,-19.0261028959136,152.208161544318));
#3637=CARTESIAN_POINT('',(211.339496710899,-19.0372542164147,152.206695383842));
#3638=CARTESIAN_POINT('',(211.370149209883,-19.049017011816,152.205268070876));
#3639=CARTESIAN_POINT('',(211.508133582239,-19.1075954337777,152.19570907648));
#3640=CARTESIAN_POINT('',(211.57405005948,-19.1375648449343,152.190030873756));
#3641=CARTESIAN_POINT('',(211.762564579483,-19.2283398191938,152.170869951562));
#3642=CARTESIAN_POINT('',(211.875889746721,-19.2899733482222,152.155266309578));
#3643=CARTESIAN_POINT('',(212.180341359344,-19.4700301777945,152.104436702572));
#3644=CARTESIAN_POINT('',(212.335812573647,-19.5829791987073,152.065422603895));
#3645=CARTESIAN_POINT('',(212.569264783088,-19.7660995616434,151.997306361663));
#3646=CARTESIAN_POINT('',(212.647793926477,-19.836485814742,151.968302792396));
#3647=CARTESIAN_POINT('',(212.719165044384,-19.9013381034729,151.941142568996));
#3648=CARTESIAN_POINT('',(212.748139500655,-19.9261776424997,151.931174755686));
#3649=CARTESIAN_POINT('',(212.917613485099,-20.0939201422983,151.856280234943));
#3650=CARTESIAN_POINT('',(213.000163426829,-20.182546047316,151.814636362536));
#3651=CARTESIAN_POINT('',(213.397184500928,-20.6469319244131,151.583848378433));
#3652=CARTESIAN_POINT('',(213.672082553827,-21.1242394786294,151.295968019047));
#3653=CARTESIAN_POINT('',(213.997158639883,-21.9407974587379,150.7080658601));
#3654=CARTESIAN_POINT('',(214.058310072974,-22.2356320239384,150.459257056806));
#3655=CARTESIAN_POINT('',(214.09885498477,-22.4372524672296,150.289115707599));
#3656=CARTESIAN_POINT('',(214.26883814038,-24.55350528035,148.484282969));
#3657=CARTESIAN_POINT('',(214.26882648682,-24.53008012702,148.5040507422));
#3658=CARTESIAN_POINT('',(214.26883064701,-24.38709421348,148.6247121982));
#3659=CARTESIAN_POINT('',(214.26878455293,-24.11740131539,148.852297818));
#3660=CARTESIAN_POINT('',(214.25654277715,-23.73308664981,149.1766092551));
#3661=CARTESIAN_POINT('',(214.21505981859,-23.31340018593,149.5307698752));
#3662=CARTESIAN_POINT('',(214.11998723902,-22.84982178145,149.9219695666));
#3663=CARTESIAN_POINT('',(213.94025099245,-22.34014897106,150.3520669228));
#3664=CARTESIAN_POINT('',(213.64260715431,-21.79602241209,150.8112387477));
#3665=CARTESIAN_POINT('',(213.20743916668,-21.25154272943,151.2707085629));
#3666=CARTESIAN_POINT('',(212.63792713194,-20.74950768942,151.6943606373));
#3667=CARTESIAN_POINT('',(211.95308074401,-20.32823758378,152.0498576444));
#3668=CARTESIAN_POINT('',(211.18792802215,-20.01963272548,152.3102798818));
#3669=CARTESIAN_POINT('',(210.39907170957,-19.832743604,152.4679899174));
#3670=CARTESIAN_POINT('',(209.787429297051,-19.75279704024,152.5354543868));
#3671=CARTESIAN_POINT('',(209.446680471076,-19.71593277393,152.5665630179));
#3672=CARTESIAN_POINT('',(209.36588073011,-19.70725058585,152.5738896519));
#3673=CARTESIAN_POINT('',(215.06810748552,-24.66870681927,148.6213752117));
#3674=CARTESIAN_POINT('',(215.06809358535,-24.64547169944,148.6409826214));
#3675=CARTESIAN_POINT('',(215.06809323863,-24.50306079819,148.7611588421));
#3676=CARTESIAN_POINT('',(215.06808834113,-24.22776649596,148.9934713162));
#3677=CARTESIAN_POINT('',(215.05528653249,-23.82024820167,149.3373635886));
#3678=CARTESIAN_POINT('',(215.01010496543,-23.36010663405,149.7256630381));
#3679=CARTESIAN_POINT('',(214.9035367822,-22.83883869654,150.1655451688));
#3680=CARTESIAN_POINT('',(214.69865241776,-22.25714850423,150.6564157994));
#3681=CARTESIAN_POINT('',(214.35698555061,-21.63231701225,151.1836920583));
#3682=CARTESIAN_POINT('',(213.85597300762,-21.00525351101,151.7128518419));
#3683=CARTESIAN_POINT('',(213.19676107197,-20.4237531836,152.2035622513));
#3684=CARTESIAN_POINT('',(212.39622105517,-19.93078003031,152.6195672757));
#3685=CARTESIAN_POINT('',(211.49423203071,-19.56698070059,152.9265664459));
#3686=CARTESIAN_POINT('',(210.57757660148,-19.35099612304,153.1088292504));
#3687=CARTESIAN_POINT('',(209.907679713274,-19.26443646306,153.1818743102));
#3688=CARTESIAN_POINT('',(209.558763559677,-19.2265744039,153.2138249483));
#3689=CARTESIAN_POINT('',(209.477421702113,-19.21781954105,153.2212129103));
#3690=CARTESIAN_POINT('',(215.41509241758,-24.19007982647,148.0544441843));
#3691=CARTESIAN_POINT('',(215.4150775421,-24.16692720543,148.0739819758));
#3692=CARTESIAN_POINT('',(215.4150752388,-24.02476593292,148.1939475423));
#3693=CARTESIAN_POINT('',(215.41508822588,-23.74703990621,148.4283120746));
#3694=CARTESIAN_POINT('',(215.40204329149,-23.32944827483,148.7807049293));
#3695=CARTESIAN_POINT('',(215.35525605616,-22.85174402762,149.183824989));
#3696=CARTESIAN_POINT('',(215.24369731339,-22.30543146801,149.6448415133));
#3697=CARTESIAN_POINT('',(215.02789545534,-21.69247653808,150.1620955034));
#3698=CARTESIAN_POINT('',(214.66711697353,-21.03260880222,150.7189377811));
#3699=CARTESIAN_POINT('',(214.13751948768,-20.3696933809,151.2783519077));
#3700=CARTESIAN_POINT('',(213.43936634377,-19.75369497407,151.7981741952));
#3701=CARTESIAN_POINT('',(212.58860052236,-19.22959354435,152.2404474236));
#3702=CARTESIAN_POINT('',(211.62720707378,-18.8418327678,152.5676669288));
#3703=CARTESIAN_POINT('',(210.65507051285,-18.61321704793,152.7605887694));
#3704=CARTESIAN_POINT('',(209.959883745316,-18.52378645995,152.8360565179));
#3705=CARTESIAN_POINT('',(209.607421928874,-18.48549123131,152.8683726946));
#3706=CARTESIAN_POINT('',(209.525844723499,-18.47670481834,152.8757872808));
#3707=CARTESIAN_POINT('',(214.76526453411,-23.86874046774,147.6731828334));
#3708=CARTESIAN_POINT('',(214.76525148518,-23.84543334427,147.6928510048));
#3709=CARTESIAN_POINT('',(214.76525284613,-23.70280457101,147.813211081));
#3710=CARTESIAN_POINT('',(214.76523233926,-23.42963263938,148.0437325512));
#3711=CARTESIAN_POINT('',(214.75264272693,-23.0309061941,148.3802056501));
#3712=CARTESIAN_POINT('',(214.70886256168,-22.58609305499,148.7555699058));
#3713=CARTESIAN_POINT('',(214.60665005975,-22.08668366686,149.1770062727));
#3714=CARTESIAN_POINT('',(214.41129431077,-21.53228084223,149.6448499251));
#3715=CARTESIAN_POINT('',(214.08630775811,-20.93802842882,150.1463214313));
#3716=CARTESIAN_POINT('',(213.61024370038,-20.34225591541,150.6490757036));
#3717=CARTESIAN_POINT('',(212.98501903435,-19.79086496517,151.1143777269));
#3718=CARTESIAN_POINT('',(212.22831530408,-19.32506007838,151.5074562789));
#3719=CARTESIAN_POINT('',(211.37817351984,-18.98217391983,151.7968074612));
#3720=CARTESIAN_POINT('',(210.50994114338,-18.77721360318,151.9697672278));
#3721=CARTESIAN_POINT('',(209.862116861179,-18.69315964368,152.0406978033));
#3722=CARTESIAN_POINT('',(209.516295305938,-18.65567564797,152.0723294052));
#3723=CARTESIAN_POINT('',(209.435158856215,-18.64694832158,152.0796941301));
#3724=CARTESIAN_POINT('',(211.487394619451,-19.1771317414939,152.475908103157));
#3725=CARTESIAN_POINT('',(211.440831345021,-19.1512367886514,152.393844096476));
#3726=CARTESIAN_POINT('',(211.391530406798,-19.1082743904261,152.318324957732));
#3727=CARTESIAN_POINT('',(211.342058320208,-19.0584412969908,152.250190063968));
#3728=CARTESIAN_POINT('',(211.331705483404,-19.0480129136468,152.235931731959));
#3729=CARTESIAN_POINT('',(211.321314803785,-19.0372339282965,152.221951498627));
#3730=CARTESIAN_POINT('',(211.310898117318,-19.0261520686178,152.20824319932));
#3731=CARTESIAN_POINT('',(213.498895480431,-22.8311801922642,150.747663619055));
#3732=CARTESIAN_POINT('',(213.496245415192,-22.6031737902042,150.477435587988));
#3733=CARTESIAN_POINT('',(213.74531803517,-22.4396524121983,150.287090447914));
#3734=CARTESIAN_POINT('',(214.098854982842,-22.4372524218879,150.289115745857));
#3735=CARTESIAN_POINT('',(214.23196829938,-22.49822600655,150.2568589645));
#3736=CARTESIAN_POINT('',(213.75190268727,-22.42985162826,150.172205154));
#3737=CARTESIAN_POINT('',(213.40437614044,-22.65751023889,150.4362153529));
#3738=CARTESIAN_POINT('',(213.51463262232,-22.96814016157,150.8018070744));
#3739=CARTESIAN_POINT('',(214.23139525342,-22.48076426619,150.2716090459));
#3740=CARTESIAN_POINT('',(213.75125218763,-22.41307092922,150.1868465747));
#3741=CARTESIAN_POINT('',(213.40398514472,-22.6407315128,150.4511956539));
#3742=CARTESIAN_POINT('',(213.51459522298,-22.95068249358,150.8172566444));
#3743=CARTESIAN_POINT('',(214.22804562656,-22.3901809622,150.3477022579));
#3744=CARTESIAN_POINT('',(213.74746622665,-22.32634120769,150.2623486852));
#3745=CARTESIAN_POINT('',(213.40167543472,-22.55411021643,150.5285412352));
#3746=CARTESIAN_POINT('',(213.51429275182,-22.8603229919,150.897154997));
#3747=CARTESIAN_POINT('',(214.21785576898,-22.21866555212,150.4874802741));
#3748=CARTESIAN_POINT('',(213.73618123312,-22.16511352127,150.4007634988));
#3749=CARTESIAN_POINT('',(213.39439174937,-22.39396500682,150.6712074746));
#3750=CARTESIAN_POINT('',(213.51236206506,-22.69104194128,151.0457084561));
#3751=CARTESIAN_POINT('',(214.19223765223,-21.97029631073,150.6774202138));
#3752=CARTESIAN_POINT('',(213.70902295342,-21.93756538433,150.5883134065));
#3753=CARTESIAN_POINT('',(213.375244613,-22.16935274314,150.8662111852));
#3754=CARTESIAN_POINT('',(213.50327989059,-22.44873268772,151.251033922));
#3755=CARTESIAN_POINT('',(214.14806617289,-21.68910595134,150.8754943375));
#3756=CARTESIAN_POINT('',(213.66412803204,-21.68575613574,150.7833957726));
#3757=CARTESIAN_POINT('',(213.3413449818,-21.92178371496,151.0706239586));
#3758=CARTESIAN_POINT('',(213.48180398371,-22.17629464207,151.4683671042));
#3759=CARTESIAN_POINT('',(214.07608228057,-21.36759842061,151.0796132477));
#3760=CARTESIAN_POINT('',(213.59386122113,-21.40334917072,150.9840112884));
#3761=CARTESIAN_POINT('',(213.28511302573,-21.64462998555,151.2821655253));
#3762=CARTESIAN_POINT('',(213.43878968289,-21.86563040767,151.6950386689));
#3763=CARTESIAN_POINT('',(213.96474055076,-21.00423761769,151.2825708128));
#3764=CARTESIAN_POINT('',(213.48906482649,-21.08876275027,151.1832095648));
#3765=CARTESIAN_POINT('',(213.19691437816,-21.33592607561,151.4930879115));
#3766=CARTESIAN_POINT('',(213.36170765566,-21.51441179849,151.9221961758));
#3767=CARTESIAN_POINT('',(213.80351438839,-20.60897470842,151.4716077265));
#3768=CARTESIAN_POINT('',(213.3417587473,-20.74945731986,151.3686244639));
#3769=CARTESIAN_POINT('',(213.06748571299,-21.00260623046,151.6897988027));
#3770=CARTESIAN_POINT('',(213.23738257902,-21.13150384134,152.1345493459));
#3771=CARTESIAN_POINT('',(213.59209005605,-20.20952498979,151.6304309619));
#3772=CARTESIAN_POINT('',(213.15256187876,-20.40745801631,151.5243932389));
#3773=CARTESIAN_POINT('',(212.89544674732,-20.66621487297,151.8550935363));
#3774=CARTESIAN_POINT('',(213.06137417671,-20.74362958312,152.3130352806));
#3775=CARTESIAN_POINT('',(213.34504687237,-19.83876990962,151.7491468178));
#3776=CARTESIAN_POINT('',(212.93422496961,-20.08963477473,151.6408523718));
#3777=CARTESIAN_POINT('',(212.69199677527,-20.35353397087,151.9785907211));
#3778=CARTESIAN_POINT('',(212.84505938256,-20.38348889661,152.4462785037));
#3779=CARTESIAN_POINT('',(213.08335594721,-19.51665874859,151.8290026731));
#3780=CARTESIAN_POINT('',(212.70452302312,-19.81272288507,151.7192267776));
#3781=CARTESIAN_POINT('',(212.47466746852,-20.08163836035,152.0615853297));
#3782=CARTESIAN_POINT('',(212.60890704139,-20.07173192586,152.535671001));
#3783=CARTESIAN_POINT('',(212.82111517537,-19.24509330459,151.8777506082));
#3784=CARTESIAN_POINT('',(212.47529957322,-19.57858280169,151.7670902438));
#3785=CARTESIAN_POINT('',(212.25580089032,-19.85254916435,152.1122071928));
#3786=CARTESIAN_POINT('',(212.36804407116,-19.81059210762,152.5901125919));
#3787=CARTESIAN_POINT('',(212.56430800773,-19.01743825599,151.9031190846));
#3788=CARTESIAN_POINT('',(212.25149988029,-19.38174488514,151.7920104052));
#3789=CARTESIAN_POINT('',(212.04091397288,-19.66088677823,152.1385255161));
#3790=CARTESIAN_POINT('',(212.12963392068,-19.59361996269,152.6183670389));
#3791=CARTESIAN_POINT('',(212.31470571882,-18.82597929433,151.9115142309));
#3792=CARTESIAN_POINT('',(212.03401574085,-19.21539157189,151.8002731049));
#3793=CARTESIAN_POINT('',(211.83213857576,-19.50039561613,152.1472012776));
#3794=CARTESIAN_POINT('',(211.89800750043,-19.41426117067,152.6276147934));
#3795=CARTESIAN_POINT('',(212.07439312137,-18.66546852544,151.9076849376));
#3796=CARTESIAN_POINT('',(211.8245566807,-19.07526891216,151.7965049847));
#3797=CARTESIAN_POINT('',(211.6312663012,-19.36639297001,152.1432423767));
#3798=CARTESIAN_POINT('',(211.67541903864,-19.26638282984,152.6233917064));
#3799=CARTESIAN_POINT('',(211.84512486965,-18.53158180537,151.8950804737));
#3800=CARTESIAN_POINT('',(211.62454468302,-18.95780767462,151.7840812586));
#3801=CARTESIAN_POINT('',(211.43965289795,-19.25498601812,152.1302549827));
#3802=CARTESIAN_POINT('',(211.46348647388,-19.1449928676,152.6096237655));
#3803=CARTESIAN_POINT('',(211.62902206188,-18.42084271628,151.8761060751));
#3804=CARTESIAN_POINT('',(211.43586335418,-18.8601641977,151.7653742017));
#3805=CARTESIAN_POINT('',(211.25875678293,-19.16300190561,152.1107141662));
#3806=CARTESIAN_POINT('',(211.2634532633,-19.04593537245,152.588928389));
#3807=CARTESIAN_POINT('',(211.42489789813,-18.32889771952,151.8530337798));
#3808=CARTESIAN_POINT('',(211.25647685999,-18.77827546473,151.7425597619));
#3809=CARTESIAN_POINT('',(211.08802993622,-19.08692157318,152.0870955512));
#3810=CARTESIAN_POINT('',(211.0772036307,-18.9659795977,152.5641961816));
#3811=CARTESIAN_POINT('',(211.23356355236,-18.25307529974,151.8280908558));
#3812=CARTESIAN_POINT('',(211.08720617028,-18.71011369105,151.7178327398));
#3813=CARTESIAN_POINT('',(210.92779868706,-19.02426083055,152.0616951949));
#3814=CARTESIAN_POINT('',(210.90452775367,-18.90151195319,152.5378634164));
#3815=CARTESIAN_POINT('',(211.05486471276,-18.19067112824,151.802707799));
#3816=CARTESIAN_POINT('',(210.92797773511,-18.65348945341,151.6926144709));
#3817=CARTESIAN_POINT('',(210.77768676188,-18.97265086853,152.0359630014));
#3818=CARTESIAN_POINT('',(210.74464646318,-18.84945783647,152.511419559));
#3819=CARTESIAN_POINT('',(210.88819911766,-18.13932863391,151.7777753582));
#3820=CARTESIAN_POINT('',(210.77833798707,-18.60647789059,151.667795123));
#3821=CARTESIAN_POINT('',(210.63700127106,-18.93006754102,152.01079095));
#3822=CARTESIAN_POINT('',(210.59646350838,-18.80725574078,152.4857590965));
#3823=CARTESIAN_POINT('',(210.73425083802,-18.09736232048,151.753924255));
#3824=CARTESIAN_POINT('',(210.63940225061,-18.56779092689,151.6440540175));
#3825=CARTESIAN_POINT('',(210.50584729485,-18.89501948044,151.9867067942));
#3826=CARTESIAN_POINT('',(210.45857769739,-18.77280055146,152.461199897));
#3827=CARTESIAN_POINT('',(210.59064524783,-18.06263625176,151.7310072611));
#3828=CARTESIAN_POINT('',(210.50856764125,-18.53545082186,151.6211921136));
#3829=CARTESIAN_POINT('',(210.38263319436,-18.8658664891,151.963673081));
#3830=CARTESIAN_POINT('',(210.33070173401,-18.74465306036,152.4379282688));
#3831=CARTESIAN_POINT('',(210.45553872975,-18.03361485844,151.7094587901));
#3832=CARTESIAN_POINT('',(210.38395902529,-18.50810880313,151.5996148415));
#3833=CARTESIAN_POINT('',(210.26605023164,-18.84138240201,151.9421856308));
#3834=CARTESIAN_POINT('',(210.2121611084,-18.72153077415,152.4165652005));
#3835=CARTESIAN_POINT('',(210.32813684043,-18.00923366057,151.6896715589));
#3836=CARTESIAN_POINT('',(210.26498880065,-18.48488815579,151.5797283117));
#3837=CARTESIAN_POINT('',(210.15540170892,-18.82067580148,151.9226087843));
#3838=CARTESIAN_POINT('',(210.10193619082,-18.70233886468,152.3974171921));
#3839=CARTESIAN_POINT('',(210.20740303192,-17.98856248349,151.6719139703));
#3840=CARTESIAN_POINT('',(210.1507472383,-18.46498754149,151.5618078907));
#3841=CARTESIAN_POINT('',(210.0498866846,-18.80298768206,151.9051961892));
#3842=CARTESIAN_POINT('',(209.999214983453,-18.68623453732,152.3807078159));
#3843=CARTESIAN_POINT('',(210.09246258875,-17.97085604687,151.6564317776));
#3844=CARTESIAN_POINT('',(210.04045422867,-18.44775527648,151.5461108891));
#3845=CARTESIAN_POINT('',(209.9488729857,-18.78771398907,151.8901691132));
#3846=CARTESIAN_POINT('',(209.90342812927,-18.67257082376,152.3666084285));
#3847=CARTESIAN_POINT('',(209.982750015683,-17.95552054406,151.6434826319));
#3848=CARTESIAN_POINT('',(209.933636058636,-18.4326653231,151.5329124693));
#3849=CARTESIAN_POINT('',(209.851998829157,-18.77437650178,151.8777481055));
#3850=CARTESIAN_POINT('',(209.81424116991,-18.66085261713,152.3552639528));
#3851=CARTESIAN_POINT('',(209.87722794631,-17.94199276412,151.6333149897));
#3852=CARTESIAN_POINT('',(209.829236384361,-18.41918926489,151.5224821967));
#3853=CARTESIAN_POINT('',(209.758670090098,-18.76253881304,151.8681368996));
#3854=CARTESIAN_POINT('',(209.731570813252,-18.65070662451,152.3467869609));
#3855=CARTESIAN_POINT('',(209.777370234035,-17.93007340836,151.6263051624));
#3856=CARTESIAN_POINT('',(209.729154886814,-18.40719805107,151.5152555532));
#3857=CARTESIAN_POINT('',(209.669862967804,-18.7520051382,151.8615864414));
#3858=CARTESIAN_POINT('',(209.654984737859,-18.64179580067,152.3411728593));
#3859=CARTESIAN_POINT('',(209.677106621294,-17.91871842366,151.6222179335));
#3860=CARTESIAN_POINT('',(209.626643771111,-18.3955703274,151.5109916467));
#3861=CARTESIAN_POINT('',(209.581525900575,-18.74202932632,151.8578735403));
#3862=CARTESIAN_POINT('',(209.583978028662,-18.63385055626,152.3382229705));
#3863=CARTESIAN_POINT('',(209.575722374976,-17.90767993516,151.6231438258));
#3864=CARTESIAN_POINT('',(209.518401325578,-18.38378813572,151.5118820364));
#3865=CARTESIAN_POINT('',(209.498024315104,-18.73293112299,151.8588746521));
#3866=CARTESIAN_POINT('',(209.533661828124,-18.62835213546,152.3393774061));
#3867=CARTESIAN_POINT('',(209.522395947606,-17.90194426878,151.6287938932));
#3868=CARTESIAN_POINT('',(209.461826631004,-18.37770685906,151.5180649063));
#3869=CARTESIAN_POINT('',(209.452551070299,-18.72803269497,151.8633958685));
#3870=CARTESIAN_POINT('',(209.503250099097,-18.62505800781,152.3415976252));
#3871=CARTESIAN_POINT('',(209.512890943683,-17.90092347809,151.630000159));
#3872=CARTESIAN_POINT('',(209.452522995238,-18.37670878624,151.5193642937));
#3873=CARTESIAN_POINT('',(209.442819166234,-18.7269853348,151.8644048372));
#3874=CARTESIAN_POINT('',(209.492861099022,-18.62393548225,152.3422044327));
#3875=CARTESIAN_POINT('',(214.099999999951,-25.3070137341297,148.652498663926));
#3876=CARTESIAN_POINT('',(213.500289828651,-23.1115306644042,150.505199932011));
#3877=CARTESIAN_POINT('',(213.500290928772,-22.9093428556373,150.264876570539));
#3878=CARTESIAN_POINT('',(213.785937692109,-22.7248794803896,150.046595749588));
#3879=CARTESIAN_POINT('',(214.100000000005,-22.7245766330762,150.046651665875));
#3880=CARTESIAN_POINT('',(214.1,-24.2092711784167,149.578850161168));
#3881=CARTESIAN_POINT('',(214.099850964768,-22.9679803333954,150.626337689183));
#3882=CARTESIAN_POINT('',(213.50759781578,-25.30835354398,148.7885280318));
#3883=CARTESIAN_POINT('',(213.34266099961,-24.71314255739,148.073509076));
#3884=CARTESIAN_POINT('',(214.24304058402,-24.50372027011,147.8782031491));
#3885=CARTESIAN_POINT('',(214.64152147775,-25.04461046162,148.542562868));
#3886=CARTESIAN_POINT('',(213.51024671746,-25.33605501648,148.7766898134));
#3887=CARTESIAN_POINT('',(213.33134866773,-24.7412663325,148.0645879076));
#3888=CARTESIAN_POINT('',(214.2279030151,-24.53199263047,147.8515657558));
#3889=CARTESIAN_POINT('',(214.63935293702,-25.07249906002,148.5084131192));
#3890=CARTESIAN_POINT('',(213.52141802655,-25.47038549041,148.7189699685));
#3891=CARTESIAN_POINT('',(213.27532674115,-24.87657060109,148.023660519));
#3892=CARTESIAN_POINT('',(214.15088263445,-24.6676395243,147.7257630556));
#3893=CARTESIAN_POINT('',(214.62407912858,-25.2072610307,148.3438026631));
#3894=CARTESIAN_POINT('',(213.52653944779,-25.70169014617,148.6168261257));
#3895=CARTESIAN_POINT('',(213.16998260565,-25.10162553405,147.973060587));
#3896=CARTESIAN_POINT('',(213.98928667432,-24.89049552063,147.5377389489));
#3897=CARTESIAN_POINT('',(214.55835790069,-25.4357963808,148.0685890105));
#3898=CARTESIAN_POINT('',(213.50376944296,-25.98842130373,148.484845705));
#3899=CARTESIAN_POINT('',(213.02972627643,-25.36427299139,147.9493712808));
#3900=CARTESIAN_POINT('',(213.74290645425,-25.14466923723,147.3608848871));
#3901=CARTESIAN_POINT('',(214.40193716341,-25.71185584466,147.7437153439));
#3902=CARTESIAN_POINT('',(213.45557351968,-26.23898956992,148.3648033323));
#3903=CARTESIAN_POINT('',(212.90615506046,-25.57667628358,147.9640918852));
#3904=CARTESIAN_POINT('',(213.49614109604,-25.34364435634,147.2575219019));
#3905=CARTESIAN_POINT('',(214.19859250583,-25.94551288423,147.4749603853));
#3906=CARTESIAN_POINT('',(213.38420410844,-26.45294030797,148.2580206328));
#3907=CARTESIAN_POINT('',(212.80921773546,-25.73870514118,148.0104365454));
#3908=CARTESIAN_POINT('',(213.26713967616,-25.48740473568,147.2182873379));
#3909=CARTESIAN_POINT('',(213.96090368368,-26.13645659267,147.2604005782));
#3910=CARTESIAN_POINT('',(213.29039251085,-26.62839055419,148.1666086786));
#3911=CARTESIAN_POINT('',(212.75121961154,-25.84986312452,148.0805540027));
#3912=CARTESIAN_POINT('',(213.07618158227,-25.5759417778,147.2329627883));
#3913=CARTESIAN_POINT('',(213.69964442441,-26.28341838696,147.0991658463));
#3914=CARTESIAN_POINT('',(213.17471046975,-26.76066970832,148.0945901058));
#3915=CARTESIAN_POINT('',(212.74665351116,-25.91193001043,148.1610476051));
#3916=CARTESIAN_POINT('',(212.94684564421,-25.61330479543,147.2845563409));
#3917=CARTESIAN_POINT('',(213.42682924337,-26.38458588411,146.9907510125));
#3918=CARTESIAN_POINT('',(213.04160142179,-26.8419856754,148.0485287128));
#3919=CARTESIAN_POINT('',(212.80305135493,-25.93530230034,148.2273990616));
#3920=CARTESIAN_POINT('',(212.8957620212,-25.61628986522,147.3411271049));
#3921=CARTESIAN_POINT('',(213.15835975351,-26.44022651192,146.9323719718));
#3922=CARTESIAN_POINT('',(212.9184984733,-26.86526254234,148.0350858348));
#3923=CARTESIAN_POINT('',(212.88721881245,-25.93898149803,148.249184868));
#3924=CARTESIAN_POINT('',(212.89926239209,-25.61307371183,147.3614756379));
#3925=CARTESIAN_POINT('',(212.93366596506,-26.45481948389,146.9171190147));
#3926=CARTESIAN_POINT('',(212.84686841826,-26.85722755133,148.0396760354));
#3927=CARTESIAN_POINT('',(212.93653031315,-25.93792238906,148.2418802613));
#3928=CARTESIAN_POINT('',(212.90183321835,-25.61446903533,147.3547404466));
#3929=CARTESIAN_POINT('',(212.80317145147,-26.44987556592,146.9224263278));
#3930=CARTESIAN_POINT('',(212.82100156021,-26.8509136625,148.0430852031));
#3931=CARTESIAN_POINT('',(212.95334397339,-25.93792804291,148.2369879835));
#3932=CARTESIAN_POINT('',(212.90118647249,-25.61669819162,147.3505829764));
#3933=CARTESIAN_POINT('',(212.75531523697,-26.44636192053,146.9267609005));
#3934=CARTESIAN_POINT('',(200.,-54.5922228221316,143.5747610293));
#3935=CARTESIAN_POINT('',(200.,-54.6036693580638,143.574761029696));
#3936=CARTESIAN_POINT('',(200.,-54.6151141049956,143.574569937273));
#3937=CARTESIAN_POINT('',(200.,-54.6379918608285,143.573812593393));
#3938=CARTESIAN_POINT('',(200.,-54.6494242138162,143.573246365396));
#3939=CARTESIAN_POINT('',(200.,-54.6836854874904,143.57099572852));
#3940=CARTESIAN_POINT('',(200.,-54.7064771310364,143.568759476677));
#3941=CARTESIAN_POINT('',(200.,-54.7745692165058,143.559930596104));
#3942=CARTESIAN_POINT('',(200.000000000001,-54.819604284756,143.551216551791));
#3943=CARTESIAN_POINT('',(200.000000000001,-54.8639519541312,143.539898495525));
#3944=CARTESIAN_POINT('',(200.000000000001,-54.9534962590434,143.517045716661));
#3945=CARTESIAN_POINT('',(200.000000000001,-55.0405460712466,143.483499305163));
#3946=CARTESIAN_POINT('',(200.000000000002,-55.1225001731174,143.440836395363));
#3947=CARTESIAN_POINT('',(200.000000000002,-55.1635108645607,143.419487428199));
#3948=CARTESIAN_POINT('',(200.000000000001,-55.2033484429938,143.395802303041));
#3949=CARTESIAN_POINT('',(200.000000000001,-55.2800044672226,143.344081090641));
#3950=CARTESIAN_POINT('',(200.000000000001,-55.3168810427099,143.316005426536));
#3951=CARTESIAN_POINT('',(200.000000000001,-55.3519454955507,143.285863008876));
#3952=CARTESIAN_POINT('',(200.000000000001,-55.4213460077398,143.226204321665));
#3953=CARTESIAN_POINT('',(200.000000000001,-55.4838365485427,143.158284300212));
#3954=CARTESIAN_POINT('',(200.,-55.5363688210396,143.083269898759));
#3955=CARTESIAN_POINT('',(214.389375752662,-49.4070323018486,143.574784102926));
#3956=CARTESIAN_POINT('',(214.393239296882,-49.4070134097103,143.574776411717));
#3957=CARTESIAN_POINT('',(214.397102841101,-49.4069945175719,143.574768720509));
#3958=CARTESIAN_POINT('',(214.400966385321,-49.4069756254336,143.5747610293));
#3959=CARTESIAN_POINT('',(214.497554990812,-49.4065033219752,143.574568749081));
#3960=CARTESIAN_POINT('',(214.665543414506,-49.4038785404348,143.528425683368));
#3961=CARTESIAN_POINT('',(214.831487549466,-49.3975979404902,143.406519514157));
#3962=CARTESIAN_POINT('',(214.953566115736,-49.3916679296004,143.240172554332));
#3963=CARTESIAN_POINT('',(214.999731699364,-49.3897448168074,143.073494496037));
#3964=CARTESIAN_POINT('',(215.,-49.3897400103877,142.974754752985));
#3965=CARTESIAN_POINT('',(214.389051027412,-49.4408463349989,143.574777713061));
#3966=CARTESIAN_POINT('',(214.392915437235,-49.4408337402347,143.574772151807));
#3967=CARTESIAN_POINT('',(214.396779847058,-49.4408211454705,143.574766590554));
#3968=CARTESIAN_POINT('',(214.400644256881,-49.4408085507062,143.5747610293));
#3969=CARTESIAN_POINT('',(214.497254502452,-49.4404936816005,143.574621997957));
#3970=CARTESIAN_POINT('',(214.665342232383,-49.4387438270029,143.528537988073));
#3971=CARTESIAN_POINT('',(214.831402303006,-49.4345567600915,143.406616587658));
#3972=CARTESIAN_POINT('',(214.953542335645,-49.4306034192159,143.240236916718));
#3973=CARTESIAN_POINT('',(214.999730672069,-49.4293213437853,143.073524927387));
#3974=CARTESIAN_POINT('',(215.,-49.429318139369,142.97475684509));
#3975=CARTESIAN_POINT('',(214.388726302162,-49.4746603681492,143.574771323196));
#3976=CARTESIAN_POINT('',(214.392591577588,-49.4746540707591,143.574767891897));
#3977=CARTESIAN_POINT('',(214.396456853014,-49.474647773369,143.574764460599));
#3978=CARTESIAN_POINT('',(214.40032212844,-49.4746414759789,143.5747610293));
#3979=CARTESIAN_POINT('',(214.496954014091,-49.4744840412258,143.574675246832));
#3980=CARTESIAN_POINT('',(214.665141050259,-49.4736091135711,143.528650292778));
#3981=CARTESIAN_POINT('',(214.831317056547,-49.4715155796928,143.40671366116));
#3982=CARTESIAN_POINT('',(214.953518555555,-49.4695389088314,143.240301279103));
#3983=CARTESIAN_POINT('',(214.999729644773,-49.4688978707632,143.073555358738));
#3984=CARTESIAN_POINT('',(215.,-49.4688962683502,142.974758937195));
#3985=CARTESIAN_POINT('',(214.388401576912,-49.5084744012995,143.574764933331));
#3986=CARTESIAN_POINT('',(214.392267717942,-49.5084744012835,143.574763631987));
#3987=CARTESIAN_POINT('',(214.396133858971,-49.5084744012675,143.574762330644));
#3988=CARTESIAN_POINT('',(214.4,-49.5084744012515,143.5747610293));
#3989=CARTESIAN_POINT('',(214.49665352573,-49.5084744008511,143.574728495708));
#3990=CARTESIAN_POINT('',(214.664939868135,-49.5084744001392,143.528762597483));
#3991=CARTESIAN_POINT('',(214.831231810087,-49.5084743992941,143.406810734661));
#3992=CARTESIAN_POINT('',(214.953494775464,-49.5084743984469,143.240365641489));
#3993=CARTESIAN_POINT('',(214.999728617478,-49.5084743977411,143.073585790088));
#3994=CARTESIAN_POINT('',(215.,-49.5084743973315,142.9747610293));
#3995=CARTESIAN_POINT('',(214.385321957703,-49.8291588755493,143.574704333328));
#3996=CARTESIAN_POINT('',(214.389196307913,-49.8292185983737,143.574723231985));
#3997=CARTESIAN_POINT('',(214.393070658122,-49.829278321198,143.574742130643));
#3998=CARTESIAN_POINT('',(214.396945008332,-49.8293380440224,143.5747610293));
#3999=CARTESIAN_POINT('',(214.493803763575,-49.8308311146317,143.575233495735));
#4000=CARTESIAN_POINT('',(214.663031903376,-49.8391287188053,143.529827669346));
#4001=CARTESIAN_POINT('',(214.830423352369,-49.8589833013243,143.407731357309));
#4002=CARTESIAN_POINT('',(214.953269250582,-49.8777295819827,143.240976039477));
#4003=CARTESIAN_POINT('',(214.999718874847,-49.8838090314454,143.07387439398));
#4004=CARTESIAN_POINT('',(215.,-49.8838242240653,142.974780870339));
#4005=CARTESIAN_POINT('',(214.372852674458,-50.1498061839705,143.5747610293));
#4006=CARTESIAN_POINT('',(214.376821772564,-50.1500226756864,143.5747610293));
#4007=CARTESIAN_POINT('',(214.38079087067,-50.1502391674022,143.5747610293));
#4008=CARTESIAN_POINT('',(214.384759968776,-50.1504556591181,143.5747610293));
#4009=CARTESIAN_POINT('',(214.483987421427,-50.1558679520148,143.5747610293));
#4010=CARTESIAN_POINT('',(214.659203584219,-50.1749035269915,143.549394935937));
#4011=CARTESIAN_POINT('',(214.850531526615,-50.2137540387871,143.436070834642));
#4012=CARTESIAN_POINT('',(214.968583092956,-50.2485658816934,143.248295090932));
#4013=CARTESIAN_POINT('',(214.997246503637,-50.2595241188912,143.07402571274));
#4014=CARTESIAN_POINT('',(214.998772121548,-50.2595515199351,142.974756856187));
#4015=CARTESIAN_POINT('',(214.310992385983,-50.7877114051401,143.5747610293));
#4016=CARTESIAN_POINT('',(214.315003216308,-50.7882643019197,143.5747610293));
#4017=CARTESIAN_POINT('',(214.319014046633,-50.7888171986994,143.5747610293));
#4018=CARTESIAN_POINT('',(214.323024876958,-50.789370095479,143.5747610293));
#4019=CARTESIAN_POINT('',(214.42329563508,-50.8031925149699,143.5747610293));
#4020=CARTESIAN_POINT('',(214.598798495013,-50.8439327140318,143.550460059975));
#4021=CARTESIAN_POINT('',(214.789503232272,-50.9198999583909,143.439727180967));
#4022=CARTESIAN_POINT('',(214.91022483319,-50.9862950140425,143.253334359894));
#4023=CARTESIAN_POINT('',(214.945761420442,-51.0078908356891,143.077713506439));
#4024=CARTESIAN_POINT('',(214.95272133011,-51.0089503369032,142.976833583685));
#4025=CARTESIAN_POINT('',(214.260269712945,-51.104903866336,143.5747610293));
#4026=CARTESIAN_POINT('',(214.264285529586,-51.1056618817815,143.5747610293));
#4027=CARTESIAN_POINT('',(214.268301346228,-51.106419897227,143.5747610293));
#4028=CARTESIAN_POINT('',(214.27231716287,-51.1071779126726,143.5747610293));
#4029=CARTESIAN_POINT('',(214.372712578915,-51.1261282988112,143.5747610293));
#4030=CARTESIAN_POINT('',(214.54738956406,-51.1784847208572,143.551048388144));
#4031=CARTESIAN_POINT('',(214.736473479143,-51.2723796772124,143.441849641417));
#4032=CARTESIAN_POINT('',(214.858035809784,-51.3536283308278,143.25652924817));
#4033=CARTESIAN_POINT('',(214.897669626046,-51.380692147395,143.080573313976));
#4034=CARTESIAN_POINT('',(214.908036262835,-51.3827807965471,142.979077785283));
#4035=CARTESIAN_POINT('',(214.105647833545,-51.7264621802918,143.5747610293));
#4036=CARTESIAN_POINT('',(214.109582892097,-51.7276824138964,143.5747610293));
#4037=CARTESIAN_POINT('',(214.113517950648,-51.7289026475011,143.5747610293));
#4038=CARTESIAN_POINT('',(214.1174530092,-51.7301228811057,143.5747610293));
#4039=CARTESIAN_POINT('',(214.215829472991,-51.7606287212218,143.5747610293));
#4040=CARTESIAN_POINT('',(214.38440455243,-51.8364792347635,143.551793175762));
#4041=CARTESIAN_POINT('',(214.5648730173,-51.9633450598952,143.444976649328));
#4042=CARTESIAN_POINT('',(214.685086718024,-52.0718744947332,143.262334191255));
#4043=CARTESIAN_POINT('',(214.733152269171,-52.111052227688,143.087714474437));
#4044=CARTESIAN_POINT('',(214.751189047433,-52.1171095474125,142.986613232251));
#4045=CARTESIAN_POINT('',(214.001494683332,-52.0306904494428,143.5747610293));
#4046=CARTESIAN_POINT('',(214.00534642959,-52.0321544521084,143.5747610293));
#4047=CARTESIAN_POINT('',(214.009198175848,-52.0336184547739,143.5747610293));
#4048=CARTESIAN_POINT('',(214.013049922106,-52.0350824574395,143.5747610293));
#4049=CARTESIAN_POINT('',(214.109343578555,-52.0716825240784,143.5747610293));
#4050=CARTESIAN_POINT('',(214.27309199162,-52.1591380127019,143.551960951231));
#4051=CARTESIAN_POINT('',(214.447388437974,-52.3012686218701,143.445986886217));
#4052=CARTESIAN_POINT('',(214.565549237343,-52.4225279174653,143.264865159589));
#4053=CARTESIAN_POINT('',(214.617026356439,-52.4682407789438,143.091769758291));
#4054=CARTESIAN_POINT('',(214.638472483575,-52.4770124274858,142.991572876139));
#4055=CARTESIAN_POINT('',(213.734981689378,-52.6128344867632,143.5747610293));
#4056=CARTESIAN_POINT('',(213.738584761253,-52.6147857420734,143.5747610293));
#4057=CARTESIAN_POINT('',(213.742187833127,-52.6167369973837,143.5747610293));
#4058=CARTESIAN_POINT('',(213.745790905001,-52.6186882526939,143.5747610293));
#4059=CARTESIAN_POINT('',(213.835867701856,-52.6674696354497,143.5747610293));
#4060=CARTESIAN_POINT('',(213.987343269159,-52.7770477353754,143.552250472169));
#4061=CARTESIAN_POINT('',(214.147755423299,-52.9469880057908,143.448158115603));
#4062=CARTESIAN_POINT('',(214.260599263028,-53.0920285140176,143.270944388693));
#4063=CARTESIAN_POINT('',(214.316938201509,-53.151807089566,143.102191090873));
#4064=CARTESIAN_POINT('',(214.34359057915,-53.1673887894036,143.004695930414));
#4065=CARTESIAN_POINT('',(213.572359383583,-52.8906690121032,143.5747610293));
#4066=CARTESIAN_POINT('',(213.575795481602,-52.8928647463476,143.5747610293));
#4067=CARTESIAN_POINT('',(213.579231579622,-52.8950604805919,143.5747610293));
#4068=CARTESIAN_POINT('',(213.582667677642,-52.8972562148363,143.5747610293));
#4069=CARTESIAN_POINT('',(213.668570128136,-52.9521495709455,143.5747610293));
#4070=CARTESIAN_POINT('',(213.812525424675,-53.0723111609757,143.55239299871));
#4071=CARTESIAN_POINT('',(213.965166484077,-53.2548750052467,143.449414927307));
#4072=CARTESIAN_POINT('',(214.074772586004,-53.4109571345329,143.274688896633));
#4073=CARTESIAN_POINT('',(214.132657967596,-53.4781552945942,143.108824947505));
#4074=CARTESIAN_POINT('',(214.161180474791,-53.4977396973906,143.013161001812));
#4075=CARTESIAN_POINT('',(213.187825657425,-53.402266417214,143.5747610293));
#4076=CARTESIAN_POINT('',(213.190834248713,-53.4049198792075,143.5747610293));
#4077=CARTESIAN_POINT('',(213.193842840001,-53.4075733412009,143.5747610293));
#4078=CARTESIAN_POINT('',(213.196851431289,-53.4102268031944,143.5747610293));
#4079=CARTESIAN_POINT('',(213.272066213488,-53.4765633530309,143.5747610293));
#4080=CARTESIAN_POINT('',(213.397756975068,-53.6157280853287,143.552389593603));
#4081=CARTESIAN_POINT('',(213.532299893625,-53.8199937191458,143.451117957373));
#4082=CARTESIAN_POINT('',(213.633072773017,-53.9958215258284,143.281531662863));
#4083=CARTESIAN_POINT('',(213.691223456268,-54.0781106038576,143.122530910605));
#4084=CARTESIAN_POINT('',(213.721411519581,-54.1065300508483,143.031444699564));
#4085=CARTESIAN_POINT('',(212.965432003226,-53.6357796929613,143.5747610293));
#4086=CARTESIAN_POINT('',(212.968171258647,-53.6386478952902,143.5747610293));
#4087=CARTESIAN_POINT('',(212.970910514067,-53.641516097619,143.5747610293));
#4088=CARTESIAN_POINT('',(212.973649769488,-53.6443842999479,143.5747610293));
#4089=CARTESIAN_POINT('',(213.042131155003,-53.7160893581696,143.5747610293));
#4090=CARTESIAN_POINT('',(213.156846090145,-53.8635324408769,143.552057083515));
#4091=CARTESIAN_POINT('',(213.281006252376,-54.076246465747,143.450830639269));
#4092=CARTESIAN_POINT('',(213.376085441303,-54.2599603934402,143.283374981244));
#4093=CARTESIAN_POINT('',(213.432638429839,-54.3494032817943,143.1282126079));
#4094=CARTESIAN_POINT('',(213.462345184283,-54.3824415437802,143.039906989527));
#4095=CARTESIAN_POINT('',(212.590251197546,-53.9350634278242,143.5747610293));
#4096=CARTESIAN_POINT('',(212.592528967524,-53.9382064038378,143.5747610293));
#4097=CARTESIAN_POINT('',(212.594806737501,-53.9413493798513,143.5747610293));
#4098=CARTESIAN_POINT('',(212.597084507479,-53.9444923558649,143.5747610293));
#4099=CARTESIAN_POINT('',(212.654028756922,-54.0230667562041,143.5747610293));
#4100=CARTESIAN_POINT('',(212.751076493511,-54.1811605707368,143.551675457474));
#4101=CARTESIAN_POINT('',(212.860068121978,-54.4049161053536,143.450700788798));
#4102=CARTESIAN_POINT('',(212.946422084505,-54.5990662240421,143.286290213729));
#4103=CARTESIAN_POINT('',(212.998194489215,-54.6979492067186,143.136332829116));
#4104=CARTESIAN_POINT('',(213.024955184072,-54.7370497191537,143.051751620593));
#4105=CARTESIAN_POINT('',(212.458383721885,-54.0262114500062,143.5747610293));
#4106=CARTESIAN_POINT('',(212.460494948,-54.0294410155344,143.5747610293));
#4107=CARTESIAN_POINT('',(212.462606174116,-54.0326705810625,143.5747610293));
#4108=CARTESIAN_POINT('',(212.464717400231,-54.0359001465907,143.5747610293));
#4109=CARTESIAN_POINT('',(212.517498053113,-54.1166392847949,143.5747610293));
#4110=CARTESIAN_POINT('',(212.608365104185,-54.2780497299004,143.551564805382));
#4111=CARTESIAN_POINT('',(212.71237562653,-54.5051749419397,143.450706769876));
#4112=CARTESIAN_POINT('',(212.795888804417,-54.7025227366474,143.287310006865));
#4113=CARTESIAN_POINT('',(212.845761166575,-54.804378347091,143.139036327939));
#4114=CARTESIAN_POINT('',(212.871212026846,-54.8454142621868,143.055651357933));
#4115=CARTESIAN_POINT('',(212.182463717932,-54.187919087363,143.5747610293));
#4116=CARTESIAN_POINT('',(212.184225720348,-54.1913031758962,143.5747610293));
#4117=CARTESIAN_POINT('',(212.185987722765,-54.1946872644294,143.5747610293));
#4118=CARTESIAN_POINT('',(212.187749725182,-54.1980713529626,143.5747610293));
#4119=CARTESIAN_POINT('',(212.231799785602,-54.2826735662924,143.5747610293));
#4120=CARTESIAN_POINT('',(212.309965182311,-54.4501937561309,143.551450603314));
#4121=CARTESIAN_POINT('',(212.404164543595,-54.683924838231,143.451061696582));
#4122=CARTESIAN_POINT('',(212.482070609714,-54.8876102254749,143.289757532301));
#4123=CARTESIAN_POINT('',(212.527649416093,-54.9950390256023,143.144616591218));
#4124=CARTESIAN_POINT('',(212.549975082959,-55.0395803124574,143.06339624782));
#4125=CARTESIAN_POINT('',(212.038492931626,-54.2585094270087,143.5747610293));
#4126=CARTESIAN_POINT('',(212.040075771281,-54.261959517194,143.5747610293));
#4127=CARTESIAN_POINT('',(212.041658610935,-54.2654096073792,143.5747610293));
#4128=CARTESIAN_POINT('',(212.04324145059,-54.2688596975645,143.5747610293));
#4129=CARTESIAN_POINT('',(212.082812441955,-54.3551119521959,143.5747610293));
#4130=CARTESIAN_POINT('',(212.154531749654,-54.5253695554176,143.551434168191));
#4131=CARTESIAN_POINT('',(212.24383323363,-54.7623366608367,143.451362590967));
#4132=CARTESIAN_POINT('',(212.318847787552,-54.9692058855489,143.291109025949));
#4133=CARTESIAN_POINT('',(212.361993235146,-55.0792677273579,143.147418189251));
#4134=CARTESIAN_POINT('',(212.38251498644,-55.1253894743804,143.067175538859));
#4135=CARTESIAN_POINT('',(211.741584064126,-54.3774160174981,143.5747610293));
#4136=CARTESIAN_POINT('',(211.742805331698,-54.3809735512019,143.5747610293));
#4137=CARTESIAN_POINT('',(211.74402659927,-54.3845310849057,143.5747610293));
#4138=CARTESIAN_POINT('',(211.745247866842,-54.3880886186095,143.5747610293));
#4139=CARTESIAN_POINT('',(211.775779556141,-54.4770269612042,143.5747610293));
#4140=CARTESIAN_POINT('',(211.834449889874,-54.6520413322533,143.551417901266));
#4141=CARTESIAN_POINT('',(211.913656470691,-54.8952165736495,143.451941396891));
#4142=CARTESIAN_POINT('',(211.982444346533,-55.1082861271118,143.293570651973));
#4143=CARTESIAN_POINT('',(212.020277270318,-55.2230891222932,143.152439042852));
#4144=CARTESIAN_POINT('',(212.036917352984,-55.2718865476426,143.073913388794));
#4145=CARTESIAN_POINT('',(211.588667419338,-54.4256252551893,143.5747610293));
#4146=CARTESIAN_POINT('',(211.589704693537,-54.429223669343,143.5747610293));
#4147=CARTESIAN_POINT('',(211.590741967737,-54.4328220834966,143.5747610293));
#4148=CARTESIAN_POINT('',(211.591779241936,-54.4364204976503,143.5747610293));
#4149=CARTESIAN_POINT('',(211.617711096923,-54.5263808514918,143.5747610293));
#4150=CARTESIAN_POINT('',(211.669744782787,-54.7033577538992,143.551372836049));
#4151=CARTESIAN_POINT('',(211.743773020018,-54.9493968123825,143.452048117773));
#4152=CARTESIAN_POINT('',(211.809246746441,-55.1654146964359,143.294403122457));
#4153=CARTESIAN_POINT('',(211.844171410692,-55.2823492499841,143.154374375122));
#4154=CARTESIAN_POINT('',(211.85869725127,-55.3322813712526,143.076614005732));
#4155=CARTESIAN_POINT('',(211.277552716304,-54.5001512613967,143.5747610293));
#4156=CARTESIAN_POINT('',(211.27825088008,-54.5038005957919,143.5747610293));
#4157=CARTESIAN_POINT('',(211.278949043855,-54.5074499301872,143.5747610293));
#4158=CARTESIAN_POINT('',(211.27964720763,-54.5110992645824,143.5747610293));
#4159=CARTESIAN_POINT('',(211.29710130201,-54.6023326244632,143.5747610293));
#4160=CARTESIAN_POINT('',(211.336353423912,-54.7822870935414,143.551215400071));
#4161=CARTESIAN_POINT('',(211.399076173264,-55.0335406275338,143.451875443509));
#4162=CARTESIAN_POINT('',(211.456456256192,-55.2549745743242,143.295129349194));
#4163=CARTESIAN_POINT('',(211.485023045247,-55.3752898689985,143.15677144446));
#4164=CARTESIAN_POINT('',(211.495353584395,-55.4267637792763,143.080229927457));
#4165=CARTESIAN_POINT('',(211.119397401446,-54.5266060980004,143.5747610293));
#4166=CARTESIAN_POINT('',(211.119939028323,-54.530267114287,143.5747610293));
#4167=CARTESIAN_POINT('',(211.120480655201,-54.5339281305736,143.5747610293));
#4168=CARTESIAN_POINT('',(211.121022282078,-54.5375891468602,143.5747610293));
#4169=CARTESIAN_POINT('',(211.134562954013,-54.6291145540255,143.5747610293));
#4170=CARTESIAN_POINT('',(211.167656531372,-54.8101346020239,143.551122394086));
#4171=CARTESIAN_POINT('',(211.224331433652,-55.06377219818,143.45167758295));
#4172=CARTESIAN_POINT('',(211.277038707944,-55.2877171416484,143.295174960829));
#4173=CARTESIAN_POINT('',(211.302197029326,-55.4093518842717,143.157420703645));
#4174=CARTESIAN_POINT('',(211.31044753061,-55.4612870878535,143.081343622332));
#4175=CARTESIAN_POINT('',(210.801321982209,-54.5624652372337,143.5747610293));
#4176=CARTESIAN_POINT('',(210.801603820338,-54.5661318593933,143.5747610293));
#4177=CARTESIAN_POINT('',(210.801885658466,-54.569798481553,143.5747610293));
#4178=CARTESIAN_POINT('',(210.802167496594,-54.5734651037127,143.5747610293));
#4179=CARTESIAN_POINT('',(210.809213449798,-54.6651306577046,143.5747610293));
#4180=CARTESIAN_POINT('',(210.830940919064,-54.8475689325762,143.550941452859));
#4181=CARTESIAN_POINT('',(210.874075156841,-55.1051658791053,143.451225630601));
#4182=CARTESIAN_POINT('',(210.915388773806,-55.3333203934103,143.294995622474));
#4183=CARTESIAN_POINT('',(210.933475001445,-55.4568738038347,143.158147674295));
#4184=CARTESIAN_POINT('',(210.938093460232,-55.509282781528,143.08279542647));
#4185=CARTESIAN_POINT('',(210.64113268249,-54.5718160284788,143.5747610293));
#4186=CARTESIAN_POINT('',(210.641308348409,-54.5754768546929,143.5747610293));
#4187=CARTESIAN_POINT('',(210.641484014328,-54.579137680907,143.5747610293));
#4188=CARTESIAN_POINT('',(210.641659680247,-54.5827985071212,143.5747610293));
#4189=CARTESIAN_POINT('',(210.646051328219,-54.6743191624749,143.5747610293));
#4190=CARTESIAN_POINT('',(210.662591570918,-54.8570812935101,143.550822867161));
#4191=CARTESIAN_POINT('',(210.698503862883,-55.1161463518948,143.450853235352));
#4192=CARTESIAN_POINT('',(210.733349170417,-55.3458926729598,143.294573312758));
#4193=CARTESIAN_POINT('',(210.747755444256,-55.4700173293557,143.158014569049));
#4194=CARTESIAN_POINT('',(210.750724446321,-55.5224463349497,143.082934181335));
#4195=CARTESIAN_POINT('',(210.401183715579,-54.5788987216866,143.5747610293));
#4196=CARTESIAN_POINT('',(210.401256341379,-54.5825489731704,143.5747610293));
#4197=CARTESIAN_POINT('',(210.40132896718,-54.5861992246541,143.5747610293));
#4198=CARTESIAN_POINT('',(210.40140159298,-54.5898494761379,143.5747610293));
#4199=CARTESIAN_POINT('',(210.40321723799,-54.6811057632318,143.5747610293));
#4200=CARTESIAN_POINT('',(210.412846780013,-54.8640121658745,143.550675376162));
#4201=CARTESIAN_POINT('',(210.436090821097,-55.1243660169381,143.450377626317));
#4202=CARTESIAN_POINT('',(210.458939562267,-55.3555268768352,143.293998295613));
#4203=CARTESIAN_POINT('',(210.467778504462,-55.4800472971453,143.157749480753));
#4204=CARTESIAN_POINT('',(210.46906708292,-55.5323795960173,143.082974039606));
#4205=CARTESIAN_POINT('',(210.239284676805,-54.5813268060843,143.5747610293));
#4206=CARTESIAN_POINT('',(210.239301357428,-54.5849695172185,143.5747610293));
#4207=CARTESIAN_POINT('',(210.239318038052,-54.5886122283527,143.5747610293));
#4208=CARTESIAN_POINT('',(210.239334718675,-54.5922549394869,143.5747610293));
#4209=CARTESIAN_POINT('',(210.239751734257,-54.6833227178421,143.5747610293));
#4210=CARTESIAN_POINT('',(210.245451441879,-54.8662330316393,143.550589596438));
#4211=CARTESIAN_POINT('',(210.261267411245,-55.1271999918973,143.450099448565));
#4212=CARTESIAN_POINT('',(210.277019167101,-55.3590456600178,143.293657602121));
#4213=CARTESIAN_POINT('',(210.282590447704,-55.4837133895405,143.157582772116));
#4214=CARTESIAN_POINT('',(210.282921845274,-55.535952778379,143.082980507354));
#4215=CARTESIAN_POINT('',(210.004444707653,-54.5812983350213,143.5747610293));
#4216=CARTESIAN_POINT('',(210.004441307974,-54.5849376715939,143.5747610293));
#4217=CARTESIAN_POINT('',(210.004437908296,-54.5885770081665,143.5747610293));
#4218=CARTESIAN_POINT('',(210.004434508618,-54.5922163447391,143.5747610293));
#4219=CARTESIAN_POINT('',(210.004349516662,-54.683199759054,143.5747610293));
#4220=CARTESIAN_POINT('',(210.003205281481,-54.8661045081029,143.550590344316));
#4221=CARTESIAN_POINT('',(210.000022851024,-55.1273209239995,143.450127500861));
#4222=CARTESIAN_POINT('',(209.996831019,-55.3594421632804,143.293763080401));
#4223=CARTESIAN_POINT('',(209.995667980687,-55.4841565590998,143.157789241404));
#4224=CARTESIAN_POINT('',(209.99557045331,-55.5363464045944,143.083253805395));
#4225=CARTESIAN_POINT('',(203.328405921796,-54.5813026744348,143.5747610293));
#4226=CARTESIAN_POINT('',(203.328410634409,-54.5849428588016,143.5747610293));
#4227=CARTESIAN_POINT('',(203.328415347023,-54.5885830431684,143.5747610293));
#4228=CARTESIAN_POINT('',(203.328420059637,-54.5922232275352,143.5747610293));
#4229=CARTESIAN_POINT('',(203.328537874981,-54.6832278367049,143.5747610293));
#4230=CARTESIAN_POINT('',(203.329836402735,-54.8661552295847,143.550604972906));
#4231=CARTESIAN_POINT('',(203.333370788089,-55.1273726767592,143.450179729363));
#4232=CARTESIAN_POINT('',(203.336889669694,-55.3594883160211,143.2938403371));
#4233=CARTESIAN_POINT('',(203.338157189953,-55.4842120930762,143.157855983264));
#4234=CARTESIAN_POINT('',(203.338254333634,-55.5364142916959,143.08330378497));
#4235=CARTESIAN_POINT('',(196.671611224956,-54.5813113584198,143.5747610293));
#4236=CARTESIAN_POINT('',(196.67160507383,-54.5849518350322,143.5747610293));
#4237=CARTESIAN_POINT('',(196.671598922704,-54.5885923116446,143.5747610293));
#4238=CARTESIAN_POINT('',(196.671592771578,-54.592232788257,143.5747610293));
#4239=CARTESIAN_POINT('',(196.671438993425,-54.683244703567,143.5747610293));
#4240=CARTESIAN_POINT('',(196.670096164458,-54.8661626738211,143.550593524612));
#4241=CARTESIAN_POINT('',(196.666556596395,-55.1273272987293,143.450133823268));
#4242=CARTESIAN_POINT('',(196.663072197088,-55.3593848437882,143.293759747368));
#4243=CARTESIAN_POINT('',(196.661839705631,-55.4840886543445,143.157763493567));
#4244=CARTESIAN_POINT('',(196.661759485818,-55.5362911298555,143.083210994158));
#4245=CARTESIAN_POINT('',(189.995546999043,-54.5812887533544,143.5747610293));
#4246=CARTESIAN_POINT('',(189.995553390678,-54.584928411508,143.5747610293));
#4247=CARTESIAN_POINT('',(189.995559782314,-54.5885680696616,143.5747610293));
#4248=CARTESIAN_POINT('',(189.995566173949,-54.5922077278152,143.5747610293));
#4249=CARTESIAN_POINT('',(189.995725964832,-54.6831991816556,143.5747610293));
#4250=CARTESIAN_POINT('',(189.996962341946,-54.8661266721153,143.550601198723));
#4251=CARTESIAN_POINT('',(190.000155551863,-55.1273843668714,143.450170618077));
#4252=CARTESIAN_POINT('',(190.003275664227,-55.3595412314228,143.293837859601));
#4253=CARTESIAN_POINT('',(190.004365846236,-55.4842670614734,143.157873673364));
#4254=CARTESIAN_POINT('',(190.004428173716,-55.5364574083743,143.083337436258));
#4255=CARTESIAN_POINT('',(189.760711416997,-54.5813684084062,143.5747610293));
#4256=CARTESIAN_POINT('',(189.760694780797,-54.5850113762933,143.5747610293));
#4257=CARTESIAN_POINT('',(189.760678144597,-54.5886543441804,143.5747610293));
#4258=CARTESIAN_POINT('',(189.760661508397,-54.5922973120675,143.5747610293));
#4259=CARTESIAN_POINT('',(189.760245603398,-54.6833715092451,143.5747610293));
#4260=CARTESIAN_POINT('',(189.754535515192,-54.8662804064299,143.550583882072));
#4261=CARTESIAN_POINT('',(189.73869415982,-55.1272213696649,143.450076759434));
#4262=CARTESIAN_POINT('',(189.722935192953,-55.3590360593271,143.293618274887));
#4263=CARTESIAN_POINT('',(189.717389881758,-55.4836924093662,143.157538403839));
#4264=CARTESIAN_POINT('',(189.717083828101,-55.5359315751132,143.08293658796));
#4265=CARTESIAN_POINT('',(189.598820665602,-54.5789691964538,143.5747610293));
#4266=CARTESIAN_POINT('',(189.598748518362,-54.5826196906814,143.5747610293));
#4267=CARTESIAN_POINT('',(189.598676371122,-54.5862701849089,143.5747610293));
#4268=CARTESIAN_POINT('',(189.598604223882,-54.5899206791365,143.5747610293));
#4269=CARTESIAN_POINT('',(189.596800542883,-54.6811830348252,143.5747610293));
#4270=CARTESIAN_POINT('',(189.587186526637,-54.8640905802406,143.550671105577));
#4271=CARTESIAN_POINT('',(189.563946061464,-55.1244270610429,143.450361065098));
#4272=CARTESIAN_POINT('',(189.541086677427,-55.3555653650897,143.293970486002));
#4273=CARTESIAN_POINT('',(189.532234823453,-55.480076556994,143.157719485042));
#4274=CARTESIAN_POINT('',(189.530939250636,-55.532408010342,143.082945433552));
#4275=CARTESIAN_POINT('',(189.358875467049,-54.5717743268866,143.5747610293));
#4276=CARTESIAN_POINT('',(189.358694647845,-54.5754351717653,143.5747610293));
#4277=CARTESIAN_POINT('',(189.358513828641,-54.5790960166441,143.5747610293));
#4278=CARTESIAN_POINT('',(189.358333009437,-54.5827568615228,143.5747610293));
#4279=CARTESIAN_POINT('',(189.353812529335,-54.6742779834913,143.5747610293));
#4280=CARTESIAN_POINT('',(189.33716690854,-54.8570432293494,143.550827802418));
#4281=CARTESIAN_POINT('',(189.301356099464,-55.1161149727304,143.450873009703));
#4282=CARTESIAN_POINT('',(189.266674516396,-55.3458654595349,143.294607992847));
#4283=CARTESIAN_POINT('',(189.252287347615,-55.4699881922412,143.158054317684));
#4284=CARTESIAN_POINT('',(189.249272502189,-55.5224143054414,143.082974018831));
#4285=CARTESIAN_POINT('',(189.198711796601,-54.562298035926,143.5747610293));
#4286=CARTESIAN_POINT('',(189.198431511462,-54.5659653135408,143.5747610293));
#4287=CARTESIAN_POINT('',(189.198151226324,-54.5696325911555,143.5747610293));
#4288=CARTESIAN_POINT('',(189.197870941186,-54.5732998687703,143.5747610293));
#4289=CARTESIAN_POINT('',(189.19086381273,-54.6649818091394,143.5747610293));
#4290=CARTESIAN_POINT('',(189.169164539472,-54.847450133922,143.550951894886));
#4291=CARTESIAN_POINT('',(189.125990646346,-55.105083981808,143.451264678189));
#4292=CARTESIAN_POINT('',(189.084621835781,-55.3332672189869,143.295057834586));
#4293=CARTESIAN_POINT('',(189.066532727644,-55.4568343223551,143.158209446358));
#4294=CARTESIAN_POINT('',(189.061932375936,-55.5092487817814,143.082849943816));
#4295=CARTESIAN_POINT('',(188.880580207188,-54.5265800812919,143.5747610293));
#4296=CARTESIAN_POINT('',(188.880040207578,-54.5302416280973,143.5747610293));
#4297=CARTESIAN_POINT('',(188.879500207969,-54.5339031749028,143.5747610293));
#4298=CARTESIAN_POINT('',(188.87896020836,-54.5375647217082,143.5747610293));
#4299=CARTESIAN_POINT('',(188.86546021813,-54.6291033918441,143.5747610293));
#4300=CARTESIAN_POINT('',(188.832390384042,-54.8101349632775,143.551124286958));
#4301=CARTESIAN_POINT('',(188.775661097019,-55.0637645457249,143.451685108623));
#4302=CARTESIAN_POINT('',(188.722892299097,-55.2876958852791,143.295188027668));
#4303=CARTESIAN_POINT('',(188.697743443212,-55.4093309709266,143.157435480086));
#4304=CARTESIAN_POINT('',(188.689524105117,-55.4612719838717,143.081358276592));
#4305=CARTESIAN_POINT('',(188.722439460884,-54.5002616750968,143.5747610293));
#4306=CARTESIAN_POINT('',(188.721742349824,-54.5039114978294,143.5747610293));
#4307=CARTESIAN_POINT('',(188.721045238764,-54.507561320562,143.5747610293));
#4308=CARTESIAN_POINT('',(188.720348127704,-54.5112111432946,143.5747610293));
#4309=CARTESIAN_POINT('',(188.7029203512,-54.6024567116093,143.5747610293));
#4310=CARTESIAN_POINT('',(188.663700110795,-54.7824156486644,143.551206935532));
#4311=CARTESIAN_POINT('',(188.600982430246,-55.0336412246465,143.451841931013));
#4312=CARTESIAN_POINT('',(188.54358417201,-55.2550377401497,143.295071480066));
#4313=CARTESIAN_POINT('',(188.51500277623,-55.375338556247,143.156706493442));
#4314=CARTESIAN_POINT('',(188.50466756281,-55.4268120439231,143.080165898204));
#4315=CARTESIAN_POINT('',(188.411353392297,-54.4255490594966,143.5747610293));
#4316=CARTESIAN_POINT('',(188.410313922334,-54.4291471012455,143.5747610293));
#4317=CARTESIAN_POINT('',(188.409274452372,-54.4327451429945,143.5747610293));
#4318=CARTESIAN_POINT('',(188.408234982409,-54.4363431847434,143.5747610293));
#4319=CARTESIAN_POINT('',(188.382248233343,-54.5262942284667,143.5747610293));
#4320=CARTESIAN_POINT('',(188.330169074535,-54.7032689106328,143.551382363399));
#4321=CARTESIAN_POINT('',(188.256182829821,-54.9493301908559,143.452086308929));
#4322=CARTESIAN_POINT('',(188.190778554131,-55.1653722008668,143.294470140925));
#4323=CARTESIAN_POINT('',(188.15586333337,-55.2823083426091,143.154451247953));
#4324=CARTESIAN_POINT('',(188.141319209669,-55.3322336927164,143.076691096573));
#4325=CARTESIAN_POINT('',(188.25843788652,-54.3773429664339,143.5747610293));
#4326=CARTESIAN_POINT('',(188.257216804252,-54.3809009283976,143.5747610293));
#4327=CARTESIAN_POINT('',(188.255995721983,-54.3844588903612,143.5747610293));
#4328=CARTESIAN_POINT('',(188.254774639714,-54.3880168523249,143.5747610293));
#4329=CARTESIAN_POINT('',(188.224247582995,-54.4769659014166,143.5747610293));
#4330=CARTESIAN_POINT('',(188.165564475231,-54.6519926434254,143.551421066317));
#4331=CARTESIAN_POINT('',(188.086313728351,-54.8951735914056,143.45195218927));
#4332=CARTESIAN_POINT('',(188.017497793986,-55.1082502778434,143.293585336026));
#4333=CARTESIAN_POINT('',(187.97968431125,-55.2230684967679,143.15244942065));
#4334=CARTESIAN_POINT('',(187.963070337884,-55.27187853047,143.073918785721));
#4335=CARTESIAN_POINT('',(187.961508933212,-54.258505854613,143.5747610293));
#4336=CARTESIAN_POINT('',(187.959928586528,-54.2619573620854,143.5747610293));
#4337=CARTESIAN_POINT('',(187.958348239844,-54.2654088695578,143.5747610293));
#4338=CARTESIAN_POINT('',(187.95676789316,-54.2688603770302,143.5747610293));
#4339=CARTESIAN_POINT('',(187.917259226063,-54.3551480638403,143.5747610293));
#4340=CARTESIAN_POINT('',(187.845593415614,-54.5254364330664,143.551434800977));
#4341=CARTESIAN_POINT('',(187.756246883664,-54.7623789286496,143.451365059916));
#4342=CARTESIAN_POINT('',(187.681150147924,-54.9692023209009,143.291113206671));
#4343=CARTESIAN_POINT('',(187.637983929896,-55.0792524834644,143.147422753979));
#4344=CARTESIAN_POINT('',(187.617474991079,-55.1253813658325,143.067179937732));
#4345=CARTESIAN_POINT('',(187.817481638659,-54.1880158576652,143.5747610293));
#4346=CARTESIAN_POINT('',(187.815719407491,-54.1913999724253,143.5747610293));
#4347=CARTESIAN_POINT('',(187.813957176324,-54.1947840871855,143.5747610293));
#4348=CARTESIAN_POINT('',(187.812194945156,-54.1981682019456,143.5747610293));
#4349=CARTESIAN_POINT('',(187.768139165964,-54.282771070949,143.5747610293));
#4350=CARTESIAN_POINT('',(187.689973683636,-54.4502841712301,143.551442767237));
#4351=CARTESIAN_POINT('',(187.595794038327,-54.6839917312201,143.451031221312));
#4352=CARTESIAN_POINT('',(187.517913321211,-54.8876530235229,143.289706155918));
#4353=CARTESIAN_POINT('',(187.472345695272,-54.9950735884299,143.144560854914));
#4354=CARTESIAN_POINT('',(187.450021820338,-55.0396147671836,143.063342828953));
#4355=CARTESIAN_POINT('',(187.541606138712,-54.0262582580054,143.5747610293));
#4356=CARTESIAN_POINT('',(187.539495053301,-54.0294879047072,143.5747610293));
#4357=CARTESIAN_POINT('',(187.537383967891,-54.0327175514091,143.5747610293));
#4358=CARTESIAN_POINT('',(187.53527288248,-54.0359471981109,143.5747610293));
#4359=CARTESIAN_POINT('',(187.482495747216,-54.1166883656569,143.5747610293));
#4360=CARTESIAN_POINT('',(187.391637649233,-54.278097807406,143.551565640667));
#4361=CARTESIAN_POINT('',(187.287640887506,-54.5052109499519,143.450711622627));
#4362=CARTESIAN_POINT('',(187.204136378645,-54.7025407323692,143.287321900308));
#4363=CARTESIAN_POINT('',(187.154262786394,-54.8043834538616,143.139055103114));
#4364=CARTESIAN_POINT('',(187.128808654953,-54.8454134745696,143.055674164074));
#4365=CARTESIAN_POINT('',(187.409718637012,-53.9350855147944,143.5747610293));
#4366=CARTESIAN_POINT('',(187.407438839073,-53.9382273708778,143.5747610293));
#4367=CARTESIAN_POINT('',(187.405159041134,-53.9413692269613,143.5747610293));
#4368=CARTESIAN_POINT('',(187.402879243195,-53.9445110830447,143.5747610293));
#4369=CARTESIAN_POINT('',(187.345884294724,-54.0230574851307,143.5747610293));
#4370=CARTESIAN_POINT('',(187.24878208311,-54.1811164081042,143.551671247957));
#4371=CARTESIAN_POINT('',(187.139803418734,-54.4048667079821,143.450683635773));
#4372=CARTESIAN_POINT('',(187.053511004462,-54.5990424822919,143.286259487275));
#4373=CARTESIAN_POINT('',(187.001781293057,-54.6979523541289,143.136296633307));
#4374=CARTESIAN_POINT('',(186.975034678058,-54.7370660554574,143.05171458489));
#4375=CARTESIAN_POINT('',(187.034750453781,-53.6355785791615,143.5747610293));
#4376=CARTESIAN_POINT('',(187.03201086783,-53.638446971021,143.5747610293));
#4377=CARTESIAN_POINT('',(187.029271281878,-53.6413153628805,143.5747610293));
#4378=CARTESIAN_POINT('',(187.026531695927,-53.64418375474,143.5747610293));
#4379=CARTESIAN_POINT('',(186.958042047145,-53.7158935512277,143.5747610293));
#4380=CARTESIAN_POINT('',(186.843319558398,-53.8633791114045,143.552074595922));
#4381=CARTESIAN_POINT('',(186.719150133709,-54.0761937629968,143.450894570747));
#4382=CARTESIAN_POINT('',(186.624038899434,-54.2599831356388,143.283473095489));
#4383=CARTESIAN_POINT('',(186.567432791514,-54.3494181379152,143.128303761947));
#4384=CARTESIAN_POINT('',(186.537687396616,-54.3824275624693,143.039981828504));
#4385=CARTESIAN_POINT('',(186.812044846493,-53.4023747334709,143.5747610293));
#4386=CARTESIAN_POINT('',(186.809039651483,-53.4050317838006,143.5747610293));
#4387=CARTESIAN_POINT('',(186.806034456474,-53.4076888341304,143.5747610293));
#4388=CARTESIAN_POINT('',(186.803029261464,-53.4103458844601,143.5747610293));
#4389=CARTESIAN_POINT('',(186.727899386224,-53.4767721427034,143.5747610293));
#4390=CARTESIAN_POINT('',(186.602283415147,-53.6159856358202,143.552382809321));
#4391=CARTESIAN_POINT('',(186.467693645057,-53.8201085535138,143.451096622919));
#4392=CARTESIAN_POINT('',(186.366840909815,-53.9957538973517,143.281507383584));
#4393=CARTESIAN_POINT('',(186.308699008433,-54.0780122427581,143.122523057739));
#4394=CARTESIAN_POINT('',(186.278551846323,-54.1064684025277,143.031452320495));
#4395=CARTESIAN_POINT('',(186.427740340117,-52.8906056890411,143.5747610293));
#4396=CARTESIAN_POINT('',(186.424300312522,-52.8927968860588,143.5747610293));
#4397=CARTESIAN_POINT('',(186.420860284928,-52.8949880830765,143.5747610293));
#4398=CARTESIAN_POINT('',(186.417420257333,-52.8971792800942,143.5747610293));
#4399=CARTESIAN_POINT('',(186.331419567466,-52.951959205537,143.5747610293));
#4400=CARTESIAN_POINT('',(186.187388311393,-53.0720585490245,143.55240173462));
#4401=CARTESIAN_POINT('',(186.03483794285,-53.2548066166985,143.449442883119));
#4402=CARTESIAN_POINT('',(185.925370234449,-53.4111343114499,143.2747220967));
#4403=CARTESIAN_POINT('',(185.867504298663,-53.4783929090933,143.108838932183));
#4404=CARTESIAN_POINT('',(185.838947155653,-53.4979456706394,143.013156352291));
#4405=CARTESIAN_POINT('',(186.265150928802,-52.612734417745,143.5747610293));
#4406=CARTESIAN_POINT('',(186.261550312655,-52.6146903632676,143.5747610293));
#4407=CARTESIAN_POINT('',(186.257949696509,-52.6166463087903,143.5747610293));
#4408=CARTESIAN_POINT('',(186.254349080362,-52.6186022543129,143.5747610293));
#4409=CARTESIAN_POINT('',(186.164333676695,-52.6675008923785,143.5747610293));
#4410=CARTESIAN_POINT('',(186.01290285024,-52.7772056947311,143.552265023754));
#4411=CARTESIAN_POINT('',(185.85241694321,-52.9471274806526,143.448213996173));
#4412=CARTESIAN_POINT('',(185.739451758851,-53.0920558526964,143.271036946707));
#4413=CARTESIAN_POINT('',(185.683062377738,-53.1517738272935,143.102288897388));
#4414=CARTESIAN_POINT('',(185.656407937632,-53.1673479135223,143.004787534873));
#4415=CARTESIAN_POINT('',(185.998257736182,-52.030797328685,143.5747610293));
#4416=CARTESIAN_POINT('',(185.99440541127,-52.0322594501279,143.5747610293));
#4417=CARTESIAN_POINT('',(185.990553086359,-52.0337215715709,143.5747610293));
#4418=CARTESIAN_POINT('',(185.986700761448,-52.0351836930139,143.5747610293));
#4419=CARTESIAN_POINT('',(185.890392638668,-52.0717367290884,143.5747610293));
#4420=CARTESIAN_POINT('',(185.726656570116,-52.1591315198856,143.551941281796));
#4421=CARTESIAN_POINT('',(185.552447575842,-52.3012409257193,143.445912909778));
#4422=CARTESIAN_POINT('',(185.434388267655,-52.4225186148816,143.26474627875));
#4423=CARTESIAN_POINT('',(185.382951571277,-52.4682499723365,143.091650013224));
#4424=CARTESIAN_POINT('',(185.361509696613,-52.4770273861825,142.991465667876));
#4425=CARTESIAN_POINT('',(185.894535261103,-51.7264232304747,143.5747610293));
#4426=CARTESIAN_POINT('',(185.890599001368,-51.7276405993514,143.5747610293));
#4427=CARTESIAN_POINT('',(185.886662741634,-51.7288579682281,143.5747610293));
#4428=CARTESIAN_POINT('',(185.8827264819,-51.7300753371048,143.5747610293));
#4429=CARTESIAN_POINT('',(185.784319988545,-51.7605095590221,143.5747610293));
#4430=CARTESIAN_POINT('',(185.615698043006,-51.8363071211428,143.551803116146));
#4431=CARTESIAN_POINT('',(185.43518696899,-51.9632478709068,143.445010831584));
#4432=CARTESIAN_POINT('',(185.314946460045,-52.0718900789782,143.262381456824));
#4433=CARTESIAN_POINT('',(185.26686564465,-52.1110905577136,143.087749363273));
#4434=CARTESIAN_POINT('',(185.248819904724,-52.1171267240408,142.986633243009));
#4435=CARTESIAN_POINT('',(185.739638825822,-51.1049138730614,143.5747610293));
#4436=CARTESIAN_POINT('',(185.735624022651,-51.1056756423561,143.5747610293));
#4437=CARTESIAN_POINT('',(185.731609219479,-51.1064374116507,143.5747610293));
#4438=CARTESIAN_POINT('',(185.727594416308,-51.1071991809454,143.5747610293));
#4439=CARTESIAN_POINT('',(185.627224337026,-51.1262434133121,143.5747610293));
#4440=CARTESIAN_POINT('',(185.452581279342,-51.1786848473271,143.551043951572));
#4441=CARTESIAN_POINT('',(185.263515004585,-51.2725213185336,143.441833999271));
#4442=CARTESIAN_POINT('',(185.141954050723,-51.3536475222621,143.256506608734));
#4443=CARTESIAN_POINT('',(185.10232163483,-51.380668421322,143.080554654534));
#4444=CARTESIAN_POINT('',(185.091958650075,-51.3827656303849,142.979064736885));
#4445=CARTESIAN_POINT('',(185.688787321276,-50.787745885989,143.5747610293));
#4446=CARTESIAN_POINT('',(185.684776770185,-50.7882965234822,143.5747610293));
#4447=CARTESIAN_POINT('',(185.680766219095,-50.7888471609755,143.5747610293));
#4448=CARTESIAN_POINT('',(185.676755668004,-50.7893977984687,143.5747610293));
#4449=CARTESIAN_POINT('',(185.57649189074,-50.8031637357995,143.5747610293));
#4450=CARTESIAN_POINT('',(185.401023714271,-50.8438464972685,143.55045052616));
#4451=CARTESIAN_POINT('',(185.210399524978,-50.9198320455573,143.439694951524));
#4452=CARTESIAN_POINT('',(185.089753352323,-50.9862877455952,143.253291246456));
#4453=CARTESIAN_POINT('',(185.054241209131,-51.0079108105626,143.077684482453));
#4454=CARTESIAN_POINT('',(185.047281454051,-51.0089702835589,142.976820308544));
#4455=CARTESIAN_POINT('',(185.627297142518,-50.149818632656,143.5747610293));
#4456=CARTESIAN_POINT('',(185.623327731132,-50.1500352714671,143.5747610293));
#4457=CARTESIAN_POINT('',(185.619358319747,-50.1502519102782,143.5747610293));
#4458=CARTESIAN_POINT('',(185.615388908362,-50.1504685490893,143.5747610293));
#4459=CARTESIAN_POINT('',(185.516153623732,-50.1558845193664,143.5747610293));
#4460=CARTESIAN_POINT('',(185.340911228858,-50.1749252969226,143.549402308231));
#4461=CARTESIAN_POINT('',(185.149530871636,-50.2137790506833,143.436095666481));
#4462=CARTESIAN_POINT('',(185.031432461431,-50.2485914682885,143.248328067641));
#4463=CARTESIAN_POINT('',(185.002753960592,-50.259549573535,143.074047432394));
#4464=CARTESIAN_POINT('',(185.001227938651,-50.259577095605,142.974766156276));
#4465=CARTESIAN_POINT('',(185.614741979652,-49.8291343314345,143.574703895858));
#4466=CARTESIAN_POINT('',(185.610865281761,-49.8291955747049,143.574722940339));
#4467=CARTESIAN_POINT('',(185.606988583869,-49.8292568179753,143.574741984819));
#4468=CARTESIAN_POINT('',(185.603111885978,-49.8293180612457,143.5747610293));
#4469=CARTESIAN_POINT('',(185.506194438693,-49.8308491430055,143.575237141318));
#4470=CARTESIAN_POINT('',(185.336991700136,-49.8391834423495,143.529835325333));
#4471=CARTESIAN_POINT('',(185.169578910781,-49.8590200253974,143.407737386425));
#4472=CARTESIAN_POINT('',(185.046731953147,-49.8777205671841,143.240978253369));
#4473=CARTESIAN_POINT('',(185.000280248598,-49.8837811586163,143.073872701599));
#4474=CARTESIAN_POINT('',(185.,-49.8837973564844,142.974776137813));
#4475=CARTESIAN_POINT('',(185.611604848065,-49.5084744013026,143.574765657609));
#4476=CARTESIAN_POINT('',(185.607736565377,-49.5084744012856,143.574764114839));
#4477=CARTESIAN_POINT('',(185.603868282688,-49.5084744012685,143.57476257207));
#4478=CARTESIAN_POINT('',(185.6,-49.5084744012515,143.5747610293));
#4479=CARTESIAN_POINT('',(185.503292932789,-49.5084744008255,143.574722460058));
#4480=CARTESIAN_POINT('',(185.335051831323,-49.5084744000681,143.528751734959));
#4481=CARTESIAN_POINT('',(185.168759494534,-49.5084743991692,143.406803538937));
#4482=CARTESIAN_POINT('',(185.046504643664,-49.508474398268,143.240361699376));
#4483=CARTESIAN_POINT('',(185.000271135678,-49.5084743975172,143.073583770558));
#4484=CARTESIAN_POINT('',(185.,-49.5084743970815,142.9747610293));
#4485=CARTESIAN_POINT('',(185.6,-49.5084744012515,143.5747610293));
#4486=CARTESIAN_POINT('',(185.603054991668,-49.8293380440224,143.5747610293));
#4487=CARTESIAN_POINT('',(185.615240031224,-50.1504556591181,143.5747610293));
#4488=CARTESIAN_POINT('',(185.676975123042,-50.789370095479,143.5747610293));
#4489=CARTESIAN_POINT('',(185.72768283713,-51.1071779126726,143.5747610293));
#4490=CARTESIAN_POINT('',(185.8825469908,-51.7301228811057,143.5747610293));
#4491=CARTESIAN_POINT('',(185.986950077894,-52.0350824574395,143.5747610293));
#4492=CARTESIAN_POINT('',(186.254209094999,-52.6186882526939,143.5747610293));
#4493=CARTESIAN_POINT('',(186.417332322358,-52.8972562148363,143.5747610293));
#4494=CARTESIAN_POINT('',(186.803148568711,-53.4102268031944,143.5747610293));
#4495=CARTESIAN_POINT('',(187.026350230512,-53.6443842999479,143.5747610293));
#4496=CARTESIAN_POINT('',(187.402915492521,-53.9444923558649,143.5747610293));
#4497=CARTESIAN_POINT('',(187.535282599769,-54.0359001465907,143.5747610293));
#4498=CARTESIAN_POINT('',(187.812250274818,-54.1980713529626,143.5747610293));
#4499=CARTESIAN_POINT('',(187.95675854941,-54.2688596975645,143.5747610293));
#4500=CARTESIAN_POINT('',(188.254752133158,-54.3880886186095,143.5747610293));
#4501=CARTESIAN_POINT('',(188.408220758064,-54.4364204976503,143.5747610293));
#4502=CARTESIAN_POINT('',(188.72035279237,-54.5110992645824,143.5747610293));
#4503=CARTESIAN_POINT('',(188.878977717922,-54.5375891468602,143.5747610293));
#4504=CARTESIAN_POINT('',(189.197832503406,-54.5734651037127,143.5747610293));
#4505=CARTESIAN_POINT('',(189.358340319753,-54.5827985071212,143.5747610293));
#4506=CARTESIAN_POINT('',(189.59859840702,-54.5898494761379,143.5747610293));
#4507=CARTESIAN_POINT('',(189.760665281325,-54.5922549394869,143.5747610293));
#4508=CARTESIAN_POINT('',(189.995565491382,-54.5922163447391,143.5747610293));
#4509=CARTESIAN_POINT('',(196.671579940363,-54.5922232275352,143.5747610293));
#4510=CARTESIAN_POINT('',(203.328407228422,-54.592232788257,143.5747610293));
#4511=CARTESIAN_POINT('',(210.004433826051,-54.5922077278152,143.5747610293));
#4512=CARTESIAN_POINT('',(210.239338491603,-54.5922973120675,143.5747610293));
#4513=CARTESIAN_POINT('',(210.401395776118,-54.5899206791365,143.5747610293));
#4514=CARTESIAN_POINT('',(210.641666990563,-54.5827568615228,143.5747610293));
#4515=CARTESIAN_POINT('',(210.802129058814,-54.5732998687703,143.5747610293));
#4516=CARTESIAN_POINT('',(211.12103979164,-54.5375647217082,143.5747610293));
#4517=CARTESIAN_POINT('',(211.279651872296,-54.5112111432946,143.5747610293));
#4518=CARTESIAN_POINT('',(211.591765017591,-54.4363431847434,143.5747610293));
#4519=CARTESIAN_POINT('',(211.745225360286,-54.3880168523249,143.5747610293));
#4520=CARTESIAN_POINT('',(212.04323210684,-54.2688603770302,143.5747610293));
#4521=CARTESIAN_POINT('',(212.187805054844,-54.1981682019456,143.5747610293));
#4522=CARTESIAN_POINT('',(212.46472711752,-54.0359471981109,143.5747610293));
#4523=CARTESIAN_POINT('',(212.597120756805,-53.9445110830447,143.5747610293));
#4524=CARTESIAN_POINT('',(212.973468304073,-53.64418375474,143.5747610293));
#4525=CARTESIAN_POINT('',(213.196970738536,-53.4103458844601,143.5747610293));
#4526=CARTESIAN_POINT('',(213.582579742667,-52.8971792800942,143.5747610293));
#4527=CARTESIAN_POINT('',(213.745650919638,-52.6186022543129,143.5747610293));
#4528=CARTESIAN_POINT('',(214.013299238552,-52.0351836930139,143.5747610293));
#4529=CARTESIAN_POINT('',(214.1172735181,-51.7300753371048,143.5747610293));
#4530=CARTESIAN_POINT('',(214.272405583692,-51.1071991809454,143.5747610293));
#4531=CARTESIAN_POINT('',(214.323244331996,-50.7893977984687,143.5747610293));
#4532=CARTESIAN_POINT('',(214.384611091638,-50.1504685490893,143.5747610293));
#4533=CARTESIAN_POINT('',(214.396888114022,-49.8293180612457,143.5747610293));
#4534=CARTESIAN_POINT('',(214.4,-49.5084744012515,143.5747610293));
#4535=CARTESIAN_POINT('',(185.50334647427,-49.5084744008511,143.574728495708));
#4536=CARTESIAN_POINT('',(185.506196236425,-49.8308311146317,143.575233495735));
#4537=CARTESIAN_POINT('',(185.516012578573,-50.1558679520148,143.5747610293));
#4538=CARTESIAN_POINT('',(185.57670436492,-50.8031925149699,143.5747610293));
#4539=CARTESIAN_POINT('',(185.627287421085,-51.1261282988112,143.5747610293));
#4540=CARTESIAN_POINT('',(185.784170527009,-51.7606287212218,143.5747610293));
#4541=CARTESIAN_POINT('',(185.890656421445,-52.0716825240784,143.5747610293));
#4542=CARTESIAN_POINT('',(186.164132298144,-52.6674696354497,143.5747610293));
#4543=CARTESIAN_POINT('',(186.331429871864,-52.9521495709455,143.5747610293));
#4544=CARTESIAN_POINT('',(186.727933786512,-53.4765633530309,143.5747610293));
#4545=CARTESIAN_POINT('',(186.957868844997,-53.7160893581696,143.5747610293));
#4546=CARTESIAN_POINT('',(187.345971243078,-54.0230667562041,143.5747610293));
#4547=CARTESIAN_POINT('',(187.482501946887,-54.1166392847949,143.5747610293));
#4548=CARTESIAN_POINT('',(187.768200214398,-54.2826735662924,143.5747610293));
#4549=CARTESIAN_POINT('',(187.917187558045,-54.3551119521959,143.5747610293));
#4550=CARTESIAN_POINT('',(188.224220443859,-54.4770269612042,143.5747610293));
#4551=CARTESIAN_POINT('',(188.382288903077,-54.5263808514918,143.5747610293));
#4552=CARTESIAN_POINT('',(188.70289869799,-54.6023326244632,143.5747610293));
#4553=CARTESIAN_POINT('',(188.865437045987,-54.6291145540255,143.5747610293));
#4554=CARTESIAN_POINT('',(189.190786550202,-54.6651306577046,143.5747610293));
#4555=CARTESIAN_POINT('',(189.353948671781,-54.6743191624749,143.5747610293));
#4556=CARTESIAN_POINT('',(189.59678276201,-54.6811057632318,143.5747610293));
#4557=CARTESIAN_POINT('',(189.760248265743,-54.6833227178421,143.5747610293));
#4558=CARTESIAN_POINT('',(189.995650483338,-54.683199759054,143.5747610293));
#4559=CARTESIAN_POINT('',(196.671462125019,-54.6832278367049,143.5747610293));
#4560=CARTESIAN_POINT('',(203.328561006575,-54.683244703567,143.5747610293));
#4561=CARTESIAN_POINT('',(210.004274035168,-54.6831991816556,143.5747610293));
#4562=CARTESIAN_POINT('',(210.239754396602,-54.6833715092451,143.5747610293));
#4563=CARTESIAN_POINT('',(210.403199457117,-54.6811830348252,143.5747610293));
#4564=CARTESIAN_POINT('',(210.646187470665,-54.6742779834913,143.5747610293));
#4565=CARTESIAN_POINT('',(210.80913618727,-54.6649818091394,143.5747610293));
#4566=CARTESIAN_POINT('',(211.13453978187,-54.6291033918441,143.5747610293));
#4567=CARTESIAN_POINT('',(211.2970796488,-54.6024567116093,143.5747610293));
#4568=CARTESIAN_POINT('',(211.617751766657,-54.5262942284667,143.5747610293));
#4569=CARTESIAN_POINT('',(211.775752417005,-54.4769659014166,143.5747610293));
#4570=CARTESIAN_POINT('',(212.082740773937,-54.3551480638403,143.5747610293));
#4571=CARTESIAN_POINT('',(212.231860834036,-54.282771070949,143.5747610293));
#4572=CARTESIAN_POINT('',(212.517504252784,-54.1166883656569,143.5747610293));
#4573=CARTESIAN_POINT('',(212.654115705276,-54.0230574851307,143.5747610293));
#4574=CARTESIAN_POINT('',(213.041957952855,-53.7158935512277,143.5747610293));
#4575=CARTESIAN_POINT('',(213.272100613776,-53.4767721427034,143.5747610293));
#4576=CARTESIAN_POINT('',(213.668580432534,-52.951959205537,143.5747610293));
#4577=CARTESIAN_POINT('',(213.835666323305,-52.6675008923785,143.5747610293));
#4578=CARTESIAN_POINT('',(214.109607361332,-52.0717367290884,143.5747610293));
#4579=CARTESIAN_POINT('',(214.215680011455,-51.7605095590221,143.5747610293));
#4580=CARTESIAN_POINT('',(214.372775662974,-51.1262434133121,143.5747610293));
#4581=CARTESIAN_POINT('',(214.42350810926,-50.8031637357995,143.5747610293));
#4582=CARTESIAN_POINT('',(214.483846376268,-50.1558845193664,143.5747610293));
#4583=CARTESIAN_POINT('',(214.493805561307,-49.8308491430055,143.575237141318));
#4584=CARTESIAN_POINT('',(214.496707067211,-49.5084744008255,143.574722460058));
#4585=CARTESIAN_POINT('',(185.335060131865,-49.5084744001392,143.528762597483));
#4586=CARTESIAN_POINT('',(185.336968096624,-49.8391287188053,143.529827669346));
#4587=CARTESIAN_POINT('',(185.340796415781,-50.1749035269915,143.549394935937));
#4588=CARTESIAN_POINT('',(185.401201504987,-50.8439327140318,143.550460059975));
#4589=CARTESIAN_POINT('',(185.45261043594,-51.1784847208572,143.551048388144));
#4590=CARTESIAN_POINT('',(185.61559544757,-51.8364792347635,143.551793175762));
#4591=CARTESIAN_POINT('',(185.72690800838,-52.1591380127019,143.551960951231));
#4592=CARTESIAN_POINT('',(186.012656730841,-52.7770477353754,143.552250472169));
#4593=CARTESIAN_POINT('',(186.187474575325,-53.0723111609757,143.55239299871));
#4594=CARTESIAN_POINT('',(186.602243024932,-53.6157280853287,143.552389593603));
#4595=CARTESIAN_POINT('',(186.843153909855,-53.8635324408769,143.552057083515));
#4596=CARTESIAN_POINT('',(187.248923506489,-54.1811605707368,143.551675457474));
#4597=CARTESIAN_POINT('',(187.391634895815,-54.2780497299004,143.551564805382));
#4598=CARTESIAN_POINT('',(187.690034817689,-54.4501937561309,143.551450603314));
#4599=CARTESIAN_POINT('',(187.845468250346,-54.5253695554176,143.551434168191));
#4600=CARTESIAN_POINT('',(188.165550110126,-54.6520413322533,143.551417901266));
#4601=CARTESIAN_POINT('',(188.330255217213,-54.7033577538992,143.551372836049));
#4602=CARTESIAN_POINT('',(188.663646576088,-54.7822870935414,143.551215400071));
#4603=CARTESIAN_POINT('',(188.832343468628,-54.8101346020239,143.551122394086));
#4604=CARTESIAN_POINT('',(189.169059080936,-54.8475689325762,143.550941452859));
#4605=CARTESIAN_POINT('',(189.337408429082,-54.8570812935101,143.550822867161));
#4606=CARTESIAN_POINT('',(189.587153219987,-54.8640121658745,143.550675376162));
#4607=CARTESIAN_POINT('',(189.754548558121,-54.8662330316393,143.550589596438));
#4608=CARTESIAN_POINT('',(189.996794718519,-54.8661045081029,143.550590344316));
#4609=CARTESIAN_POINT('',(196.670163597265,-54.8661552295847,143.550604972906));
#4610=CARTESIAN_POINT('',(203.329903835542,-54.8661626738211,143.550593524612));
#4611=CARTESIAN_POINT('',(210.003037658054,-54.8661266721153,143.550601198723));
#4612=CARTESIAN_POINT('',(210.245464484808,-54.8662804064299,143.550583882072));
#4613=CARTESIAN_POINT('',(210.412813473363,-54.8640905802406,143.550671105577));
#4614=CARTESIAN_POINT('',(210.66283309146,-54.8570432293494,143.550827802418));
#4615=CARTESIAN_POINT('',(210.830835460528,-54.847450133922,143.550951894886));
#4616=CARTESIAN_POINT('',(211.167609615958,-54.8101349632775,143.551124286958));
#4617=CARTESIAN_POINT('',(211.336299889205,-54.7824156486644,143.551206935532));
#4618=CARTESIAN_POINT('',(211.669830925465,-54.7032689106328,143.551382363399));
#4619=CARTESIAN_POINT('',(211.834435524769,-54.6519926434254,143.551421066317));
#4620=CARTESIAN_POINT('',(212.154406584386,-54.5254364330664,143.551434800977));
#4621=CARTESIAN_POINT('',(212.310026316364,-54.4502841712301,143.551442767237));
#4622=CARTESIAN_POINT('',(212.608362350767,-54.278097807406,143.551565640667));
#4623=CARTESIAN_POINT('',(212.75121791689,-54.1811164081042,143.551671247957));
#4624=CARTESIAN_POINT('',(213.156680441602,-53.8633791114045,143.552074595922));
#4625=CARTESIAN_POINT('',(213.397716584853,-53.6159856358202,143.552382809321));
#4626=CARTESIAN_POINT('',(213.812611688607,-53.0720585490245,143.55240173462));
#4627=CARTESIAN_POINT('',(213.98709714976,-52.7772056947311,143.552265023754));
#4628=CARTESIAN_POINT('',(214.273343429884,-52.1591315198856,143.551941281796));
#4629=CARTESIAN_POINT('',(214.384301956994,-51.8363071211428,143.551803116146));
#4630=CARTESIAN_POINT('',(214.547418720658,-51.1786848473271,143.551043951572));
#4631=CARTESIAN_POINT('',(214.598976285729,-50.8438464972685,143.55045052616));
#4632=CARTESIAN_POINT('',(214.659088771142,-50.1749252969226,143.549402308231));
#4633=CARTESIAN_POINT('',(214.663008299864,-49.8391834423495,143.529835325333));
#4634=CARTESIAN_POINT('',(214.664948168677,-49.5084744000681,143.528751734959));
#4635=CARTESIAN_POINT('',(185.168768189913,-49.5084743992941,143.406810734661));
#4636=CARTESIAN_POINT('',(185.169576647631,-49.8589833013243,143.407731357309));
#4637=CARTESIAN_POINT('',(185.149468473385,-50.2137540387871,143.436070834642));
#4638=CARTESIAN_POINT('',(185.210496767728,-50.9198999583909,143.439727180967));
#4639=CARTESIAN_POINT('',(185.263526520857,-51.2723796772124,143.441849641417));
#4640=CARTESIAN_POINT('',(185.4351269827,-51.9633450598952,143.444976649328));
#4641=CARTESIAN_POINT('',(185.552611562026,-52.3012686218701,143.445986886217));
#4642=CARTESIAN_POINT('',(185.852244576701,-52.9469880057908,143.448158115603));
#4643=CARTESIAN_POINT('',(186.034833515923,-53.2548750052467,143.449414927307));
#4644=CARTESIAN_POINT('',(186.467700106375,-53.8199937191458,143.451117957373));
#4645=CARTESIAN_POINT('',(186.718993747624,-54.076246465747,143.450830639269));
#4646=CARTESIAN_POINT('',(187.139931878022,-54.4049161053536,143.450700788798));
#4647=CARTESIAN_POINT('',(187.28762437347,-54.5051749419397,143.450706769876));
#4648=CARTESIAN_POINT('',(187.595835456405,-54.683924838231,143.451061696582));
#4649=CARTESIAN_POINT('',(187.75616676637,-54.7623366608367,143.451362590967));
#4650=CARTESIAN_POINT('',(188.086343529309,-54.8952165736495,143.451941396891));
#4651=CARTESIAN_POINT('',(188.256226979982,-54.9493968123825,143.452048117773));
#4652=CARTESIAN_POINT('',(188.600923826736,-55.0335406275338,143.451875443509));
#4653=CARTESIAN_POINT('',(188.775668566348,-55.06377219818,143.45167758295));
#4654=CARTESIAN_POINT('',(189.125924843159,-55.1051658791053,143.451225630601));
#4655=CARTESIAN_POINT('',(189.301496137117,-55.1161463518948,143.450853235352));
#4656=CARTESIAN_POINT('',(189.563909178903,-55.1243660169381,143.450377626317));
#4657=CARTESIAN_POINT('',(189.738732588755,-55.1271999918973,143.450099448565));
#4658=CARTESIAN_POINT('',(189.999977148976,-55.1273209239995,143.450127500861));
#4659=CARTESIAN_POINT('',(196.666629211911,-55.1273726767592,143.450179729363));
#4660=CARTESIAN_POINT('',(203.333443403605,-55.1273272987293,143.450133823268));
#4661=CARTESIAN_POINT('',(209.999844448137,-55.1273843668714,143.450170618077));
#4662=CARTESIAN_POINT('',(210.26130584018,-55.1272213696649,143.450076759434));
#4663=CARTESIAN_POINT('',(210.436053938536,-55.1244270610429,143.450361065098));
#4664=CARTESIAN_POINT('',(210.698643900536,-55.1161149727304,143.450873009703));
#4665=CARTESIAN_POINT('',(210.874009353654,-55.105083981808,143.451264678189));
#4666=CARTESIAN_POINT('',(211.224338902981,-55.0637645457249,143.451685108623));
#4667=CARTESIAN_POINT('',(211.399017569754,-55.0336412246465,143.451841931013));
#4668=CARTESIAN_POINT('',(211.743817170179,-54.9493301908559,143.452086308929));
#4669=CARTESIAN_POINT('',(211.913686271649,-54.8951735914056,143.45195218927));
#4670=CARTESIAN_POINT('',(212.243753116336,-54.7623789286496,143.451365059916));
#4671=CARTESIAN_POINT('',(212.404205961673,-54.6839917312201,143.451031221312));
#4672=CARTESIAN_POINT('',(212.712359112494,-54.5052109499519,143.450711622627));
#4673=CARTESIAN_POINT('',(212.860196581266,-54.4048667079821,143.450683635773));
#4674=CARTESIAN_POINT('',(213.280849866291,-54.0761937629968,143.450894570747));
#4675=CARTESIAN_POINT('',(213.532306354943,-53.8201085535138,143.451096622919));
#4676=CARTESIAN_POINT('',(213.96516205715,-53.2548066166985,143.449442883119));
#4677=CARTESIAN_POINT('',(214.14758305679,-52.9471274806526,143.448213996173));
#4678=CARTESIAN_POINT('',(214.447552424158,-52.3012409257193,143.445912909778));
#4679=CARTESIAN_POINT('',(214.56481303101,-51.9632478709068,143.445010831584));
#4680=CARTESIAN_POINT('',(214.736484995415,-51.2725213185336,143.441833999271));
#4681=CARTESIAN_POINT('',(214.789600475022,-50.9198320455573,143.439694951524));
#4682=CARTESIAN_POINT('',(214.850469128364,-50.2137790506833,143.436095666481));
#4683=CARTESIAN_POINT('',(214.830421089219,-49.8590200253974,143.407737386425));
#4684=CARTESIAN_POINT('',(214.831240505466,-49.5084743991692,143.406803538937));
#4685=CARTESIAN_POINT('',(185.046505224536,-49.5084743984469,143.240365641489));
#4686=CARTESIAN_POINT('',(185.046730749418,-49.8777295819827,143.240976039477));
#4687=CARTESIAN_POINT('',(185.031416907044,-50.2485658816934,143.248295090932));
#4688=CARTESIAN_POINT('',(185.08977516681,-50.9862950140425,143.253334359894));
#4689=CARTESIAN_POINT('',(185.141964190216,-51.3536283308278,143.25652924817));
#4690=CARTESIAN_POINT('',(185.314913281976,-52.0718744947332,143.262334191255));
#4691=CARTESIAN_POINT('',(185.434450762657,-52.4225279174653,143.264865159589));
#4692=CARTESIAN_POINT('',(185.739400736972,-53.0920285140176,143.270944388693));
#4693=CARTESIAN_POINT('',(185.925227413996,-53.4109571345329,143.274688896633));
#4694=CARTESIAN_POINT('',(186.366927226983,-53.9958215258284,143.281531662863));
#4695=CARTESIAN_POINT('',(186.623914558697,-54.2599603934402,143.283374981244));
#4696=CARTESIAN_POINT('',(187.053577915495,-54.5990662240421,143.286290213729));
#4697=CARTESIAN_POINT('',(187.204111195583,-54.7025227366474,143.287310006865));
#4698=CARTESIAN_POINT('',(187.517929390286,-54.8876102254749,143.289757532301));
#4699=CARTESIAN_POINT('',(187.681152212448,-54.9692058855489,143.291109025949));
#4700=CARTESIAN_POINT('',(188.017555653467,-55.1082861271118,143.293570651973));
#4701=CARTESIAN_POINT('',(188.190753253559,-55.1654146964359,143.294403122457));
#4702=CARTESIAN_POINT('',(188.543543743808,-55.2549745743242,143.295129349194));
#4703=CARTESIAN_POINT('',(188.722961292056,-55.2877171416484,143.295174960829));
#4704=CARTESIAN_POINT('',(189.084611226194,-55.3333203934103,143.294995622474));
#4705=CARTESIAN_POINT('',(189.266650829583,-55.3458926729598,143.294573312758));
#4706=CARTESIAN_POINT('',(189.541060437733,-55.3555268768352,143.293998295613));
#4707=CARTESIAN_POINT('',(189.722980832899,-55.3590456600178,143.293657602121));
#4708=CARTESIAN_POINT('',(190.003168981,-55.3594421632804,143.293763080401));
#4709=CARTESIAN_POINT('',(196.663110330306,-55.3594883160211,143.2938403371));
#4710=CARTESIAN_POINT('',(203.336927802912,-55.3593848437882,143.293759747368));
#4711=CARTESIAN_POINT('',(209.996724335773,-55.3595412314228,143.293837859601));
#4712=CARTESIAN_POINT('',(210.277064807047,-55.3590360593271,143.293618274887));
#4713=CARTESIAN_POINT('',(210.458913322573,-55.3555653650897,143.293970486002));
#4714=CARTESIAN_POINT('',(210.733325483604,-55.3458654595349,143.294607992847));
#4715=CARTESIAN_POINT('',(210.915378164219,-55.3332672189869,143.295057834586));
#4716=CARTESIAN_POINT('',(211.277107700903,-55.2876958852791,143.295188027668));
#4717=CARTESIAN_POINT('',(211.45641582799,-55.2550377401497,143.295071480066));
#4718=CARTESIAN_POINT('',(211.809221445869,-55.1653722008668,143.294470140925));
#4719=CARTESIAN_POINT('',(211.982502206014,-55.1082502778434,143.293585336026));
#4720=CARTESIAN_POINT('',(212.318849852076,-54.9692023209009,143.291113206671));
#4721=CARTESIAN_POINT('',(212.482086678789,-54.8876530235229,143.289706155918));
#4722=CARTESIAN_POINT('',(212.795863621355,-54.7025407323692,143.287321900308));
#4723=CARTESIAN_POINT('',(212.946488995538,-54.5990424822919,143.286259487275));
#4724=CARTESIAN_POINT('',(213.375961100566,-54.2599831356388,143.283473095489));
#4725=CARTESIAN_POINT('',(213.633159090185,-53.9957538973517,143.281507383584));
#4726=CARTESIAN_POINT('',(214.074629765551,-53.4111343114499,143.2747220967));
#4727=CARTESIAN_POINT('',(214.260548241149,-53.0920558526964,143.271036946707));
#4728=CARTESIAN_POINT('',(214.565611732345,-52.4225186148816,143.26474627875));
#4729=CARTESIAN_POINT('',(214.685053539955,-52.0718900789782,143.262381456824));
#4730=CARTESIAN_POINT('',(214.858045949277,-51.3536475222621,143.256506608734));
#4731=CARTESIAN_POINT('',(214.910246647677,-50.9862877455952,143.253291246456));
#4732=CARTESIAN_POINT('',(214.968567538569,-50.2485914682885,143.248328067641));
#4733=CARTESIAN_POINT('',(214.953268046853,-49.8777205671841,143.240978253369));
#4734=CARTESIAN_POINT('',(214.953495356336,-49.508474398268,143.240361699376));
#4735=CARTESIAN_POINT('',(185.000271382522,-49.5084743977411,143.073585790088));
#4736=CARTESIAN_POINT('',(185.000281125153,-49.8838090314454,143.07387439398));
#4737=CARTESIAN_POINT('',(185.002753496363,-50.2595241188912,143.07402571274));
#4738=CARTESIAN_POINT('',(185.054238579558,-51.0078908356891,143.077713506439));
#4739=CARTESIAN_POINT('',(185.102330373954,-51.380692147395,143.080573313976));
#4740=CARTESIAN_POINT('',(185.266847730829,-52.111052227688,143.087714474437));
#4741=CARTESIAN_POINT('',(185.382973643561,-52.4682407789438,143.091769758291));
#4742=CARTESIAN_POINT('',(185.683061798491,-53.151807089566,143.102191090873));
#4743=CARTESIAN_POINT('',(185.867342032404,-53.4781552945942,143.108824947505));
#4744=CARTESIAN_POINT('',(186.308776543732,-54.0781106038576,143.122530910605));
#4745=CARTESIAN_POINT('',(186.567361570161,-54.3494032817943,143.1282126079));
#4746=CARTESIAN_POINT('',(187.001805510785,-54.6979492067186,143.136332829116));
#4747=CARTESIAN_POINT('',(187.154238833425,-54.804378347091,143.139036327939));
#4748=CARTESIAN_POINT('',(187.472350583907,-54.9950390256023,143.144616591218));
#4749=CARTESIAN_POINT('',(187.638006764854,-55.0792677273579,143.147418189251));
#4750=CARTESIAN_POINT('',(187.979722729682,-55.2230891222932,143.152439042852));
#4751=CARTESIAN_POINT('',(188.155828589308,-55.2823492499841,143.154374375122));
#4752=CARTESIAN_POINT('',(188.514976954753,-55.3752898689985,143.15677144446));
#4753=CARTESIAN_POINT('',(188.697802970674,-55.4093518842717,143.157420703645));
#4754=CARTESIAN_POINT('',(189.066524998555,-55.4568738038347,143.158147674295));
#4755=CARTESIAN_POINT('',(189.252244555744,-55.4700173293557,143.158014569049));
#4756=CARTESIAN_POINT('',(189.532221495538,-55.4800472971453,143.157749480753));
#4757=CARTESIAN_POINT('',(189.717409552296,-55.4837133895405,143.157582772116));
#4758=CARTESIAN_POINT('',(190.004332019313,-55.4841565590998,143.157789241404));
#4759=CARTESIAN_POINT('',(196.661842810047,-55.4842120930762,143.157855983264));
#4760=CARTESIAN_POINT('',(203.338160294369,-55.4840886543445,143.157763493567));
#4761=CARTESIAN_POINT('',(209.995634153764,-55.4842670614734,143.157873673364));
#4762=CARTESIAN_POINT('',(210.282610118242,-55.4836924093662,143.157538403839));
#4763=CARTESIAN_POINT('',(210.467765176547,-55.480076556994,143.157719485042));
#4764=CARTESIAN_POINT('',(210.747712652385,-55.4699881922412,143.158054317684));
#4765=CARTESIAN_POINT('',(210.933467272356,-55.4568343223551,143.158209446358));
#4766=CARTESIAN_POINT('',(211.302256556788,-55.4093309709266,143.157435480086));
#4767=CARTESIAN_POINT('',(211.48499722377,-55.375338556247,143.156706493442));
#4768=CARTESIAN_POINT('',(211.84413666663,-55.2823083426091,143.154451247953));
#4769=CARTESIAN_POINT('',(212.02031568875,-55.2230684967679,143.15244942065));
#4770=CARTESIAN_POINT('',(212.362016070104,-55.0792524834644,143.147422753979));
#4771=CARTESIAN_POINT('',(212.527654304728,-54.9950735884299,143.144560854914));
#4772=CARTESIAN_POINT('',(212.845737213606,-54.8043834538616,143.139055103114));
#4773=CARTESIAN_POINT('',(212.998218706943,-54.6979523541289,143.136296633307));
#4774=CARTESIAN_POINT('',(213.432567208486,-54.3494181379152,143.128303761947));
#4775=CARTESIAN_POINT('',(213.691300991567,-54.0780122427581,143.122523057739));
#4776=CARTESIAN_POINT('',(214.132495701337,-53.4783929090933,143.108838932183));
#4777=CARTESIAN_POINT('',(214.316937622262,-53.1517738272935,143.102288897388));
#4778=CARTESIAN_POINT('',(214.617048428723,-52.4682499723365,143.091650013224));
#4779=CARTESIAN_POINT('',(214.73313435535,-52.1110905577136,143.087749363273));
#4780=CARTESIAN_POINT('',(214.89767836517,-51.380668421322,143.080554654534));
#4781=CARTESIAN_POINT('',(214.945758790869,-51.0079108105626,143.077684482453));
#4782=CARTESIAN_POINT('',(214.997246039408,-50.259549573535,143.074047432394));
#4783=CARTESIAN_POINT('',(214.999719751402,-49.8837811586163,143.073872701599));
#4784=CARTESIAN_POINT('',(214.999728864322,-49.5084743975172,143.073583770558));
#4785=CARTESIAN_POINT('',(185.,-49.5084743973315,142.9747610293));
#4786=CARTESIAN_POINT('',(185.,-49.8838242240653,142.974780870339));
#4787=CARTESIAN_POINT('',(185.001227878452,-50.2595515199351,142.974756856187));
#4788=CARTESIAN_POINT('',(185.04727866989,-51.0089503369032,142.976833583685));
#4789=CARTESIAN_POINT('',(185.091963737165,-51.3827807965471,142.979077785283));
#4790=CARTESIAN_POINT('',(185.248810952567,-52.1171095474125,142.986613232251));
#4791=CARTESIAN_POINT('',(185.361527516425,-52.4770124274858,142.991572876139));
#4792=CARTESIAN_POINT('',(185.65640942085,-53.1673887894036,143.004695930414));
#4793=CARTESIAN_POINT('',(185.838819525209,-53.4977396973906,143.013161001812));
#4794=CARTESIAN_POINT('',(186.278588480419,-54.1065300508483,143.031444699564));
#4795=CARTESIAN_POINT('',(186.537654815717,-54.3824415437802,143.039906989527));
#4796=CARTESIAN_POINT('',(186.975044815928,-54.7370497191537,143.051751620593));
#4797=CARTESIAN_POINT('',(187.128787973154,-54.8454142621868,143.055651357933));
#4798=CARTESIAN_POINT('',(187.450024917041,-55.0395803124574,143.06339624782));
#4799=CARTESIAN_POINT('',(187.61748501356,-55.1253894743804,143.067175538859));
#4800=CARTESIAN_POINT('',(187.963082647016,-55.2718865476426,143.073913388794));
#4801=CARTESIAN_POINT('',(188.14130274873,-55.3322813712526,143.076614005732));
#4802=CARTESIAN_POINT('',(188.504646415605,-55.4267637792763,143.080229927457));
#4803=CARTESIAN_POINT('',(188.68955246939,-55.4612870878535,143.081343622332));
#4804=CARTESIAN_POINT('',(189.061906539768,-55.509282781528,143.08279542647));
#4805=CARTESIAN_POINT('',(189.249275553679,-55.5224463349497,143.082934181335));
#4806=CARTESIAN_POINT('',(189.53093291708,-55.5323795960173,143.082974039606));
#4807=CARTESIAN_POINT('',(189.717078154726,-55.535952778379,143.082980507354));
#4808=CARTESIAN_POINT('',(190.00442954669,-55.5363464045944,143.083253805395));
#4809=CARTESIAN_POINT('',(196.661745666366,-55.5364142916959,143.08330378497));
#4810=CARTESIAN_POINT('',(203.338240514182,-55.5362911298555,143.083210994158));
#4811=CARTESIAN_POINT('',(209.995571826284,-55.5364574083743,143.083337436258));
#4812=CARTESIAN_POINT('',(210.282916171899,-55.5359315751132,143.08293658796));
#4813=CARTESIAN_POINT('',(210.469060749364,-55.532408010342,143.082945433552));
#4814=CARTESIAN_POINT('',(210.750727497811,-55.5224143054414,143.082974018831));
#4815=CARTESIAN_POINT('',(210.938067624064,-55.5092487817814,143.082849943816));
#4816=CARTESIAN_POINT('',(211.310475894883,-55.4612719838717,143.081358276592));
#4817=CARTESIAN_POINT('',(211.49533243719,-55.4268120439231,143.080165898204));
#4818=CARTESIAN_POINT('',(211.858680790331,-55.3322336927164,143.076691096573));
#4819=CARTESIAN_POINT('',(212.036929662116,-55.27187853047,143.073918785721));
#4820=CARTESIAN_POINT('',(212.382525008921,-55.1253813658325,143.067179937732));
#4821=CARTESIAN_POINT('',(212.549978179662,-55.0396147671836,143.063342828953));
#4822=CARTESIAN_POINT('',(212.871191345047,-54.8454134745696,143.055674164074));
#4823=CARTESIAN_POINT('',(213.024965321942,-54.7370660554574,143.05171458489));
#4824=CARTESIAN_POINT('',(213.462312603384,-54.3824275624693,143.039981828504));
#4825=CARTESIAN_POINT('',(213.721448153677,-54.1064684025277,143.031452320495));
#4826=CARTESIAN_POINT('',(214.161052844347,-53.4979456706394,143.013156352291));
#4827=CARTESIAN_POINT('',(214.343592062368,-53.1673479135223,143.004787534873));
#4828=CARTESIAN_POINT('',(214.638490303387,-52.4770273861825,142.991465667876));
#4829=CARTESIAN_POINT('',(214.751180095276,-52.1171267240408,142.986633243009));
#4830=CARTESIAN_POINT('',(214.908041349925,-51.3827656303849,142.979064736885));
#4831=CARTESIAN_POINT('',(214.952718545949,-51.0089702835589,142.976820308544));
#4832=CARTESIAN_POINT('',(214.998772061349,-50.259577095605,142.974766156276));
#4833=CARTESIAN_POINT('',(215.,-49.8837973564844,142.974776137813));
#4834=CARTESIAN_POINT('',(215.,-49.5084743970815,142.9747610293));
#4835=CARTESIAN_POINT('',(192.,-51.43388342039,140.1747610293));
#4836=CARTESIAN_POINT('',(190.3,-51.43388342039,140.1747610293));
#4837=CARTESIAN_POINT('',(192.,-51.43388342039,93.5747610293));
#4838=CARTESIAN_POINT('',(192.,-51.43388342039,140.1747610293));
#4839=CARTESIAN_POINT('',(189.,-51.43388342039,140.1747610293));
#4840=CARTESIAN_POINT('',(192.,-51.43388342039,140.1747610293));
#4841=CARTESIAN_POINT('',(192.,-51.43388342039,143.5747610293));
#4842=CARTESIAN_POINT('',(208.,-51.43388342039,140.1747610293));
#4843=CARTESIAN_POINT('',(206.3,-51.43388342039,140.1747610293));
#4844=CARTESIAN_POINT('',(208.,-51.43388342039,93.5747610293));
#4845=CARTESIAN_POINT('',(208.,-51.43388342039,140.1747610293));
#4846=CARTESIAN_POINT('',(205.,-51.43388342039,140.1747610293));
#4847=CARTESIAN_POINT('',(208.,-51.43388342039,140.1747610293));
#4848=CARTESIAN_POINT('',(208.,-51.43388342039,143.5747610293));
#4849=CARTESIAN_POINT('',(194.5,-22.62903450151,175.8146487267));
#4850=CARTESIAN_POINT('',(195.8,-22.62903450151,175.8146487267));
#4851=CARTESIAN_POINT('',(194.5,-22.62903450151,176.0646487267));
#4852=CARTESIAN_POINT('',(195.796064294796,-22.5279536242137,173.221301943159));
#4853=CARTESIAN_POINT('',(195.806373704678,-22.6601414168556,173.226467764008));
#4854=CARTESIAN_POINT('',(195.795929348863,-22.796211422565,173.221234409737));
#4855=CARTESIAN_POINT('',(195.765955554071,-22.9245958912679,173.206215022854));
#4856=CARTESIAN_POINT('',(195.736015844093,-23.0528343670898,173.191212715323));
#4857=CARTESIAN_POINT('',(195.685931955986,-23.1768195865836,173.166116278556));
#4858=CARTESIAN_POINT('',(195.620855186341,-23.2875811219192,173.133505567299));
#4859=CARTESIAN_POINT('',(195.553684235505,-23.4019069817479,173.09984543797));
#4860=CARTESIAN_POINT('',(195.46902856038,-23.5050682095703,173.05742218508));
#4861=CARTESIAN_POINT('',(195.374086823931,-23.5913090071629,173.009841362484));
#4862=CARTESIAN_POINT('',(195.27022912712,-23.6856486616098,172.957792233913));
#4863=CARTESIAN_POINT('',(195.151638578428,-23.7621176563384,172.898356396368));
#4864=CARTESIAN_POINT('',(195.027279719628,-23.8173005059338,172.836024777414));
#4865=CARTESIAN_POINT('',(194.889878775264,-23.8782706348031,172.767156154859));
#4866=CARTESIAN_POINT('',(194.742030936579,-23.9148388453186,172.693045656381));
#4867=CARTESIAN_POINT('',(194.594531330113,-23.9255929566623,172.619103256632));
#4868=CARTESIAN_POINT('',(194.435551812209,-23.9371840617363,172.539405911354));
#4869=CARTESIAN_POINT('',(194.272648161592,-23.9190487655701,172.457733800525));
#4870=CARTESIAN_POINT('',(194.11900115704,-23.8719503802656,172.380695837363));
#4871=CARTESIAN_POINT('',(193.962896230472,-23.8240985526243,172.302425482419));
#4872=CARTESIAN_POINT('',(193.811635334629,-23.7446614474145,172.226576582511));
#4873=CARTESIAN_POINT('',(193.680639383302,-23.6383155227345,172.160884885849));
#4874=CARTESIAN_POINT('',(193.557439939841,-23.5382990061764,172.099102972845));
#4875=CARTESIAN_POINT('',(193.44831309019,-23.4108898005575,172.044373679001));
#4876=CARTESIAN_POINT('',(193.367190761263,-23.2667987437119,172.003687731618));
#4877=CARTESIAN_POINT('',(193.294981341462,-23.1385389692346,171.967471948696));
#4878=CARTESIAN_POINT('',(193.242834111627,-22.9928387424018,171.941316714824));
#4879=CARTESIAN_POINT('',(193.217871838129,-22.8438539059838,171.92879647485));
#4880=CARTESIAN_POINT('',(193.195454909962,-22.7100607089683,171.917552894806));
#4881=CARTESIAN_POINT('',(193.194277862182,-22.5697342738835,171.916962513032));
#4882=CARTESIAN_POINT('',(193.214486488279,-22.4355015296863,171.927098495712));
#4883=CARTESIAN_POINT('',(193.233843235641,-22.306927261215,171.936807204015));
#4884=CARTESIAN_POINT('',(193.273189600117,-22.1805150425526,171.956542009621));
#4885=CARTESIAN_POINT('',(193.328402066011,-22.0656888872799,171.984233576451));
#4886=CARTESIAN_POINT('',(193.385286985582,-21.9473845061653,172.012763954988));
#4887=CARTESIAN_POINT('',(193.460281605403,-21.8383690725718,172.050376233705));
#4888=CARTESIAN_POINT('',(193.546731220884,-21.7451348269078,172.093731078691));
#4889=CARTESIAN_POINT('',(193.640436560823,-21.6440754221281,172.140724699945));
#4890=CARTESIAN_POINT('',(193.749762983819,-21.5590176131304,172.195549740272));
#4891=CARTESIAN_POINT('',(193.866223511471,-21.4939894087547,172.253948135805));
#4892=CARTESIAN_POINT('',(193.994981009859,-21.422094930094,172.318512769593));
#4893=CARTESIAN_POINT('',(194.135586282807,-21.3728358851853,172.389013438883));
#4894=CARTESIAN_POINT('',(194.277796306117,-21.3481654533928,172.460312670678));
#4895=CARTESIAN_POINT('',(194.432702778881,-21.3212924561061,172.53797746709));
#4896=CARTESIAN_POINT('',(194.593610835514,-21.3228978751686,172.618644066034));
#4897=CARTESIAN_POINT('',(194.748059863107,-21.3529207509708,172.696065759978));
#4898=CARTESIAN_POINT('',(194.908031936877,-21.3840172348881,172.776256028106));
#4899=CARTESIAN_POINT('',(195.065780271004,-21.4466980802254,172.855323899645));
#4900=CARTESIAN_POINT('',(195.20632598836,-21.5376575738782,172.925763992262));
#4901=CARTESIAN_POINT('',(195.341350614127,-21.6250438836242,172.993436969593));
#4902=CARTESIAN_POINT('',(195.464725539547,-21.741678417823,173.055265799922));
#4903=CARTESIAN_POINT('',(195.561492035938,-21.8785448895628,173.103757682181));
#4904=CARTESIAN_POINT('',(195.648508707659,-22.0016212154119,173.14736370655));
#4905=CARTESIAN_POINT('',(195.716622962552,-22.1452475350866,173.181495174418));
#4906=CARTESIAN_POINT('',(195.756531634191,-22.2956754574181,173.201492839639));
#4907=CARTESIAN_POINT('',(195.776577745447,-22.3712353481187,173.21153765961));
#4908=CARTESIAN_POINT('',(195.789940600924,-22.4494353011463,173.218233493477));
#4909=CARTESIAN_POINT('',(195.796064294796,-22.5279536242137,173.221301943159));
#4910=CARTESIAN_POINT('',(195.796064294796,-22.5279536242137,173.221301943159));
#4911=CARTESIAN_POINT('',(194.5,-22.62903450151,176.0646487267));
#4912=CARTESIAN_POINT('',(205.5,-22.62903450151,175.8146487267));
#4913=CARTESIAN_POINT('',(206.8,-22.62903450151,175.8146487267));
#4914=CARTESIAN_POINT('',(205.5,-22.62903450151,176.0646487267));
#4915=CARTESIAN_POINT('',(206.796043005227,-22.5276810180829,171.937035605552));
#4916=CARTESIAN_POINT('',(206.806385613796,-22.6599356287679,171.931870286996));
#4917=CARTESIAN_POINT('',(206.795954137549,-22.7960780865015,171.937080072898));
#4918=CARTESIAN_POINT('',(206.765969385408,-22.9245366422957,171.952054925069));
#4919=CARTESIAN_POINT('',(206.736018535336,-23.0528499572434,171.96701284602));
#4920=CARTESIAN_POINT('',(206.685898445176,-23.1769138401121,171.992043394724));
#4921=CARTESIAN_POINT('',(206.620758523392,-23.2877456159174,172.024573498841));
#4922=CARTESIAN_POINT('',(206.553532351489,-23.4021270245623,172.058145451517));
#4923=CARTESIAN_POINT('',(206.468794672217,-23.5053414869583,172.100461114998));
#4924=CARTESIAN_POINT('',(206.373748656359,-23.5916160749418,172.147921531944));
#4925=CARTESIAN_POINT('',(206.269826369901,-23.6859477769662,172.199814238868));
#4926=CARTESIAN_POINT('',(206.151152250509,-23.762406015695,172.259069930083));
#4927=CARTESIAN_POINT('',(206.026699379696,-23.8175578556888,172.321206249199));
#4928=CARTESIAN_POINT('',(205.889279519581,-23.8784560743274,172.389816673572));
#4929=CARTESIAN_POINT('',(205.741404896903,-23.9149585564003,172.463641276343));
#4930=CARTESIAN_POINT('',(205.593882344069,-23.9256401105801,172.537283669877));
#4931=CARTESIAN_POINT('',(205.4349814504,-23.9371455277001,172.616606064451));
#4932=CARTESIAN_POINT('',(205.272160337275,-23.9189528065614,172.697877860689));
#4933=CARTESIAN_POINT('',(205.118604288599,-23.8718286563582,172.774518354528));
#4934=CARTESIAN_POINT('',(204.962653516628,-23.8239695999027,172.85235406521));
#4935=CARTESIAN_POINT('',(204.811555477264,-23.7445835282549,172.92776046939));
#4936=CARTESIAN_POINT('',(204.680700223636,-23.6383649114597,172.993060074784));
#4937=CARTESIAN_POINT('',(204.557598430557,-23.5384399804903,173.054490535452));
#4938=CARTESIAN_POINT('',(204.448567797607,-23.4111892689683,173.108894715032));
#4939=CARTESIAN_POINT('',(204.367480117167,-23.267312430775,173.149354427077));
#4940=CARTESIAN_POINT('',(204.29522559515,-23.1391085887554,173.185406724279));
#4941=CARTESIAN_POINT('',(204.243030459571,-22.9934905960552,173.211448736603));
#4942=CARTESIAN_POINT('',(204.217993999219,-22.8445817445008,173.223940284777));
#4943=CARTESIAN_POINT('',(204.195485690427,-22.7107095291184,173.235170451486));
#4944=CARTESIAN_POINT('',(204.194242541917,-22.5702923374469,173.235790686053));
#4945=CARTESIAN_POINT('',(204.214418081672,-22.4359564570087,173.225724431394));
#4946=CARTESIAN_POINT('',(204.233750160848,-22.3072366354682,173.216079007557));
#4947=CARTESIAN_POINT('',(204.27311738764,-22.1806665998772,173.196437338644));
#4948=CARTESIAN_POINT('',(204.328399432974,-22.0656943632769,173.168854078893));
#4949=CARTESIAN_POINT('',(204.385334901207,-21.9472834382641,173.140445835315));
#4950=CARTESIAN_POINT('',(204.460422630095,-21.8381601050932,173.10297949026));
#4951=CARTESIAN_POINT('',(204.547000205658,-21.744844820512,173.05977759121));
#4952=CARTESIAN_POINT('',(204.640773917579,-21.6437733761196,173.01298484598));
#4953=CARTESIAN_POINT('',(204.750193866731,-21.5587050230277,172.958382068981));
#4954=CARTESIAN_POINT('',(204.866759395855,-21.4936903522486,172.90020924948));
#4955=CARTESIAN_POINT('',(204.995526659226,-21.4218701383475,172.83594707158));
#4956=CARTESIAN_POINT('',(205.136144239856,-21.3726750391308,172.765765969323));
#4957=CARTESIAN_POINT('',(205.27835752125,-21.3480682210742,172.694782408905));
#4958=CARTESIAN_POINT('',(205.433170417184,-21.3212813223702,172.617509945712));
#4959=CARTESIAN_POINT('',(205.593969900239,-21.3229375339431,172.537242211985));
#4960=CARTESIAN_POINT('',(205.748300171856,-21.3529674873386,172.460196943349));
#4961=CARTESIAN_POINT('',(205.908123410155,-21.3840662753298,172.380409457719));
#4962=CARTESIAN_POINT('',(206.065706364767,-21.4466900540231,172.301732719974));
#4963=CARTESIAN_POINT('',(206.206108041613,-21.5375165522442,172.231628787576));
#4964=CARTESIAN_POINT('',(206.341055335714,-21.6248145848811,172.164248281905));
#4965=CARTESIAN_POINT('',(206.464351164527,-21.741304316375,172.102680051279));
#4966=CARTESIAN_POINT('',(206.56109059016,-21.8779774068266,172.054370620454));
#4967=CARTESIAN_POINT('',(206.648159596598,-22.000988166035,172.010890373222));
#4968=CARTESIAN_POINT('',(206.716330677552,-22.1445306173538,171.976845187094));
#4969=CARTESIAN_POINT('',(206.756320512276,-22.2948806889694,171.956873713779));
#4970=CARTESIAN_POINT('',(206.776461226947,-22.370603879978,171.94681516394));
#4971=CARTESIAN_POINT('',(206.789888582178,-22.4489822237883,171.940109255236));
#4972=CARTESIAN_POINT('',(206.796043005227,-22.5276810180829,171.937035605552));
#4973=CARTESIAN_POINT('',(206.796043005227,-22.5276810180829,171.937035605552));
#4974=CARTESIAN_POINT('',(205.5,-22.62903450151,176.0646487267));
#4975=CARTESIAN_POINT('',(209.4,-22.22903450151,153.660299804701));
#4976=CARTESIAN_POINT('',(209.4,-22.22903450151,152.260299804701));
#4977=CARTESIAN_POINT('',(209.4,-0.72903450151,153.660299804701));
#4978=CARTESIAN_POINT('',(209.4,-22.22903450151,153.660299804701));
#4979=CARTESIAN_POINT('',(211.8,-22.22903450151,153.660299804701));
#4980=CARTESIAN_POINT('',(209.4,-22.22903450151,153.660299804701));
#4981=CARTESIAN_POINT('',(209.4,-0.729034501510004,153.660299804701));
#4982=CARTESIAN_POINT('',(190.6005,-22.22903450151,172.474499804701));
#4983=CARTESIAN_POINT('',(190.6005,-22.22903450151,171.074499804701));
#4984=CARTESIAN_POINT('',(190.6005,-0.729034501510004,172.474499804701));
#4985=CARTESIAN_POINT('',(190.6005,-22.22903450151,172.474499804701));
#4986=CARTESIAN_POINT('',(189.87970420277,-22.22903450151,170.185296139953));
#4987=CARTESIAN_POINT('',(192.893580001995,-22.22903450151,171.766132594527));
#4988=CARTESIAN_POINT('',(3506.94534123036,-22.22903450151,-6434.82726842705));
#4989=CARTESIAN_POINT('',(190.476547299369,-22.22903450151,170.553127992568));
#4990=CARTESIAN_POINT('',(192.005202130818,-22.22903450151,167.404602241325));
#4991=CARTESIAN_POINT('',(190.6005,-22.22903450151,172.474499804701));
#4992=CARTESIAN_POINT('',(192.893580001995,-13.72903450151,171.766132594527));
#4993=CARTESIAN_POINT('',(189.87970420277,-13.72903450151,170.185296139953));
#4994=CARTESIAN_POINT('',(190.6005,-0.729034501510007,172.474499804701));
#4995=CARTESIAN_POINT('',(209.53289943353,-0.729034501510007,170.569483530451));
#4996=CARTESIAN_POINT('',(203.101751266489,-0.729034501510007,173.78075440512));
#4997=CARTESIAN_POINT('',(-3095.59258767529,-0.729034501510007,-6440.49404339064));
#4998=CARTESIAN_POINT('',(196.902173706467,-0.729034501510007,173.77543347985));
#4999=CARTESIAN_POINT('',(190.476547299369,-0.729034501510007,170.553127992568));
#5000=CARTESIAN_POINT('',(3506.94534123036,-0.729034501510007,-6434.82726842705));
#5001=CARTESIAN_POINT('',(188.50974131533,-0.729034501510007,167.582797884907));
#5002=CARTESIAN_POINT('',(190.486946272517,-0.729034501510007,164.626501862047));
#5003=CARTESIAN_POINT('',(192.00414962585,-0.729034501510007,167.780561782948));
#5004=CARTESIAN_POINT('',(192.452100662487,-0.729034501510007,163.654605296512));
#5005=CARTESIAN_POINT('',(190.486946272516,-0.729034501510007,164.626501862047));
#5006=CARTESIAN_POINT('',(193.686054847635,-24.22903450151,162.052758964592));
#5007=CARTESIAN_POINT('',(193.686054847635,-21.72903450151,162.052758964592));
#5008=CARTESIAN_POINT('',(191.432483203426,-21.72903450151,161.592960264705));
#5009=CARTESIAN_POINT('',(191.432483203426,-0.729034501510007,161.592960264705));
#5010=CARTESIAN_POINT('',(196.242981363523,-21.72903450151,156.204581089111));
#5011=CARTESIAN_POINT('',(194.778516982078,-21.72903450151,156.202466782221));
#5012=CARTESIAN_POINT('',(193.740969192536,-21.72903450151,157.235982878715));
#5013=CARTESIAN_POINT('',(193.738118354314,-21.72903450151,158.700446196799));
#5014=CARTESIAN_POINT('',(193.741968997326,-21.72903450151,158.566525107119));
#5015=CARTESIAN_POINT('',(193.741968997326,-22.4424616468559,158.566525107119));
#5016=CARTESIAN_POINT('',(196.242981363523,-0.729034501510011,156.204581089111));
#5017=CARTESIAN_POINT('',(193.738118354314,-0.729034501510005,158.700446196799));
#5018=CARTESIAN_POINT('',(193.740969192536,-0.729034501510005,157.235982878715));
#5019=CARTESIAN_POINT('',(194.778516982078,-0.729034501510009,156.202466782221));
#5020=CARTESIAN_POINT('',(196.242981363523,-0.729034501510011,156.204581089111));
#5021=CARTESIAN_POINT('',(200.01704193234,-0.729034501510011,156.208556791288));
#5022=CARTESIAN_POINT('',(196.242981363523,-0.729034501510014,156.204581089111));
#5023=CARTESIAN_POINT('',(197.501000844223,-0.729034501510011,156.206397343088));
#5024=CARTESIAN_POINT('',(198.759021388282,-0.729034501510011,156.207477067188));
#5025=CARTESIAN_POINT('',(200.01704193234,-0.729034501510011,156.208556791288));
#5026=CARTESIAN_POINT('',(203.791103765443,-0.729034501510011,156.211059432971));
#5027=CARTESIAN_POINT('',(200.01704193234,-0.729034501510011,156.208556791288));
#5028=CARTESIAN_POINT('',(201.275062476398,-0.729034501510011,156.209636515388));
#5029=CARTESIAN_POINT('',(202.533083020456,-0.729034501510011,156.210716239487));
#5030=CARTESIAN_POINT('',(203.791103765443,-0.729034501510011,156.211059432971));
#5031=CARTESIAN_POINT('',(206.291678824058,-0.729034501510004,158.71122056916));
#5032=CARTESIAN_POINT('',(203.791103765443,-0.729034501510005,156.211059432971));
#5033=CARTESIAN_POINT('',(205.255569618649,-0.729034501510005,156.21145894557));
#5034=CARTESIAN_POINT('',(206.291341804585,-0.729034501510009,157.246754515026));
#5035=CARTESIAN_POINT('',(206.291678824058,-0.729034501510005,158.71122056916));
#5036=CARTESIAN_POINT('',(206.291678824058,-21.72903450151,158.71122056916));
#5037=CARTESIAN_POINT('',(206.292271369144,-21.72903450151,161.286033702104));
#5038=CARTESIAN_POINT('',(206.291813060328,-21.72903450151,159.29452354371));
#5039=CARTESIAN_POINT('',(206.292271369144,-21.72903450151,161.286033702104));
#5040=CARTESIAN_POINT('',(206.292345513696,-0.729034501510007,161.608217399943));
#5041=CARTESIAN_POINT('',(206.291813060328,-21.72903450151,159.29452354371));
#5042=CARTESIAN_POINT('',(206.291678824058,-0.729034501510007,158.71122056916));
#5043=CARTESIAN_POINT('',(207.569190593135,-0.729034501510007,163.667579875025));
#5044=CARTESIAN_POINT('',(208.592345452791,-0.729034501510007,161.607688097974));
#5045=CARTESIAN_POINT('',(209.53267378548,-0.729034501510007,164.642848281105));
#5046=CARTESIAN_POINT('',(207.569190593135,-0.729034501510007,163.667579875025));
#5047=CARTESIAN_POINT('',(211.504801219894,-0.729034501510007,167.602533906291));
#5048=CARTESIAN_POINT('',(208.010058587276,-0.729034501510007,167.794299210153));
#5049=CARTESIAN_POINT('',(208.009651434654,-0.729034501510007,167.418338415748));
#5050=CARTESIAN_POINT('',(202.629613069319,-18.12709805694,173.971510618993));
#5051=CARTESIAN_POINT('',(203.101751266488,-0.729034501510007,173.780754405118));
#5052=CARTESIAN_POINT('',(197.373983766772,-26.4786519139499,173.966999858302));
#5053=CARTESIAN_POINT('',(200.000884932742,-0.729034501510007,175.033585726761));
#5054=CARTESIAN_POINT('',(192.005202130818,-0.729034501510007,167.404602241325));
#5055=CARTESIAN_POINT('',(206.2,-21.72903450151,160.290299804701));
#5056=CARTESIAN_POINT('',(206.2,-21.72903450151,160.290299804701));
#5057=CARTESIAN_POINT('',(206.2,-21.72903450151,160.290299804701));
#5058=CARTESIAN_POINT('',(200.007366915408,-0.729034501510007,167.481223637026));
#5059=CARTESIAN_POINT('',(192.598516137411,-21.72903450151,161.05465133839));
#5060=CARTESIAN_POINT('',(192.598516137411,-21.72903450151,161.05465133839));
#5061=CARTESIAN_POINT('',(193.598514242639,-21.72903450151,161.056598012498));
#5062=CARTESIAN_POINT('',(193.598514242639,-21.72903450151,161.056598012498));
#5063=CARTESIAN_POINT('',(193.601434253797,-21.72903450151,159.556600854656));
#5064=CARTESIAN_POINT('',(192.601436148569,-21.72903450151,159.55465418055));
#5065=CARTESIAN_POINT('',(192.601436148569,-21.72903450151,159.55465418055));
#5066=CARTESIAN_POINT('',(193.601434253797,-21.72903450151,159.556600854656));
#5067=CARTESIAN_POINT('',(192.598516137411,-21.72903450151,161.05465133839));
#5068=CARTESIAN_POINT('',(193.601434253797,-21.72903450151,159.556600854656));
#5069=CARTESIAN_POINT('',(192.598516137411,-21.72903450151,161.05465133839));
#5070=CARTESIAN_POINT('',(199.99969209397,-46.9337948219275,110.07425047141));
#5071=CARTESIAN_POINT('',(199.99969209397,-16.9337948220324,110.074329812094));
#5072=CARTESIAN_POINT('',(199.99969209397,-46.9337948219275,110.07425047141));
#5073=MECHANICAL_DESIGN_GEOMETRIC_PRESENTATION_REPRESENTATION('',(#24),
#5074);
#5074=(
GEOMETRIC_REPRESENTATION_CONTEXT(3)
GLOBAL_UNCERTAINTY_ASSIGNED_CONTEXT((#5075))
GLOBAL_UNIT_ASSIGNED_CONTEXT((#5081,#5077,#5076))
REPRESENTATION_CONTEXT('\X2\652F67B6\X0\L','TOP_LEVEL_ASSEMBLY_PART')
);
#5075=UNCERTAINTY_MEASURE_WITH_UNIT(LENGTH_MEASURE(0.0508),#5081,
'DISTANCE_ACCURACY_VALUE','Maximum Tolerance applied to model');
#5076=(
NAMED_UNIT(*)
SI_UNIT($,.STERADIAN.)
SOLID_ANGLE_UNIT()
);
#5077=(
CONVERSION_BASED_UNIT('DEGREE',#5079)
NAMED_UNIT(#5078)
PLANE_ANGLE_UNIT()
);
#5078=DIMENSIONAL_EXPONENTS(0.,0.,0.,0.,0.,0.,0.);
#5079=PLANE_ANGLE_MEASURE_WITH_UNIT(PLANE_ANGLE_MEASURE(0.0174532925),#5080);
#5080=(
NAMED_UNIT(*)
PLANE_ANGLE_UNIT()
SI_UNIT($,.RADIAN.)
);
#5081=(
LENGTH_UNIT()
NAMED_UNIT(*)
SI_UNIT(.MILLI.,.METRE.)
);
ENDSEC;
END-ISO-10303-21;
