ISO-10303-21;
HEADER;
FILE_DESCRIPTION (( 'STEP AP214' ),
    '1' );
FILE_NAME ('¼Ð×¦µ××ù.STEP',
    '2025-09-28T08:49:44',
    ( '' ),
    ( '' ),
    'SwSTEP 2.0',
    'SolidWorks 2021',
    '' );
FILE_SCHEMA (( 'AUTOMOTIVE_DESIGN' ));
ENDSEC;

DATA;
#1 = CARTESIAN_POINT ( 'NONE',  ( 3.006542494384922826, -29.30549641090593838, 2.639125718406483578 ) ) ;
#2 = ORIENTED_EDGE ( 'NONE', *, *, #4168, .F. ) ;
#3 = CARTESIAN_POINT ( 'NONE',  ( -24.79705574707556437, 16.88521240162561909, 3.933268535446816205 ) ) ;
#4 = DIRECTION ( 'NONE',  ( -0.000000000000000000, -0.000000000000000000, -1.000000000000000000 ) ) ;
#5 = ADVANCED_FACE ( 'NONE', ( #1296 ), #527, .F. ) ;
#6 = CYLINDRICAL_SURFACE ( 'NONE', #4191, 3.000000000000000888 ) ;
#7 = CARTESIAN_POINT ( 'NONE',  ( -11.25833024919769976, -19.49999999999998934, 3.500000000000000000 ) ) ;
#8 = CARTESIAN_POINT ( 'NONE',  ( 15.08502884254440168, 13.43502884254440488, 3.500000000000000000 ) ) ;
#9 = CIRCLE ( 'NONE', #3440, 2.999999999999999112 ) ;
#10 = EDGE_CURVE ( 'NONE', #4128, #2253, #1677, .T. ) ;
#11 = CARTESIAN_POINT ( 'NONE',  ( 27.24876037722597388, 11.11327698535817454, -0.6380904332706174298 ) ) ;
#12 = CARTESIAN_POINT ( 'NONE',  ( -22.51666049839540662, 6.938893903907228378E-15, -2.999999999999999556 ) ) ;
#13 = ORIENTED_EDGE ( 'NONE', *, *, #3481, .T. ) ;
#14 = AXIS2_PLACEMENT_3D ( 'NONE', #1892, #97, #121 ) ;
#15 = CARTESIAN_POINT ( 'NONE',  ( -4.000000000000000000, -38.49999999999999289, 0.000000000000000000 ) ) ;
#16 = CARTESIAN_POINT ( 'NONE',  ( 22.49201158567361603, 18.40838304276991622, -2.435923959841101105 ) ) ;
#17 = CONICAL_SURFACE ( 'NONE', #1179, 12.50000000000000000, 0.7853981633974396193 ) ;
#18 = CARTESIAN_POINT ( 'NONE',  ( -4.576271100763348976, -29.64890795311554328, 3.500000000000000000 ) ) ;
#19 = ORIENTED_EDGE ( 'NONE', *, *, #1454, .F. ) ;
#20 = CARTESIAN_POINT ( 'NONE',  ( -24.43969042632156174, 17.39841582605583170, 3.523413384687400285 ) ) ;
#21 = CARTESIAN_POINT ( 'NONE',  ( -27.21229995302453020, 11.21201002684627923, 0.9144508364531047651 ) ) ;
#22 = AXIS2_PLACEMENT_3D ( 'NONE', #3966, #3643, #3693 ) ;
#23 = CARTESIAN_POINT ( 'NONE',  ( 26.04320328917427219, 13.84698578817697801, 3.867398505912874818 ) ) ;
#24 = CARTESIAN_POINT ( 'NONE',  ( 25.44572669062485204, 15.89139814259307748, 4.384838864365296018 ) ) ;
#25 = CARTESIAN_POINT ( 'NONE',  ( -24.35176543717499342, 16.61156423281520134, 3.333960783490280022 ) ) ;
#26 = CIRCLE ( 'NONE', #2567, 3.000000000000000000 ) ;
#27 = CARTESIAN_POINT ( 'NONE',  ( -0.8467611868483008175, -29.48470512362793627, 3.909902818535862856 ) ) ;
#28 = ORIENTED_EDGE ( 'NONE', *, *, #3808, .F. ) ;
#29 = CARTESIAN_POINT ( 'NONE',  ( -27.10465329168106408, 12.85853394682749418, 3.822158796776063294 ) ) ;
#30 = DIRECTION ( 'NONE',  ( 0.6123724356957948034, -0.3535533905932705112, -0.7071067811865489050 ) ) ;
#31 = VECTOR ( 'NONE', #639, 1000.000000000000000 ) ;
#32 = CARTESIAN_POINT ( 'NONE',  ( -4.368326632409630150, -29.68026021340815745, 1.341596553291198424 ) ) ;
#33 = VECTOR ( 'NONE', #2359, 1000.000000000000000 ) ;
#34 = CYLINDRICAL_SURFACE ( 'NONE', #974, 2.150000000000000799 ) ;
#35 = CARTESIAN_POINT ( 'NONE',  ( -11.78502884254439920, 13.43502884254441199, 3.500000000000000000 ) ) ;
#36 = CIRCLE ( 'NONE', #1777, 30.00000000000000000 ) ;
#37 = CARTESIAN_POINT ( 'NONE',  ( -7.000000000000000000, -27.11088342345190938, -3.500000000000000000 ) ) ;
#38 = ORIENTED_EDGE ( 'NONE', *, *, #2243, .F. ) ;
#39 = CARTESIAN_POINT ( 'NONE',  ( -23.24876236258109685, 18.04148136187852458, -0.5000000000000000000 ) ) ;
#40 = EDGE_CURVE ( 'NONE', #918, #3381, #3174, .T. ) ;
#41 = CARTESIAN_POINT ( 'NONE',  ( 3.500000000000028422, -6.062177826491054411, -3.500000000000000000 ) ) ;
#42 = ORIENTED_EDGE ( 'NONE', *, *, #204, .F. ) ;
#43 = DIRECTION ( 'NONE',  ( -0.000000000000000000, -0.000000000000000000, -1.000000000000000000 ) ) ;
#44 = CARTESIAN_POINT ( 'NONE',  ( 11.25833024919769088, 19.50000000000000000, 3.500000000000000000 ) ) ;
#45 = CARTESIAN_POINT ( 'NONE',  ( 26.75739305943785240, 12.34390575828629011, 2.961874446678297801 ) ) ;
#46 = CARTESIAN_POINT ( 'NONE',  ( 24.14982760941791540, 17.79855020374895247, 3.078067145238360780 ) ) ;
#47 = CARTESIAN_POINT ( 'NONE',  ( -24.02026270176753897, 17.06577537512044884, 2.886623445341128580 ) ) ;
#48 = CARTESIAN_POINT ( 'NONE',  ( 1.407177935826118276, -29.45757411920618551, 3.744878302531353675 ) ) ;
#49 = VERTEX_POINT ( 'NONE', #1772 ) ;
#50 = EDGE_LOOP ( 'NONE', ( #4429, #1369, #1301, #2742, #4499, #3583, #4268 ) ) ;
#51 = CARTESIAN_POINT ( 'NONE',  ( -26.01640513603047467, 14.93828126295594849, 4.500053976700492342 ) ) ;
#52 = DIRECTION ( 'NONE',  ( 0.000000000000000000, -1.000000000000000000, 0.000000000000000000 ) ) ;
#53 = CARTESIAN_POINT ( 'NONE',  ( -3.764017987523723185, -29.76296219812575217, 2.560447539247644677 ) ) ;
#54 = CARTESIAN_POINT ( 'NONE',  ( 22.08364779650311860, 12.75000000000009770, 0.000000000000000000 ) ) ;
#55 = CARTESIAN_POINT ( 'NONE',  ( -30.00000000000000000, 0.000000000000000000, 7.500000000000000888 ) ) ;
#56 = CARTESIAN_POINT ( 'NONE',  ( -27.99150600162338520, 10.79331831298073041, -1.184435065423822930 ) ) ;
#57 = CARTESIAN_POINT ( 'NONE',  ( -12.50000000000000000, 0.000000000000000000, 3.999999999999998224 ) ) ;
#58 = ADVANCED_FACE ( 'NONE', ( #641 ), #687, .F. ) ;
#59 = DIRECTION ( 'NONE',  ( 0.000000000000000000, 0.000000000000000000, 1.000000000000000000 ) ) ;
#60 = ORIENTED_EDGE ( 'NONE', *, *, #2885, .T. ) ;
#61 = DIRECTION ( 'NONE',  ( -0.6123724356957958026, -0.3535533905932730647, 0.7071067811865467956 ) ) ;
#62 = CARTESIAN_POINT ( 'NONE',  ( 26.41905148533705017, 13.09014832133013684, 3.534351677138370285 ) ) ;
#63 = CARTESIAN_POINT ( 'NONE',  ( 25.56148663165109625, 15.70400593408087175, 4.427902481506562182 ) ) ;
#64 = CARTESIAN_POINT ( 'NONE',  ( -23.53172785535097233, 17.69587965592936030, 1.826630741581286799 ) ) ;
#65 = EDGE_CURVE ( 'NONE', #1357, #1421, #4522, .T. ) ;
#66 = CARTESIAN_POINT ( 'NONE',  ( 3.395768364503561010, -29.25170981111671509, 2.117947397814353927 ) ) ;
#67 = ORIENTED_EDGE ( 'NONE', *, *, #3114, .F. ) ;
#68 = SURFACE_STYLE_FILL_AREA ( #2849 ) ;
#69 = ORIENTED_EDGE ( 'NONE', *, *, #3870, .T. ) ;
#70 = CARTESIAN_POINT ( 'NONE',  ( -24.21833750293951226, 16.79723899594662129, 3.172073212833253830 ) ) ;
#71 = CARTESIAN_POINT ( 'NONE',  ( -13.43502884254441021, -13.43502884254438179, 6.500000000000000888 ) ) ;
#72 = CARTESIAN_POINT ( 'NONE',  ( -4.333293982900083385, -29.68539550758700685, 1.447286238320558471 ) ) ;
#73 = CARTESIAN_POINT ( 'NONE',  ( 27.24876236258086948, 11.11327813160336042, 0.000000000000000000 ) ) ;
#74 = CARTESIAN_POINT ( 'NONE',  ( -27.00701180796288980, 11.74396280473899168, 2.211699171960757937 ) ) ;
#75 = CARTESIAN_POINT ( 'NONE',  ( -31.34197804570108659, 22.71410161513745507, 0.000000000000000000 ) ) ;
#76 = VECTOR ( 'NONE', #386, 1000.000000000000000 ) ;
#77 = CARTESIAN_POINT ( 'NONE',  ( -29.84197804570111145, 25.31217782649078529, -0.5000000000000000000 ) ) ;
#78 = AXIS2_PLACEMENT_3D ( 'NONE', #1879, #2199, #449 ) ;
#79 = CARTESIAN_POINT ( 'NONE',  ( -11.90031754730551050, 4.388045381863340921, 0.000000000000000000 ) ) ;
#80 = ORIENTED_EDGE ( 'NONE', *, *, #4123, .F. ) ;
#81 = CARTESIAN_POINT ( 'NONE',  ( -23.24876236258110751, 18.04148136187853169, 0.000000000000000000 ) ) ;
#82 = CARTESIAN_POINT ( 'NONE',  ( 26.99833913364851767, 11.76561880397228421, 2.246103828982877637 ) ) ;
#83 = CARTESIAN_POINT ( 'NONE',  ( 27.24647510650832771, 11.11951951614806866, 0.2635086351760059231 ) ) ;
#84 = DIRECTION ( 'NONE',  ( -0.000000000000000000, -0.000000000000000000, -1.000000000000000000 ) ) ;
#85 = CIRCLE ( 'NONE', #1536, 12.99999999999996980 ) ;
#86 = CARTESIAN_POINT ( 'NONE',  ( 3.986910291438274356, -29.15702959009153261, 0.3300126283140350503 ) ) ;
#87 = ORIENTED_EDGE ( 'NONE', *, *, #2709, .F. ) ;
#88 = CIRCLE ( 'NONE', #1325, 2.149999999999999467 ) ;
#89 = ORIENTED_EDGE ( 'NONE', *, *, #1350, .T. ) ;
#90 = CARTESIAN_POINT ( 'NONE',  ( -27.96141148013764521, 10.87011878414834243, 0.2971718628452170718 ) ) ;
#91 = CARTESIAN_POINT ( 'NONE',  ( 23.38857189812342696, 18.78762104595233140, -0.5000000000000000000 ) ) ;
#92 = ADVANCED_FACE ( 'NONE', ( #3516, #4223 ), #3471, .F. ) ;
#93 = VECTOR ( 'NONE', #2487, 1000.000000000000000 ) ;
#94 = CARTESIAN_POINT ( 'NONE',  ( 1.887168100828785278, -29.94066269006727410, 4.100224205313706349 ) ) ;
#95 = DIRECTION ( 'NONE',  ( 0.000000000000000000, 0.000000000000000000, 1.000000000000000000 ) ) ;
#96 = FACE_OUTER_BOUND ( 'NONE', #3478, .T. ) ;
#97 = DIRECTION ( 'NONE',  ( 0.000000000000000000, 0.000000000000000000, -1.000000000000000000 ) ) ;
#98 = CARTESIAN_POINT ( 'NONE',  ( -27.08107028947011230, 11.55644131341132841, 1.876870629238452493 ) ) ;
#99 = EDGE_CURVE ( 'NONE', #3688, #2776, #2408, .T. ) ;
#100 = VECTOR ( 'NONE', #4317, 1000.000000000000000 ) ;
#101 = CARTESIAN_POINT ( 'NONE',  ( -1.939796691985954391, -29.41917578025618241, 3.498204478127308725 ) ) ;
#102 = CARTESIAN_POINT ( 'NONE',  ( 27.96484617264470529, 10.86127656592163859, -0.6216031612199485190 ) ) ;
#103 = MECHANICAL_DESIGN_GEOMETRIC_PRESENTATION_REPRESENTATION (  '', ( #1559 ), #3394 ) ;
#104 = CARTESIAN_POINT ( 'NONE',  ( 23.25340122540206877, 18.95466516323802963, -1.500000000000001776 ) ) ;
#105 = CARTESIAN_POINT ( 'NONE',  ( 28.04192216429296636, 10.66070360397170091, -1.499999999999988676 ) ) ;
#106 = ORIENTED_EDGE ( 'NONE', *, *, #2829, .F. ) ;
#107 = FACE_OUTER_BOUND ( 'NONE', #2282, .T. ) ;
#108 = DIRECTION ( 'NONE',  ( 0.000000000000000000, 0.000000000000000000, 1.000000000000000000 ) ) ;
#109 = CARTESIAN_POINT ( 'NONE',  ( 23.54216017411063078, 18.59482033612522756, 1.450946045552189645 ) ) ;
#110 = CARTESIAN_POINT ( 'NONE',  ( 2.796764051036775722, -29.33175202425902484, 2.860083829646724585 ) ) ;
#111 = CARTESIAN_POINT ( 'NONE',  ( 23.38857189812342696, 18.78762104595232785, 3.500000000000000000 ) ) ;
#112 = ORIENTED_EDGE ( 'NONE', *, *, #2375, .F. ) ;
#113 = ORIENTED_EDGE ( 'NONE', *, *, #3171, .F. ) ;
#114 = CARTESIAN_POINT ( 'NONE',  ( -23.81081330778897609, 17.34134422747462523, 2.512482999986888288 ) ) ;
#115 = CARTESIAN_POINT ( 'NONE',  ( 27.81349996130481017, 11.24333408574632642, 1.860000878282565440 ) ) ;
#116 = CARTESIAN_POINT ( 'NONE',  ( 3.488493307371679730, -29.79652133732387398, 2.913427342106465812 ) ) ;
#117 = CARTESIAN_POINT ( 'NONE',  ( -23.31617371450041887, 18.87739711980667323, -1.240676786603702064 ) ) ;
#118 = ORIENTED_EDGE ( 'NONE', *, *, #3928, .F. ) ;
#119 = ADVANCED_FACE ( 'NONE', ( #1050 ), #3178, .T. ) ;
#120 = DIRECTION ( 'NONE',  ( 0.000000000000000000, 0.000000000000000000, -1.000000000000000000 ) ) ;
#121 = DIRECTION ( 'NONE',  ( -1.000000000000000000, 0.000000000000000000, 0.000000000000000000 ) ) ;
#122 = CARTESIAN_POINT ( 'NONE',  ( -27.14926843167272352, 11.37945806213502564, 1.471007438067891249 ) ) ;
#123 = CARTESIAN_POINT ( 'NONE',  ( -2.310077656066324536, -29.38532494320267574, 3.265762059349104351 ) ) ;
#124 = EDGE_CURVE ( 'NONE', #2198, #2523, #2630, .T. ) ;
#125 = B_SPLINE_CURVE_WITH_KNOTS ( 'NONE', 1,
 ( #1925, #1306 ),
 .UNSPECIFIED., .F., .F.,
 ( 2, 2 ),
 ( 0.000000000000000000, 1.000000000000000000 ),
 .UNSPECIFIED. ) ;
#126 = FACE_OUTER_BOUND ( 'NONE', #870, .T. ) ;
#127 = DIRECTION ( 'NONE',  ( 0.5000000000000038858, -0.8660254037844362651, 0.000000000000000000 ) ) ;
#128 = DIRECTION ( 'NONE',  ( -1.000000000000000000, 0.000000000000000000, 0.000000000000000000 ) ) ;
#129 = ORIENTED_EDGE ( 'NONE', *, *, #4395, .T. ) ;
#130 = CARTESIAN_POINT ( 'NONE',  ( 2.632990618166809235E-16, -22.49999999999998934, 2.149999999999999911 ) ) ;
#131 = CARTESIAN_POINT ( 'NONE',  ( 27.01894716427510446, 11.71414296499971108, 2.164114199099062219 ) ) ;
#132 = CARTESIAN_POINT ( 'NONE',  ( 26.92345129065818909, 11.95009709557638899, 2.512482999986887844 ) ) ;
#133 = CARTESIAN_POINT ( 'NONE',  ( 2.531645144368793954, -29.36219253197460333, 3.096902500533762925 ) ) ;
#134 = CARTESIAN_POINT ( 'NONE',  ( 11.78502884254439920, 13.43502884254440488, 3.500000000000000000 ) ) ;
#135 = EDGE_LOOP ( 'NONE', ( #805, #2478, #1232, #2842 ) ) ;
#136 = ORIENTED_EDGE ( 'NONE', *, *, #3928, .T. ) ;
#137 = CARTESIAN_POINT ( 'NONE',  ( -24.09816939822813353, 16.96142536097253029, 3.007934371395741824 ) ) ;
#138 = LINE ( 'NONE', #4322, #1396 ) ;
#139 = CARTESIAN_POINT ( 'NONE',  ( -1.891192907592727179, -29.94040660965252698, 4.098412980985620457 ) ) ;
#140 = CARTESIAN_POINT ( 'NONE',  ( -23.22228831125504556, 18.99278806498756822, -1.604620627550421341 ) ) ;
#141 = ORIENTED_EDGE ( 'NONE', *, *, #4395, .F. ) ;
#142 = FACE_BOUND ( 'NONE', #2948, .T. ) ;
#143 = CYLINDRICAL_SURFACE ( 'NONE', #964, 28.50000000000000000 ) ;
#144 = CARTESIAN_POINT ( 'NONE',  ( -27.20185208081783657, 11.24013222273078760, 1.032360224861434306 ) ) ;
#145 = EDGE_CURVE ( 'NONE', #3430, #3487, #1051, .T. ) ;
#146 = CARTESIAN_POINT ( 'NONE',  ( -0.9963464287268918307, -29.47883328430078720, 3.874850448862941388 ) ) ;
#147 = CARTESIAN_POINT ( 'NONE',  ( 28.01689833544464747, 10.72629979309570558, -1.326985978096201446 ) ) ;
#148 = CARTESIAN_POINT ( 'NONE',  ( -23.38857189812370407, 18.78762104595199034, -0.5000000000000000000 ) ) ;
#149 = ADVANCED_FACE ( 'NONE', ( #1414 ), #1025, .F. ) ;
#150 = CARTESIAN_POINT ( 'NONE',  ( -4.000000000000000000, -25.49999999999998934, 0.000000000000000000 ) ) ;
#151 = ORIENTED_EDGE ( 'NONE', *, *, #1874, .T. ) ;
#152 = CARTESIAN_POINT ( 'NONE',  ( -13.43502884254441021, -13.43502884254438179, 6.500000000000000888 ) ) ;
#153 = CARTESIAN_POINT ( 'NONE',  ( 26.80054684591267389, 12.24352050242541878, 2.859779514330524464 ) ) ;
#154 = CARTESIAN_POINT ( 'NONE',  ( 26.16178070503399766, 13.61521740726911212, 3.786918966244818829 ) ) ;
#155 = CARTESIAN_POINT ( 'NONE',  ( -23.38318959989694790, 17.87902555020906448, 1.279542965126826193 ) ) ;
#156 = VECTOR ( 'NONE', #3351, 1000.000000000000000 ) ;
#157 = LINE ( 'NONE', #1520, #1418 ) ;
#158 = ORIENTED_EDGE ( 'NONE', *, *, #4067, .T. ) ;
#159 = ORIENTED_EDGE ( 'NONE', *, *, #716, .F. ) ;
#160 = CARTESIAN_POINT ( 'NONE',  ( -27.95042281340551682, 10.89834812351595339, 0.5931736614785877437 ) ) ;
#161 = VECTOR ( 'NONE', #2483, 1000.000000000000000 ) ;
#162 = CARTESIAN_POINT ( 'NONE',  ( -12.50000000000000000, 1.530808498934191521E-15, 6.000000000000023093 ) ) ;
#163 = CARTESIAN_POINT ( 'NONE',  ( -1.823108405750911043, -29.94463265288778331, 4.128136039268391677 ) ) ;
#164 = CARTESIAN_POINT ( 'NONE',  ( -23.14660698568279429, 19.08496049692443819, -1.813755881621902377 ) ) ;
#165 = ORIENTED_EDGE ( 'NONE', *, *, #2572, .F. ) ;
#166 = PRESENTATION_STYLE_ASSIGNMENT (( #466 ) ) ;
#167 = LINE ( 'NONE', #1557, #2708 ) ;
#168 = AXIS2_PLACEMENT_3D ( 'NONE', #1511, #2886, #2908 ) ;
#169 = CARTESIAN_POINT ( 'NONE',  ( -26.69742926215402434, 12.48135339379294884, 3.090423436988280148 ) ) ;
#170 = CARTESIAN_POINT ( 'NONE',  ( -2.638906847939082034, -29.35023972473361198, 3.006197671589164067 ) ) ;
#171 = VECTOR ( 'NONE', #2894, 1000.000000000000000 ) ;
#172 = DIRECTION ( 'NONE',  ( -0.000000000000000000, -0.000000000000000000, -1.000000000000000000 ) ) ;
#173 = B_SPLINE_CURVE_WITH_KNOTS ( 'NONE', 3,
 ( #2609, #3274, #3692, #4356, #3991, #4012, #539, #1945, #903, #471 ),
 .UNSPECIFIED., .F., .F.,
 ( 4, 2, 2, 2, 4 ),
 ( 0.0008743616389502867087, 0.001787315505777078246, 0.002700269372603869567, 0.003613223239430661538, 0.004526177106257452641 ),
 .UNSPECIFIED. ) ;
#174 = LINE ( 'NONE', #3347, #3299 ) ;
#175 = B_SPLINE_SURFACE_WITH_KNOTS ( 'NONE', 1, 3, ( 
 ( #1324, #1987, #3798, #3067, #4098, #2721, #3777, #671, #3343, #3712, #968, #2655, #4056, #2308, #3393, #3757, #2028, #2744 ),
 ( #925, #237, #3364, #4463, #2373, #991, #4122, #630, #264, #3026, #3434, #2009, #4423, #3414, #1283, #2676, #4078, #285 ) ),
 .UNSPECIFIED., .F., .F., .F.,
 ( 2, 2 ),
 ( 4, 2, 2, 2, 2, 2, 2, 2, 4 ),
 ( 0.000000000000000000, 1.000000000000000000 ),
 ( 0.008166361596657692457, 0.008346153609347145910, 0.008525945622036599364, 0.008705737634726054552, 0.008795633641070780412, 0.008885529647415508006, 0.009065321660104961460, 0.009245113672794416648, 0.009604697698173323556 ),
 .UNSPECIFIED. ) ;
#176 = VECTOR ( 'NONE', #975, 1000.000000000000114 ) ;
#177 = CARTESIAN_POINT ( 'NONE',  ( -27.63992388098575859, 11.66368907206051553, 2.626493084742907769 ) ) ;
#178 = ORIENTED_EDGE ( 'NONE', *, *, #1487, .F. ) ;
#179 = CIRCLE ( 'NONE', #547, 4.000000000000000000 ) ;
#180 = ADVANCED_FACE ( 'NONE', ( #3517 ), #2778, .T. ) ;
#181 = CARTESIAN_POINT ( 'NONE',  ( -23.24876236258109685, 18.04148136187852458, -0.5000000000000000000 ) ) ;
#182 = CARTESIAN_POINT ( 'NONE',  ( 23.27108616484601455, 18.01469863087363521, 0.5272654804184153665 ) ) ;
#183 = CARTESIAN_POINT ( 'NONE',  ( 3.495932213902932961, -29.23665911044973598, 1.943887828340354451 ) ) ;
#184 = CARTESIAN_POINT ( 'NONE',  ( -3.965033666853730043, -29.73690543049685431, 2.251600275045174016 ) ) ;
#185 = ORIENTED_EDGE ( 'NONE', *, *, #3032, .F. ) ;
#186 = ORIENTED_EDGE ( 'NONE', *, *, #1869, .T. ) ;
#187 = EDGE_CURVE ( 'NONE', #1030, #2224, #3802, .T. ) ;
#188 = CARTESIAN_POINT ( 'NONE',  ( -25.21338761739315970, 15.31101296022599989, 3.946876413734895728 ) ) ;
#189 = CARTESIAN_POINT ( 'NONE',  ( 27.53263285421092377, 11.91633367082972583, 2.974935537316893530 ) ) ;
#190 = CARTESIAN_POINT ( 'NONE',  ( -0.5247821805564407693, -29.99550173253643237, 4.470916491490949163 ) ) ;
#191 = CARTESIAN_POINT ( 'NONE',  ( -13.85640646055101577, 20.99999999999999645, 3.500000000000000000 ) ) ;
#192 = VERTEX_POINT ( 'NONE', #387 ) ;
#193 = FILL_AREA_STYLE_COLOUR ( '', #2941 ) ;
#194 = CARTESIAN_POINT ( 'NONE',  ( -13.85640646055101577, -20.99999999999998934, -2.999999999999999556 ) ) ;
#195 = CARTESIAN_POINT ( 'NONE',  ( -26.61859341611997110, 12.65852965843593481, 3.239461843574702016 ) ) ;
#196 = CARTESIAN_POINT ( 'NONE',  ( -2.940051030821924094, -29.31401665238572818, 2.712487563980803262 ) ) ;
#197 = CARTESIAN_POINT ( 'NONE',  ( 27.24876236258086593, 11.11327813160335509, -0.4999999999999996669 ) ) ;
#198 = CARTESIAN_POINT ( 'NONE',  ( -4.000000000000000000, -29.15475952416974437, 0.000000000000000000 ) ) ;
#199 = CARTESIAN_POINT ( 'NONE',  ( -26.68599436226419996, 13.70895545816474659, 4.271565922744366084 ) ) ;
#200 = EDGE_LOOP ( 'NONE', ( #2503, #706, #3111, #2156 ) ) ;
#201 = DIRECTION ( 'NONE',  ( 0.4999999999999920619, 0.8660254037844432595, 0.000000000000000000 ) ) ;
#202 = CARTESIAN_POINT ( 'NONE',  ( 24.13050081106361944, 16.91734027137199803, 3.052695440065259724 ) ) ;
#203 = CARTESIAN_POINT ( 'NONE',  ( 1.782251021972712568, -29.43181593206318425, 3.581278395300795392 ) ) ;
#204 = EDGE_CURVE ( 'NONE', #847, #3609, #3004, .T. ) ;
#205 = CARTESIAN_POINT ( 'NONE',  ( -1.616364060461766394, -29.95674319316777812, 4.212518732750459627 ) ) ;
#206 = ORIENTED_EDGE ( 'NONE', *, *, #716, .T. ) ;
#207 = ORIENTED_EDGE ( 'NONE', *, *, #4344, .F. ) ;
#208 = CARTESIAN_POINT ( 'NONE',  ( -24.80446838525611852, 15.95190122966024404, 3.742866073643615898 ) ) ;
#209 = CARTESIAN_POINT ( 'NONE',  ( 27.94323795204520877, 10.91679082226639075, 0.7342899444021336874 ) ) ;
#210 = EDGE_CURVE ( 'NONE', #1814, #4407, #2409, .T. ) ;
#211 = CARTESIAN_POINT ( 'NONE',  ( -3.743469805449817223, -29.19785477299083709, 1.410952553743074489 ) ) ;
#212 = DIRECTION ( 'NONE',  ( -0.000000000000000000, -0.000000000000000000, -1.000000000000000000 ) ) ;
#213 = ORIENTED_EDGE ( 'NONE', *, *, #2296, .T. ) ;
#214 = CARTESIAN_POINT ( 'NONE',  ( 23.28545488917172079, 17.99741790169228040, 0.6714163401304235057 ) ) ;
#215 = DIRECTION ( 'NONE',  ( 1.000000000000000000, -4.440892098500626951E-15, 0.000000000000000000 ) ) ;
#216 = CARTESIAN_POINT ( 'NONE',  ( -26.07053583430910138, 13.79368967820295033, 3.849295034823563721 ) ) ;
#217 = CARTESIAN_POINT ( 'NONE',  ( -3.102359524454354922, -29.29281206770197343, 2.524952658715149845 ) ) ;
#218 = FACE_OUTER_BOUND ( 'NONE', #2400, .T. ) ;
#219 = CARTESIAN_POINT ( 'NONE',  ( -4.788520881609825253, -29.61536877647122523, -1.500000000000001776 ) ) ;
#220 = CARTESIAN_POINT ( 'NONE',  ( -26.12797345351668810, 14.74284485083625107, 4.492994841069026357 ) ) ;
#221 = ORIENTED_EDGE ( 'NONE', *, *, #543, .F. ) ;
#222 = LINE ( 'NONE', #2963, #4464 ) ;
#223 = CARTESIAN_POINT ( 'NONE',  ( 23.38647407310088155, 17.87495930366524277, 1.289729826948184499 ) ) ;
#224 = CARTESIAN_POINT ( 'NONE',  ( 1.941367298239365047, -29.41910431186493824, 3.497836649311461876 ) ) ;
#225 = CARTESIAN_POINT ( 'NONE',  ( 3.718910859384255474, -29.76872078098413255, 2.626493056705268447 ) ) ;
#226 = EDGE_LOOP ( 'NONE', ( #206, #2136, #910, #4070 ) ) ;
#227 = VERTEX_POINT ( 'NONE', #1679 ) ;
#228 = CARTESIAN_POINT ( 'NONE',  ( -26.21459646831436885, 13.51013520755263286, 3.744878302520985525 ) ) ;
#229 = CARTESIAN_POINT ( 'NONE',  ( 27.10559852584979268, 12.85654410146036497, 3.820828394074940793 ) ) ;
#230 = B_SPLINE_CURVE_WITH_KNOTS ( 'NONE', 3,
 ( #2012, #3346, #3737, #3416 ),
 .UNSPECIFIED., .F., .F.,
 ( 4, 4 ),
 ( 0.000000000000000000, 1.000000000000000000 ),
 .UNSPECIFIED. ) ;
#231 = AXIS2_PLACEMENT_3D ( 'NONE', #4361, #3009, #3328 ) ;
#232 = CARTESIAN_POINT ( 'NONE',  ( 4.576271100763350752, -29.64890795311554328, -7.222237291452134449E-32 ) ) ;
#233 = VECTOR ( 'NONE', #605, 999.9999999999998863 ) ;
#234 = CARTESIAN_POINT ( 'NONE',  ( -23.21535143229040088, 18.08523818422570884, -1.074281461351582978 ) ) ;
#235 = ORIENTED_EDGE ( 'NONE', *, *, #2626, .T. ) ;
#236 = CARTESIAN_POINT ( 'NONE',  ( 23.70018352188589716, 17.48357807674608821, 2.274159873757064076 ) ) ;
#237 = CARTESIAN_POINT ( 'NONE',  ( -4.446613426180004325, -29.09489612458580154, -2.076507009115753810 ) ) ;
#238 = ADVANCED_FACE ( 'NONE', ( #4478 ), #3449, .T. ) ;
#239 = CARTESIAN_POINT ( 'NONE',  ( -26.92260159220215243, 11.95214339621959354, 2.515014212522214798 ) ) ;
#240 = AXIS2_PLACEMENT_3D ( 'NONE', #1198, #3189, #127 ) ;
#241 = CARTESIAN_POINT ( 'NONE',  ( -3.974578348962915175, -29.15917161674576263, 0.4549918998638338707 ) ) ;
#242 = FACE_OUTER_BOUND ( 'NONE', #2341, .T. ) ;
#243 = CIRCLE ( 'NONE', #3156, 3.000000000000000888 ) ;
#244 = ADVANCED_FACE ( 'NONE', ( #3175 ), #662, .F. ) ;
#245 = CARTESIAN_POINT ( 'NONE',  ( 11.25833024919770331, -22.99999999999998934, -3.500000000000000000 ) ) ;
#246 = VECTOR ( 'NONE', #3874, 1000.000000000000000 ) ;
#247 = CARTESIAN_POINT ( 'NONE',  ( -24.98317224421780125, 16.60903971136051638, 4.099909026223817143 ) ) ;
#248 = VERTEX_POINT ( 'NONE', #1363 ) ;
#249 = LINE ( 'NONE', #1635, #524 ) ;
#250 = AXIS2_PLACEMENT_3D ( 'NONE', #831, #3936, #876 ) ;
#251 = CARTESIAN_POINT ( 'NONE',  ( 23.54347563181742942, 17.68120928247633827, 1.861443104320286368 ) ) ;
#252 = CARTESIAN_POINT ( 'NONE',  ( 0.000000000000000000, -12.49999999999998757, 0.000000000000000000 ) ) ;
#253 = VECTOR ( 'NONE', #2229, 1000.000000000000000 ) ;
#254 = CARTESIAN_POINT ( 'NONE',  ( 4.457395167237995004, -29.66702758083261315, 1.029699671947659434 ) ) ;
#255 = ORIENTED_EDGE ( 'NONE', *, *, #3171, .T. ) ;
#256 = EDGE_LOOP ( 'NONE', ( #2504, #3303 ) ) ;
#257 = CARTESIAN_POINT ( 'NONE',  ( -26.89906949786509927, 12.00927026949743137, 2.589713238196011957 ) ) ;
#258 = CARTESIAN_POINT ( 'NONE',  ( 27.74889377511985344, 11.40176085885803303, 2.186882440677034634 ) ) ;
#259 = CIRCLE ( 'NONE', #699, 3.500000000000003109 ) ;
#260 = CARTESIAN_POINT ( 'NONE',  ( 4.355965629245711845, -29.68208287743343732, 1.381355508934061671 ) ) ;
#261 = CARTESIAN_POINT ( 'NONE',  ( -23.24876236258110751, 18.04148136187853169, -0.4999999999999996669 ) ) ;
#262 = ORIENTED_EDGE ( 'NONE', *, *, #4235, .T. ) ;
#263 = CARTESIAN_POINT ( 'NONE',  ( 23.29520388657851271, 17.98566656837816069, 0.7534056252663366982 ) ) ;
#264 = CARTESIAN_POINT ( 'NONE',  ( -4.168657278659836152, -29.13272070947511949, -1.492383141280394732 ) ) ;
#265 = EDGE_CURVE ( 'NONE', #2180, #2007, #2634, .T. ) ;
#266 = FACE_OUTER_BOUND ( 'NONE', #4326, .T. ) ;
#267 = DIRECTION ( 'NONE',  ( 0.000000000000000000, 0.000000000000000000, 1.000000000000000000 ) ) ;
#268 = CARTESIAN_POINT ( 'NONE',  ( -27.36721915680303141, 10.82681897406276228, -1.829772548322831760 ) ) ;
#269 = EDGE_CURVE ( 'NONE', #1357, #2689, #1035, .T. ) ;
#270 = ADVANCED_FACE ( 'NONE', ( #3472 ), #2757, .T. ) ;
#271 = DIRECTION ( 'NONE',  ( 0.7071067811865501263, 0.000000000000000000, 0.7071067811865449082 ) ) ;
#272 = EDGE_LOOP ( 'NONE', ( #416, #841 ) ) ;
#273 = DIRECTION ( 'NONE',  ( 0.4999999999999998890, -0.8660254037844387076, 0.000000000000000000 ) ) ;
#274 = CARTESIAN_POINT ( 'NONE',  ( 23.31603548724703856, 17.96053804129806508, 0.9144508364530786748 ) ) ;
#275 = CARTESIAN_POINT ( 'NONE',  ( 10.82531754730544726, 6.250000000000045297, 0.000000000000000000 ) ) ;
#276 = CARTESIAN_POINT ( 'NONE',  ( -0.3018730522343038847, -29.99884939477635371, 4.492601328840687636 ) ) ;
#277 = ORIENTED_EDGE ( 'NONE', *, *, #517, .T. ) ;
#278 = ORIENTED_EDGE ( 'NONE', *, *, #3613, .T. ) ;
#279 = CARTESIAN_POINT ( 'NONE',  ( -26.54402299801790122, 12.82267299547765838, 3.362626762482633591 ) ) ;
#280 = CARTESIAN_POINT ( 'NONE',  ( 27.87035237683466349, 11.10151449024512260, 1.482452997933110916 ) ) ;
#281 = CARTESIAN_POINT ( 'NONE',  ( 4.255127193337528979, -29.69671252684535645, 1.657657060946062577 ) ) ;
#282 = CARTESIAN_POINT ( 'NONE',  ( 13.85640646055102287, -20.99999999999998934, 3.500000000000000000 ) ) ;
#283 = ORIENTED_EDGE ( 'NONE', *, *, #3087, .T. ) ;
#284 = CARTESIAN_POINT ( 'NONE',  ( 23.43758891940361266, 17.81232878267140407, 1.502477654921081429 ) ) ;
#285 = CARTESIAN_POINT ( 'NONE',  ( -4.000000000000000000, -29.15475952416974437, -0.4999999999999997780 ) ) ;
#286 = CARTESIAN_POINT ( 'NONE',  ( -3.935558898339943656, -29.16585852441952298, 0.7158702536644467873 ) ) ;
#287 = CARTESIAN_POINT ( 'NONE',  ( -12.99999999999996980, 1.592040838891555545E-15, 6.500000000000000888 ) ) ;
#288 = CARTESIAN_POINT ( 'NONE',  ( 0.000000000000000000, 0.000000000000000000, 6.000000000000023093 ) ) ;
#289 = CARTESIAN_POINT ( 'NONE',  ( -25.11473670974871908, 1.500000000000004885, 3.500000000000000000 ) ) ;
#290 = ORIENTED_EDGE ( 'NONE', *, *, #461, .F. ) ;
#291 = CARTESIAN_POINT ( 'NONE',  ( 23.31025630662939818, 18.88470413296642292, -1.269503600905981466 ) ) ;
#292 = CARTESIAN_POINT ( 'NONE',  ( -19.91858428704208706, 11.50000000000000533, -3.500000000000000000 ) ) ;
#293 = ADVANCED_FACE ( 'NONE', ( #3127 ), #3493, .F. ) ;
#294 = DIRECTION ( 'NONE',  ( 0.5000000000000039968, -0.8660254037844363761, 0.000000000000000000 ) ) ;
#295 = VERTEX_POINT ( 'NONE', #3236 ) ;
#296 = CARTESIAN_POINT ( 'NONE',  ( -13.85640646055101399, -20.99999999999998934, -2.999999999999999556 ) ) ;
#297 = DIRECTION ( 'NONE',  ( -0.000000000000000000, -0.000000000000000000, 1.000000000000000000 ) ) ;
#298 = CARTESIAN_POINT ( 'NONE',  ( 27.64062981765769322, 11.66180127143042178, 2.620688779318128159 ) ) ;
#299 = EDGE_CURVE ( 'NONE', #2236, #4453, #2266, .T. ) ;
#300 = CARTESIAN_POINT ( 'NONE',  ( 4.332506653010855580, -29.68551894607636754, 1.450946029947619786 ) ) ;
#301 = ORIENTED_EDGE ( 'NONE', *, *, #4313, .F. ) ;
#302 = ORIENTED_EDGE ( 'NONE', *, *, #3450, .F. ) ;
#303 = CARTESIAN_POINT ( 'NONE',  ( 23.26551391214600528, 18.02140841150083261, 0.4579964416904532265 ) ) ;
#304 = VECTOR ( 'NONE', #1385, 1000.000000000000000 ) ;
#305 = CARTESIAN_POINT ( 'NONE',  ( 0.000000000000000000, 0.000000000000000000, -3.500000000000000000 ) ) ;
#306 = CARTESIAN_POINT ( 'NONE',  ( -3.700414646233643801, -29.20478998415402927, 1.518939399734106077 ) ) ;
#307 = DIRECTION ( 'NONE',  ( -0.4999999999999917288, -0.8660254037844433705, 0.000000000000000000 ) ) ;
#308 = VECTOR ( 'NONE', #1529, 1000.000000000000000 ) ;
#309 = DIRECTION ( 'NONE',  ( 0.000000000000000000, 0.000000000000000000, -1.000000000000000000 ) ) ;
#310 = AXIS2_PLACEMENT_3D ( 'NONE', #2768, #1760, #4515 ) ;
#311 = CARTESIAN_POINT ( 'NONE',  ( -12.50000000000000000, 0.000000000000000000, 7.500000000000000000 ) ) ;
#312 = ORIENTED_EDGE ( 'NONE', *, *, #2173, .T. ) ;
#313 = CARTESIAN_POINT ( 'NONE',  ( 23.33285005904067333, 18.85678708840970330, -1.153961886646630797 ) ) ;
#314 = DIRECTION ( 'NONE',  ( 0.000000000000000000, 0.000000000000000000, 1.000000000000000000 ) ) ;
#315 = ADVANCED_FACE ( 'NONE', ( #107 ), #1134, .F. ) ;
#316 = DIRECTION ( 'NONE',  ( 0.000000000000000000, 0.000000000000000000, -1.000000000000000000 ) ) ;
#317 = ORIENTED_EDGE ( 'NONE', *, *, #632, .T. ) ;
#318 = DIRECTION ( 'NONE',  ( 0.000000000000000000, -0.000000000000000000, 1.000000000000000000 ) ) ;
#319 = DIRECTION ( 'NONE',  ( 1.000000000000000000, 0.000000000000000000, 0.000000000000000000 ) ) ;
#320 = CARTESIAN_POINT ( 'NONE',  ( 26.93448811454021907, 13.21127960229009268, 4.035667644716398605 ) ) ;
#321 = CARTESIAN_POINT ( 'NONE',  ( -23.63176927616999023, 17.57041391723481993, 2.107266293749798791 ) ) ;
#322 = VECTOR ( 'NONE', #2432, 1000.000000000000000 ) ;
#323 = ADVANCED_FACE ( 'NONE', ( #427 ), #2225, .F. ) ;
#324 = CARTESIAN_POINT ( 'NONE',  ( -0.1336428419598522099, -29.49998294273738253, 3.999900575211394749 ) ) ;
#325 = EDGE_CURVE ( 'NONE', #3688, #1268, #377, .T. ) ;
#326 = VERTEX_POINT ( 'NONE', #1539 ) ;
#327 = CARTESIAN_POINT ( 'NONE',  ( -27.52930623782626540, 11.92224229412051351, 2.969016413233190210 ) ) ;
#328 = AXIS2_PLACEMENT_3D ( 'NONE', #1889, #1915, #487 ) ;
#329 = CARTESIAN_POINT ( 'NONE',  ( -25.11473670974871908, 1.500000000000007105, -2.999999999999999556 ) ) ;
#330 = CARTESIAN_POINT ( 'NONE',  ( -27.33351323641699437, 10.90889169174484685, -1.628446222875939542 ) ) ;
#331 = CARTESIAN_POINT ( 'NONE',  ( -27.41845724539328089, 10.70088281209279835, -2.067353318540949836 ) ) ;
#332 = DIRECTION ( 'NONE',  ( -0.000000000000000000, -0.000000000000000000, -1.000000000000000000 ) ) ;
#333 = CARTESIAN_POINT ( 'NONE',  ( -27.85287753713122783, 10.67921728898156708, -1.670126860397990631 ) ) ;
#334 = ORIENTED_EDGE ( 'NONE', *, *, #265, .T. ) ;
#335 = CARTESIAN_POINT ( 'NONE',  ( 23.20462598252129283, 19.01436883427190949, -1.657955220034947441 ) ) ;
#336 = CARTESIAN_POINT ( 'NONE',  ( 4.441992246374046438, -29.09552194583387319, -2.067353288952271662 ) ) ;
#337 = FACE_OUTER_BOUND ( 'NONE', #2107, .T. ) ;
#338 = EDGE_LOOP ( 'NONE', ( #800, #415, #1665, #1058, #1159, #1949, #2172, #1884, #3350, #4441, #891, #762, #2994, #1766, #2873, #4160 ) ) ;
#339 = CARTESIAN_POINT ( 'NONE',  ( -24.01654925502313276, 17.97792929916007054, 2.826543355963279769 ) ) ;
#340 = DIRECTION ( 'NONE',  ( 0.000000000000000000, 1.000000000000000000, 0.000000000000000000 ) ) ;
#341 = CARTESIAN_POINT ( 'NONE',  ( 26.54684250736589490, 12.81639822880902102, 3.357652280397399824 ) ) ;
#342 = CARTESIAN_POINT ( 'NONE',  ( 25.65810936216906413, 15.54550782643706519, 4.456793633515244046 ) ) ;
#343 = CARTESIAN_POINT ( 'NONE',  ( -23.73268908531519372, 17.44200915809820884, 2.347497307219365670 ) ) ;
#344 = EDGE_CURVE ( 'NONE', #2954, #3053, #476, .T. ) ;
#345 = CARTESIAN_POINT ( 'NONE',  ( 1.468220383005747420, -29.45380100145037261, 3.721374529370419015 ) ) ;
#346 = ORIENTED_EDGE ( 'NONE', *, *, #932, .T. ) ;
#347 = VERTEX_POINT ( 'NONE', #793 ) ;
#348 = CARTESIAN_POINT ( 'NONE',  ( -26.27384090425310958, 14.48056237008630731, 4.461777354423867692 ) ) ;
#349 = DIRECTION ( 'NONE',  ( -1.000000000000000000, 0.000000000000000000, 0.000000000000000000 ) ) ;
#350 = ADVANCED_FACE ( 'NONE', ( #2868 ), #3805, .F. ) ;
#351 = CARTESIAN_POINT ( 'NONE',  ( -4.104019604636484075, -29.71797541782411756, 1.992275455240341442 ) ) ;
#352 = FACE_OUTER_BOUND ( 'NONE', #983, .T. ) ;
#353 = CARTESIAN_POINT ( 'NONE',  ( -23.25340122540238852, 18.95466516323764594, -1.500000000000001776 ) ) ;
#354 = EDGE_CURVE ( 'NONE', #3487, #2001, #3586, .T. ) ;
#355 = CARTESIAN_POINT ( 'NONE',  ( -28.50000000000000000, 0.000000000000000000, 7.500000000000000888 ) ) ;
#356 = DIRECTION ( 'NONE',  ( -0.000000000000000000, -0.000000000000000000, -1.000000000000000000 ) ) ;
#357 = VERTEX_POINT ( 'NONE', #498 ) ;
#358 = DIRECTION ( 'NONE',  ( 0.000000000000000000, 0.000000000000000000, -1.000000000000000000 ) ) ;
#359 = DIRECTION ( 'NONE',  ( 1.000000000000000000, 1.156482317317871133E-15, 0.000000000000000000 ) ) ;
#360 = DIRECTION ( 'NONE',  ( 1.000000000000000000, 0.000000000000000000, 0.000000000000000000 ) ) ;
#361 = ORIENTED_EDGE ( 'NONE', *, *, #1487, .T. ) ;
#362 = CARTESIAN_POINT ( 'NONE',  ( -23.59019268136854208, 18.53385149080758509, 1.656261577348048242 ) ) ;
#363 = CARTESIAN_POINT ( 'NONE',  ( -27.18073219937090457, 11.29635385010941739, 1.227871584967697549 ) ) ;
#364 = CARTESIAN_POINT ( 'NONE',  ( 26.67763663721982681, 12.52621732264999466, 3.129933211261419768 ) ) ;
#365 = CARTESIAN_POINT ( 'NONE',  ( 24.08961781569483662, 17.87995740345860796, 2.969016413233197316 ) ) ;
#366 = CARTESIAN_POINT ( 'NONE',  ( -23.79518300763208671, 17.36163428382925389, 2.481554814643181395 ) ) ;
#367 = CARTESIAN_POINT ( 'NONE',  ( 0.2587115197990510485, -29.49865628398219997, 3.992163454276073331 ) ) ;
#368 = ORIENTED_EDGE ( 'NONE', *, *, #770, .F. ) ;
#369 = ORIENTED_EDGE ( 'NONE', *, *, #1805, .T. ) ;
#370 = CARTESIAN_POINT ( 'NONE',  ( -24.68689305966465497, 17.04586485743764968, 3.820828394074931023 ) ) ;
#371 = DIRECTION ( 'NONE',  ( -0.000000000000000000, -0.000000000000000000, 1.000000000000000000 ) ) ;
#372 = FACE_OUTER_BOUND ( 'NONE', #2620, .T. ) ;
#373 = VECTOR ( 'NONE', #2386, 1000.000000000000000 ) ;
#374 = ADVANCED_FACE ( 'NONE', ( #2890 ), #1153, .T. ) ;
#375 = CARTESIAN_POINT ( 'NONE',  ( -23.13355120502411566, 18.19196636820096913, -1.581259215129186879 ) ) ;
#376 = LINE ( 'NONE', #2356, #607 ) ;
#377 = CIRCLE ( 'NONE', #3146, 2.999999999999999556 ) ;
#378 = CARTESIAN_POINT ( 'NONE',  ( 13.43502884254438889, -13.43502884254439067, 6.500000000000000888 ) ) ;
#379 = EDGE_CURVE ( 'NONE', #3334, #4232, #817, .T. ) ;
#380 = ORIENTED_EDGE ( 'NONE', *, *, #3983, .T. ) ;
#381 = AXIS2_PLACEMENT_3D ( 'NONE', #3266, #1229, #1209 ) ;
#382 = DIRECTION ( 'NONE',  ( 0.5000000000000002220, 0.8660254037844384856, -0.000000000000000000 ) ) ;
#383 = AXIS2_PLACEMENT_3D ( 'NONE', #2423, #2031, #3437 ) ;
#384 = PLANE ( 'NONE',  #3235 ) ;
#385 = ORIENTED_EDGE ( 'NONE', *, *, #4255, .T. ) ;
#386 = DIRECTION ( 'NONE',  ( 0.000000000000000000, 0.000000000000000000, 1.000000000000000000 ) ) ;
#387 = CARTESIAN_POINT ( 'NONE',  ( -11.78502884254440986, -13.43502884254438179, 3.500000000000000000 ) ) ;
#388 = AXIS2_PLACEMENT_3D ( 'NONE', #4303, #402, #1784 ) ;
#389 = CARTESIAN_POINT ( 'NONE',  ( 24.72358695411467977, 16.07326030329964084, 3.684115810273479230 ) ) ;
#390 = CARTESIAN_POINT ( 'NONE',  ( 24.29276522402999916, 17.60290713677725449, 3.312086821421826865 ) ) ;
#391 = CARTESIAN_POINT ( 'NONE',  ( -23.94659058905735094, 17.16379275943777216, 2.765871184568266639 ) ) ;
#392 = VECTOR ( 'NONE', #3202, 1000.000000000000000 ) ;
#393 = CARTESIAN_POINT ( 'NONE',  ( 0.1277043485333893003, -29.49974224696780567, 3.998498769638852313 ) ) ;
#394 = SHAPE_DEFINITION_REPRESENTATION ( #3206, #1355 ) ;
#395 = ORIENTED_EDGE ( 'NONE', *, *, #962, .F. ) ;
#396 = CARTESIAN_POINT ( 'NONE',  ( -27.43550798572497129, 12.13645841640405010, 3.210110159711740074 ) ) ;
#397 = B_SPLINE_CURVE_WITH_KNOTS ( 'NONE', 3,
 ( #3534, #3188, #56, #1446 ),
 .UNSPECIFIED., .F., .F.,
 ( 4, 4 ),
 ( 0.000000000000000000, 1.000000000000000000 ),
 .UNSPECIFIED. ) ;
#398 = CARTESIAN_POINT ( 'NONE',  ( 25.98076211353316012, -3.417715533453850635E-15, 3.500000000000000000 ) ) ;
#399 = AXIS2_PLACEMENT_3D ( 'NONE', #3695, #567, #883 ) ;
#400 = CARTESIAN_POINT ( 'NONE',  ( -4.000232289912114325, -29.73212737178736731, 2.186882417193327210 ) ) ;
#401 = CARTESIAN_POINT ( 'NONE',  ( 0.000000000000000000, 0.000000000000000000, 7.500000000000000888 ) ) ;
#402 = DIRECTION ( 'NONE',  ( -0.000000000000000000, -0.000000000000000000, -1.000000000000000000 ) ) ;
#403 = CARTESIAN_POINT ( 'NONE',  ( 11.25833024919769088, 22.50000000000000000, -2.999999999999999556 ) ) ;
#404 = B_SPLINE_CURVE_WITH_KNOTS ( 'NONE', 3,
 ( #4037, #2267, #3031, #219 ),
 .UNSPECIFIED., .F., .F.,
 ( 4, 4 ),
 ( 0.000000000000000000, 1.000000000000000000 ),
 .UNSPECIFIED. ) ;
#405 = B_SPLINE_SURFACE_WITH_KNOTS ( 'NONE', 1, 3, ( 
 ( #4215, #2856, #2486, #766, #2766, #701, #1758, #32, #4511, #72, #2816, #3529, #2081, #3482, #3185, #351, #419, #400, #1782, #1733, #1461, #53, #1443, #3136, #1397, #2791, #2836, #4236, #1102, #3549, #4257, #3914, #2054, #2166, #3958, #463, #438, #3567, #3224, #3289, #828, #4370, #507, #139, #163, #1212, #2623, #1575, #1143, #1525, #1230, #2973, #4278, #2214, #4324, #2602, #190, #4005, #532, #2184, #785, #1888, #4351, #2952, #1552, #2923, #3614, #3589, #873, #1188, #2257, #852, #3657, #1818, #1914, #2580, #94, #486, #3984, #1866, #3317, #2549, #2234, #1483, #2877, #1843, #3267, #2527, #3245, #3635, #3934, #803, #4299, #1162, #116, #1503, #2899, #625, #1253, #4483, #3773, #2280, #921, #3360, #1344, #281, #2346, #300, #260, #2650, #4459, #1663, #644, #2672, #3754, #3020, #3686, #2992, #4026, #232 ),
 ( #4052, #1682, #3339, #4439, #558, #2304, #3708, #1619, #987, #1595, #4391, #211, #4419, #3088, #2694, #1939, #897, #963, #2369, #579, #1959, #1279, #2024, #4074, #943, #3429, #2325, #3410, #4115, #2005, #3063, #3730, #600, #3387, #1983, #1643, #3044, #1299, #1319, #4095, #2717, #3793, #2783, #1726, #760, #717, #4186, #3131, #1778, #737, #1096, #3497, #27, #414, #2389, #2117, #3522, #3455, #324, #1008, #393, #367, #3180, #2074, #1080, #2460, #2830, #2812, #4229, #1707, #4137, #2097, #3197, #48, #345, #1390, #1795, #1751, #2477, #1438, #665, #3865, #3887, #3155, #2143, #3543, #4505, #1419, #3477, #1057, #2046, #3110, #1368, #1, #2761, #694, #2440, #66, #2739, #3845, #4159, #4210, #1029, #2413, #3819, #2252, #2522, #1906, #502, #2544, #2178, #1860, #3929, #1498, #822, #86, #3910, #798, #3582, #455 ) ),
 .UNSPECIFIED., .F., .F., .F.,
 ( 2, 2 ),
 ( 4, 2, 2, 2, 2, 2, 2, 2, 2, 2, 2, 2, 2, 2, 2, 2, 2, 2, 2, 2, 2, 2, 2, 2, 2, 2, 2, 2, 2, 2, 2, 2, 2, 2, 2, 2, 2, 2, 2, 2, 2, 2, 2, 2, 2, 2, 2, 2, 2, 2, 2, 2, 2, 2, 2, 2, 2, 2, 2, 4 ),
 ( 0.000000000000000000, 1.000000000000000000 ),
 ( 0.000000000000000000, 0.0004401934695394017901, 0.0008803869390788035803, 0.001320580408618205262, 0.001430628776003055845, 0.001540677143387906211, 0.001760773878157607161, 0.001980870612927307893, 0.002200967347697009059, 0.002421064082466709792, 0.002641160817236410524, 0.002861257552006111690, 0.002971305919390962273, 0.003081354286775812423, 0.003301451021545513155, 0.003521547756315214321, 0.003961741225854615786, 0.004181837960624316952, 0.004401934695394018118, 0.004622031430163719284, 0.004842128164933419583, 0.005062224899703119882, 0.005282321634472821048, 0.005502418369242522214, 0.005722515104012223380, 0.005942611838781924546, 0.006162708573551624845, 0.006382805308321325144, 0.006602902043091026310, 0.007043095512630428642, 0.007263192247400129808, 0.007483288982169830107, 0.007593337349554680690, 0.007703385716939530406, 0.007923482451709231572, 0.008363675921248633904, 0.008583772656018335070, 0.008803869390788036237, 0.009023966125557737403, 0.009244062860327438569, 0.009464159595097138000, 0.009684256329866839166, 0.01012444979940623976, 0.01034454653417594093, 0.01045459490156079238, 0.01056464326894564210, 0.01078474000371534326, 0.01100483673848504443, 0.01144503020802444676, 0.01188522367756384909, 0.01199527204494869881, 0.01210532041233354852, 0.01232541714710324969, 0.01254551388187295086, 0.01276561061664265029, 0.01320580408618205262, 0.01342590082095175379, 0.01364599755572145495, 0.01386609429049115612, 0.01408619102526085728 ),
 .UNSPECIFIED. ) ;
#406 = CARTESIAN_POINT ( 'NONE',  ( 26.84938904813251881, 8.980248012869688878, -3.189668537803610260 ) ) ;
#407 = EDGE_CURVE ( 'NONE', #3046, #433, #1830, .T. ) ;
#408 = CARTESIAN_POINT ( 'NONE',  ( 27.41845729363557638, 10.70088289239974344, -2.067353244402696077 ) ) ;
#409 = VERTEX_POINT ( 'NONE', #130 ) ;
#410 = CARTESIAN_POINT ( 'NONE',  ( 0.000000000000000000, 0.000000000000000000, 6.000000000000023093 ) ) ;
#411 = CARTESIAN_POINT ( 'NONE',  ( 25.03136397191774876, 15.60208718170063591, 3.874901648311428026 ) ) ;
#412 = CARTESIAN_POINT ( 'NONE',  ( 26.27514519726813447, 14.47833673382287500, 4.461896723744133375 ) ) ;
#413 = CARTESIAN_POINT ( 'NONE',  ( -24.00347321014076130, 17.08819415222226823, 2.859779514875889550 ) ) ;
#414 = CARTESIAN_POINT ( 'NONE',  ( -0.7177140506279262588, -29.48903722826525353, 3.935632040944642362 ) ) ;
#415 = ORIENTED_EDGE ( 'NONE', *, *, #2442, .T. ) ;
#416 = ORIENTED_EDGE ( 'NONE', *, *, #265, .F. ) ;
#417 = CARTESIAN_POINT ( 'NONE',  ( -27.26123018475585269, 12.52352899237147277, 3.573810979083505757 ) ) ;
#418 = DIRECTION ( 'NONE',  ( -0.5000000000000002220, -0.8660254037844385966, 0.000000000000000000 ) ) ;
#419 = CARTESIAN_POINT ( 'NONE',  ( -4.070482586188998830, -29.72259120789039244, 2.057723520531042904 ) ) ;
#420 = DIRECTION ( 'NONE',  ( 0.000000000000000000, 0.000000000000000000, -1.000000000000000000 ) ) ;
#421 = CARTESIAN_POINT ( 'NONE',  ( -27.22244773464767320, 11.18463873669674946, 0.7708978456380772837 ) ) ;
#422 = DIRECTION ( 'NONE',  ( 0.000000000000000000, -0.7071067811865474617, -0.7071067811865474617 ) ) ;
#423 = PLANE ( 'NONE',  #3083 ) ;
#424 = CARTESIAN_POINT ( 'NONE',  ( 5.215972658161935449, -28.09604595329215826, -2.924925277973157378 ) ) ;
#425 = ORIENTED_EDGE ( 'NONE', *, *, #2683, .F. ) ;
#426 = EDGE_CURVE ( 'NONE', #2565, #192, #4244, .T. ) ;
#427 = FACE_OUTER_BOUND ( 'NONE', #4346, .T. ) ;
#428 = CARTESIAN_POINT ( 'NONE',  ( 26.64167875257172824, 12.60706313721285809, 3.198063240007654073 ) ) ;
#429 = CARTESIAN_POINT ( 'NONE',  ( 26.84866105663819624, 12.13004413591408692, 2.735205985913693016 ) ) ;
#430 = CARTESIAN_POINT ( 'NONE',  ( 3.687951636487246887, -29.20678527827644899, 1.548968296723412186 ) ) ;
#431 = DIRECTION ( 'NONE',  ( -0.000000000000000000, 0.000000000000000000, -1.000000000000000000 ) ) ;
#432 = ORIENTED_EDGE ( 'NONE', *, *, #3222, .T. ) ;
#433 = VERTEX_POINT ( 'NONE', #1201 ) ;
#434 = EDGE_CURVE ( 'NONE', #3810, #3703, #4310, .T. ) ;
#435 = CARTESIAN_POINT ( 'NONE',  ( -27.92116927522812375, 10.97311225039181792, 1.028757184086749765 ) ) ;
#436 = CARTESIAN_POINT ( 'NONE',  ( -25.58364779650323229, 6.687822173508685353, -0.5000000000000000000 ) ) ;
#437 = B_SPLINE_SURFACE_WITH_KNOTS ( 'NONE', 1, 3, ( 
 ( #2588, #3597, #2265, #4013, #2980, #494, #1561, #860, #147, #3253, #472, #2633, #3622, #1148, #2959, #1238, #102, #4285 ),
 ( #4333, #3992, #4035, #3666, #541, #2533, #3940, #1875, #1532, #1490, #4378, #2933, #1197, #2193, #3231, #4357, #1852, #197 ) ),
 .UNSPECIFIED., .F., .F., .F.,
 ( 2, 2 ),
 ( 4, 2, 2, 2, 2, 2, 2, 2, 4 ),
 ( 0.000000000000000000, 1.000000000000000000 ),
 ( 0.008166361439159545987, 0.008346153452187150823, 0.008525945465214753924, 0.008705737478242357025, 0.008795633484756159443, 0.008885529491269961860, 0.009065321504297564961, 0.009245113517325168062, 0.009604697543380375999 ),
 .UNSPECIFIED. ) ;
#438 = CARTESIAN_POINT ( 'NONE',  ( -2.607589867451298282, -29.88652524560148649, 3.698740436844365043 ) ) ;
#439 = DIRECTION ( 'NONE',  ( -0.8660254037844384856, -0.5000000000000004441, 0.000000000000000000 ) ) ;
#440 =( NAMED_UNIT ( * ) SI_UNIT ( $, .STERADIAN. ) SOLID_ANGLE_UNIT ( ) );
#441 = CARTESIAN_POINT ( 'NONE',  ( 22.99653361508910265, 18.36889803599184745, -2.015027586981543273 ) ) ;
#442 = CARTESIAN_POINT ( 'NONE',  ( -27.22364609550461267, 11.18140506792008537, 0.7534056252323267922 ) ) ;
#443 = CARTESIAN_POINT ( 'NONE',  ( 12.99999999999996980, 0.000000000000000000, 6.500000000000000888 ) ) ;
#444 = B_SPLINE_CURVE_WITH_KNOTS ( 'NONE', 1,
 ( #1847, #855 ),
 .UNSPECIFIED., .F., .F.,
 ( 2, 2 ),
 ( 0.000000000000000000, 1.000000000000000000 ),
 .UNSPECIFIED. ) ;
#445 = CARTESIAN_POINT ( 'NONE',  ( -23.34300627785519211, 18.84473854508357604, -1.184556775741673951 ) ) ;
#446 = AXIS2_PLACEMENT_3D ( 'NONE', #44, #2041, #319 ) ;
#447 = CARTESIAN_POINT ( 'NONE',  ( 0.000000000000000000, 0.000000000000000000, 7.500000000000000888 ) ) ;
#448 = EDGE_LOOP ( 'NONE', ( #727, #2831, #262, #334 ) ) ;
#449 = DIRECTION ( 'NONE',  ( 0.000000000000000000, 0.000000000000000000, -1.000000000000000000 ) ) ;
#450 = CARTESIAN_POINT ( 'NONE',  ( 22.51666049839540307, -3.469446951953614189E-15, -3.500000000000000000 ) ) ;
#451 = CARTESIAN_POINT ( 'NONE',  ( 27.17364485827758713, 11.31514432442992479, 1.286476678772797921 ) ) ;
#452 = CARTESIAN_POINT ( 'NONE',  ( -23.30286039970762602, 17.97643177646635948, 0.8131520407116833438 ) ) ;
#453 = VECTOR ( 'NONE', #2183, 1000.000000000000000 ) ;
#454 = ADVANCED_FACE ( 'NONE', ( #3557 ), #811, .F. ) ;
#455 = CARTESIAN_POINT ( 'NONE',  ( 4.000000000000000000, -29.15475952416974792, 2.449293598294705921E-16 ) ) ;
#456 = VERTEX_POINT ( 'NONE', #4269 ) ;
#457 = EDGE_LOOP ( 'NONE', ( #80, #1315, #1440, #158 ) ) ;
#458 = CARTESIAN_POINT ( 'NONE',  ( -23.46157916265385879, 17.78280832181192750, 1.593272884208076778 ) ) ;
#459 = CARTESIAN_POINT ( 'NONE',  ( 27.96484007088126233, 10.86129457339691484, 0.2958845827690554375 ) ) ;
#460 = VECTOR ( 'NONE', #1127, 1000.000000000000000 ) ;
#461 = EDGE_CURVE ( 'NONE', #3637, #475, #1761, .T. ) ;
#462 = EDGE_CURVE ( 'NONE', #939, #581, #747, .T. ) ;
#463 = CARTESIAN_POINT ( 'NONE',  ( -2.668850023382952408, -29.88111225857132425, 3.656239581030001684 ) ) ;
#464 = FACE_OUTER_BOUND ( 'NONE', #3432, .T. ) ;
#465 = ORIENTED_EDGE ( 'NONE', *, *, #2243, .T. ) ;
#466 = SURFACE_STYLE_USAGE ( .BOTH. , #1555 ) ;
#467 = VECTOR ( 'NONE', #1870, 1000.000000000000000 ) ;
#468 = DIRECTION ( 'NONE',  ( -0.6123724356957959136, -0.3535533905932725651, -0.7071067811865469066 ) ) ;
#469 = CARTESIAN_POINT ( 'NONE',  ( -27.24876236258103646, 11.11327813160298916, 0.1301136083547304034 ) ) ;
#470 = VECTOR ( 'NONE', #4516, 1000.000000000000000 ) ;
#471 = CARTESIAN_POINT ( 'NONE',  ( -26.97871376374785157, 7.493263885234633825, -3.500000000000000000 ) ) ;
#472 = CARTESIAN_POINT ( 'NONE',  ( 28.00639232033003623, 10.75370019590485349, -1.240676786603700732 ) ) ;
#473 = CARTESIAN_POINT ( 'NONE',  ( 23.24876236258082329, 18.04148136187884433, -0.5000000000000000000 ) ) ;
#474 = FACE_OUTER_BOUND ( 'NONE', #2033, .T. ) ;
#475 = VERTEX_POINT ( 'NONE', #864 ) ;
#476 = LINE ( 'NONE', #2940, #3513 ) ;
#477 = CARTESIAN_POINT ( 'NONE',  ( 27.20464581421844485, 11.23257157137195961, 0.9972042275697878821 ) ) ;
#478 = CARTESIAN_POINT ( 'NONE',  ( 23.48655861018561453, 18.66503401450141197, 1.171043916650468253 ) ) ;
#479 = CARTESIAN_POINT ( 'NONE',  ( 3.084309506897434439, -29.29522437410395597, 2.546967251047316694 ) ) ;
#480 = DIRECTION ( 'NONE',  ( -0.000000000000000000, -0.000000000000000000, -1.000000000000000000 ) ) ;
#481 = ORIENTED_EDGE ( 'NONE', *, *, #2854, .F. ) ;
#482 = VERTEX_POINT ( 'NONE', #2248 ) ;
#483 = CARTESIAN_POINT ( 'NONE',  ( -23.37273642705832799, 17.89170016422872678, 1.223905758192152415 ) ) ;
#484 = DIRECTION ( 'NONE',  ( 0.4999999999999923950, 0.8660254037844431485, 0.000000000000000000 ) ) ;
#485 = EDGE_CURVE ( 'NONE', #4365, #4187, #3054, .T. ) ;
#486 = CARTESIAN_POINT ( 'NONE',  ( 2.023774757831011240, -29.93173934923876089, 4.036736129055572775 ) ) ;
#487 = DIRECTION ( 'NONE',  ( -1.000000000000000000, 0.000000000000000000, 0.000000000000000000 ) ) ;
#488 = ORIENTED_EDGE ( 'NONE', *, *, #210, .T. ) ;
#489 = CARTESIAN_POINT ( 'NONE',  ( 13.43502884254440133, 13.43502884254440488, 6.500000000000000888 ) ) ;
#490 = FACE_OUTER_BOUND ( 'NONE', #2989, .T. ) ;
#491 = ADVANCED_FACE ( 'NONE', ( #2592 ), #3648, .F. ) ;
#492 = CARTESIAN_POINT ( 'NONE',  ( -27.06776154623438657, 11.59053823034844832, 1.944344490698395767 ) ) ;
#493 = DIRECTION ( 'NONE',  ( 0.5000000000000047740, -0.8660254037844359321, 0.000000000000000000 ) ) ;
#494 = CARTESIAN_POINT ( 'NONE',  ( 28.04098094734014879, 10.66321061682191207, -1.495832464968477105 ) ) ;
#495 = CARTESIAN_POINT ( 'NONE',  ( -15.08502884254441057, -13.43502884254438179, 3.500000000000000000 ) ) ;
#496 = CARTESIAN_POINT ( 'NONE',  ( -35.34197804570101908, 15.78589838486191255, 0.000000000000000000 ) ) ;
#497 = ORIENTED_EDGE ( 'NONE', *, *, #1935, .F. ) ;
#498 = CARTESIAN_POINT ( 'NONE',  ( 4.576271100763348976, -29.64890795311554328, -0.5000000000000000000 ) ) ;
#499 = CARTESIAN_POINT ( 'NONE',  ( 26.91432132155134482, 11.97225713804437852, 2.541422779809467070 ) ) ;
#500 = CARTESIAN_POINT ( 'NONE',  ( 27.09046209044407405, 11.53237265029811631, 1.829087605759456059 ) ) ;
#501 = CARTESIAN_POINT ( 'NONE',  ( 2.508863168424152246, -29.36466759255140246, 3.115394765430052448 ) ) ;
#502 = CARTESIAN_POINT ( 'NONE',  ( 3.807436695364706303, -29.18738153312365924, 1.227871584929137949 ) ) ;
#503 = EDGE_LOOP ( 'NONE', ( #560, #136 ) ) ;
#504 = ORIENTED_EDGE ( 'NONE', *, *, #2151, .F. ) ;
#505 = CARTESIAN_POINT ( 'NONE',  ( -23.76070997942144203, 17.40602886865801935, 2.408590809964437529 ) ) ;
#506 = CARTESIAN_POINT ( 'NONE',  ( 26.68815731557698712, 13.70266768394958135, 4.261680123727951575 ) ) ;
#507 = CARTESIAN_POINT ( 'NONE',  ( -2.025940281847019353, -29.93159074784498941, 4.035667601449469899 ) ) ;
#508 = FACE_OUTER_BOUND ( 'NONE', #4243, .T. ) ;
#509 = ORIENTED_EDGE ( 'NONE', *, *, #1574, .F. ) ;
#510 = CARTESIAN_POINT ( 'NONE',  ( 25.54774941164093960, 1.749999999999997335, -3.500000000000000000 ) ) ;
#511 = CARTESIAN_POINT ( 'NONE',  ( 23.17491223335779793, 18.78169087116192770, -1.670126860397785684 ) ) ;
#512 = CARTESIAN_POINT ( 'NONE',  ( -25.80366159902842327, 14.29810368949087973, 3.975063103031283962 ) ) ;
#513 = EDGE_CURVE ( 'NONE', #2912, #4029, #590, .T. ) ;
#514 = CARTESIAN_POINT ( 'NONE',  ( -1.981211055592732695, -29.41570675406078195, 3.475135983875514256 ) ) ;
#515 = CARTESIAN_POINT ( 'NONE',  ( -13.43502884254440133, 13.43502884254441199, 3.500000000000000000 ) ) ;
#516 = CARTESIAN_POINT ( 'NONE',  ( 4.987973652278581582, -29.58242922486546789, -1.863931145531761757 ) ) ;
#517 = EDGE_CURVE ( 'NONE', #1140, #1927, #1609, .T. ) ;
#518 = CARTESIAN_POINT ( 'NONE',  ( -27.27403225246758467, 12.50237254183564772, 3.600633090122321356 ) ) ;
#519 = ORIENTED_EDGE ( 'NONE', *, *, #99, .T. ) ;
#520 = CARTESIAN_POINT ( 'NONE',  ( -4.576271100763348976, -29.64890795311554683, -0.5000000000000000000 ) ) ;
#521 = CARTESIAN_POINT ( 'NONE',  ( 26.97156756702740310, 11.83210706792655742, 2.347497305707920479 ) ) ;
#522 = CARTESIAN_POINT ( 'NONE',  ( 23.52745496305478667, 18.61341837136417965, 1.381355523792921369 ) ) ;
#523 = CARTESIAN_POINT ( 'NONE',  ( 3.791376820856927843, -29.19006702974405698, 1.281589538840736786 ) ) ;
#524 = VECTOR ( 'NONE', #1290, 1000.000000000000000 ) ;
#525 = CARTESIAN_POINT ( 'NONE',  ( -22.97646507455837650, 18.39463910266716340, -2.067353244402692081 ) ) ;
#526 = ORIENTED_EDGE ( 'NONE', *, *, #4144, .F. ) ;
#527 = CYLINDRICAL_SURFACE ( 'NONE', #1462, 1.650000000000000355 ) ;
#528 = CARTESIAN_POINT ( 'NONE',  ( -23.72434020083669992, 17.45273428570386898, 2.329501152848772350 ) ) ;
#529 = CIRCLE ( 'NONE', #3371, 27.99999999999997158 ) ;
#530 = CARTESIAN_POINT ( 'NONE',  ( 26.13070218802468148, 14.73799496238910756, 4.492601377023174969 ) ) ;
#531 = CONICAL_SURFACE ( 'NONE', #1109, 3.500000000000001332, 0.7853981633974491672 ) ;
#532 = CARTESIAN_POINT ( 'NONE',  ( -0.1528964688701009433, -29.99998261562087620, 4.499888068566956001 ) ) ;
#533 = DIRECTION ( 'NONE',  ( -1.000000000000000000, 0.000000000000000000, 0.000000000000000000 ) ) ;
#534 = ORIENTED_EDGE ( 'NONE', *, *, #3418, .F. ) ;
#535 = LINE ( 'NONE', #2510, #1628 ) ;
#536 = DIRECTION ( 'NONE',  ( -1.000000000000000000, 0.000000000000000000, 0.000000000000000000 ) ) ;
#537 = VECTOR ( 'NONE', #4100, 1000.000000000000000 ) ;
#538 = CARTESIAN_POINT ( 'NONE',  ( -26.90472754980058667, 11.99553916057336167, 2.571797625688696520 ) ) ;
#539 = CARTESIAN_POINT ( 'NONE',  ( -26.82926621837908954, 8.692926171117713707, -3.299032152161284870 ) ) ;
#540 = AXIS2_PLACEMENT_3D ( 'NONE', #3830, #2490, #1466 ) ;
#541 = CARTESIAN_POINT ( 'NONE',  ( 27.36737224521330702, 10.82637593004343124, -1.825544737003328644 ) ) ;
#542 = CARTESIAN_POINT ( 'NONE',  ( 4.219379276851396909, -29.12596271497004707, -1.628446200182182890 ) ) ;
#543 = EDGE_CURVE ( 'NONE', #1645, #3881, #222, .T. ) ;
#544 = CONICAL_SURFACE ( 'NONE', #2211, 30.00000000000000000, 0.7853981633974501664 ) ;
#545 = CYLINDRICAL_SURFACE ( 'NONE', #3166, 1.650000000000000355 ) ;
#546 = ORIENTED_EDGE ( 'NONE', *, *, #513, .F. ) ;
#547 = AXIS2_PLACEMENT_3D ( 'NONE', #2167, #3568, #4103 ) ;
#548 = DIRECTION ( 'NONE',  ( 0.5000000000000002220, 0.8660254037844384856, 0.000000000000000000 ) ) ;
#549 = CARTESIAN_POINT ( 'NONE',  ( 24.90891894953745833, 15.79252557774689691, 3.809239589139370441 ) ) ;
#550 = EDGE_CURVE ( 'NONE', #1268, #854, #249, .T. ) ;
#551 = EDGE_CURVE ( 'NONE', #679, #4076, #2852, .T. ) ;
#552 = CARTESIAN_POINT ( 'NONE',  ( 1.873712530714282343, -29.42459655548188380, 3.534039737395506364 ) ) ;
#553 = CARTESIAN_POINT ( 'NONE',  ( 19.97871376374769525, 19.61761953821711657, -3.500000000000000000 ) ) ;
#554 = ORIENTED_EDGE ( 'NONE', *, *, #426, .T. ) ;
#555 = ORIENTED_EDGE ( 'NONE', *, *, #1787, .T. ) ;
#556 = CARTESIAN_POINT ( 'NONE',  ( -26.24185007600396702, 13.45538433866475714, 3.721374529359006811 ) ) ;
#557 = CARTESIAN_POINT ( 'NONE',  ( 27.95129865322356366, 10.89610598645866446, 0.5891618586284854686 ) ) ;
#558 = CARTESIAN_POINT ( 'NONE',  ( -3.948542946611335314, -29.16365023063794837, 0.6527021771759198288 ) ) ;
#559 = CYLINDRICAL_SURFACE ( 'NONE', #1269, 1.650000000000000355 ) ;
#560 = ORIENTED_EDGE ( 'NONE', *, *, #4510, .T. ) ;
#561 = CARTESIAN_POINT ( 'NONE',  ( 23.81216060693344261, 17.33958521666429320, 2.515014212584781639 ) ) ;
#562 = LINE ( 'NONE', #3592, #2191 ) ;
#563 = CARTESIAN_POINT ( 'NONE',  ( -26.39848047063022918, 13.13354143160738552, 3.559929896070705979 ) ) ;
#564 = CARTESIAN_POINT ( 'NONE',  ( -1.633190140927417877, -29.44275853529912013, 3.651639539515085353 ) ) ;
#565 = DIRECTION ( 'NONE',  ( 0.000000000000000000, 1.000000000000000000, 0.000000000000000000 ) ) ;
#566 = CARTESIAN_POINT ( 'NONE',  ( 4.247337474249093248, -29.12221041594547799, -1.694998919671415250 ) ) ;
#567 = DIRECTION ( 'NONE',  ( -0.000000000000000000, -0.000000000000000000, -1.000000000000000000 ) ) ;
#568 = ORIENTED_EDGE ( 'NONE', *, *, #908, .F. ) ;
#569 = DIRECTION ( 'NONE',  ( 0.8660254037844363761, 0.5000000000000039968, -0.000000000000000000 ) ) ;
#570 = CARTESIAN_POINT ( 'NONE',  ( 24.50586248535852008, 16.39249107411160367, 3.496793366092732391 ) ) ;
#571 = CARTESIAN_POINT ( 'NONE',  ( 2.122937876028240911, -29.40319231506198960, 3.390445446403968166 ) ) ;
#572 = EDGE_CURVE ( 'NONE', #2552, #2823, #1465, .T. ) ;
#573 = CARTESIAN_POINT ( 'NONE',  ( -4.459093627759017409, -29.66677190697234323, 1.022449975691771762 ) ) ;
#574 = VERTEX_POINT ( 'NONE', #181 ) ;
#575 = EDGE_LOOP ( 'NONE', ( #1640, #1221, #2517, #1097, #2833, #1275, #2348, #1073, #3191, #1683, #1653, #2111, #1901 ) ) ;
#576 = CARTESIAN_POINT ( 'NONE',  ( -25.28096493776665810, 15.20050376411456838, 3.966130447796971215 ) ) ;
#577 = CARTESIAN_POINT ( 'NONE',  ( 27.13302599455676045, 12.79854860679786199, 3.780965099332254109 ) ) ;
#578 = EDGE_CURVE ( 'NONE', #3609, #3810, #2358, .T. ) ;
#579 = CARTESIAN_POINT ( 'NONE',  ( -3.397448336580012995, -29.25137215622476106, 2.112246677236210513 ) ) ;
#580 = LINE ( 'NONE', #922, #1922 ) ;
#581 = VERTEX_POINT ( 'NONE', #1270 ) ;
#582 = CARTESIAN_POINT ( 'NONE',  ( 23.67756605325152464, 17.51234098523163141, 2.220090076122950951 ) ) ;
#583 = FACE_BOUND ( 'NONE', #1471, .T. ) ;
#584 = CARTESIAN_POINT ( 'NONE',  ( -26.76617048584904524, 12.32367974259302557, 2.942392936202844034 ) ) ;
#585 = CARTESIAN_POINT ( 'NONE',  ( -3.580975977527506959, -29.22363720032830869, 1.782851055474712787 ) ) ;
#586 = FACE_BOUND ( 'NONE', #863, .T. ) ;
#587 = LINE ( 'NONE', #245, #3889 ) ;
#588 = CARTESIAN_POINT ( 'NONE',  ( 11.25833024919769088, 23.00000000000000355, -3.500000000000000000 ) ) ;
#589 = ORIENTED_EDGE ( 'NONE', *, *, #3920, .F. ) ;
#590 = LINE ( 'NONE', #2294, #156 ) ;
#591 = CARTESIAN_POINT ( 'NONE',  ( 23.95727260791437274, 17.14960144648689777, 2.783555021495522919 ) ) ;
#592 = LINE ( 'NONE', #1293, #1625 ) ;
#593 = CARTESIAN_POINT ( 'NONE',  ( 4.334168091596906969, -29.68529807152537359, 1.451711138071537732 ) ) ;
#594 = ORIENTED_EDGE ( 'NONE', *, *, #3277, .T. ) ;
#595 = ORIENTED_EDGE ( 'NONE', *, *, #915, .F. ) ;
#596 = CARTESIAN_POINT ( 'NONE',  ( -26.77476999190388085, 12.30364465568315602, 2.921749624760281883 ) ) ;
#597 = CARTESIAN_POINT ( 'NONE',  ( 26.96384464230611755, 13.15125292596493800, 4.002645366713760033 ) ) ;
#598 = AXIS2_PLACEMENT_3D ( 'NONE', #2092, #3105, #4501 ) ;
#599 = EDGE_CURVE ( 'NONE', #3637, #2776, #2663, .T. ) ;
#600 = CARTESIAN_POINT ( 'NONE',  ( -2.639940547874528143, -29.35033959035531481, 3.007934371402490203 ) ) ;
#601 = AXIS2_PLACEMENT_3D ( 'NONE', #3892, #700, #349 ) ;
#602 = FACE_OUTER_BOUND ( 'NONE', #3858, .T. ) ;
#603 = EDGE_LOOP ( 'NONE', ( #432, #1686, #3625, #2730 ) ) ;
#604 = CARTESIAN_POINT ( 'NONE',  ( 23.25290711678335143, 18.03653783315879977, 0.2611184981344036871 ) ) ;
#605 = DIRECTION ( 'NONE',  ( 0.7071067811865658914, 0.000000000000000000, 0.7071067811865292541 ) ) ;
#606 = EDGE_CURVE ( 'NONE', #1978, #4054, #2579, .T. ) ;
#607 = VECTOR ( 'NONE', #4146, 1000.000000000000000 ) ;
#608 = CARTESIAN_POINT ( 'NONE',  ( -3.257700699977481129, -29.27149792938692130, 2.322004690923533676 ) ) ;
#609 = DIRECTION ( 'NONE',  ( -0.8660254037844432595, 0.4999999999999919509, 0.000000000000000000 ) ) ;
#610 = CONICAL_SURFACE ( 'NONE', #4038, 3.499999999999999556, 0.7853981633974487231 ) ;
#611 = CARTESIAN_POINT ( 'NONE',  ( -27.41845724539328089, 10.70088281209279835, -2.067353318540949836 ) ) ;
#612 = VECTOR ( 'NONE', #2513, 1000.000000000000000 ) ;
#613 = CARTESIAN_POINT ( 'NONE',  ( -24.08616410596659207, 17.88579264946920944, 2.974935537226600868 ) ) ;
#614 = ORIENTED_EDGE ( 'NONE', *, *, #3758, .T. ) ;
#615 = CARTESIAN_POINT ( 'NONE',  ( 19.48557158514980969, 11.25000000000008704, 0.000000000000000000 ) ) ;
#616 = VECTOR ( 'NONE', #3424, 999.9999999999998863 ) ;
#617 = CARTESIAN_POINT ( 'NONE',  ( 25.80450487892758105, 14.29370598623219379, 3.966130447796972103 ) ) ;
#618 = CARTESIAN_POINT ( 'NONE',  ( 0.7521656759377484125, -29.48788172584990619, 3.928768572529023118 ) ) ;
#619 = VECTOR ( 'NONE', #3098, 1000.000000000000000 ) ;
#620 = CARTESIAN_POINT ( 'NONE',  ( -4.422918337979766967, -29.67220489854363663, 1.164577301447579760 ) ) ;
#621 = ORIENTED_EDGE ( 'NONE', *, *, #3002, .F. ) ;
#622 = ORIENTED_EDGE ( 'NONE', *, *, #3723, .T. ) ;
#623 = CARTESIAN_POINT ( 'NONE',  ( -27.10055608052677556, 11.50631519425653693, 1.773458886459366779 ) ) ;
#624 = CARTESIAN_POINT ( 'NONE',  ( 27.96210078951781597, 10.86835501666400283, 0.2964472125762821486 ) ) ;
#625 = CARTESIAN_POINT ( 'NONE',  ( 3.884989157841435503, -29.74750146514002580, 2.382690780950551535 ) ) ;
#626 = DIRECTION ( 'NONE',  ( 0.000000000000000000, 1.000000000000000000, 0.000000000000000000 ) ) ;
#627 = ORIENTED_EDGE ( 'NONE', *, *, #2204, .F. ) ;
#628 = EDGE_CURVE ( 'NONE', #2689, #1927, #3401, .T. ) ;
#629 = CARTESIAN_POINT ( 'NONE',  ( 23.46131670474895614, 17.78313032632171797, 1.592230299833546692 ) ) ;
#630 = CARTESIAN_POINT ( 'NONE',  ( -4.180916522347269293, -29.13109192497874389, -1.526689690189252380 ) ) ;
#631 = CARTESIAN_POINT ( 'NONE',  ( -3.542638489320430129, -29.22954203620647817, 1.857416317401456185 ) ) ;
#632 = EDGE_CURVE ( 'NONE', #3125, #4179, #3720, .T. ) ;
#633 = FACE_OUTER_BOUND ( 'NONE', #1183, .T. ) ;
#634 = FACE_OUTER_BOUND ( 'NONE', #448, .T. ) ;
#635 = CARTESIAN_POINT ( 'NONE',  ( -28.70000000000001705, 3.514736313552905536E-15, 7.500000000000000888 ) ) ;
#636 = ORIENTED_EDGE ( 'NONE', *, *, #1351, .T. ) ;
#637 = FACE_OUTER_BOUND ( 'NONE', #695, .T. ) ;
#638 = CARTESIAN_POINT ( 'NONE',  ( 23.87603309152224540, 17.25649036949119974, 2.639125718412394406 ) ) ;
#639 = DIRECTION ( 'NONE',  ( -0.000000000000000000, -0.000000000000000000, -1.000000000000000000 ) ) ;
#640 = ORIENTED_EDGE ( 'NONE', *, *, #3729, .F. ) ;
#641 = FACE_OUTER_BOUND ( 'NONE', #1829, .T. ) ;
#642 = CARTESIAN_POINT ( 'NONE',  ( 0.000000000000000000, 0.000000000000000000, 7.500000000000000000 ) ) ;
#643 = CARTESIAN_POINT ( 'NONE',  ( 23.40763920739232518, 18.76395521663357968, 0.5939461101684769817 ) ) ;
#644 = CARTESIAN_POINT ( 'NONE',  ( 4.514670995770347695, -29.65835249689029496, 0.7395656178469420805 ) ) ;
#645 = ORIENTED_EDGE ( 'NONE', *, *, #379, .T. ) ;
#646 = DIRECTION ( 'NONE',  ( 0.000000000000000000, 0.000000000000000000, -1.000000000000000000 ) ) ;
#647 = ORIENTED_EDGE ( 'NONE', *, *, #2096, .T. ) ;
#648 = CARTESIAN_POINT ( 'NONE',  ( 23.31524952938154982, 17.96148633420357754, 0.9084052191370749485 ) ) ;
#649 = DIRECTION ( 'NONE',  ( -0.000000000000000000, -0.000000000000000000, -1.000000000000000000 ) ) ;
#650 = CARTESIAN_POINT ( 'NONE',  ( -28.01689833544479313, 10.72629979309530057, -1.326985978096267838 ) ) ;
#651 = CARTESIAN_POINT ( 'NONE',  ( -10.82531754730552898, 6.249999999999893419, 0.000000000000000000 ) ) ;
#652 = DIRECTION ( 'NONE',  ( -0.7071067811865462405, 0.000000000000000000, -0.7071067811865489050 ) ) ;
#653 = EDGE_CURVE ( 'NONE', #4365, #456, #889, .T. ) ;
#654 = DIRECTION ( 'NONE',  ( 0.5000000000000003331, -0.8660254037844383745, 0.000000000000000000 ) ) ;
#655 = ORIENTED_EDGE ( 'NONE', *, *, #4062, .T. ) ;
#656 = CARTESIAN_POINT ( 'NONE',  ( -21.98275849862720932, 18.49614402313454775, -2.771772794143700036 ) ) ;
#657 = CARTESIAN_POINT ( 'NONE',  ( 20.94292800660017306, 18.88836302445298898, -3.299032152161282649 ) ) ;
#658 = ADVANCED_FACE ( 'NONE', ( #4430 ), #4084, .F. ) ;
#659 = CARTESIAN_POINT ( 'NONE',  ( 11.78502884254438854, -13.43502884254439067, 6.500000000000000888 ) ) ;
#660 = ORIENTED_EDGE ( 'NONE', *, *, #992, .F. ) ;
#661 = CARTESIAN_POINT ( 'NONE',  ( -23.97424659168017413, 18.03430191727881393, 2.739112753647586551 ) ) ;
#662 = CYLINDRICAL_SURFACE ( 'NONE', #446, 2.999999999999999112 ) ;
#663 = CARTESIAN_POINT ( 'NONE',  ( 26.68717736422195230, 13.70399605667753384, 4.260283808354764723 ) ) ;
#664 = CARTESIAN_POINT ( 'NONE',  ( -25.48172917287961070, 14.86431721400846406, 3.999901581983051457 ) ) ;
#665 = CARTESIAN_POINT ( 'NONE',  ( 2.000274639482935157, -29.41411396988480575, 3.464557497147970455 ) ) ;
#666 = EDGE_LOOP ( 'NONE', ( #4295, #1347, #1571, #221 ) ) ;
#667 = DIRECTION ( 'NONE',  ( 0.000000000000000000, 0.000000000000000000, -1.000000000000000000 ) ) ;
#668 = ORIENTED_EDGE ( 'NONE', *, *, #2709, .T. ) ;
#669 = CARTESIAN_POINT ( 'NONE',  ( -26.38081139592122426, 14.28489381446560813, 4.427902481506545307 ) ) ;
#670 = AXIS2_PLACEMENT_3D ( 'NONE', #3860, #712, #2455 ) ;
#671 = CARTESIAN_POINT ( 'NONE',  ( -4.729590192120991965, -29.62483920820607608, -1.355574768705238631 ) ) ;
#672 = AXIS2_PLACEMENT_3D ( 'NONE', #3150, #3790, #2736 ) ;
#673 = CARTESIAN_POINT ( 'NONE',  ( -27.96484305153164485, 10.86128689903744160, -0.5000000000000000000 ) ) ;
#674 = DIRECTION ( 'NONE',  ( -0.000000000000000000, -0.000000000000000000, -1.000000000000000000 ) ) ;
#675 = CIRCLE ( 'NONE', #1612, 3.000000000000000888 ) ;
#676 = DIRECTION ( 'NONE',  ( 0.000000000000000000, -1.000000000000000000, 0.000000000000000000 ) ) ;
#677 = VECTOR ( 'NONE', #1429, 1000.000000000000000 ) ;
#678 = LINE ( 'NONE', #2797, #470 ) ;
#679 = VERTEX_POINT ( 'NONE', #3743 ) ;
#680 = EDGE_CURVE ( 'NONE', #3046, #3125, #3658, .T. ) ;
#681 = CARTESIAN_POINT ( 'NONE',  ( 23.38288914464281731, 18.79470176576702301, -0.7416874582482276823 ) ) ;
#682 = FACE_OUTER_BOUND ( 'NONE', #4495, .T. ) ;
#683 = AXIS2_PLACEMENT_3D ( 'NONE', #4216, #3117, #3138 ) ;
#684 = LINE ( 'NONE', #659, #2945 ) ;
#685 = EDGE_LOOP ( 'NONE', ( #2075, #1031, #1019, #425 ) ) ;
#686 = PRESENTATION_LAYER_ASSIGNMENT (  '', '', ( #3305 ) ) ;
#687 = CYLINDRICAL_SURFACE ( 'NONE', #4025, 2.149999999999999911 ) ;
#688 = EDGE_CURVE ( 'NONE', #854, #3400, #3409, .T. ) ;
#689 = CARTESIAN_POINT ( 'NONE',  ( -27.24876236258103646, 11.11327813160298561, 4.898587196589419731E-16 ) ) ;
#690 = CARTESIAN_POINT ( 'NONE',  ( 25.08092076600980747, 15.52358131917810091, 3.896786783394786458 ) ) ;
#691 = CARTESIAN_POINT ( 'NONE',  ( 25.25341742841542114, 16.19475259110808096, 4.285394508942276026 ) ) ;
#692 = CARTESIAN_POINT ( 'NONE',  ( -24.67236091658664421, 16.14949075880865337, 3.644554289099846578 ) ) ;
#693 = CIRCLE ( 'NONE', #4412, 27.99999999999997158 ) ;
#694 = CARTESIAN_POINT ( 'NONE',  ( 3.173304321910245474, -29.28334210855943098, 2.438672964111565644 ) ) ;
#695 = EDGE_LOOP ( 'NONE', ( #395, #2047, #4118, #1789 ) ) ;
#696 = ORIENTED_EDGE ( 'NONE', *, *, #688, .T. ) ;
#697 = EDGE_CURVE ( 'NONE', #1242, #3726, #2428, .T. ) ;
#698 = CARTESIAN_POINT ( 'NONE',  ( -24.65038122233535844, 17.09861548943063880, 3.780965099332243451 ) ) ;
#699 = AXIS2_PLACEMENT_3D ( 'NONE', #998, #95, #705 ) ;
#700 = DIRECTION ( 'NONE',  ( 0.000000000000000000, 0.000000000000000000, -1.000000000000000000 ) ) ;
#701 = CARTESIAN_POINT ( 'NONE',  ( -4.459159717560293501, -29.66676187841356693, 1.022107196120702444 ) ) ;
#702 = CARTESIAN_POINT ( 'NONE',  ( -7.000000000000000000, -25.49999999999998934, -3.500000000000000000 ) ) ;
#703 = CARTESIAN_POINT ( 'NONE',  ( 31.34197804570077750, 22.71410161513789916, -0.5000000000000000000 ) ) ;
#704 = CARTESIAN_POINT ( 'NONE',  ( 27.27787576205388476, 11.04344636705385696, -1.181015701773151072 ) ) ;
#705 = DIRECTION ( 'NONE',  ( 1.000000000000000000, 0.000000000000000000, 0.000000000000000000 ) ) ;
#706 = ORIENTED_EDGE ( 'NONE', *, *, #1651, .F. ) ;
#707 = DIRECTION ( 'NONE',  ( 1.000000000000000000, 0.000000000000000000, 0.000000000000000000 ) ) ;
#708 = FACE_OUTER_BOUND ( 'NONE', #575, .T. ) ;
#709 = CARTESIAN_POINT ( 'NONE',  ( 4.576271100763348976, -29.64890795311554328, 3.500000000000000000 ) ) ;
#710 = ORIENTED_EDGE ( 'NONE', *, *, #325, .T. ) ;
#711 = CARTESIAN_POINT ( 'NONE',  ( -24.00230602520503354, 17.99694006796566725, 2.797567600276086974 ) ) ;
#712 = DIRECTION ( 'NONE',  ( -0.000000000000000000, -0.000000000000000000, -1.000000000000000000 ) ) ;
#713 = CARTESIAN_POINT ( 'NONE',  ( 24.65751946012634832, 16.17132106342845077, 3.632086919351583454 ) ) ;
#714 = CARTESIAN_POINT ( 'NONE',  ( 24.90975926395492834, 16.71851004584805267, 4.036736172331470307 ) ) ;
#715 = CARTESIAN_POINT ( 'NONE',  ( -24.42653955508673391, 16.50589213208871087, 3.416060423766408949 ) ) ;
#716 = EDGE_CURVE ( 'NONE', #2371, #347, #9, .T. ) ;
#717 = CARTESIAN_POINT ( 'NONE',  ( -1.473269215177266611, -29.45348072813339968, 3.719370443374551805 ) ) ;
#718 = EDGE_LOOP ( 'NONE', ( #2787, #4007 ) ) ;
#719 = ORIENTED_EDGE ( 'NONE', *, *, #4205, .F. ) ;
#720 = CARTESIAN_POINT ( 'NONE',  ( -26.23757447638062956, 14.54617107896960881, 4.470847279812132591 ) ) ;
#721 = CARTESIAN_POINT ( 'NONE',  ( -25.54774941164094315, 1.750000000000006217, -3.500000000000000000 ) ) ;
#722 = ADVANCED_FACE ( 'NONE', ( #637 ), #3310, .T. ) ;
#723 = CARTESIAN_POINT ( 'NONE',  ( -27.34424274929354226, 10.88280303200306065, -1.694998943486701881 ) ) ;
#724 = CYLINDRICAL_SURFACE ( 'NONE', #3164, 2.999999999999999112 ) ;
#725 = DIRECTION ( 'NONE',  ( 0.000000000000000000, 0.000000000000000000, 1.000000000000000000 ) ) ;
#726 = LINE ( 'NONE', #403, #1835 ) ;
#727 = ORIENTED_EDGE ( 'NONE', *, *, #4287, .F. ) ;
#728 = CARTESIAN_POINT ( 'NONE',  ( -9.750317547305545673, 8.111954618136445916, 2.632990618166809235E-16 ) ) ;
#729 = DIRECTION ( 'NONE',  ( 1.000000000000000000, 0.000000000000000000, 0.000000000000000000 ) ) ;
#730 = CARTESIAN_POINT ( 'NONE',  ( 35.34197804570080592, 15.78589838486240460, 0.000000000000000000 ) ) ;
#731 = VERTEX_POINT ( 'NONE', #2773 ) ;
#732 = CARTESIAN_POINT ( 'NONE',  ( 13.43502884254438889, -13.43502884254439067, 6.500000000000000888 ) ) ;
#733 = DIRECTION ( 'NONE',  ( -0.6123724356957938042, -0.3535533905932736753, -0.7071067811865481278 ) ) ;
#734 = CARTESIAN_POINT ( 'NONE',  ( 26.36062936601194906, 13.21233479536344113, 3.602787909415331224 ) ) ;
#735 = CARTESIAN_POINT ( 'NONE',  ( 25.83158690664477319, 15.25564597974888947, 4.491183855835813254 ) ) ;
#736 = CARTESIAN_POINT ( 'NONE',  ( -23.82574115213785504, 17.32196559529986502, 2.542015800611787224 ) ) ;
#737 = CARTESIAN_POINT ( 'NONE',  ( -1.102503364891770143, -29.47399857820693470, 3.845617334022093381 ) ) ;
#738 = EDGE_LOOP ( 'NONE', ( #775, #1281, #4048, #2983 ) ) ;
#739 = ORIENTED_EDGE ( 'NONE', *, *, #3944, .F. ) ;
#740 = CARTESIAN_POINT ( 'NONE',  ( -27.40223108004494534, 12.21140788180588821, 3.286968305734820461 ) ) ;
#741 = DIRECTION ( 'NONE',  ( -0.000000000000000000, -0.000000000000000000, 1.000000000000000000 ) ) ;
#742 = DIRECTION ( 'NONE',  ( 0.000000000000000000, 0.000000000000000000, 1.000000000000000000 ) ) ;
#743 = CARTESIAN_POINT ( 'NONE',  ( -23.06479251317716006, 18.28133247009544604, -1.835127828256901461 ) ) ;
#744 = EDGE_CURVE ( 'NONE', #1837, #1978, #1043, .T. ) ;
#745 = EDGE_CURVE ( 'NONE', #1837, #3854, #3144, .T. ) ;
#746 = CARTESIAN_POINT ( 'NONE',  ( 4.648465096411952047, -29.63801445257074718, -1.184435064811318217 ) ) ;
#747 = CIRCLE ( 'NONE', #1823, 2.149999999999999467 ) ;
#748 = DIRECTION ( 'NONE',  ( -0.000000000000000000, -0.000000000000000000, -1.000000000000000000 ) ) ;
#749 = AXIS2_PLACEMENT_3D ( 'NONE', #4374, #877, #3321 ) ;
#750 = CARTESIAN_POINT ( 'NONE',  ( 23.24876236258083750, 18.04148136187884433, 4.898587196589428606E-16 ) ) ;
#751 = VECTOR ( 'NONE', #332, 1000.000000000000000 ) ;
#752 = CARTESIAN_POINT ( 'NONE',  ( 4.576271100763350752, -29.64890795311554328, 0.000000000000000000 ) ) ;
#753 = ORIENTED_EDGE ( 'NONE', *, *, #2404, .F. ) ;
#754 = DIRECTION ( 'NONE',  ( -0.000000000000000000, -0.000000000000000000, -1.000000000000000000 ) ) ;
#755 = CONICAL_SURFACE ( 'NONE', #2862, 30.00000000000000000, 0.7853981633974520538 ) ;
#756 = CARTESIAN_POINT ( 'NONE',  ( 26.25672830267934188, 13.42517812867453486, 3.707401976639305818 ) ) ;
#757 = CARTESIAN_POINT ( 'NONE',  ( 24.98579043326428462, 16.60466687971425159, 4.100224249272184984 ) ) ;
#758 = CARTESIAN_POINT ( 'NONE',  ( -24.55517821308925619, 16.32107904116180208, 3.542919462278386611 ) ) ;
#759 = VECTOR ( 'NONE', #431, 1000.000000000000000 ) ;
#760 = CARTESIAN_POINT ( 'NONE',  ( -1.593531821527650827, -29.44555547931422623, 3.669454321178038825 ) ) ;
#761 = ORIENTED_EDGE ( 'NONE', *, *, #426, .F. ) ;
#762 = ORIENTED_EDGE ( 'NONE', *, *, #3944, .T. ) ;
#763 = CARTESIAN_POINT ( 'NONE',  ( -27.13167067175860936, 12.80141817679493776, 3.782955082334494179 ) ) ;
#764 = DIRECTION ( 'NONE',  ( -0.000000000000000000, -0.000000000000000000, 1.000000000000000000 ) ) ;
#765 = VECTOR ( 'NONE', #1205, 1000.000000000000000 ) ;
#766 = CARTESIAN_POINT ( 'NONE',  ( -4.539344687793506417, -29.65458770367973074, 0.5891618522909640721 ) ) ;
#767 = AXIS2_PLACEMENT_3D ( 'NONE', #2281, #1576, #2624 ) ;
#768 = CARTESIAN_POINT ( 'NONE',  ( 27.48745592556440798, 11.02928105408150650, 0.000000000000000000 ) ) ;
#769 = DIRECTION ( 'NONE',  ( -0.000000000000000000, -0.000000000000000000, -1.000000000000000000 ) ) ;
#770 = EDGE_CURVE ( 'NONE', #4161, #1139, #2045, .T. ) ;
#771 = DIRECTION ( 'NONE',  ( -1.000000000000000000, 0.000000000000000000, 0.000000000000000000 ) ) ;
#772 = CARTESIAN_POINT ( 'NONE',  ( 27.18663644353440390, 10.27071092322298007, -2.438638582490243234 ) ) ;
#773 = EDGE_CURVE ( 'NONE', #581, #1088, #3855, .T. ) ;
#774 = DIRECTION ( 'NONE',  ( -0.000000000000000000, -0.000000000000000000, 1.000000000000000000 ) ) ;
#775 = ORIENTED_EDGE ( 'NONE', *, *, #1513, .F. ) ;
#776 = CARTESIAN_POINT ( 'NONE',  ( -4.576271100763348976, -29.64890795311554683, 3.500000000000000000 ) ) ;
#777 = CARTESIAN_POINT ( 'NONE',  ( 26.52577378001241470, 12.86222685391786236, 3.389864590972071046 ) ) ;
#778 = CARTESIAN_POINT ( 'NONE',  ( 26.73810994610997227, 12.38891420307993130, 3.007934371395745377 ) ) ;
#779 = CARTESIAN_POINT ( 'NONE',  ( -23.46123528475484221, 17.78321271506449364, 1.590799561601073275 ) ) ;
#780 = DIRECTION ( 'NONE',  ( 0.000000000000000000, -0.000000000000000000, 1.000000000000000000 ) ) ;
#781 = ORIENTED_EDGE ( 'NONE', *, *, #1937, .F. ) ;
#782 = EDGE_LOOP ( 'NONE', ( #4372, #112 ) ) ;
#783 = CARTESIAN_POINT ( 'NONE',  ( -27.87466687694731249, 11.09069860267936214, 1.450946045552186980 ) ) ;
#784 = CARTESIAN_POINT ( 'NONE',  ( 25.67791620902722727, 15.51344868962676316, 4.464123064729538015 ) ) ;
#785 = CARTESIAN_POINT ( 'NONE',  ( 0.1461024299088046763, -29.99973784026228074, 4.498311037325372297 ) ) ;
#786 = CARTESIAN_POINT ( 'NONE',  ( -28.04192216429312623, 10.66070360397126393, -1.500000000000001776 ) ) ;
#787 = CARTESIAN_POINT ( 'NONE',  ( -27.17063157771797677, 11.32320688552427335, 1.313766051251129108 ) ) ;
#788 = CARTESIAN_POINT ( 'NONE',  ( 27.36449459090183822, 10.83403001393353726, -1.835127829036800717 ) ) ;
#789 = LINE ( 'NONE', #3623, #2419 ) ;
#790 = EDGE_CURVE ( 'NONE', #1955, #456, #2585, .T. ) ;
#791 = CARTESIAN_POINT ( 'NONE',  ( -23.54027704034474411, 18.59723923138787427, 1.447905098270211521 ) ) ;
#792 = ORIENTED_EDGE ( 'NONE', *, *, #2212, .F. ) ;
#793 = CARTESIAN_POINT ( 'NONE',  ( 25.51666049839540307, -3.469446951953614189E-15, -2.999999999999999556 ) ) ;
#794 = LINE ( 'NONE', #2891, #2493 ) ;
#795 = CARTESIAN_POINT ( 'NONE',  ( 27.24876058019999547, 11.11328132417136061, 0.1323202826386491449 ) ) ;
#796 = ADVANCED_FACE ( 'NONE', ( #1943 ), #1215, .T. ) ;
#797 = CARTESIAN_POINT ( 'NONE',  ( -23.34663165852296984, 17.92348333412742889, 1.091080985593301911 ) ) ;
#798 = CARTESIAN_POINT ( 'NONE',  ( 3.998359563773085323, -29.15504455156210284, 0.1322228374716563903 ) ) ;
#799 = VERTEX_POINT ( 'NONE', #1920 ) ;
#800 = ORIENTED_EDGE ( 'NONE', *, *, #2972, .F. ) ;
#801 = CARTESIAN_POINT ( 'NONE',  ( -27.94222221370558046, 10.91935642745257518, 0.7395656258069890354 ) ) ;
#802 = DIRECTION ( 'NONE',  ( 0.5000000000000002220, -0.8660254037844384856, 0.000000000000000000 ) ) ;
#803 = CARTESIAN_POINT ( 'NONE',  ( 3.287311962345716321, -29.81939735274037062, 3.131499344526254447 ) ) ;
#804 = FACE_OUTER_BOUND ( 'NONE', #2850, .T. ) ;
#805 = ORIENTED_EDGE ( 'NONE', *, *, #2748, .T. ) ;
#806 = FACE_OUTER_BOUND ( 'NONE', #1909, .T. ) ;
#807 = CARTESIAN_POINT ( 'NONE',  ( 0.000000000000000000, 0.000000000000000000, 6.500000000000000888 ) ) ;
#808 = CARTESIAN_POINT ( 'NONE',  ( 4.576271100763348976, -29.64890795311554328, -0.5000000000000000000 ) ) ;
#809 = CARTESIAN_POINT ( 'NONE',  ( -1.404865598813296534, -29.45797622770312785, 3.747675036785886871 ) ) ;
#810 = DIRECTION ( 'NONE',  ( 0.4999999999999998890, 0.8660254037844387076, 0.000000000000000000 ) ) ;
#811 = CONICAL_SURFACE ( 'NONE', #1608, 12.50000000000000000, 0.7853981633974396193 ) ;
#812 = CYLINDRICAL_SURFACE ( 'NONE', #240, 3.000000000000000000 ) ;
#813 = CIRCLE ( 'NONE', #1250, 3.499999999999999556 ) ;
#814 = EDGE_CURVE ( 'NONE', #1676, #1456, #4321, .T. ) ;
#815 = DIRECTION ( 'NONE',  ( -0.8660254037844432595, 0.4999999999999919509, -0.000000000000000000 ) ) ;
#816 = ORIENTED_EDGE ( 'NONE', *, *, #2810, .T. ) ;
#817 = LINE ( 'NONE', #3603, #3580 ) ;
#818 = CARTESIAN_POINT ( 'NONE',  ( 27.13785308893575987, 11.40937793319032778, 1.548579444532575344 ) ) ;
#819 = CARTESIAN_POINT ( 'NONE',  ( 26.97668135733760408, 11.81951415909692926, 2.329501152848772350 ) ) ;
#820 = CARTESIAN_POINT ( 'NONE',  ( 2.687213859309077524, -29.34469137100738223, 2.963099878508527851 ) ) ;
#821 = ADVANCED_FACE ( 'NONE', ( #490 ), #1579, .T. ) ;
#822 = CARTESIAN_POINT ( 'NONE',  ( 3.973830925461054431, -29.15928932092722192, 0.4615676124450220352 ) ) ;
#823 = ORIENTED_EDGE ( 'NONE', *, *, #2435, .T. ) ;
#824 = EDGE_LOOP ( 'NONE', ( #2751, #2300, #869, #4091 ) ) ;
#825 = CARTESIAN_POINT ( 'NONE',  ( -23.70087470783636618, 17.48270649634637763, 2.275953407967149289 ) ) ;
#826 = DIRECTION ( 'NONE',  ( -1.000000000000000000, 0.000000000000000000, 0.000000000000000000 ) ) ;
#827 = AXIS2_PLACEMENT_3D ( 'NONE', #1604, #609, #4080 ) ;
#828 = CARTESIAN_POINT ( 'NONE',  ( -2.224494988947556706, -29.91748641874231396, 3.933268493276929068 ) ) ;
#829 = CARTESIAN_POINT ( 'NONE',  ( 12.99038105676658539, -22.49999999999998934, 3.500000000000000000 ) ) ;
#830 = ORIENTED_EDGE ( 'NONE', *, *, #3032, .T. ) ;
#831 = CARTESIAN_POINT ( 'NONE',  ( 0.000000000000000000, 0.000000000000000000, 7.500000000000000888 ) ) ;
#832 = AXIS2_PLACEMENT_3D ( 'NONE', #3661, #1165, #3293 ) ;
#833 = CARTESIAN_POINT ( 'NONE',  ( 27.96484305153149919, 10.86128689903780931, -0.5000000000000000000 ) ) ;
#834 = LINE ( 'NONE', #3594, #460 ) ;
#835 = CIRCLE ( 'NONE', #3826, 2.999999999999999112 ) ;
#836 = CARTESIAN_POINT ( 'NONE',  ( -2.079136019508992739, -29.40724125736143435, 3.418285804844581222 ) ) ;
#837 = CARTESIAN_POINT ( 'NONE',  ( 22.08364779650311860, 12.75000000000009770, 0.000000000000000000 ) ) ;
#838 =( GEOMETRIC_REPRESENTATION_CONTEXT ( 3 ) GLOBAL_UNCERTAINTY_ASSIGNED_CONTEXT ( ( #2882 ) ) GLOBAL_UNIT_ASSIGNED_CONTEXT ( ( #4075, #1664, #3499 ) ) REPRESENTATION_CONTEXT ( 'NONE', 'WORKASPACE' ) );
#839 = DIRECTION ( 'NONE',  ( -0.5000000000000039968, 0.8660254037844363761, 0.000000000000000000 ) ) ;
#840 = CARTESIAN_POINT ( 'NONE',  ( 4.696121545347356374, -28.68284496315772714, -2.435923936966555292 ) ) ;
#841 = ORIENTED_EDGE ( 'NONE', *, *, #2484, .F. ) ;
#842 = DIRECTION ( 'NONE',  ( 1.000000000000000000, 0.000000000000000000, 0.000000000000000000 ) ) ;
#843 = CARTESIAN_POINT ( 'NONE',  ( 26.91279739555046646, 11.97595410213490652, 2.546229975652491540 ) ) ;
#844 = CARTESIAN_POINT ( 'NONE',  ( 26.52170558668766631, 12.87112940170056596, 3.396291928700412743 ) ) ;
#845 = CARTESIAN_POINT ( 'NONE',  ( 23.38857189812342696, 18.78762104595233140, -0.5000000000000000000 ) ) ;
#846 = LINE ( 'NONE', #3630, #765 ) ;
#847 = VERTEX_POINT ( 'NONE', #1871 ) ;
#848 = VERTEX_POINT ( 'NONE', #2218 ) ;
#849 = CARTESIAN_POINT ( 'NONE',  ( -23.28219046710978546, 18.00136359977170741, 0.6527021771957500773 ) ) ;
#850 = CARTESIAN_POINT ( 'NONE',  ( 27.10638386096514196, 12.85533685410766758, 3.822098097174704723 ) ) ;
#851 = EDGE_CURVE ( 'NONE', #2575, #3121, #85, .T. ) ;
#852 = CARTESIAN_POINT ( 'NONE',  ( 1.398358421581722189, -29.96747732168443434, 4.285394462988683095 ) ) ;
#853 = CARTESIAN_POINT ( 'NONE',  ( 25.54774941164093960, -1.750000000000003553, -3.500000000000000000 ) ) ;
#854 = VERTEX_POINT ( 'NONE', #3988 ) ;
#855 = CARTESIAN_POINT ( 'NONE',  ( 23.38857189812343051, 18.78762104595233140, 4.336808689942017736E-16 ) ) ;
#856 = CARTESIAN_POINT ( 'NONE',  ( 23.25340122540206877, 18.95466516323802963, -1.500000000000001776 ) ) ;
#857 = CARTESIAN_POINT ( 'NONE',  ( -26.15627317325353118, 13.62663014825557717, 3.792886655685956399 ) ) ;
#858 = ADVANCED_FACE ( 'NONE', ( #4302 ), #143, .F. ) ;
#859 = CARTESIAN_POINT ( 'NONE',  ( -1.825101348221414899, -29.42853630146847266, 3.559999504431418327 ) ) ;
#860 = CARTESIAN_POINT ( 'NONE',  ( 28.02065845375155106, 10.71647429501319060, -1.355574769669094071 ) ) ;
#861 = CARTESIAN_POINT ( 'NONE',  ( 4.622542273845892780, -29.64173205179083581, -0.9785678895228081542 ) ) ;
#862 = CARTESIAN_POINT ( 'NONE',  ( -27.53001154372001480, 11.92088674170958562, 2.970006411151680403 ) ) ;
#863 = EDGE_LOOP ( 'NONE', ( #1564, #3564 ) ) ;
#864 = CARTESIAN_POINT ( 'NONE',  ( -23.38857189812370407, 18.78762104595199034, 0.000000000000000000 ) ) ;
#865 = CARTESIAN_POINT ( 'NONE',  ( 27.06830227192092053, 11.58911213739829371, 1.940730936255342209 ) ) ;
#866 = CARTESIAN_POINT ( 'NONE',  ( 26.07648318190380721, 13.78220335554895826, 3.845617334013018418 ) ) ;
#867 = CARTESIAN_POINT ( 'NONE',  ( 3.472992471366946443, -29.24012810137802276, 1.984959513849091861 ) ) ;
#868 = FACE_BOUND ( 'NONE', #1255, .T. ) ;
#869 = ORIENTED_EDGE ( 'NONE', *, *, #4205, .T. ) ;
#870 = EDGE_LOOP ( 'NONE', ( #1164, #369, #42, #1505, #3383, #1696, #589 ) ) ;
#871 = CARTESIAN_POINT ( 'NONE',  ( -27.85579204635970640, 11.13802039319597093, 1.589096803488859733 ) ) ;
#872 = CARTESIAN_POINT ( 'NONE',  ( 27.85662161468024323, 11.13606634668356676, 1.588692681736961987 ) ) ;
#873 = CARTESIAN_POINT ( 'NONE',  ( 0.8193247548263293822, -29.98889974880254528, 4.427902434019162392 ) ) ;
#874 = LINE ( 'NONE', #2582, #3685 ) ;
#875 = ORIENTED_EDGE ( 'NONE', *, *, #2324, .F. ) ;
#876 = DIRECTION ( 'NONE',  ( 1.000000000000000000, 0.000000000000000000, 0.000000000000000000 ) ) ;
#877 = DIRECTION ( 'NONE',  ( 0.000000000000000000, 0.000000000000000000, 1.000000000000000000 ) ) ;
#878 = CARTESIAN_POINT ( 'NONE',  ( -26.70869393326611885, 12.45571767106503103, 3.067382856152812476 ) ) ;
#879 = CARTESIAN_POINT ( 'NONE',  ( -1.560392764429675339, -29.44772811466062024, 3.683127003888416073 ) ) ;
#880 = EDGE_CURVE ( 'NONE', #1431, #3764, #562, .T. ) ;
#881 = DIRECTION ( 'NONE',  ( 0.8660254037844362651, 0.5000000000000039968, 0.000000000000000000 ) ) ;
#882 = CARTESIAN_POINT ( 'NONE',  ( 4.103557348312784292, -29.14131390945005862, -1.284754238226315071 ) ) ;
#883 = DIRECTION ( 'NONE',  ( 1.000000000000000000, 1.156482317317871133E-15, 0.000000000000000000 ) ) ;
#884 = VERTEX_POINT ( 'NONE', #2285 ) ;
#885 = B_SPLINE_CURVE_WITH_KNOTS ( 'NONE', 3,
 ( #37, #1785, #1039, #2425, #2448, #1427, #4265, #2106, #2819, #1824 ),
 .UNSPECIFIED., .F., .F.,
 ( 4, 2, 2, 2, 4 ),
 ( 0.000000000000000000, 0.0009184745542192684215, 0.001836949108438536843, 0.002755423662657805264, 0.003673898216877073686 ),
 .UNSPECIFIED. ) ;
#886 = CARTESIAN_POINT ( 'NONE',  ( -14.28941916244323629, 21.25000000000000000, -3.500000000000000000 ) ) ;
#887 = CARTESIAN_POINT ( 'NONE',  ( 24.60515468237102610, 16.24837604120303070, 3.588209955109063820 ) ) ;
#888 = CARTESIAN_POINT ( 'NONE',  ( -23.24876245171090261, 18.04148141333764599, 0.2584245836862585355 ) ) ;
#889 = CIRCLE ( 'NONE', #1971, 3.000000000000000888 ) ;
#890 = CARTESIAN_POINT ( 'NONE',  ( 0.5960825541439671582, -29.99445209820699887, 4.464123016851347714 ) ) ;
#891 = ORIENTED_EDGE ( 'NONE', *, *, #4482, .T. ) ;
#892 = ORIENTED_EDGE ( 'NONE', *, *, #3215, .F. ) ;
#893 = CARTESIAN_POINT ( 'NONE',  ( -26.04569504960675275, 13.84221386757439554, 3.865938618833816953 ) ) ;
#894 = AXIS2_PLACEMENT_3D ( 'NONE', #4031, #2350, #4489 ) ;
#895 = CARTESIAN_POINT ( 'NONE',  ( 24.46438835538513246, 17.36881852288411565, 3.600633090731379049 ) ) ;
#896 = VECTOR ( 'NONE', #2430, 1000.000000000000000 ) ;
#897 = CARTESIAN_POINT ( 'NONE',  ( -3.557903364169144211, -29.22721472479014793, 1.829087605732227839 ) ) ;
#898 = CARTESIAN_POINT ( 'NONE',  ( -28.50000000000000000, 0.000000000000000000, 7.299999999999994493 ) ) ;
#899 = ORIENTED_EDGE ( 'NONE', *, *, #4261, .F. ) ;
#900 = CARTESIAN_POINT ( 'NONE',  ( 23.72213826437779360, 17.45555651957415577, 2.324529841384397333 ) ) ;
#901 = CARTESIAN_POINT ( 'NONE',  ( 12.99038105676656762, 22.50000000000000000, 3.500000000000000000 ) ) ;
#902 = CARTESIAN_POINT ( 'NONE',  ( -26.69924879176262777, 12.47721726329879033, 3.086726873517127601 ) ) ;
#903 = CARTESIAN_POINT ( 'NONE',  ( -26.89552489108001865, 7.792776730158867515, -3.500000000000000888 ) ) ;
#904 = CIRCLE ( 'NONE', #1768, 3.499999999999999556 ) ;
#905 = CARTESIAN_POINT ( 'NONE',  ( 4.441992246374046438, -29.09552194583387319, -2.067353288952271662 ) ) ;
#906 = CARTESIAN_POINT ( 'NONE',  ( 4.729590192121047032, -29.62483920820606542, -1.355574768705313238 ) ) ;
#907 = VECTOR ( 'NONE', #2038, 999.9999999999998863 ) ;
#908 = EDGE_CURVE ( 'NONE', #3769, #4296, #1848, .T. ) ;
#909 = CARTESIAN_POINT ( 'NONE',  ( -26.05414314454555935, 14.87293448274244057, 4.500111396152687959 ) ) ;
#910 = ORIENTED_EDGE ( 'NONE', *, *, #2131, .F. ) ;
#911 = CIRCLE ( 'NONE', #1699, 1.650000000000000355 ) ;
#912 = CARTESIAN_POINT ( 'NONE',  ( -4.075032778611520357, -29.14505658577406777, -1.181015687393631497 ) ) ;
#913 = CARTESIAN_POINT ( 'NONE',  ( 23.47888769907842388, 17.76144038848473272, 1.654434527368570107 ) ) ;
#914 = CARTESIAN_POINT ( 'NONE',  ( 0.6523096796142604514, -29.49089095649425474, 3.946592289520075791 ) ) ;
#915 = EDGE_CURVE ( 'NONE', #295, #3430, #4467, .T. ) ;
#916 = CARTESIAN_POINT ( 'NONE',  ( 3.441214978245946909, -29.80213273877095759, 2.970006379387875928 ) ) ;
#917 = ORIENTED_EDGE ( 'NONE', *, *, #2572, .T. ) ;
#918 = VERTEX_POINT ( 'NONE', #194 ) ;
#919 = CARTESIAN_POINT ( 'NONE',  ( -26.80303742252177557, 12.23766039183395549, 2.853431272279997266 ) ) ;
#920 = CARTESIAN_POINT ( 'NONE',  ( 27.35909105818690534, 12.30827010214437678, 3.383926145047341016 ) ) ;
#921 = CARTESIAN_POINT ( 'NONE',  ( 4.118697220783947621, -29.71593176025899297, 1.961747933072424566 ) ) ;
#922 = CARTESIAN_POINT ( 'NONE',  ( -25.11473670974871908, 1.500000000000007772, -2.999999999999999556 ) ) ;
#923 = ORIENTED_EDGE ( 'NONE', *, *, #407, .F. ) ;
#924 = CARTESIAN_POINT ( 'NONE',  ( 24.05570496739821706, 17.01834373244139442, 2.942392935101415752 ) ) ;
#925 = CARTESIAN_POINT ( 'NONE',  ( -4.485808996139718730, -29.08938877464102646, -2.136717323213764619 ) ) ;
#926 = CARTESIAN_POINT ( 'NONE',  ( -26.43604104659543808, 13.05427936715934223, 3.513102168718720719 ) ) ;
#927 = CARTESIAN_POINT ( 'NONE',  ( -3.707408604925327644, -29.20366773573872621, 1.501802991125369191 ) ) ;
#928 = CARTESIAN_POINT ( 'NONE',  ( -4.384180733842232058, -29.48419181013360912, 0.000000000000000000 ) ) ;
#929 = CARTESIAN_POINT ( 'NONE',  ( 4.409665514326992941, -29.10003136019287950, -2.015027558146260223 ) ) ;
#930 = DIRECTION ( 'NONE',  ( -0.000000000000000000, -0.000000000000000000, -1.000000000000000000 ) ) ;
#931 = ORIENTED_EDGE ( 'NONE', *, *, #2352, .T. ) ;
#932 = EDGE_CURVE ( 'NONE', #3381, #4232, #813, .T. ) ;
#933 = CARTESIAN_POINT ( 'NONE',  ( -4.788520881609825253, -29.61536877647122523, -1.500000000000001776 ) ) ;
#934 = CARTESIAN_POINT ( 'NONE',  ( 25.89711237804768018, 14.12296000200941748, 3.935632040940208576 ) ) ;
#935 = CARTESIAN_POINT ( 'NONE',  ( 2.488208206318997640, -29.36689741833610157, 3.131989976565117573 ) ) ;
#936 = B_SPLINE_CURVE_WITH_KNOTS ( 'NONE', 3,
 ( #2019, #4089, #3701, #573, #620, #3332, #2987, #1294, #1932, #184, #1313, #4364, #1589, #4046, #1569, #2000, #4434, #2364, #937, #205, #3404, #3768, #4385, #1658, #2710, #276, #1225, #2618, #4020, #890, #2275, #4069, #1953, #3680, #2643, #1976, #916, #3354, #225, #1613, #3013, #4413, #2667, #3724, #593, #3380, #254, #1638, #1719, #3787 ),
 .UNSPECIFIED., .F., .F.,
 ( 4, 2, 2, 2, 2, 2, 2, 2, 2, 2, 2, 2, 2, 2, 2, 2, 2, 2, 2, 2, 2, 2, 2, 2, 4 ),
 ( 0.000000000000000000, 0.06249999999999995837, 0.09374999999999990286, 0.1249999999999998335, 0.1562499999999997780, 0.1874999999999997224, 0.2499999999999996947, 0.3124999999999996669, 0.3437499999999997224, 0.3749999999999997780, 0.4062499999999997780, 0.4374999999999998335, 0.4687499999999998335, 0.4999999999999998890, 0.5312499999999998890, 0.5624999999999998890, 0.6249999999999997780, 0.7499999999999997780, 0.7812499999999998890, 0.8124999999999998890, 0.8437499999999998890, 0.8749999999999998890, 0.9062499999999998890, 0.9374999999999997780, 1.000000000000000000 ),
 .UNSPECIFIED. ) ;
#937 = CARTESIAN_POINT ( 'NONE',  ( -1.892264178554135867, -29.94058168766794026, 4.099908982277197467 ) ) ;
#938 = EDGE_LOOP ( 'NONE', ( #3710, #2207, #2208, #4381 ) ) ;
#939 = VERTEX_POINT ( 'NONE', #1507 ) ;
#940 = EDGE_CURVE ( 'NONE', #4366, #1098, #4120, .T. ) ;
#941 = CARTESIAN_POINT ( 'NONE',  ( -24.97397981698052405, 15.69179519911177323, 3.845617334013017974 ) ) ;
#942 = CARTESIAN_POINT ( 'NONE',  ( 27.73479831818385222, 11.43601570065973938, 2.250593263816749179 ) ) ;
#943 = CARTESIAN_POINT ( 'NONE',  ( -3.173798214603730905, -29.28313329334148918, 2.434766908499280458 ) ) ;
#944 = CARTESIAN_POINT ( 'NONE',  ( -23.13780735473172356, 18.18632587279564206, -1.526689711166705488 ) ) ;
#945 = ORIENTED_EDGE ( 'NONE', *, *, #40, .F. ) ;
#946 = CARTESIAN_POINT ( 'NONE',  ( 24.15521151431656577, 16.88361908414101009, 3.086726873351595124 ) ) ;
#947 = CARTESIAN_POINT ( 'NONE',  ( -13.85640646055101577, -20.99999999999998579, 3.500000000000000000 ) ) ;
#948 = CARTESIAN_POINT ( 'NONE',  ( -3.670384785601934041, -29.20959778925680439, 1.591289663016403066 ) ) ;
#949 = DIRECTION ( 'NONE',  ( -0.000000000000000000, -0.000000000000000000, -1.000000000000000000 ) ) ;
#950 = CARTESIAN_POINT ( 'NONE',  ( 19.48557158514980969, 11.25000000000008704, 0.000000000000000000 ) ) ;
#951 = CARTESIAN_POINT ( 'NONE',  ( -27.92109714235710882, 10.97329629263140660, 1.029699683038556746 ) ) ;
#952 = ORIENTED_EDGE ( 'NONE', *, *, #517, .F. ) ;
#953 = CARTESIAN_POINT ( 'NONE',  ( 0.000000000000000000, -38.49999999999999289, 0.000000000000000000 ) ) ;
#954 = CARTESIAN_POINT ( 'NONE',  ( 26.04737142648676240, 13.83845092257782916, 3.863200451067820840 ) ) ;
#955 = CARTESIAN_POINT ( 'NONE',  ( 1.216915156159622091, -29.46828502675822037, 3.810954831061931891 ) ) ;
#956 = CARTESIAN_POINT ( 'NONE',  ( 0.000000000000000000, -22.49999999999998934, 0.000000000000000000 ) ) ;
#957 = ORIENTED_EDGE ( 'NONE', *, *, #4094, .F. ) ;
#958 = ORIENTED_EDGE ( 'NONE', *, *, #1351, .F. ) ;
#959 = CARTESIAN_POINT ( 'NONE',  ( -27.08968578635312596, 11.53432607554224631, 1.832266988662719420 ) ) ;
#960 = CARTESIAN_POINT ( 'NONE',  ( 27.21222733393333471, 12.62926418217099744, 3.656239620232423437 ) ) ;
#961 = AXIS2_PLACEMENT_3D ( 'NONE', #3539, #2497, #3906 ) ;
#962 = EDGE_CURVE ( 'NONE', #3905, #848, #1982, .T. ) ;
#963 = CARTESIAN_POINT ( 'NONE',  ( -3.496499400347911735, -29.23659195263405763, 1.943895515880446290 ) ) ;
#964 = AXIS2_PLACEMENT_3D ( 'NONE', #1166, #1145, #1486 ) ;
#965 = DIRECTION ( 'NONE',  ( 0.000000000000000000, 0.000000000000000000, 1.000000000000000000 ) ) ;
#966 = VERTEX_POINT ( 'NONE', #1193 ) ;
#967 = CARTESIAN_POINT ( 'NONE',  ( 24.34103440752251757, 16.62663164100104041, 3.321680094793286298 ) ) ;
#968 = CARTESIAN_POINT ( 'NONE',  ( -4.690218550485613314, -29.63109732447183475, -1.240676785623953782 ) ) ;
#969 = VECTOR ( 'NONE', #2057, 1000.000000000000000 ) ;
#970 = CARTESIAN_POINT ( 'NONE',  ( -27.24876236258103290, 11.11327813160298561, -0.5000000000000000000 ) ) ;
#971 = CARTESIAN_POINT ( 'NONE',  ( 0.000000000000000000, 0.000000000000000000, -1.499999999999988676 ) ) ;
#972 = AXIS2_PLACEMENT_3D ( 'NONE', #3851, #1085, #2055 ) ;
#973 = CARTESIAN_POINT ( 'NONE',  ( 0.000000000000000000, 23.00000000000000000, -3.500000000000000000 ) ) ;
#974 = AXIS2_PLACEMENT_3D ( 'NONE', #2104, #1463, #2857 ) ;
#975 = DIRECTION ( 'NONE',  ( 0.000000000000000000, -0.7071067811865500152, 0.7071067811865451302 ) ) ;
#976 = EDGE_LOOP ( 'NONE', ( #2090, #1838, #1708, #4104, #2625, #346, #151, #3080, #917, #2461, #4222, #2820, #3696 ) ) ;
#977 = CARTESIAN_POINT ( 'NONE',  ( -21.72090041175091457, 18.56605194151346794, -2.926653674079860323 ) ) ;
#978 = AXIS2_PLACEMENT_3D ( 'NONE', #12, #2729, #2379 ) ;
#979 = CARTESIAN_POINT ( 'NONE',  ( 25.95788423340689377, 14.00903585138938823, 3.909902818530429869 ) ) ;
#980 = DIRECTION ( 'NONE',  ( 0.8660254037844387076, -0.5000000000000003331, 0.000000000000000000 ) ) ;
#981 = CIRCLE ( 'NONE', #1061, 2.999999999999999112 ) ;
#982 = DIRECTION ( 'NONE',  ( 0.000000000000000000, 0.000000000000000000, 1.000000000000000000 ) ) ;
#983 = EDGE_LOOP ( 'NONE', ( #3355, #3446, #207, #165 ) ) ;
#984 = ORIENTED_EDGE ( 'NONE', *, *, #851, .T. ) ;
#985 = CARTESIAN_POINT ( 'NONE',  ( -25.86569898594981964, 14.18126283324640191, 3.947131212981541015 ) ) ;
#986 = CARTESIAN_POINT ( 'NONE',  ( 25.21530086734006915, 16.25627131375303591, 4.271565922817541328 ) ) ;
#987 = CARTESIAN_POINT ( 'NONE',  ( -3.808298645597481435, -29.18723361386050996, 1.223905758160777513 ) ) ;
#988 = DIRECTION ( 'NONE',  ( -0.000000000000000000, -1.000000000000000000, -0.000000000000000000 ) ) ;
#989 = VERTEX_POINT ( 'NONE', #3294 ) ;
#990 = CARTESIAN_POINT ( 'NONE',  ( 23.37162542826162337, 17.89308726454548193, 1.219727359456606486 ) ) ;
#991 = CARTESIAN_POINT ( 'NONE',  ( -4.247337474249048839, -29.12221041594549220, -1.694998919671311333 ) ) ;
#992 = EDGE_CURVE ( 'NONE', #1392, #1048, #3444, .T. ) ;
#993 = B_SPLINE_CURVE_WITH_KNOTS ( 'NONE', 3,
 ( #2241, #1147, #3641, #3939, #3964, #1489, #2289, #2884, #146, #4304, #4284, #809, #2192, #879, #1531, #564, #1217, #859, #2264, #1923, #101, #514, #836, #2932, #3595, #1851, #3252, #2220, #123, #1873, #4332, #2631, #2957, #1196, #1510, #2587, #1894, #3297, #170, #2907, #1560, #3665, #3323, #196, #1581, #2979, #4377, #1237, #4034, #217, #1990, #2699, #4444, #3435, #608, #3759, #1603, #3000, #4424, #3395, #1690, #1966, #1014, #2658, #631, #4399, #585, #3369, #948, #306, #927, #2310, #4059, #3736, #2395, #2011, #1260, #3345, #286, #3093, #3715, #241, #3778, #994, #4491 ),
 .UNSPECIFIED., .F., .F.,
 ( 4, 2, 2, 2, 1, 2, 2, 2, 1, 1, 2, 2, 1, 1, 2, 2, 1, 1, 2, 2, 2, 1, 1, 1, 2, 2, 2, 2, 2, 2, 1, 1, 1, 2, 2, 2, 1, 1, 1, 2, 2, 1, 1, 2, 2, 1, 1, 2, 2, 2, 1, 2, 4 ),
 ( 0.4997634887695303063, 0.5310282707214358799, 0.5622930526733415091, 0.5701092481613179164, 0.5779254436492943237, 0.5935578346252470272, 0.6248226165771526563, 0.6287307143211408045, 0.6326388120651289526, 0.6404550075531053599, 0.6560873985290580634, 0.6599954962730462116, 0.6639035940170343597, 0.6717197895050106560, 0.6873521804809633595, 0.6893062293529573781, 0.6912602782249513966, 0.6951683759689395448, 0.7029845714569158410, 0.7186169624328686556, 0.7195939868688656649, 0.7205710113048627852, 0.7225250601768569148, 0.7264331579208451739, 0.7342493534088216922, 0.7498817443847745068, 0.7576979398727508030, 0.7655141353607272103, 0.7811465263366799139, 0.7821235507726769232, 0.7831005752086739324, 0.7850546240806678400, 0.7889627218246557661, 0.7967789173126317293, 0.8124113082885835446, 0.8143653571605773411, 0.8163194060325713597, 0.8202275037765591748, 0.8280436992645348049, 0.8436760902404860651, 0.8475841879844738802, 0.8514922857284616953, 0.8593084812164375474, 0.8749408721923891408, 0.8788489699363770669, 0.8827570676803648819, 0.8905732631683405121, 0.9062056541442918833, 0.9374704360961947369, 0.9452866315841703670, 0.9531028270721459972, 0.9687352180480972574, 1.000000000000000000 ),
 .UNSPECIFIED. ) ;
#994 = CARTESIAN_POINT ( 'NONE',  ( -3.999999999999999112, -29.15475957565319831, 0.1292734122459692769 ) ) ;
#995 = DIRECTION ( 'NONE',  ( -1.000000000000000000, 0.000000000000000000, 0.000000000000000000 ) ) ;
#996 = EDGE_CURVE ( 'NONE', #4407, #1207, #167, .T. ) ;
#997 = DIRECTION ( 'NONE',  ( -1.000000000000000000, 0.000000000000000000, 0.000000000000000000 ) ) ;
#998 = CARTESIAN_POINT ( 'NONE',  ( -22.51666049839540662, 6.938893903907228378E-15, -3.500000000000000000 ) ) ;
#999 = ORIENTED_EDGE ( 'NONE', *, *, #210, .F. ) ;
#1000 = CARTESIAN_POINT ( 'NONE',  ( 23.14660698568248876, 19.08496049692482543, -1.813755881621990529 ) ) ;
#1001 = CARTESIAN_POINT ( 'NONE',  ( 21.72390318879630655, 18.56518781144984942, -2.924925291073415146 ) ) ;
#1002 = CARTESIAN_POINT ( 'NONE',  ( -25.54774941164094315, -1.749999999999994893, -3.500000000000000000 ) ) ;
#1003 = EDGE_LOOP ( 'NONE', ( #645, #1970, #945, #2537 ) ) ;
#1004 = CARTESIAN_POINT ( 'NONE',  ( -23.62599740257291359, 18.48818780954846019, 1.792431982671466306 ) ) ;
#1005 = CARTESIAN_POINT ( 'NONE',  ( -27.23960074446534207, 11.13820611337817645, 0.4615676124563518612 ) ) ;
#1006 = CARTESIAN_POINT ( 'NONE',  ( 24.18069962932245787, 17.75659437659576056, 3.131499378108250742 ) ) ;
#1007 = CARTESIAN_POINT ( 'NONE',  ( -26.93006301624452092, 11.93398085940610720, 2.490836332910621120 ) ) ;
#1008 = CARTESIAN_POINT ( 'NONE',  ( 0.06229657556113742112, -29.50000829189786344, 4.000048006208556828 ) ) ;
#1009 = DIRECTION ( 'NONE',  ( -1.000000000000000000, 0.000000000000000000, 0.000000000000000000 ) ) ;
#1010 = ORIENTED_EDGE ( 'NONE', *, *, #461, .T. ) ;
#1011 = CARTESIAN_POINT ( 'NONE',  ( -26.34551053950577426, 14.34989918208074933, 4.440522584720658195 ) ) ;
#1012 = DIRECTION ( 'NONE',  ( 0.000000000000000000, 0.000000000000000000, 1.000000000000000000 ) ) ;
#1013 = EDGE_CURVE ( 'NONE', #1226, #1268, #4354, .T. ) ;
#1014 = CARTESIAN_POINT ( 'NONE',  ( -3.497931806161116874, -29.23637277765834241, 1.941188996060985161 ) ) ;
#1015 = CARTESIAN_POINT ( 'NONE',  ( 4.000000000000000000, -29.15475952416974792, 2.449293598294706414E-16 ) ) ;
#1016 = LINE ( 'NONE', #2397, #1980 ) ;
#1017 = EDGE_CURVE ( 'NONE', #2954, #326, #2855, .T. ) ;
#1018 = CARTESIAN_POINT ( 'NONE',  ( -15.08502884254440168, 13.43502884254441199, 6.500000000000000888 ) ) ;
#1019 = ORIENTED_EDGE ( 'NONE', *, *, #2014, .T. ) ;
#1020 = CARTESIAN_POINT ( 'NONE',  ( 23.24875406411855394, 18.04149089016749130, -0.6459237916963004311 ) ) ;
#1021 = CARTESIAN_POINT ( 'NONE',  ( 20.08364779650310439, 16.21410161513784587, -0.5000000000000000000 ) ) ;
#1022 = CARTESIAN_POINT ( 'NONE',  ( -4.576271100763348976, -29.64890795311554683, -0.5000000000000000000 ) ) ;
#1023 = ORIENTED_EDGE ( 'NONE', *, *, #3033, .F. ) ;
#1024 = CARTESIAN_POINT ( 'NONE',  ( -23.39332193653809355, 18.78171211857120326, 0.2964472125762808163 ) ) ;
#1025 = CYLINDRICAL_SURFACE ( 'NONE', #2332, 12.50000000000000000 ) ;
#1026 = CARTESIAN_POINT ( 'NONE',  ( 25.91302533294944155, 14.09312913694177993, 3.928895846882217935 ) ) ;
#1027 = CARTESIAN_POINT ( 'NONE',  ( 26.45166792373681375, 14.15325891131920422, 4.398640641245163074 ) ) ;
#1028 = CARTESIAN_POINT ( 'NONE',  ( -24.50712740729313666, 16.39065520839530166, 3.497957637280772136 ) ) ;
#1029 = CARTESIAN_POINT ( 'NONE',  ( 3.600046527048564649, -29.22066626794430988, 1.743775970946541021 ) ) ;
#1030 = VERTEX_POINT ( 'NONE', #4397 ) ;
#1031 = ORIENTED_EDGE ( 'NONE', *, *, #4314, .T. ) ;
#1032 = CARTESIAN_POINT ( 'NONE',  ( -24.76016515096565129, 16.93925592084617193, 3.896900108529696816 ) ) ;
#1033 = AXIS2_PLACEMENT_3D ( 'NONE', #3258, #2913, #1516 ) ;
#1034 = DIRECTION ( 'NONE',  ( -1.000000000000000000, 0.000000000000000000, 0.000000000000000000 ) ) ;
#1035 = CIRCLE ( 'NONE', #598, 3.499999999999999556 ) ;
#1036 = CARTESIAN_POINT ( 'NONE',  ( 7.000000000000000000, -25.49999999999998934, -0.5000000000000000000 ) ) ;
#1037 = DIRECTION ( 'NONE',  ( -0.000000000000000000, -0.000000000000000000, -1.000000000000000000 ) ) ;
#1038 = DIRECTION ( 'NONE',  ( -0.000000000000000000, -0.000000000000000000, -1.000000000000000000 ) ) ;
#1039 = CARTESIAN_POINT ( 'NONE',  ( -6.416998223207976082, -27.30173382031433249, -3.455770536384001002 ) ) ;
#1040 = AXIS2_PLACEMENT_3D ( 'NONE', #1400, #676, #309 ) ;
#1041 = CARTESIAN_POINT ( 'NONE',  ( -11.25833024919769620, 23.00000000000000000, -3.500000000000000000 ) ) ;
#1042 = ORIENTED_EDGE ( 'NONE', *, *, #513, .T. ) ;
#1043 = LINE ( 'NONE', #1406, #2704 ) ;
#1044 = CARTESIAN_POINT ( 'NONE',  ( 11.78502884254438854, -13.43502884254439067, 6.500000000000000888 ) ) ;
#1045 = EDGE_CURVE ( 'NONE', #3995, #3014, #529, .T. ) ;
#1046 = VECTOR ( 'NONE', #172, 1000.000000000000000 ) ;
#1047 = CARTESIAN_POINT ( 'NONE',  ( 25.51666049839540307, -3.469446951953614189E-15, 3.500000000000000000 ) ) ;
#1048 = VERTEX_POINT ( 'NONE', #1599 ) ;
#1049 =( GEOMETRIC_REPRESENTATION_CONTEXT ( 3 ) GLOBAL_UNCERTAINTY_ASSIGNED_CONTEXT ( ( #2929 ) ) GLOBAL_UNIT_ASSIGNED_CONTEXT ( ( #3270, #3916, #440 ) ) REPRESENTATION_CONTEXT ( 'NONE', 'WORKASPACE' ) );
#1050 = FACE_OUTER_BOUND ( 'NONE', #1868, .T. ) ;
#1051 = LINE ( 'NONE', #4155, #373 ) ;
#1052 = CARTESIAN_POINT ( 'NONE',  ( 24.80994928122064280, 15.94407943369230374, 3.748348650945925620 ) ) ;
#1053 = CARTESIAN_POINT ( 'NONE',  ( 23.68570627729380362, 18.41161624055524726, 1.995141233839966333 ) ) ;
#1054 = EDGE_CURVE ( 'NONE', #295, #2001, #1349, .T. ) ;
#1055 = CARTESIAN_POINT ( 'NONE',  ( -23.68849434250970276, 17.49843814748556525, 2.246103829457649859 ) ) ;
#1056 = CIRCLE ( 'NONE', #4045, 1.650000000000000355 ) ;
#1057 = CARTESIAN_POINT ( 'NONE',  ( 2.779773736668092354, -29.33378710524067401, 2.876445759319443241 ) ) ;
#1058 = ORIENTED_EDGE ( 'NONE', *, *, #940, .T. ) ;
#1059 = ORIENTED_EDGE ( 'NONE', *, *, #3982, .F. ) ;
#1060 = CARTESIAN_POINT ( 'NONE',  ( -24.57869514253598808, 17.20150171534966788, 3.698740476502189622 ) ) ;
#1061 = AXIS2_PLACEMENT_3D ( 'NONE', #1620, #3731, #3089 ) ;
#1062 = CARTESIAN_POINT ( 'NONE',  ( 11.25833024919770331, -22.49999999999998934, 3.500000000000000000 ) ) ;
#1063 = B_SPLINE_CURVE_WITH_KNOTS ( 'NONE', 1,
 ( #39, #2062 ),
 .UNSPECIFIED., .F., .F.,
 ( 2, 2 ),
 ( 0.000000000000000000, 1.000000000000000000 ),
 .UNSPECIFIED. ) ;
#1064 = CARTESIAN_POINT ( 'NONE',  ( -11.25833024919770331, 19.50000000000000000, 3.500000000000000000 ) ) ;
#1065 = DIRECTION ( 'NONE',  ( 0.000000000000000000, -0.000000000000000000, 1.000000000000000000 ) ) ;
#1066 = CARTESIAN_POINT ( 'NONE',  ( -27.26371940864892096, 11.07759833822851725, -1.051066865051705657 ) ) ;
#1067 = FACE_OUTER_BOUND ( 'NONE', #1111, .T. ) ;
#1068 = ORIENTED_EDGE ( 'NONE', *, *, #1433, .T. ) ;
#1069 = CARTESIAN_POINT ( 'NONE',  ( 23.15963400060332233, 18.15793544166371021, -1.423404309901483034 ) ) ;
#1070 = CARTESIAN_POINT ( 'NONE',  ( 0.000000000000000000, 0.000000000000000000, 7.299999999999994493 ) ) ;
#1071 = EDGE_CURVE ( 'NONE', #4203, #3654, #1303, .T. ) ;
#1072 = FACE_OUTER_BOUND ( 'NONE', #4250, .T. ) ;
#1073 = ORIENTED_EDGE ( 'NONE', *, *, #3781, .T. ) ;
#1074 = CARTESIAN_POINT ( 'NONE',  ( -24.54337727983174489, 17.25184807365794271, 3.656239620232409671 ) ) ;
#1075 = CARTESIAN_POINT ( 'NONE',  ( -27.22590170632460271, 11.17532250565562890, 0.7220392458007475200 ) ) ;
#1076 = CARTESIAN_POINT ( 'NONE',  ( 26.24268367766574173, 13.45353517513851926, 3.720038667727894044 ) ) ;
#1077 = CARTESIAN_POINT ( 'NONE',  ( 25.36867139343367938, 16.01408509026329341, 4.349180916918883533 ) ) ;
#1078 = CARTESIAN_POINT ( 'NONE',  ( -23.83114290932792656, 17.31495019082359832, 2.552650565219702905 ) ) ;
#1079 = ADVANCED_FACE ( 'NONE', ( #583, #1963 ), #1624, .F. ) ;
#1080 = CARTESIAN_POINT ( 'NONE',  ( 0.4557715559350356549, -29.49556674769489817, 3.974086497690302089 ) ) ;
#1081 = EDGE_LOOP ( 'NONE', ( #1621, #3979, #1554, #2969, #38 ) ) ;
#1082 = CARTESIAN_POINT ( 'NONE',  ( -27.35667712365424720, 12.31321807857348283, 3.386292992767237386 ) ) ;
#1083 = LINE ( 'NONE', #2147, #1684 ) ;
#1084 = CARTESIAN_POINT ( 'NONE',  ( -27.31872388470931057, 10.94476602066973392, -1.526689711166802743 ) ) ;
#1085 = DIRECTION ( 'NONE',  ( -0.6123724356957951365, 0.3535533905932741749, -0.7071067811865469066 ) ) ;
#1086 = DIRECTION ( 'NONE',  ( 1.000000000000000000, 0.000000000000000000, 0.000000000000000000 ) ) ;
#1087 = DIRECTION ( 'NONE',  ( -0.7071067811865658914, 8.659560562355159656E-17, 0.7071067811865292541 ) ) ;
#1088 = VERTEX_POINT ( 'NONE', #4142 ) ;
#1089 = CARTESIAN_POINT ( 'NONE',  ( 19.97871376374769525, 19.61761953821711657, -3.500000000000000000 ) ) ;
#1090 = CARTESIAN_POINT ( 'NONE',  ( -4.576271100763339206, -29.64890795311554683, 0.000000000000000000 ) ) ;
#1091 = VERTEX_POINT ( 'NONE', #2698 ) ;
#1092 = CARTESIAN_POINT ( 'NONE',  ( -27.24589955895115523, 11.12107674489833542, 0.2641527687511974753 ) ) ;
#1093 = CARTESIAN_POINT ( 'NONE',  ( 24.50773617135660132, 16.38967225771884273, 3.498088864334131465 ) ) ;
#1094 = CARTESIAN_POINT ( 'NONE',  ( 26.34634016753984298, 14.34837445565032965, 4.440235935570074233 ) ) ;
#1095 = CARTESIAN_POINT ( 'NONE',  ( -24.15929016470284552, 16.87805679613405019, 3.092364956066887771 ) ) ;
#1096 = CARTESIAN_POINT ( 'NONE',  ( -1.039235665236263095, -29.47691084191651711, 3.863200451076012953 ) ) ;
#1097 = ORIENTED_EDGE ( 'NONE', *, *, #550, .T. ) ;
#1098 = VERTEX_POINT ( 'NONE', #2996 ) ;
#1099 = CARTESIAN_POINT ( 'NONE',  ( -26.12757042292694010, 14.74298749134528563, 4.491183855835797267 ) ) ;
#1100 = FACE_OUTER_BOUND ( 'NONE', #2874, .T. ) ;
#1101 = ADVANCED_FACE ( 'NONE', ( #1257 ), #175, .T. ) ;
#1102 = CARTESIAN_POINT ( 'NONE',  ( -3.440455145159394768, -29.80211106817321109, 2.968155073616781880 ) ) ;
#1103 = FACE_OUTER_BOUND ( 'NONE', #4386, .T. ) ;
#1104 = CARTESIAN_POINT ( 'NONE',  ( -27.09003934147718340, 11.53340769853121017, 1.830161760533454141 ) ) ;
#1105 = VECTOR ( 'NONE', #569, 1000.000000000000114 ) ;
#1106 = CARTESIAN_POINT ( 'NONE',  ( 27.32148062223273044, 10.93825983895002629, -1.581259216009491597 ) ) ;
#1107 = AXIS2_PLACEMENT_3D ( 'NONE', #1710, #52, #4509 ) ;
#1108 = CARTESIAN_POINT ( 'NONE',  ( -23.38855278678627769, 18.78764483751603365, -0.8448164772978518089 ) ) ;
#1109 = AXIS2_PLACEMENT_3D ( 'NONE', #1512, #2561, #3993 ) ;
#1110 = CARTESIAN_POINT ( 'NONE',  ( 27.64499324484248888, 10.69283869458594083, -1.859244666400696300 ) ) ;
#1111 = EDGE_LOOP ( 'NONE', ( #3247, #3375, #3660, #519 ) ) ;
#1112 = DIRECTION ( 'NONE',  ( -0.000000000000000000, -0.000000000000000000, -1.000000000000000000 ) ) ;
#1113 = CARTESIAN_POINT ( 'NONE',  ( 25.61374090374291868, 14.63566618893985449, 3.999901581982948873 ) ) ;
#1114 = CARTESIAN_POINT ( 'NONE',  ( 27.24876236258086948, 11.11327813160335687, 0.000000000000000000 ) ) ;
#1115 = CARTESIAN_POINT ( 'NONE',  ( -24.57211474414664565, 16.29646290944117837, 3.558371937804667429 ) ) ;
#1116 = VECTOR ( 'NONE', #1087, 999.9999999999998863 ) ;
#1117 = CARTESIAN_POINT ( 'NONE',  ( -12.99038105676657473, -22.49999999999998934, 3.500000000000000000 ) ) ;
#1118 = EDGE_LOOP ( 'NONE', ( #3523, #899, #1493, #555, #4319, #3242 ) ) ;
#1119 = VERTEX_POINT ( 'NONE', #947 ) ;
#1120 = CARTESIAN_POINT ( 'NONE',  ( -23.57138162591200725, 17.64635326689945671, 1.943895515905959437 ) ) ;
#1121 = CARTESIAN_POINT ( 'NONE',  ( -25.58364779650323584, 6.687822173508686241, -3.500000000000001776 ) ) ;
#1122 = DIRECTION ( 'NONE',  ( -0.000000000000000000, -0.000000000000000000, -1.000000000000000000 ) ) ;
#1123 = CIRCLE ( 'NONE', #4196, 4.000000000000000000 ) ;
#1124 = DIRECTION ( 'NONE',  ( 0.000000000000000000, -0.000000000000000000, -1.000000000000000000 ) ) ;
#1125 = ADVANCED_FACE ( 'NONE', ( #3734 ), #3955, .F. ) ;
#1126 = CARTESIAN_POINT ( 'NONE',  ( 27.24876236258086237, 11.11327813160335332, -0.5000000000000000000 ) ) ;
#1127 = DIRECTION ( 'NONE',  ( -0.000000000000000000, 0.000000000000000000, -1.000000000000000000 ) ) ;
#1128 = CYLINDRICAL_SURFACE ( 'NONE', #3824, 1.650000000000000355 ) ;
#1129 = EDGE_CURVE ( 'NONE', #2689, #679, #3480, .T. ) ;
#1130 = EDGE_CURVE ( 'NONE', #1119, #918, #2853, .T. ) ;
#1131 = CARTESIAN_POINT ( 'NONE',  ( 0.000000000000000000, 0.000000000000000000, 6.000000000000023093 ) ) ;
#1132 = DIRECTION ( 'NONE',  ( -0.000000000000000000, -0.000000000000000000, 1.000000000000000000 ) ) ;
#1133 = ORIENTED_EDGE ( 'NONE', *, *, #344, .T. ) ;
#1134 = PLANE ( 'NONE',  #78 ) ;
#1135 = CARTESIAN_POINT ( 'NONE',  ( 27.09094525204309178, 11.53113428966163312, 1.826630741482117903 ) ) ;
#1136 = CARTESIAN_POINT ( 'NONE',  ( 26.40012911311055177, 13.13007019540098064, 3.557907016578286452 ) ) ;
#1137 = CARTESIAN_POINT ( 'NONE',  ( 3.746705174925880844, -29.19737918820037592, 1.407396177651198954 ) ) ;
#1138 = PLANE ( 'NONE',  #2722 ) ;
#1139 = VERTEX_POINT ( 'NONE', #1423 ) ;
#1140 = VERTEX_POINT ( 'NONE', #329 ) ;
#1141 = CARTESIAN_POINT ( 'NONE',  ( -23.47848128050182481, 17.76194226510548546, 1.653004170284117169 ) ) ;
#1142 = CARTESIAN_POINT ( 'NONE',  ( 27.96484305153149919, 10.86128689903780931, 0.000000000000000000 ) ) ;
#1143 = CARTESIAN_POINT ( 'NONE',  ( -1.404648218883594701, -29.96718385253940298, 4.283410737223749543 ) ) ;
#1144 = DIRECTION ( 'NONE',  ( -0.6123724356957970238, 0.3535533905932726206, 0.7071067811865459074 ) ) ;
#1145 = DIRECTION ( 'NONE',  ( -0.000000000000000000, -0.000000000000000000, -1.000000000000000000 ) ) ;
#1146 = CARTESIAN_POINT ( 'NONE',  ( -26.94448370969043793, 11.89877174552856864, 2.443024375297402795 ) ) ;
#1147 = CARTESIAN_POINT ( 'NONE',  ( -0.1307917454537168012, -29.50000003719953767, 3.999999999999999112 ) ) ;
#1148 = CARTESIAN_POINT ( 'NONE',  ( 27.98176412555493897, 10.81762693595372582, -0.9785678902566622428 ) ) ;
#1149 = CARTESIAN_POINT ( 'NONE',  ( 26.93912283520755224, 9.527825578891292224, -2.926653674079861212 ) ) ;
#1150 = EDGE_CURVE ( 'NONE', #2414, #227, #1799, .T. ) ;
#1151 = PLANE ( 'NONE',  #1841 ) ;
#1152 = VERTEX_POINT ( 'NONE', #3459 ) ;
#1153 = PLANE ( 'NONE',  #961 ) ;
#1154 = CARTESIAN_POINT ( 'NONE',  ( 27.07622813492021052, 11.56884849457571640, 1.901456765670357596 ) ) ;
#1155 = CARTESIAN_POINT ( 'NONE',  ( 26.99090530666143195, 11.78420634072505813, 2.275953407967149289 ) ) ;
#1156 = CARTESIAN_POINT ( 'NONE',  ( 3.603094213336094587, -29.22021798480596289, 1.739318517358363625 ) ) ;
#1157 = CARTESIAN_POINT ( 'NONE',  ( 14.28941916244322563, 21.25000000000000355, -3.500000000000000000 ) ) ;
#1158 = ORIENTED_EDGE ( 'NONE', *, *, #2239, .F. ) ;
#1159 = ORIENTED_EDGE ( 'NONE', *, *, #1542, .T. ) ;
#1160 = CARTESIAN_POINT ( 'NONE',  ( -23.65556228404016181, 17.54031538966184200, 2.167334167090628760 ) ) ;
#1161 = LINE ( 'NONE', #3933, #3154 ) ;
#1162 = CARTESIAN_POINT ( 'NONE',  ( 3.439688382567673841, -29.80219970214456282, 2.969016381382903358 ) ) ;
#1163 = CARTESIAN_POINT ( 'NONE',  ( -23.36616782130552750, 18.81547976663151900, -0.9196224872514009441 ) ) ;
#1164 = ORIENTED_EDGE ( 'NONE', *, *, #3109, .T. ) ;
#1165 = DIRECTION ( 'NONE',  ( -0.8660254037844362651, -0.5000000000000039968, -0.000000000000000000 ) ) ;
#1166 = CARTESIAN_POINT ( 'NONE',  ( 0.000000000000000000, 0.000000000000000000, 7.500000000000000888 ) ) ;
#1167 = CARTESIAN_POINT ( 'NONE',  ( -15.08502884254440168, 13.43502884254441199, 3.500000000000000000 ) ) ;
#1168 = CARTESIAN_POINT ( 'NONE',  ( 36.84197804570082013, 13.18782217350909569, -0.5000000000000000000 ) ) ;
#1169 = DIRECTION ( 'NONE',  ( 0.000000000000000000, 0.000000000000000000, 1.000000000000000000 ) ) ;
#1170 = VECTOR ( 'NONE', #2271, 1000.000000000000114 ) ;
#1171 = CARTESIAN_POINT ( 'NONE',  ( 4.192090366921116917, -29.31947566715167852, -0.5000000000000008882 ) ) ;
#1172 = CARTESIAN_POINT ( 'NONE',  ( 6.410923885744238326, -27.30465097167922295, -3.454287206886199613 ) ) ;
#1173 = ORIENTED_EDGE ( 'NONE', *, *, #3976, .F. ) ;
#1174 = ADVANCED_FACE ( 'NONE', ( #2815 ), #4101, .F. ) ;
#1175 = DIRECTION ( 'NONE',  ( 1.000000000000000000, 0.000000000000000000, 0.000000000000000000 ) ) ;
#1176 = CARTESIAN_POINT ( 'NONE',  ( 27.13133161453951558, 11.42641940319360216, 1.590799561513974947 ) ) ;
#1177 = CARTESIAN_POINT ( 'NONE',  ( 23.41345774095411159, 18.75660214116722457, 0.5931736614785955153 ) ) ;
#1178 = CARTESIAN_POINT ( 'NONE',  ( 3.999999999999999112, -29.15475952416974081, 0.2601041239087244494 ) ) ;
#1179 = AXIS2_PLACEMENT_3D ( 'NONE', #1131, #3572, #1826 ) ;
#1180 = CARTESIAN_POINT ( 'NONE',  ( -11.25833024919769976, -19.49999999999998934, 3.500000000000000000 ) ) ;
#1181 = ORIENTED_EDGE ( 'NONE', *, *, #3982, .T. ) ;
#1182 = VECTOR ( 'NONE', #2446, 999.9999999999998863 ) ;
#1183 = EDGE_LOOP ( 'NONE', ( #3285, #3748, #1522, #2067 ) ) ;
#1184 = EDGE_CURVE ( 'NONE', #2552, #3854, #4214, .T. ) ;
#1185 = CARTESIAN_POINT ( 'NONE',  ( -24.28011928583833878, 16.71178724826578232, 3.249990795411565436 ) ) ;
#1186 = LINE ( 'NONE', #162, #453 ) ;
#1187 = AXIS2_PLACEMENT_3D ( 'NONE', #3876, #2152, #3571 ) ;
#1188 = CARTESIAN_POINT ( 'NONE',  ( 1.039491135845869829, -29.98234480354046383, 4.384838817341381478 ) ) ;
#1189 = CARTESIAN_POINT ( 'NONE',  ( -23.31025630662969661, 18.88470413296606409, -1.269503600905925955 ) ) ;
#1190 = ORIENTED_EDGE ( 'NONE', *, *, #606, .F. ) ;
#1191 = DIRECTION ( 'NONE',  ( -1.000000000000000000, 0.000000000000000000, 0.000000000000000000 ) ) ;
#1192 = VECTOR ( 'NONE', #271, 1000.000000000000000 ) ;
#1193 = CARTESIAN_POINT ( 'NONE',  ( -15.08502884254440168, 13.43502884254441199, 6.500000000000000888 ) ) ;
#1194 = CARTESIAN_POINT ( 'NONE',  ( -26.60263815137996346, 12.69393184544316711, 3.267192940472133600 ) ) ;
#1195 = CONICAL_SURFACE ( 'NONE', #3607, 12.50000000000000000, 0.7853981633974465026 ) ;
#1196 = CARTESIAN_POINT ( 'NONE',  ( -2.542784706798362215, -29.36097388635064931, 3.087758753298780245 ) ) ;
#1197 = CARTESIAN_POINT ( 'NONE',  ( 27.28192480328952385, 11.03366438236432678, -1.214868938182916969 ) ) ;
#1198 = CARTESIAN_POINT ( 'NONE',  ( -3.500000000000027534, 6.062177826491052635, -0.5000000000000000000 ) ) ;
#1199 = FACE_OUTER_BOUND ( 'NONE', #2145, .T. ) ;
#1200 = VERTEX_POINT ( 'NONE', #1781 ) ;
#1201 = CARTESIAN_POINT ( 'NONE',  ( 23.15864779650312499, 10.88804538186355764, 2.632990618166809728E-16 ) ) ;
#1202 = CARTESIAN_POINT ( 'NONE',  ( 26.90100403107737392, 12.00451680974686575, 2.582928785367327951 ) ) ;
#1203 = CARTESIAN_POINT ( 'NONE',  ( 26.24409712725732291, 13.45085178507776114, 3.719370443360713985 ) ) ;
#1204 = CARTESIAN_POINT ( 'NONE',  ( 4.000000000000000000, -29.15475952416974792, 2.449293598294706414E-16 ) ) ;
#1205 = DIRECTION ( 'NONE',  ( 0.7071067811865414665, 0.000000000000000000, 0.7071067811865536790 ) ) ;
#1206 = ORIENTED_EDGE ( 'NONE', *, *, #653, .T. ) ;
#1207 = VERTEX_POINT ( 'NONE', #3869 ) ;
#1208 = CARTESIAN_POINT ( 'NONE',  ( -23.95662216941817846, 17.15046048952537916, 2.782432325276106511 ) ) ;
#1209 = DIRECTION ( 'NONE',  ( 0.000000000000000000, 0.000000000000000000, -1.000000000000000000 ) ) ;
#1210 = ADVANCED_FACE ( 'NONE', ( #3184 ), #2418, .T. ) ;
#1211 = EDGE_CURVE ( 'NONE', #4187, #1140, #1083, .T. ) ;
#1212 = CARTESIAN_POINT ( 'NONE',  ( -1.685519833264990774, -29.95269222794792086, 4.184291675759264528 ) ) ;
#1213 = PLANE ( 'NONE',  #2288 ) ;
#1214 = ORIENTED_EDGE ( 'NONE', *, *, #578, .T. ) ;
#1215 = CYLINDRICAL_SURFACE ( 'NONE', #3521, 30.00000000000000000 ) ;
#1216 = CARTESIAN_POINT ( 'NONE',  ( -25.67526457403165807, 14.52920256298010671, 4.000193423662382841 ) ) ;
#1217 = CARTESIAN_POINT ( 'NONE',  ( -1.735939962124837699, -29.43541494471321940, 3.604706242549741813 ) ) ;
#1218 = DIRECTION ( 'NONE',  ( 0.000000000000000000, 0.000000000000000000, -1.000000000000000000 ) ) ;
#1219 = CARTESIAN_POINT ( 'NONE',  ( 4.010588682205814770, -29.15340149272828185, -0.7900249402956176503 ) ) ;
#1220 = DIRECTION ( 'NONE',  ( 1.000000000000000000, 0.000000000000000000, 0.000000000000000000 ) ) ;
#1221 = ORIENTED_EDGE ( 'NONE', *, *, #3504, .T. ) ;
#1222 = CARTESIAN_POINT ( 'NONE',  ( -4.009549283335752889, -29.15353555315380518, -0.7758636117283191913 ) ) ;
#1223 = CARTESIAN_POINT ( 'NONE',  ( 23.53386229012948760, 17.69319303374879127, 1.832266988662723195 ) ) ;
#1224 = CARTESIAN_POINT ( 'NONE',  ( 3.088616526660832751, -29.29464997652471681, 2.541745132938996843 ) ) ;
#1225 = CARTESIAN_POINT ( 'NONE',  ( -0.1536347861790127722, -29.99998252460128612, 4.499885935740902454 ) ) ;
#1226 = VERTEX_POINT ( 'NONE', #1121 ) ;
#1227 = EDGE_LOOP ( 'NONE', ( #2384, #1729, #2427, #2163, #3544 ) ) ;
#1228 = CARTESIAN_POINT ( 'NONE',  ( -25.00813576122007476, 15.63845989585742657, 3.863200451067822616 ) ) ;
#1229 = DIRECTION ( 'NONE',  ( -0.8660254037844432595, 0.4999999999999919509, 0.000000000000000000 ) ) ;
#1230 = CARTESIAN_POINT ( 'NONE',  ( -1.188956035425182911, -29.97651946227346542, 4.346100431599180247 ) ) ;
#1231 = CYLINDRICAL_SURFACE ( 'NONE', #3464, 1.650000000000000355 ) ;
#1232 = ORIENTED_EDGE ( 'NONE', *, *, #1842, .F. ) ;
#1233 = CARTESIAN_POINT ( 'NONE',  ( 23.77688046040490377, 17.38522151155839524, 2.443024375500995493 ) ) ;
#1234 = CARTESIAN_POINT ( 'NONE',  ( -20.08364779650332466, 16.21410161513756165, -3.500000000000000444 ) ) ;
#1235 = EDGE_CURVE ( 'NONE', #2644, #2591, #2048, .T. ) ;
#1236 = CARTESIAN_POINT ( 'NONE',  ( -26.54260389655865282, 12.82578182717981186, 3.364898592835130930 ) ) ;
#1237 = CARTESIAN_POINT ( 'NONE',  ( -3.092921516344109722, -29.29407499723881969, 2.536502221855166717 ) ) ;
#1238 = CARTESIAN_POINT ( 'NONE',  ( 27.96813375802778978, 10.85282513025282292, -0.7416874582482048117 ) ) ;
#1239 = ADVANCED_FACE ( 'NONE', ( #2122 ), #3527, .F. ) ;
#1240 = CARTESIAN_POINT ( 'NONE',  ( 4.923445275915344865, -29.59325219320956890, -1.762523004789326997 ) ) ;
#1241 = CARTESIAN_POINT ( 'NONE',  ( 0.000000000000000000, -22.49999999999998934, 0.000000000000000000 ) ) ;
#1242 = VERTEX_POINT ( 'NONE', #1062 ) ;
#1243 = DIRECTION ( 'NONE',  ( 0.000000000000000000, 0.000000000000000000, 1.000000000000000000 ) ) ;
#1244 = CARTESIAN_POINT ( 'NONE',  ( 23.63483959362561748, 17.56667656031837765, 2.117947397840108437 ) ) ;
#1245 = CARTESIAN_POINT ( 'NONE',  ( 0.4561867009981304677, -29.49561672016842095, 3.974444020524497745 ) ) ;
#1246 = LINE ( 'NONE', #2967, #2867 ) ;
#1247 = ORIENTED_EDGE ( 'NONE', *, *, #543, .T. ) ;
#1248 = ORIENTED_EDGE ( 'NONE', *, *, #1071, .T. ) ;
#1249 = CARTESIAN_POINT ( 'NONE',  ( -26.52089606618296003, 12.87287830657722942, 3.397474508887337930 ) ) ;
#1250 = AXIS2_PLACEMENT_3D ( 'NONE', #2606, #2928, #2881 ) ;
#1251 = CARTESIAN_POINT ( 'NONE',  ( 23.38857189812343051, 18.78762104595233140, 4.336808689942017736E-16 ) ) ;
#1252 = VECTOR ( 'NONE', #1359, 1000.000000000000000 ) ;
#1253 = CARTESIAN_POINT ( 'NONE',  ( 3.961997558929115648, -29.73731151724377852, 2.256811374748231902 ) ) ;
#1254 = LINE ( 'NONE', #1596, #4051 ) ;
#1255 = EDGE_LOOP ( 'NONE', ( #3133, #2604 ) ) ;
#1256 = CARTESIAN_POINT ( 'NONE',  ( 24.02231714652504735, 17.06314272645908758, 2.890823184732386419 ) ) ;
#1257 = FACE_OUTER_BOUND ( 'NONE', #2524, .T. ) ;
#1258 = CARTESIAN_POINT ( 'NONE',  ( -24.85964557089946680, 15.86816598257793487, 3.779609226745019424 ) ) ;
#1259 = EDGE_CURVE ( 'NONE', #2975, #1546, #3296, .T. ) ;
#1260 = CARTESIAN_POINT ( 'NONE',  ( -3.898531226112872616, -29.17216370842353612, 0.9039835971627997457 ) ) ;
#1261 = CIRCLE ( 'NONE', #2864, 12.50000000000000000 ) ;
#1262 = DIRECTION ( 'NONE',  ( -1.000000000000000000, -0.000000000000000000, 1.084202172485504434E-16 ) ) ;
#1263 = CARTESIAN_POINT ( 'NONE',  ( 4.699505313222721803, -29.62962620556359283, -1.269503599917902070 ) ) ;
#1264 = AXIS2_PLACEMENT_3D ( 'NONE', #4178, #316, #1700 ) ;
#1265 = EDGE_CURVE ( 'NONE', #1927, #1421, #675, .T. ) ;
#1266 = ADVANCED_FACE ( 'NONE', ( #1100 ), #3664, .F. ) ;
#1267 = CARTESIAN_POINT ( 'NONE',  ( -25.82882913228664989, 15.26085443236332750, 4.492601377021832931 ) ) ;
#1268 = VERTEX_POINT ( 'NONE', #4163 ) ;
#1269 = AXIS2_PLACEMENT_3D ( 'NONE', #1867, #3615, #3268 ) ;
#1270 = CARTESIAN_POINT ( 'NONE',  ( -18.41057158514997028, 13.11195461813636065, 2.632990618166809235E-16 ) ) ;
#1271 = CARTESIAN_POINT ( 'NONE',  ( 24.28213258294723076, 16.70932034956934586, 3.254192925325053221 ) ) ;
#1272 = CARTESIAN_POINT ( 'NONE',  ( 2.271261407071455185, -29.38918349165062693, 3.293140712977480344 ) ) ;
#1273 = DIRECTION ( 'NONE',  ( 0.8660254037844432595, -0.4999999999999919509, 0.000000000000000000 ) ) ;
#1274 = ORIENTED_EDGE ( 'NONE', *, *, #1935, .T. ) ;
#1275 = ORIENTED_EDGE ( 'NONE', *, *, #3669, .T. ) ;
#1276 = CARTESIAN_POINT ( 'NONE',  ( -26.65473717552028887, 12.57831631501304948, 3.176720891675073322 ) ) ;
#1277 = CARTESIAN_POINT ( 'NONE',  ( 27.70525019114988297, 11.50741519540987667, 2.376277495924654204 ) ) ;
#1278 = APPLICATION_CONTEXT ( 'automotive_design' ) ;
#1279 = CARTESIAN_POINT ( 'NONE',  ( -3.290030598839210452, -29.26691286523855595, 2.275953407947048923 ) ) ;
#1280 = DIRECTION ( 'NONE',  ( 0.5000000000000002220, 0.8660254037844384856, 0.000000000000000000 ) ) ;
#1281 = ORIENTED_EDGE ( 'NONE', *, *, #1602, .T. ) ;
#1282 = CARTESIAN_POINT ( 'NONE',  ( 23.29122307792136581, 17.99046584734296061, 0.7206166306678294387 ) ) ;
#1283 = CARTESIAN_POINT ( 'NONE',  ( -4.041687507677748314, -29.14937760400911415, -1.003546968077459578 ) ) ;
#1284 = CARTESIAN_POINT ( 'NONE',  ( -27.99131936880671745, 10.79287801264054636, -1.095724122368982201 ) ) ;
#1285 = DIRECTION ( 'NONE',  ( 1.000000000000000000, 0.000000000000000000, 0.000000000000000000 ) ) ;
#1286 = CARTESIAN_POINT ( 'NONE',  ( 13.43502884254438889, -13.43502884254439067, 3.500000000000000000 ) ) ;
#1287 = EDGE_CURVE ( 'NONE', #192, #1739, #3223, .T. ) ;
#1288 = CARTESIAN_POINT ( 'NONE',  ( -25.44439203647921843, 15.89353848117621482, 4.384275991030610165 ) ) ;
#1289 = EDGE_LOOP ( 'NONE', ( #3319, #3775, #2703, #640 ) ) ;
#1290 = DIRECTION ( 'NONE',  ( -0.8660254037844432595, 0.4999999999999919509, -0.000000000000000000 ) ) ;
#1291 = CARTESIAN_POINT ( 'NONE',  ( 25.21418336431043272, 15.30972099185060920, 3.947131212981544124 ) ) ;
#1292 = ADVANCED_FACE ( 'NONE', ( #3823 ), #2080, .T. ) ;
#1293 = CARTESIAN_POINT ( 'NONE',  ( 4.000000000000000000, -25.49999999999998934, 0.000000000000000000 ) ) ;
#1294 = CARTESIAN_POINT ( 'NONE',  ( -4.169736991399983772, -29.70886458422229381, 1.860000857903944427 ) ) ;
#1295 = ORIENTED_EDGE ( 'NONE', *, *, #407, .T. ) ;
#1296 = FACE_OUTER_BOUND ( 'NONE', #2614, .T. ) ;
#1297 = CARTESIAN_POINT ( 'NONE',  ( -26.97620006878198851, 11.82092180886589539, 2.334248264991163335 ) ) ;
#1298 = CARTESIAN_POINT ( 'NONE',  ( 27.87495364102706574, 11.08995503573842356, 1.447286253879537465 ) ) ;
#1299 = CARTESIAN_POINT ( 'NONE',  ( -2.170015446181903673, -29.39887806753898403, 3.360857888701362040 ) ) ;
#1300 = DIRECTION ( 'NONE',  ( 0.000000000000000000, 0.000000000000000000, -1.000000000000000000 ) ) ;
#1301 = ORIENTED_EDGE ( 'NONE', *, *, #4427, .F. ) ;
#1302 = CARTESIAN_POINT ( 'NONE',  ( 24.32019891110962817, 16.65582146000078012, 3.297498444735365464 ) ) ;
#1303 = LINE ( 'NONE', #2328, #233 ) ;
#1304 = CARTESIAN_POINT ( 'NONE',  ( -27.24876646508989353, 11.11326618077950812, -0.6459237916962995429 ) ) ;
#1305 = DIRECTION ( 'NONE',  ( 0.000000000000000000, 0.000000000000000000, 1.000000000000000000 ) ) ;
#1306 = CARTESIAN_POINT ( 'NONE',  ( 27.96484305153149919, 10.86128689903780931, -0.5000000000000000000 ) ) ;
#1307 = CARTESIAN_POINT ( 'NONE',  ( -24.47113410649870957, 17.35587860478798916, 3.575362169282632063 ) ) ;
#1308 = ORIENTED_EDGE ( 'NONE', *, *, #1350, .F. ) ;
#1309 = CARTESIAN_POINT ( 'NONE',  ( 23.29106820535994160, 18.90836490420967309, -1.355574769669158242 ) ) ;
#1310 = CARTESIAN_POINT ( 'NONE',  ( 25.67871469607829482, 14.52089756305304569, 3.993418921528834264 ) ) ;
#1311 = CARTESIAN_POINT ( 'NONE',  ( 25.11473670974871908, 1.499999999999998446, -2.999999999999999556 ) ) ;
#1312 = EDGE_CURVE ( 'NONE', #4090, #1955, #2789, .T. ) ;
#1313 = CARTESIAN_POINT ( 'NONE',  ( -3.888986053609662541, -29.74698082907298158, 2.376457640443391472 ) ) ;
#1314 = EDGE_LOOP ( 'NONE', ( #504, #3060, #621, #3584 ) ) ;
#1315 = ORIENTED_EDGE ( 'NONE', *, *, #1812, .T. ) ;
#1316 = CARTESIAN_POINT ( 'NONE',  ( -25.67594145942025818, 14.52527738209185060, 3.992163454275880596 ) ) ;
#1317 = CARTESIAN_POINT ( 'NONE',  ( 23.64416817562305440, 18.46501184147919616, 1.861412308239843272 ) ) ;
#1318 = EDGE_CURVE ( 'NONE', #1814, #1048, #1755, .T. ) ;
#1319 = CARTESIAN_POINT ( 'NONE',  ( -2.114127756057082586, -29.40403551571821339, 3.396291928711295594 ) ) ;
#1320 = VECTOR ( 'NONE', #2506, 1000.000000000000114 ) ;
#1321 = CARTESIAN_POINT ( 'NONE',  ( 0.000000000000000000, -25.49999999999998934, 0.000000000000000000 ) ) ;
#1322 = ORIENTED_EDGE ( 'NONE', *, *, #2375, .T. ) ;
#1323 = CARTESIAN_POINT ( 'NONE',  ( 23.96712122417045521, 17.13651047058564814, 2.799797190661572621 ) ) ;
#1324 = CARTESIAN_POINT ( 'NONE',  ( -4.987973652278491876, -29.58242922486548210, -1.863931145531660061 ) ) ;
#1325 = AXIS2_PLACEMENT_3D ( 'NONE', #950, #3372, #1968 ) ;
#1326 = CARTESIAN_POINT ( 'NONE',  ( -27.26995141717723214, 11.06246500603356786, -1.074281461351633382 ) ) ;
#1327 = FACE_BOUND ( 'NONE', #2668, .T. ) ;
#1328 = CONICAL_SURFACE ( 'NONE', #168, 30.00000000000000000, 0.7853981633974501664 ) ;
#1329 = LINE ( 'NONE', #703, #3957 ) ;
#1330 = CIRCLE ( 'NONE', #4476, 1.650000000000000355 ) ;
#1331 = CARTESIAN_POINT ( 'NONE',  ( 11.25833024919769088, 22.50000000000000000, -2.999999999999999556 ) ) ;
#1332 = ORIENTED_EDGE ( 'NONE', *, *, #2910, .F. ) ;
#1333 = CARTESIAN_POINT ( 'NONE',  ( 23.36616782130525749, 18.81547976663186006, -0.9196224872514349169 ) ) ;
#1334 = VECTOR ( 'NONE', #2872, 1000.000000000000000 ) ;
#1335 = CARTESIAN_POINT ( 'NONE',  ( 0.000000000000000000, 0.000000000000000000, -3.500000000000000000 ) ) ;
#1336 = AXIS2_PLACEMENT_3D ( 'NONE', #1644, #667, #2006 ) ;
#1337 = LINE ( 'NONE', #2066, #2284 ) ;
#1338 = ORIENTED_EDGE ( 'NONE', *, *, #3028, .T. ) ;
#1339 = CARTESIAN_POINT ( 'NONE',  ( -23.81833898669506766, 18.23974288603441707, 2.376277495924645766 ) ) ;
#1340 = CARTESIAN_POINT ( 'NONE',  ( 0.000000000000000000, -25.49999999999998934, 0.000000000000000000 ) ) ;
#1341 = CARTESIAN_POINT ( 'NONE',  ( 27.88378343408585991, 11.06773527233354137, 1.376893968700003912 ) ) ;
#1342 = CARTESIAN_POINT ( 'NONE',  ( -26.91934918905880991, 11.96004837594299630, 2.525432495300427238 ) ) ;
#1343 = EDGE_CURVE ( 'NONE', #1645, #2253, #1750, .T. ) ;
#1344 = CARTESIAN_POINT ( 'NONE',  ( 4.197664580616959462, -29.70488939790214999, 1.793736480808671541 ) ) ;
#1345 = ORIENTED_EDGE ( 'NONE', *, *, #3875, .F. ) ;
#1346 = CARTESIAN_POINT ( 'NONE',  ( -23.05960270894475883, 18.28765163415807038, -1.825544737003323092 ) ) ;
#1347 = ORIENTED_EDGE ( 'NONE', *, *, #10, .F. ) ;
#1348 = CARTESIAN_POINT ( 'NONE',  ( -25.82881048850183703, 15.26088562390409287, 4.492596256485758666 ) ) ;
#1349 = LINE ( 'NONE', #3092, #1756 ) ;
#1350 = EDGE_CURVE ( 'NONE', #799, #1091, #138, .T. ) ;
#1351 = EDGE_CURVE ( 'NONE', #1200, #1119, #1161, .T. ) ;
#1352 = CARTESIAN_POINT ( 'NONE',  ( -28.04098094734030155, 10.66321061682150351, -1.495832464968562370 ) ) ;
#1353 = DIRECTION ( 'NONE',  ( -0.5000000000000002220, 0.8660254037844384856, 0.000000000000000000 ) ) ;
#1354 = DIRECTION ( 'NONE',  ( 0.8660254037844363761, 0.5000000000000039968, -0.000000000000000000 ) ) ;
#1355 = ADVANCED_BREP_SHAPE_REPRESENTATION ( '¼Ð×¦µ××ù', ( #2921, #2657 ), #838 ) ;
#1356 = LINE ( 'NONE', #4469, #33 ) ;
#1357 = VERTEX_POINT ( 'NONE', #3634 ) ;
#1358 = CARTESIAN_POINT ( 'NONE',  ( 23.38856450993895209, 18.78762891547373570, -0.6216031612199629519 ) ) ;
#1359 = DIRECTION ( 'NONE',  ( 0.000000000000000000, 0.000000000000000000, 1.000000000000000000 ) ) ;
#1360 = DIRECTION ( 'NONE',  ( -0.8660254037844363761, -0.5000000000000039968, 0.000000000000000000 ) ) ;
#1361 = ORIENTED_EDGE ( 'NONE', *, *, #2512, .T. ) ;
#1362 = DIRECTION ( 'NONE',  ( 0.000000000000000000, 1.000000000000000000, 0.000000000000000000 ) ) ;
#1363 = CARTESIAN_POINT ( 'NONE',  ( 25.54774941164093960, 1.749999999999997335, -3.500000000000000000 ) ) ;
#1364 = CARTESIAN_POINT ( 'NONE',  ( 26.60924017599763403, 12.67939632486440793, 3.256312543344615840 ) ) ;
#1365 = CARTESIAN_POINT ( 'NONE',  ( 24.24425295380264700, 17.66966188413304195, 3.236001457446919360 ) ) ;
#1366 = CARTESIAN_POINT ( 'NONE',  ( -24.16215537659010693, 16.87414728125397545, 3.096313970512702962 ) ) ;
#1367 = B_SPLINE_CURVE_WITH_KNOTS ( 'NONE', 3,
 ( #2584, #3987, #604, #303, #2027, #214, #1282, #263, #1666, #648, #4462, #990, #2653, #1687, #2349, #284, #3413, #629, #1986, #4422, #4055, #3066, #2327, #1962, #1646, #2307, #2675, #3391, #4396, #3689, #3711, #582, #236, #900, #1598, #1233, #3363, #561, #4030, #3047, #2283, #4077, #3091, #2008, #1623, #3024, #1323, #1256, #924, #3756, #2995, #2627, #2372, #1942, #946, #3733, #3342, #2720, #4097, #3433, #4442, #1302, #4119, #2697, #967, #3776, #1451, #2474, #3194, #1093, #4225, #4156, #3814, #2456, #713, #2410, #3558, #389, #1435, #1052, #2437, #3540, #411, #690, #2070, #3494, #1415, #2758, #1113, #2808, #4207, #3473, #4502, #3883, #1026, #2844, #23, #3861, #1387, #2498, #1076, #756, #3841, #2826, #2139, #734, #2114, #2093, #1791, #62, #4245, #3518, #1774, #777, #341, #3907, #2158, #1723, #3128, #1364, #428, #3106, #364, #4524, #2779, #4183, #3176, #1746, #3151, #45, #1857, #1903, #153, #4291, #3946, #3306, #1517, #1202, #1540, #3211, #843, #3259, #499, #2942, #1809, #521, #2175, #2914, #82, #1473, #3577, #131, #3973, #2593, #2869, #865, #4270, #1154, #1135, #4341, #3997, #4311, #1176, #2519, #818, #3925, #2249, #2226, #477, #1880, #2201, #2568, #3627, #2539, #1832 ),
 .UNSPECIFIED., .F., .F.,
 ( 4, 2, 1, 1, 2, 2, 2, 1, 1, 2, 2, 2, 1, 2, 2, 2, 1, 1, 2, 2, 2, 1, 1, 1, 2, 2, 2, 2, 2, 2, 2, 1, 1, 2, 2, 2, 1, 1, 2, 2, 2, 1, 2, 2, 2, 1, 2, 2, 2, 1, 2, 2, 2, 2, 1, 2, 2, 2, 1, 1, 2, 2, 2, 1, 2, 2, 2, 1, 1, 2, 2, 2, 1, 1, 1, 2, 2, 2, 2, 2, 2, 2, 1, 1, 2, 2, 2, 1, 1, 2, 2, 2, 1, 2, 2, 2, 1, 2, 2, 2, 1, 2, 2, 4 ),
 ( 0.000000000000000000, 0.03124999999998023803, 0.04687499999997039868, 0.05468749999996548594, 0.05859374999996302263, 0.06249999999996055933, 0.09374999999994126920, 0.1093749999999316103, 0.1171874999999268918, 0.1210937499999244493, 0.1249999999999220068, 0.1406249999999106826, 0.1484374999999049094, 0.1523437499999019951, 0.1562499999998990807, 0.1718749999998877287, 0.1796874999998820943, 0.1835937499998794853, 0.1855468749998782918, 0.1874999999998770706, 0.2031249999998679667, 0.2109374999998634981, 0.2148437499998614164, 0.2167968749998605837, 0.2177734374998603339, 0.2187499999998601119, 0.2343749999998610556, 0.2421874999998611389, 0.2499999999998612221, 0.2656249999998617217, 0.2734374999998617772, 0.2773437499998616107, 0.2792968749998612221, 0.2802734374998607225, 0.2812499999998602229, 0.2968749999998583911, 0.3046874999998575029, 0.3085937499998575029, 0.3105468749998580580, 0.3124999999998586131, 0.3281249999998652189, 0.3359374999998683275, 0.3398437499998698264, 0.3437499999998713807, 0.3593749999998780975, 0.3671874999998817612, 0.3710937499998829825, 0.3749999999998842592, 0.4062499999998907541, 0.4218749999998938072, 0.4296874999998953615, 0.4374999999998968603, 0.4999999999999058531, 0.5312499999999104050, 0.5468749999999126254, 0.5546874999999137357, 0.5624999999999149569, 0.5937499999999211742, 0.6093749999999245048, 0.6171874999999259481, 0.6210937499999265032, 0.6249999999999270583, 0.6406249999999297229, 0.6484374999999311662, 0.6523437499999316103, 0.6562499999999320544, 0.6718749999999327205, 0.6796874999999328315, 0.6835937499999326095, 0.6855468749999328315, 0.6874999999999330536, 0.7031249999999384936, 0.7109374999999412692, 0.7148437499999426015, 0.7167968749999431566, 0.7177734374999434896, 0.7187499999999437117, 0.7343749999999453770, 0.7421874999999462652, 0.7499999999999472644, 0.7656249999999491518, 0.7734374999999500400, 0.7773437499999502620, 0.7792968749999502620, 0.7802734374999502620, 0.7812499999999501510, 0.7968749999999531486, 0.8046874999999545919, 0.8085937499999552580, 0.8105468749999555911, 0.8124999999999559241, 0.8281249999999603650, 0.8359374999999625855, 0.8398437499999635847, 0.8437499999999645839, 0.8593749999999678035, 0.8671874999999693578, 0.8710937499999702460, 0.8749999999999711342, 0.9062499999999785727, 0.9218749999999822364, 0.9296874999999840128, 0.9374999999999859002, 1.000000000000000000 ),
 .UNSPECIFIED. ) ;
#1368 = CARTESIAN_POINT ( 'NONE',  ( 2.918605747199142453, -29.31674536154201505, 2.736059703069996019 ) ) ;
#1369 = ORIENTED_EDGE ( 'NONE', *, *, #814, .F. ) ;
#1370 = ORIENTED_EDGE ( 'NONE', *, *, #485, .F. ) ;
#1371 = CARTESIAN_POINT ( 'NONE',  ( -27.48891043168829640, 12.01508910489614124, 3.078067145238344793 ) ) ;
#1372 = DIRECTION ( 'NONE',  ( 0.000000000000000000, 0.000000000000000000, 1.000000000000000000 ) ) ;
#1373 = CARTESIAN_POINT ( 'NONE',  ( -11.25833024919769976, -22.49999999999998934, -2.999999999999999556 ) ) ;
#1374 = EDGE_CURVE ( 'NONE', #1727, #2575, #1186, .T. ) ;
#1375 = CARTESIAN_POINT ( 'NONE',  ( -22.51666049839540662, 6.938893903907228378E-15, 3.500000000000000000 ) ) ;
#1376 = CARTESIAN_POINT ( 'NONE',  ( -23.17491223091426988, 18.78169086590093784, -1.670126865615805478 ) ) ;
#1377 = CARTESIAN_POINT ( 'NONE',  ( 0.000000000000000000, 0.000000000000000000, 6.000000000000023093 ) ) ;
#1378 = EDGE_CURVE ( 'NONE', #1226, #2912, #3077, .T. ) ;
#1379 = CARTESIAN_POINT ( 'NONE',  ( 23.38857189812343051, 18.78762104595233140, 4.336808689942017736E-16 ) ) ;
#1380 = ORIENTED_EDGE ( 'NONE', *, *, #1805, .F. ) ;
#1381 = CARTESIAN_POINT ( 'NONE',  ( 22.94924512288052654, 18.42951893528604046, -2.136717353788562423 ) ) ;
#1382 = CARTESIAN_POINT ( 'NONE',  ( 20.44105943376596102, 19.20434843756054377, -3.454287208065849768 ) ) ;
#1383 = CARTESIAN_POINT ( 'NONE',  ( 4.000000000000000000, -29.15475952416974792, 2.449293598294706414E-16 ) ) ;
#1384 = ORIENTED_EDGE ( 'NONE', *, *, #3976, .T. ) ;
#1385 = DIRECTION ( 'NONE',  ( -0.000000000000000000, -0.000000000000000000, -1.000000000000000000 ) ) ;
#1386 = CARTESIAN_POINT ( 'NONE',  ( -27.24418344310062778, 11.12574918473284491, 0.3300126283245651826 ) ) ;
#1387 = CARTESIAN_POINT ( 'NONE',  ( 26.17205763774545346, 13.59500160235884536, 3.779609226812669309 ) ) ;
#1388 = CARTESIAN_POINT ( 'NONE',  ( 23.70673558341200149, 18.38453103710983783, 2.061300348373538149 ) ) ;
#1389 = CARTESIAN_POINT ( 'NONE',  ( -23.82543948293160696, 17.32235742109789101, 2.541422779749352490 ) ) ;
#1390 = CARTESIAN_POINT ( 'NONE',  ( 1.589403946990170402, -29.44583903896114307, 3.671252436506937666 ) ) ;
#1391 = CARTESIAN_POINT ( 'NONE',  ( 0.000000000000000000, 0.000000000000000000, 0.000000000000000000 ) ) ;
#1392 = VERTEX_POINT ( 'NONE', #1480 ) ;
#1393 = CARTESIAN_POINT ( 'NONE',  ( -26.68426571754891796, 13.70966537606797075, 4.262412232907205833 ) ) ;
#1394 = VECTOR ( 'NONE', #548, 1000.000000000000000 ) ;
#1395 = DIRECTION ( 'NONE',  ( -1.000000000000000000, 0.000000000000000000, 0.000000000000000000 ) ) ;
#1396 = VECTOR ( 'NONE', #3220, 999.9999999999998863 ) ;
#1397 = CARTESIAN_POINT ( 'NONE',  ( -3.631040262286342912, -29.77945754871800688, 2.739112724250283737 ) ) ;
#1398 = LINE ( 'NONE', #2466, #3965 ) ;
#1399 = CIRCLE ( 'NONE', #2274, 1.650000000000000355 ) ;
#1400 = CARTESIAN_POINT ( 'NONE',  ( 0.000000000000000000, -25.49999999999998934, 0.000000000000000000 ) ) ;
#1401 = EDGE_CURVE ( 'NONE', #1088, #4301, #1975, .T. ) ;
#1402 = FACE_OUTER_BOUND ( 'NONE', #1289, .T. ) ;
#1403 = CONICAL_SURFACE ( 'NONE', #22, 3.499999999999999556, 0.7853981633974487231 ) ;
#1404 = PLANE ( 'NONE',  #3829 ) ;
#1405 = EDGE_LOOP ( 'NONE', ( #2441, #2449, #2597, #3847 ) ) ;
#1406 = CARTESIAN_POINT ( 'NONE',  ( -4.000000000000000000, -29.15475952416974437, 0.000000000000000000 ) ) ;
#1407 = CARTESIAN_POINT ( 'NONE',  ( 20.19650505987791078, 19.39581943871245429, -3.500000000000000000 ) ) ;
#1408 = EDGE_CURVE ( 'NONE', #1570, #847, #2268, .T. ) ;
#1409 = ADVANCED_FACE ( 'NONE', ( #4349 ), #4298, .F. ) ;
#1410 = FACE_OUTER_BOUND ( 'NONE', #4171, .T. ) ;
#1411 = EDGE_LOOP ( 'NONE', ( #186, #1295, #4252, #3952 ) ) ;
#1412 = AXIS2_PLACEMENT_3D ( 'NONE', #4008, #1820, #2927 ) ;
#1413 = CARTESIAN_POINT ( 'NONE',  ( -24.47388133945679911, 17.35029575370890953, 3.568582340421727839 ) ) ;
#1414 = FACE_OUTER_BOUND ( 'NONE', #1861, .T. ) ;
#1415 = CARTESIAN_POINT ( 'NONE',  ( 25.28435182126304426, 15.19757460948403072, 3.975063103305750190 ) ) ;
#1416 = CARTESIAN_POINT ( 'NONE',  ( 26.75112022617914675, 13.57875216705777355, 4.210724304511941796 ) ) ;
#1417 = CARTESIAN_POINT ( 'NONE',  ( -24.34687454125340267, 16.61843413827388360, 3.328377130246545246 ) ) ;
#1418 = VECTOR ( 'NONE', #2573, 1000.000000000000000 ) ;
#1419 = CARTESIAN_POINT ( 'NONE',  ( 2.708040712644331993, -29.34227866504360804, 2.944077194418248222 ) ) ;
#1420 = PRESENTATION_STYLE_ASSIGNMENT (( #1728 ) ) ;
#1421 = VERTEX_POINT ( 'NONE', #2600 ) ;
#1422 = CARTESIAN_POINT ( 'NONE',  ( -27.21087866744226247, 12.63263766734737104, 3.660967016353499748 ) ) ;
#1423 = CARTESIAN_POINT ( 'NONE',  ( 11.78502884254438854, -13.43502884254439067, 3.500000000000000000 ) ) ;
#1424 = CARTESIAN_POINT ( 'NONE',  ( -27.36737224521349532, 10.82637593004301380, -1.825544737003437890 ) ) ;
#1425 = DIRECTION ( 'NONE',  ( 0.000000000000000000, 0.000000000000000000, 1.000000000000000000 ) ) ;
#1426 = CYLINDRICAL_SURFACE ( 'NONE', #4323, 1.650000000000000355 ) ;
#1427 = CARTESIAN_POINT ( 'NONE',  ( -5.218222405287729515, -28.09387753706571900, -2.926653661034178455 ) ) ;
#1428 = ORIENTED_EDGE ( 'NONE', *, *, #2484, .T. ) ;
#1429 = DIRECTION ( 'NONE',  ( 1.000000000000000000, 0.000000000000000000, 0.000000000000000000 ) ) ;
#1430 = PLANE ( 'NONE',  #4193 ) ;
#1431 = VERTEX_POINT ( 'NONE', #3587 ) ;
#1432 = CARTESIAN_POINT ( 'NONE',  ( 0.000000000000000000, -25.49999999999998934, 0.000000000000000000 ) ) ;
#1433 = EDGE_CURVE ( 'NONE', #1739, #192, #2785, .T. ) ;
#1434 = CARTESIAN_POINT ( 'NONE',  ( -27.23672973828037058, 11.14600247697629420, 0.5272654804184088162 ) ) ;
#1435 = CARTESIAN_POINT ( 'NONE',  ( 24.73112828222854276, 16.06200276270205407, 3.689809086923622861 ) ) ;
#1436 = CARTESIAN_POINT ( 'NONE',  ( 24.06029774471318206, 17.91938452617657518, 2.913427373363973505 ) ) ;
#1437 = CARTESIAN_POINT ( 'NONE',  ( -24.23887632033494555, 16.76883903043646740, 3.198063240144788377 ) ) ;
#1438 = CARTESIAN_POINT ( 'NONE',  ( 1.943382458785816613, -29.41894501579713150, 3.496793366106708767 ) ) ;
#1439 = ORIENTED_EDGE ( 'NONE', *, *, #1787, .F. ) ;
#1440 = ORIENTED_EDGE ( 'NONE', *, *, #2854, .T. ) ;
#1441 = CARTESIAN_POINT ( 'NONE',  ( -25.67618001467016242, 15.51577486204733347, 4.461896723744116500 ) ) ;
#1442 = DIRECTION ( 'NONE',  ( -0.000000000000000000, -0.000000000000000000, -1.000000000000000000 ) ) ;
#1443 = CARTESIAN_POINT ( 'NONE',  ( -3.720898711095725897, -29.76838823975598558, 2.620688751188771537 ) ) ;
#1444 = CARTESIAN_POINT ( 'NONE',  ( -14.28941916244323629, 21.25000000000000000, -3.500000000000000000 ) ) ;
#1445 = CARTESIAN_POINT ( 'NONE',  ( -27.22581198868206087, 11.17555794700834149, 0.7206166306029774260 ) ) ;
#1446 = CARTESIAN_POINT ( 'NONE',  ( -28.04192216429312623, 10.66070360397126393, -1.500000000000001776 ) ) ;
#1447 = CARTESIAN_POINT ( 'NONE',  ( 26.82902836063230723, 8.692601157955026636, -3.299390997978705720 ) ) ;
#1448 = DIRECTION ( 'NONE',  ( 1.000000000000000000, 0.000000000000000000, 0.000000000000000000 ) ) ;
#1449 = EDGE_LOOP ( 'NONE', ( #3647, #1590 ) ) ;
#1450 = DIRECTION ( 'NONE',  ( 0.8660254037844432595, -0.4999999999999919509, 0.000000000000000000 ) ) ;
#1451 = CARTESIAN_POINT ( 'NONE',  ( 24.41172921217096459, 16.52701368672832771, 3.400739087818969164 ) ) ;
#1452 = CARTESIAN_POINT ( 'NONE',  ( 26.83104555523940959, 12.17181314281878990, 2.782432325276107843 ) ) ;
#1453 = CARTESIAN_POINT ( 'NONE',  ( -23.48621305074198418, 17.75236062797350556, 1.678604017891126343 ) ) ;
#1454 = EDGE_CURVE ( 'NONE', #1477, #4128, #2905, .T. ) ;
#1455 = CARTESIAN_POINT ( 'NONE',  ( 4.370855626775918878, -29.10544106266003439, -1.951254370641748448 ) ) ;
#1456 = VERTEX_POINT ( 'NONE', #2345 ) ;
#1457 = ORIENTED_EDGE ( 'NONE', *, *, #578, .F. ) ;
#1458 = CARTESIAN_POINT ( 'NONE',  ( -27.79410042990004470, 11.29106941212827842, 1.961747954136172201 ) ) ;
#1459 = DIRECTION ( 'NONE',  ( -1.000000000000000000, 0.000000000000000000, 0.000000000000000000 ) ) ;
#1460 = ADVANCED_FACE ( 'NONE', ( #1680 ), #3022, .T. ) ;
#1461 = CARTESIAN_POINT ( 'NONE',  ( -3.847016646089423286, -29.75234803214978996, 2.438250895392468198 ) ) ;
#1462 = AXIS2_PLACEMENT_3D ( 'NONE', #732, #43, #3789 ) ;
#1463 = DIRECTION ( 'NONE',  ( 0.8660254037844362651, 0.5000000000000039968, -0.000000000000000000 ) ) ;
#1464 = DIRECTION ( 'NONE',  ( 0.8660254037844432595, -0.4999999999999919509, 0.000000000000000000 ) ) ;
#1465 = CIRCLE ( 'NONE', #3074, 3.000000000000000000 ) ;
#1466 = DIRECTION ( 'NONE',  ( 0.000000000000000000, 0.000000000000000000, 1.000000000000000000 ) ) ;
#1467 = VECTOR ( 'NONE', #418, 999.9999999999998863 ) ;
#1468 = DIRECTION ( 'NONE',  ( 0.8660254037844432595, -0.4999999999999919509, 0.000000000000000000 ) ) ;
#1469 = CIRCLE ( 'NONE', #4403, 3.000000000000000888 ) ;
#1470 = DIRECTION ( 'NONE',  ( 0.8660254037844432595, -0.4999999999999919509, 0.000000000000000000 ) ) ;
#1471 = EDGE_LOOP ( 'NONE', ( #3556, #4507 ) ) ;
#1472 = CARTESIAN_POINT ( 'NONE',  ( -23.38857189812370407, 18.78762104595199034, 0.000000000000000000 ) ) ;
#1473 = CARTESIAN_POINT ( 'NONE',  ( 27.00145960145152557, 11.75783353164808887, 2.233820417033959504 ) ) ;
#1474 = CARTESIAN_POINT ( 'NONE',  ( 26.95441816897392329, 11.87436401980425416, 2.408590809964439305 ) ) ;
#1475 = CARTESIAN_POINT ( 'NONE',  ( 3.295074494417038480, -29.26616922967343726, 2.267789815144455545 ) ) ;
#1476 = DIRECTION ( 'NONE',  ( -0.000000000000000000, -0.000000000000000000, -1.000000000000000000 ) ) ;
#1477 = VERTEX_POINT ( 'NONE', #2035 ) ;
#1478 = ORIENTED_EDGE ( 'NONE', *, *, #145, .F. ) ;
#1479 = CARTESIAN_POINT ( 'NONE',  ( -23.25302393211534380, 18.03637984774240266, 0.2635086351760057566 ) ) ;
#1480 = CARTESIAN_POINT ( 'NONE',  ( 11.25833024919771042, -22.99999999999998934, -3.500000000000000000 ) ) ;
#1481 = ADVANCED_FACE ( 'NONE', ( #682 ), #3667, .T. ) ;
#1482 = AXIS2_PLACEMENT_3D ( 'NONE', #2754, #4152, #360 ) ;
#1483 = CARTESIAN_POINT ( 'NONE',  ( 2.665254166318792972, -29.88163102170479846, 3.660966977098752739 ) ) ;
#1484 = COLOUR_RGB ( '',0.8980392156862745390, 0.9176470588235293713, 0.9294117647058823817 ) ;
#1485 = CARTESIAN_POINT ( 'NONE',  ( 25.98076211353316012, -3.417715533453850635E-15, 3.500000000000000000 ) ) ;
#1486 = DIRECTION ( 'NONE',  ( -1.000000000000000000, 0.000000000000000000, 0.000000000000000000 ) ) ;
#1487 = EDGE_CURVE ( 'NONE', #574, #1615, #1063, .T. ) ;
#1488 = CARTESIAN_POINT ( 'NONE',  ( -27.01056986581773600, 11.73506075117691516, 2.197333501828944158 ) ) ;
#1489 = CARTESIAN_POINT ( 'NONE',  ( -0.8121438958782412065, -29.48587077916226917, 3.916825162453399400 ) ) ;
#1490 = CARTESIAN_POINT ( 'NONE',  ( 27.30505037306011928, 10.97786366604071695, -1.423404309901412201 ) ) ;
#1491 = CARTESIAN_POINT ( 'NONE',  ( 25.58364779650315057, 6.687822173509041512, -0.5000000000000000000 ) ) ;
#1492 = CARTESIAN_POINT ( 'NONE',  ( 0.000000000000000000, 0.000000000000000000, -1.500000000000001776 ) ) ;
#1493 = ORIENTED_EDGE ( 'NONE', *, *, #4067, .F. ) ;
#1494 = DIRECTION ( 'NONE',  ( -1.000000000000000000, 0.000000000000000000, 0.000000000000000000 ) ) ;
#1495 = DIRECTION ( 'NONE',  ( 1.000000000000000000, 0.000000000000000000, 0.000000000000000000 ) ) ;
#1496 = CARTESIAN_POINT ( 'NONE',  ( 27.05602612700445775, 11.62044872569193821, 2.000527359077944656 ) ) ;
#1497 = CARTESIAN_POINT ( 'NONE',  ( -22.51666049839540662, 6.938893903907228378E-15, 3.500000000000000000 ) ) ;
#1498 = CARTESIAN_POINT ( 'NONE',  ( 3.965643573436353542, -29.16070113840376621, 0.5272654804013527929 ) ) ;
#1499 = ORIENTED_EDGE ( 'NONE', *, *, #2910, .T. ) ;
#1500 = VERTEX_POINT ( 'NONE', #1044 ) ;
#1501 = CARTESIAN_POINT ( 'NONE',  ( -23.38602486158250215, 17.87549459846971445, 1.286476678772799032 ) ) ;
#1502 = CARTESIAN_POINT ( 'NONE',  ( 27.78922175474290057, 11.30328230327179106, 1.993005683893396274 ) ) ;
#1503 = CARTESIAN_POINT ( 'NONE',  ( 3.630475215571520309, -29.77966990317665363, 2.743507036737203642 ) ) ;
#1504 = LINE ( 'NONE', #2900, #2142 ) ;
#1505 = ORIENTED_EDGE ( 'NONE', *, *, #1408, .F. ) ;
#1506 = SURFACE_STYLE_FILL_AREA ( #1891 ) ;
#1507 = CARTESIAN_POINT ( 'NONE',  ( -20.56057158514997241, 9.388045381863278749, 0.000000000000000000 ) ) ;
#1508 = CARTESIAN_POINT ( 'NONE',  ( -27.09848536177818445, 11.51167229405849213, 1.785134967129683670 ) ) ;
#1509 = EDGE_CURVE ( 'NONE', #3888, #1242, #1718, .T. ) ;
#1510 = CARTESIAN_POINT ( 'NONE',  ( -2.547198705106432648, -29.36048951136107021, 3.084118502976981535 ) ) ;
#1511 = CARTESIAN_POINT ( 'NONE',  ( 0.000000000000000000, 0.000000000000000000, -1.500000000000001776 ) ) ;
#1512 = CARTESIAN_POINT ( 'NONE',  ( -11.25833024919769976, -19.49999999999998934, -3.500000000000000000 ) ) ;
#1513 = EDGE_CURVE ( 'NONE', #4203, #2523, #3101, .T. ) ;
#1514 = CARTESIAN_POINT ( 'NONE',  ( 5.886338198660593157, -27.58128920341576418, -3.299032147260119618 ) ) ;
#1515 = ORIENTED_EDGE ( 'NONE', *, *, #3078, .F. ) ;
#1516 = DIRECTION ( 'NONE',  ( -1.000000000000000000, 0.000000000000000000, 0.000000000000000000 ) ) ;
#1517 = CARTESIAN_POINT ( 'NONE',  ( 26.89090554984289483, 12.02890117531982384, 2.613660407778201300 ) ) ;
#1518 = CARTESIAN_POINT ( 'NONE',  ( 26.89939429926399939, 12.00848758032428520, 2.588737404255541552 ) ) ;
#1519 = CARTESIAN_POINT ( 'NONE',  ( 3.682253171251638868, -29.20769526622216361, 1.562454933614480401 ) ) ;
#1520 = CARTESIAN_POINT ( 'NONE',  ( -3.499999999999942268, -6.062177826491100596, -3.500000000000000000 ) ) ;
#1521 = VERTEX_POINT ( 'NONE', #336 ) ;
#1522 = ORIENTED_EDGE ( 'NONE', *, *, #1401, .T. ) ;
#1523 = CARTESIAN_POINT ( 'NONE',  ( -24.18792694838874624, 16.83899630058843400, 3.131923029688149729 ) ) ;
#1524 = CARTESIAN_POINT ( 'NONE',  ( 27.95403099170881589, 10.88924408581523373, 0.5896957533991743494 ) ) ;
#1525 = CARTESIAN_POINT ( 'NONE',  ( -1.261338571812125053, -29.97355783816574970, 4.326319425258636997 ) ) ;
#1526 = FACE_OUTER_BOUND ( 'NONE', #3099, .T. ) ;
#1527 = ORIENTED_EDGE ( 'NONE', *, *, #1318, .T. ) ;
#1528 = DIRECTION ( 'NONE',  ( -0.8660254037844363761, -0.5000000000000039968, -0.000000000000000000 ) ) ;
#1529 = DIRECTION ( 'NONE',  ( 0.8660254037844432595, -0.4999999999999919509, -0.000000000000000000 ) ) ;
#1530 = CARTESIAN_POINT ( 'NONE',  ( -26.44774062039100215, 13.02948598515872369, 3.498088864562529654 ) ) ;
#1531 = CARTESIAN_POINT ( 'NONE',  ( -1.589467378181163015, -29.44575975415028779, 3.670673447714252191 ) ) ;
#1532 = CARTESIAN_POINT ( 'NONE',  ( 27.31400483141959157, 10.95619722982985778, -1.492383161694142091 ) ) ;
#1533 = AXIS2_PLACEMENT_3D ( 'NONE', #3304, #1950, #201 ) ;
#1534 = CARTESIAN_POINT ( 'NONE',  ( 11.25833024919769088, 19.50000000000000000, -3.500000000000000000 ) ) ;
#1535 = EDGE_CURVE ( 'NONE', #2591, #4366, #2714, .T. ) ;
#1536 = AXIS2_PLACEMENT_3D ( 'NONE', #807, #2189, #3271 ) ;
#1537 = CARTESIAN_POINT ( 'NONE',  ( 4.557713863932199239, -28.88680235757999171, -2.256217405971972401 ) ) ;
#1538 = VERTEX_POINT ( 'NONE', #3807 ) ;
#1539 = CARTESIAN_POINT ( 'NONE',  ( 11.25833024919769088, 23.00000000000000355, -3.500000000000000000 ) ) ;
#1540 = CARTESIAN_POINT ( 'NONE',  ( 26.90574531872193376, 11.99304840082610468, 2.568323361989643505 ) ) ;
#1541 = CARTESIAN_POINT ( 'NONE',  ( 23.40753090504730238, 18.76399622884980900, 0.5192635605189882542 ) ) ;
#1542 = EDGE_CURVE ( 'NONE', #1098, #1477, #4151, .T. ) ;
#1543 = CARTESIAN_POINT ( 'NONE',  ( 3.974545243754751933, -29.15922608778609160, 0.5238160970423448859 ) ) ;
#1544 = AXIS2_PLACEMENT_3D ( 'NONE', #77, #1468, #2170 ) ;
#1545 = LINE ( 'NONE', #3652, #100 ) ;
#1546 = VERTEX_POINT ( 'NONE', #1021 ) ;
#1547 = AXIS2_PLACEMENT_3D ( 'NONE', #252, #4107, #1999 ) ;
#1548 = ORIENTED_EDGE ( 'NONE', *, *, #3895, .T. ) ;
#1549 = CARTESIAN_POINT ( 'NONE',  ( -24.37516750431024803, 16.57872752417146600, 3.360857888691014317 ) ) ;
#1550 = CARTESIAN_POINT ( 'NONE',  ( 26.48640409894806425, 14.08872064688251946, 4.384275991034844999 ) ) ;
#1551 = AXIS2_PLACEMENT_3D ( 'NONE', #2103, #1122, #3872 ) ;
#1552 = CARTESIAN_POINT ( 'NONE',  ( 0.5214335499939088958, -29.99549156982063991, 4.470847231862632221 ) ) ;
#1553 = CARTESIAN_POINT ( 'NONE',  ( -23.16678550301484307, 19.06045482702805316, -1.762523004444910057 ) ) ;
#1554 = ORIENTED_EDGE ( 'NONE', *, *, #4088, .T. ) ;
#1555 = SURFACE_SIDE_STYLE ('',( #1506 ) ) ;
#1556 = VECTOR ( 'NONE', #3465, 1000.000000000000114 ) ;
#1557 = CARTESIAN_POINT ( 'NONE',  ( 12.99038105676658539, -22.49999999999998934, 3.500000000000000000 ) ) ;
#1558 = CARTESIAN_POINT ( 'NONE',  ( -26.33353458363994193, 13.26837771526599319, 3.632086919456840146 ) ) ;
#1559 = STYLED_ITEM ( 'NONE', ( #1420 ), #1355 ) ;
#1560 = CARTESIAN_POINT ( 'NONE',  ( -2.766621451004036558, -29.33542765114203021, 2.890171459787912678 ) ) ;
#1561 = CARTESIAN_POINT ( 'NONE',  ( 28.03243891703206359, 10.68563764219190482, -1.440371863788877160 ) ) ;
#1562 = DIRECTION ( 'NONE',  ( -0.000000000000000000, -0.000000000000000000, -1.000000000000000000 ) ) ;
#1563 = FACE_OUTER_BOUND ( 'NONE', #4360, .T. ) ;
#1564 = ORIENTED_EDGE ( 'NONE', *, *, #1433, .F. ) ;
#1565 = CARTESIAN_POINT ( 'NONE',  ( -4.000000000000000000, -29.15475723167952893, -0.6380904303936220101 ) ) ;
#1566 = CARTESIAN_POINT ( 'NONE',  ( 24.10089617435609810, 16.95745658336468509, 3.010038236049926930 ) ) ;
#1567 = CARTESIAN_POINT ( 'NONE',  ( 3.066131163142780558, -29.29764353946172761, 2.568868070048018204 ) ) ;
#1568 = ADVANCED_FACE ( 'NONE', ( #3123, #708 ), #3834, .F. ) ;
#1569 = CARTESIAN_POINT ( 'NONE',  ( -2.795064691189462103, -29.87056310103513823, 3.575362131018555711 ) ) ;
#1570 = VERTEX_POINT ( 'NONE', #3878 ) ;
#1571 = ORIENTED_EDGE ( 'NONE', *, *, #2906, .F. ) ;
#1572 = CARTESIAN_POINT ( 'NONE',  ( -25.70802437969550525, 14.46806846233542565, 3.987378013231308138 ) ) ;
#1573 = CARTESIAN_POINT ( 'NONE',  ( 23.29536554109502688, 18.29019458990334357, -0.5000000000000000000 ) ) ;
#1574 = EDGE_CURVE ( 'NONE', #1814, #3726, #243, .T. ) ;
#1575 = CARTESIAN_POINT ( 'NONE',  ( -1.475579946652157304, -29.96377158189198653, 4.260283762675116215 ) ) ;
#1576 = DIRECTION ( 'NONE',  ( -0.000000000000000000, -0.000000000000000000, -1.000000000000000000 ) ) ;
#1577 = VERTEX_POINT ( 'NONE', #2451 ) ;
#1578 = LINE ( 'NONE', #510, #467 ) ;
#1579 = PLANE ( 'NONE',  #3006 ) ;
#1580 = CARTESIAN_POINT ( 'NONE',  ( -26.70201189032381350, 12.47093351091645452, 3.081099089206899677 ) ) ;
#1581 = CARTESIAN_POINT ( 'NONE',  ( -2.964098394437137962, -29.31094858169992179, 2.686111704928967114 ) ) ;
#1582 = CARTESIAN_POINT ( 'NONE',  ( 4.677965255037358716, -29.46090817191651823, -1.670126856391520143 ) ) ;
#1583 = CARTESIAN_POINT ( 'NONE',  ( 4.690218550485656834, -29.63109732447183120, -1.240676785624014622 ) ) ;
#1584 = CARTESIAN_POINT ( 'NONE',  ( -25.67634506836582275, 15.51603674527904886, 4.463684846555753261 ) ) ;
#1585 = ORIENTED_EDGE ( 'NONE', *, *, #2435, .F. ) ;
#1586 = DIRECTION ( 'NONE',  ( -0.5000000000000002220, -0.8660254037844384856, 0.000000000000000000 ) ) ;
#1587 = CARTESIAN_POINT ( 'NONE',  ( 25.38372702192274843, 15.02976796275815552, 3.987378013231302809 ) ) ;
#1588 = DIRECTION ( 'NONE',  ( 0.000000000000000000, 0.000000000000000000, -1.000000000000000000 ) ) ;
#1589 = CARTESIAN_POINT ( 'NONE',  ( -3.446468708580650908, -29.80212632479550194, 2.974935505361399724 ) ) ;
#1590 = ORIENTED_EDGE ( 'NONE', *, *, #2014, .F. ) ;
#1591 = ORIENTED_EDGE ( 'NONE', *, *, #2748, .F. ) ;
#1592 = CARTESIAN_POINT ( 'NONE',  ( -24.77082791204534473, 16.00262891905205009, 3.719370443360710876 ) ) ;
#1593 = CARTESIAN_POINT ( 'NONE',  ( 24.75550627886524779, 16.95511510737650340, 3.931926075286459099 ) ) ;
#1594 = EDGE_CURVE ( 'NONE', #848, #3610, #3835, .T. ) ;
#1595 = CARTESIAN_POINT ( 'NONE',  ( -3.787619996706280023, -29.19063895277881215, 1.286476678740466228 ) ) ;
#1596 = CARTESIAN_POINT ( 'NONE',  ( 4.000000000000000000, -38.49999999999999289, 2.449293598294706414E-16 ) ) ;
#1597 = ORIENTED_EDGE ( 'NONE', *, *, #65, .T. ) ;
#1598 = CARTESIAN_POINT ( 'NONE',  ( 23.75812397121188724, 17.40936070209421516, 2.403035489678468917 ) ) ;
#1599 = CARTESIAN_POINT ( 'NONE',  ( 14.28941916244323984, -21.24999999999998934, -3.500000000000000000 ) ) ;
#1600 = CARTESIAN_POINT ( 'NONE',  ( -25.26484041729931818, 15.22711414553951492, 3.962316149800548359 ) ) ;
#1601 = ADVANCED_FACE ( 'NONE', ( #3422 ), #3443, .T. ) ;
#1602 = EDGE_CURVE ( 'NONE', #4203, #4309, #3593, .T. ) ;
#1603 = CARTESIAN_POINT ( 'NONE',  ( -3.329812119955023242, -29.26118961703785359, 2.216394517689812993 ) ) ;
#1604 = CARTESIAN_POINT ( 'NONE',  ( -22.08364779650329268, 12.74999999999978861, 0.000000000000000000 ) ) ;
#1605 = CARTESIAN_POINT ( 'NONE',  ( 4.664031568080548418, -29.63523444663838902, -1.153961885732836201 ) ) ;
#1606 = CARTESIAN_POINT ( 'NONE',  ( -25.13511857953573880, 16.37818395031888841, 4.212518777925141400 ) ) ;
#1607 = ORIENTED_EDGE ( 'NONE', *, *, #3875, .T. ) ;
#1608 = AXIS2_PLACEMENT_3D ( 'NONE', #410, #2538, #1175 ) ;
#1609 = LINE ( 'NONE', #2684, #1394 ) ;
#1610 = CARTESIAN_POINT ( 'NONE',  ( 23.99964349347579073, 17.09328111057174127, 2.853431272279999931 ) ) ;
#1611 = CARTESIAN_POINT ( 'NONE',  ( 1.677730432245680081, -29.43968949141781977, 3.632194454099819225 ) ) ;
#1612 = AXIS2_PLACEMENT_3D ( 'NONE', #4254, #2101, #4234 ) ;
#1613 = CARTESIAN_POINT ( 'NONE',  ( 3.885307008402386852, -29.74746080536459303, 2.382226976499508542 ) ) ;
#1614 = ORIENTED_EDGE ( 'NONE', *, *, #187, .T. ) ;
#1615 = VERTEX_POINT ( 'NONE', #2109 ) ;
#1616 = CARTESIAN_POINT ( 'NONE',  ( -26.32198063606870875, 13.29229549902204788, 3.644643801658378646 ) ) ;
#1617 = AXIS2_PLACEMENT_3D ( 'NONE', #1647, #3048, #1667 ) ;
#1618 = CARTESIAN_POINT ( 'NONE',  ( 23.92101297878450694, 18.10503170351342561, 2.626493084856557303 ) ) ;
#1619 = CARTESIAN_POINT ( 'NONE',  ( -3.818241127962555215, -29.18558924682978528, 1.192530290406056181 ) ) ;
#1620 = CARTESIAN_POINT ( 'NONE',  ( 11.25833024919769088, 19.50000000000000000, -2.999999999999999556 ) ) ;
#1621 = ORIENTED_EDGE ( 'NONE', *, *, #3338, .F. ) ;
#1622 = EDGE_CURVE ( 'NONE', #3334, #918, #1469, .T. ) ;
#1623 = CARTESIAN_POINT ( 'NONE',  ( 23.91671358781044887, 17.20309386052482381, 2.712587053444756702 ) ) ;
#1624 = PLANE ( 'NONE',  #2557 ) ;
#1625 = VECTOR ( 'NONE', #1588, 1000.000000000000000 ) ;
#1626 = CARTESIAN_POINT ( 'NONE',  ( -25.08022136321523021, 15.52527149497482561, 3.898253761117517868 ) ) ;
#1627 = DIRECTION ( 'NONE',  ( 0.000000000000000000, 0.000000000000000000, -1.000000000000000000 ) ) ;
#1628 = VECTOR ( 'NONE', #2188, 1000.000000000000000 ) ;
#1629 = EDGE_CURVE ( 'NONE', #3995, #731, #2245, .T. ) ;
#1630 = DIRECTION ( 'NONE',  ( -0.000000000000000000, -0.000000000000000000, 1.000000000000000000 ) ) ;
#1631 = DIRECTION ( 'NONE',  ( 1.000000000000000000, 0.000000000000000000, 0.000000000000000000 ) ) ;
#1632 = VECTOR ( 'NONE', #4127, 999.9999999999998863 ) ;
#1633 = CARTESIAN_POINT ( 'NONE',  ( -27.90770315935487744, 11.00736294536088700, 1.170792155843599192 ) ) ;
#1634 = VERTEX_POINT ( 'NONE', #57 ) ;
#1635 = CARTESIAN_POINT ( 'NONE',  ( 3.499999999999940492, 6.062177826491097932, -3.500000000000000000 ) ) ;
#1636 = CARTESIAN_POINT ( 'NONE',  ( 23.51503930244049556, 17.71661242529263092, 1.773458886459368999 ) ) ;
#1637 = CARTESIAN_POINT ( 'NONE',  ( -2.630143180343009340E-15, -29.50000003722400166, 3.999999997846332978 ) ) ;
#1638 = CARTESIAN_POINT ( 'NONE',  ( 4.546242237091160376, -29.65358781255456933, 0.5939461037475582961 ) ) ;
#1639 = ORIENTED_EDGE ( 'NONE', *, *, #2542, .T. ) ;
#1640 = ORIENTED_EDGE ( 'NONE', *, *, #3920, .T. ) ;
#1641 = CARTESIAN_POINT ( 'NONE',  ( -25.61137834533855440, 14.63927590199585715, 3.998498769638968664 ) ) ;
#1642 = CARTESIAN_POINT ( 'NONE',  ( 27.61426261572879781, 11.72403557497556648, 2.709664642974702442 ) ) ;
#1643 = CARTESIAN_POINT ( 'NONE',  ( -2.332772656705388581, -29.38309375815723001, 3.249990795422150303 ) ) ;
#1644 = CARTESIAN_POINT ( 'NONE',  ( 13.43502884254440133, 13.43502884254440488, 3.500000000000000000 ) ) ;
#1645 = VERTEX_POINT ( 'NONE', #2935 ) ;
#1646 = CARTESIAN_POINT ( 'NONE',  ( 23.57158132444671139, 17.64610000706188586, 1.944344491607613357 ) ) ;
#1647 = CARTESIAN_POINT ( 'NONE',  ( 0.000000000000000000, 0.000000000000000000, 7.299999999999994493 ) ) ;
#1648 = CARTESIAN_POINT ( 'NONE',  ( -28.00639232033018544, 10.75370019590446269, -1.240676786603772896 ) ) ;
#1649 = DIRECTION ( 'NONE',  ( 1.000000000000000000, 0.000000000000000000, -0.000000000000000000 ) ) ;
#1650 = CARTESIAN_POINT ( 'NONE',  ( 4.585244560528305868, -29.64752690419409120, -0.7416874578259494699 ) ) ;
#1651 = EDGE_CURVE ( 'NONE', #3041, #357, #789, .T. ) ;
#1652 = DIRECTION ( 'NONE',  ( 1.000000000000000000, 0.000000000000000000, 0.000000000000000000 ) ) ;
#1653 = ORIENTED_EDGE ( 'NONE', *, *, #2666, .T. ) ;
#1654 = CARTESIAN_POINT ( 'NONE',  ( -19.97871376374796881, 19.61761953821683591, -3.500000000000000000 ) ) ;
#1655 = CARTESIAN_POINT ( 'NONE',  ( 23.29106403854411411, 17.99066126578727420, 0.7220392458007475200 ) ) ;
#1656 = CARTESIAN_POINT ( 'NONE',  ( 1.501601187597315645, -29.45161031014179187, 3.707585854156276284 ) ) ;
#1657 = ADVANCED_FACE ( 'NONE', ( #3941 ), #812, .T. ) ;
#1658 = CARTESIAN_POINT ( 'NONE',  ( -0.7478536537977472642, -29.99103810258462843, 4.441950618838967024 ) ) ;
#1659 = ORIENTED_EDGE ( 'NONE', *, *, #1378, .T. ) ;
#1660 = ORIENTED_EDGE ( 'NONE', *, *, #65, .F. ) ;
#1661 = CARTESIAN_POINT ( 'NONE',  ( -27.13097061961338241, 11.42739625916740742, 1.594432455245675007 ) ) ;
#1662 = CARTESIAN_POINT ( 'NONE',  ( 27.65749036611694223, 11.62174586134349497, 2.560447566731869795 ) ) ;
#1663 = CARTESIAN_POINT ( 'NONE',  ( 4.501720976320456202, -29.66032247280377021, 0.8122941373148808708 ) ) ;
#1664 =( NAMED_UNIT ( * ) PLANE_ANGLE_UNIT ( ) SI_UNIT ( $, .RADIAN. ) );
#1665 = ORIENTED_EDGE ( 'NONE', *, *, #1535, .T. ) ;
#1666 = CARTESIAN_POINT ( 'NONE',  ( 23.29740514545303043, 17.98301192305177665, 0.7708978456283306357 ) ) ;
#1667 = DIRECTION ( 'NONE',  ( 1.000000000000000000, 0.000000000000000000, 0.000000000000000000 ) ) ;
#1668 = CARTESIAN_POINT ( 'NONE',  ( -27.25288061413895946, 11.10342904768944017, -0.7900249464014272860 ) ) ;
#1669 = FACE_OUTER_BOUND ( 'NONE', #2247, .T. ) ;
#1670 = CARTESIAN_POINT ( 'NONE',  ( -27.24875839139156142, 11.11327583883567804, -0.7762142301797458899 ) ) ;
#1671 = CARTESIAN_POINT ( 'NONE',  ( -27.96484305153164485, 10.86128689903744160, -0.5000000000000000000 ) ) ;
#1672 = ORIENTED_EDGE ( 'NONE', *, *, #599, .T. ) ;
#1673 = CARTESIAN_POINT ( 'NONE',  ( 23.29769727715077465, 18.90019579719341181, -1.326985978096249852 ) ) ;
#1674 = DIRECTION ( 'NONE',  ( -0.000000000000000000, -0.000000000000000000, 1.000000000000000000 ) ) ;
#1675 = LINE ( 'NONE', #3124, #322 ) ;
#1676 = VERTEX_POINT ( 'NONE', #4240 ) ;
#1677 = LINE ( 'NONE', #3447, #304 ) ;
#1678 = ADVANCED_FACE ( 'NONE', ( #2195 ), #531, .F. ) ;
#1679 = CARTESIAN_POINT ( 'NONE',  ( 13.85640646055100333, 21.00000000000000355, 3.500000000000000000 ) ) ;
#1680 = FACE_OUTER_BOUND ( 'NONE', #3498, .T. ) ;
#1681 = VECTOR ( 'NONE', #2157, 1000.000000000000000 ) ;
#1682 = CARTESIAN_POINT ( 'NONE',  ( -3.999996343964570045, -29.15475957686663477, 0.1323202826339192617 ) ) ;
#1683 = ORIENTED_EDGE ( 'NONE', *, *, #4033, .T. ) ;
#1684 = VECTOR ( 'NONE', #2464, 1000.000000000000000 ) ;
#1685 = DIRECTION ( 'NONE',  ( 0.000000000000000000, 0.000000000000000000, -1.000000000000000000 ) ) ;
#1686 = ORIENTED_EDGE ( 'NONE', *, *, #1874, .F. ) ;
#1687 = CARTESIAN_POINT ( 'NONE',  ( 23.41766960341677617, 17.83679540941843200, 1.423808870369411839 ) ) ;
#1688 = DIRECTION ( 'NONE',  ( 0.8660254037844432595, -0.4999999999999919509, 0.000000000000000000 ) ) ;
#1689 = CIRCLE ( 'NONE', #4036, 3.000000000000000000 ) ;
#1690 = CARTESIAN_POINT ( 'NONE',  ( -3.390713237429179738, -29.25235058264125954, 2.122510042378991102 ) ) ;
#1691 = LINE ( 'NONE', #2396, #3161 ) ;
#1692 = CIRCLE ( 'NONE', #2422, 28.50000000000000000 ) ;
#1693 = CARTESIAN_POINT ( 'NONE',  ( -27.30675636884606305, 10.97377711741402706, -1.446111877252184152 ) ) ;
#1694 = CIRCLE ( 'NONE', #250, 30.00000000000000000 ) ;
#1695 = LINE ( 'NONE', #1041, #619 ) ;
#1696 = ORIENTED_EDGE ( 'NONE', *, *, #3254, .T. ) ;
#1697 = CARTESIAN_POINT ( 'NONE',  ( 23.31617371450012755, 18.87739711980702850, -1.240676786603754911 ) ) ;
#1698 = DIRECTION ( 'NONE',  ( -0.000000000000000000, -0.000000000000000000, -1.000000000000000000 ) ) ;
#1699 = AXIS2_PLACEMENT_3D ( 'NONE', #2695, #1685, #3388 ) ;
#1700 = DIRECTION ( 'NONE',  ( -1.000000000000000000, 0.000000000000000000, 0.000000000000000000 ) ) ;
#1701 = ORIENTED_EDGE ( 'NONE', *, *, #2173, .F. ) ;
#1702 = CARTESIAN_POINT ( 'NONE',  ( -23.84278086796023999, 18.20778819582231023, 2.438250921568120066 ) ) ;
#1703 = DIRECTION ( 'NONE',  ( -1.000000000000000000, 0.000000000000000000, 0.000000000000000000 ) ) ;
#1704 = CARTESIAN_POINT ( 'NONE',  ( 25.71614092037255972, 15.44932049074690994, 4.470847279812150354 ) ) ;
#1705 = CARTESIAN_POINT ( 'NONE',  ( -24.28529941009250237, 16.70457980523204000, 3.256312543477248855 ) ) ;
#1706 = EDGE_CURVE ( 'NONE', #1577, #1615, #1864, .T. ) ;
#1707 = CARTESIAN_POINT ( 'NONE',  ( 0.9085922690838830196, -29.48263909416965944, 3.897634572336838410 ) ) ;
#1708 = ORIENTED_EDGE ( 'NONE', *, *, #551, .T. ) ;
#1709 = CARTESIAN_POINT ( 'NONE',  ( -26.21929631134254279, 14.57909183584508561, 4.474938312001200735 ) ) ;
#1710 = CARTESIAN_POINT ( 'NONE',  ( 12.99038105676656762, 22.50000000000000000, 3.500000000000000000 ) ) ;
#1711 = EDGE_CURVE ( 'NONE', #3148, #357, #3070, .T. ) ;
#1712 = FACE_OUTER_BOUND ( 'NONE', #824, .T. ) ;
#1713 = FACE_BOUND ( 'NONE', #3059, .T. ) ;
#1714 = CARTESIAN_POINT ( 'NONE',  ( 11.25833024919769088, 22.50000000000000000, 3.500000000000000000 ) ) ;
#1715 = CARTESIAN_POINT ( 'NONE',  ( -24.08364779650325715, 9.285898384862015575, 0.000000000000000000 ) ) ;
#1716 = ORIENTED_EDGE ( 'NONE', *, *, #3221, .F. ) ;
#1717 = CARTESIAN_POINT ( 'NONE',  ( 23.13780735473144645, 18.18632587279598667, -1.526689711166789643 ) ) ;
#1718 = LINE ( 'NONE', #2402, #677 ) ;
#1719 = CARTESIAN_POINT ( 'NONE',  ( 4.576270129893931227, -29.64890810296799373, 0.2976216327714822363 ) ) ;
#1720 = ORIENTED_EDGE ( 'NONE', *, *, #4490, .T. ) ;
#1721 = CARTESIAN_POINT ( 'NONE',  ( -24.14928217489730145, 17.79929004157271422, 3.077106713444728747 ) ) ;
#1722 = DIRECTION ( 'NONE',  ( 0.000000000000000000, 0.000000000000000000, 1.000000000000000000 ) ) ;
#1723 = CARTESIAN_POINT ( 'NONE',  ( 26.56542340548401171, 12.77579478635548682, 3.328377130257125671 ) ) ;
#1724 = CARTESIAN_POINT ( 'NONE',  ( 25.02386938611805434, 16.54722885599498383, 4.130158963259900062 ) ) ;
#1725 = CARTESIAN_POINT ( 'NONE',  ( -23.84671853232787342, 17.29469447414503946, 2.582928784189060689 ) ) ;
#1726 = CARTESIAN_POINT ( 'NONE',  ( -1.653042720547982514, -29.44139987012762916, 3.643033824465519821 ) ) ;
#1727 = VERTEX_POINT ( 'NONE', #3232 ) ;
#1728 = SURFACE_STYLE_USAGE ( .BOTH. , #3181 ) ;
#1729 = ORIENTED_EDGE ( 'NONE', *, *, #606, .T. ) ;
#1730 = CARTESIAN_POINT ( 'NONE',  ( -26.55294020325053950, 13.96287134184139589, 4.349180916918866657 ) ) ;
#1731 = CARTESIAN_POINT ( 'NONE',  ( -4.000000000000000000, -25.49999999999998934, 0.000000000000000000 ) ) ;
#1732 = EDGE_CURVE ( 'NONE', #848, #1645, #2687, .T. ) ;
#1733 = CARTESIAN_POINT ( 'NONE',  ( -3.886911159756892609, -29.74715808728429778, 2.376277470412653692 ) ) ;
#1734 = CARTESIAN_POINT ( 'NONE',  ( 0.000000000000000000, -12.49999999999998757, -2.149999999999999911 ) ) ;
#1735 = EDGE_CURVE ( 'NONE', #2253, #3905, #4331, .T. ) ;
#1736 = CARTESIAN_POINT ( 'NONE',  ( -7.000000000000000000, 0.000000000000000000, -3.500000000000000000 ) ) ;
#1737 = CARTESIAN_POINT ( 'NONE',  ( -27.24876236258103646, 11.11327813160298916, 2.449293598294706414E-16 ) ) ;
#1738 = DIRECTION ( 'NONE',  ( -0.000000000000000000, -0.000000000000000000, -1.000000000000000000 ) ) ;
#1739 = VERTEX_POINT ( 'NONE', #495 ) ;
#1740 = CARTESIAN_POINT ( 'NONE',  ( 23.24229193148666894, 18.04997241430396571, -0.7900249464014504897 ) ) ;
#1741 = CARTESIAN_POINT ( 'NONE',  ( 28.50000000000000000, 3.490243377569956456E-15, 7.500000000000000888 ) ) ;
#1742 = DIRECTION ( 'NONE',  ( -0.000000000000000000, -0.000000000000000000, -1.000000000000000000 ) ) ;
#1743 = ORIENTED_EDGE ( 'NONE', *, *, #1988, .F. ) ;
#1744 = CARTESIAN_POINT ( 'NONE',  ( -24.27383878902381298, 17.62929323484775068, 3.285636237127301573 ) ) ;
#1745 = CARTESIAN_POINT ( 'NONE',  ( 0.000000000000000000, 0.000000000000000000, -1.500000000000001776 ) ) ;
#1746 = CARTESIAN_POINT ( 'NONE',  ( 26.71132298663439641, 12.44978245233271608, 3.062249809036484915 ) ) ;
#1747 = CARTESIAN_POINT ( 'NONE',  ( 23.64532553958350292, 18.46346778015654166, 1.861238830763940033 ) ) ;
#1748 = CARTESIAN_POINT ( 'NONE',  ( -23.58504761849079756, 17.62920613512731194, 1.981763284708865536 ) ) ;
#1749 = VECTOR ( 'NONE', #4133, 1000.000000000000114 ) ;
#1750 = B_SPLINE_CURVE_WITH_KNOTS ( 'NONE', 3,
 ( #2526, #1573, #2548, #91 ),
 .UNSPECIFIED., .F., .F.,
 ( 4, 4 ),
 ( 0.000000000000000000, 1.000000000000000000 ),
 .UNSPECIFIED. ) ;
#1751 = CARTESIAN_POINT ( 'NONE',  ( 1.768929080703657064, -29.43287706404329640, 3.588209955126294037 ) ) ;
#1752 = ORIENTED_EDGE ( 'NONE', *, *, #1574, .T. ) ;
#1753 = CARTESIAN_POINT ( 'NONE',  ( -26.05358629232892298, 14.87334050281881659, 4.498311085571304879 ) ) ;
#1754 = VECTOR ( 'NONE', #4340, 1000.000000000000114 ) ;
#1755 = LINE ( 'NONE', #3160, #2485 ) ;
#1756 = VECTOR ( 'NONE', #4443, 1000.000000000000000 ) ;
#1757 = ADVANCED_FACE ( 'NONE', ( #3967 ), #423, .F. ) ;
#1758 = CARTESIAN_POINT ( 'NONE',  ( -4.422846927182539467, -29.67221527276732829, 1.164819746149173607 ) ) ;
#1759 = CARTESIAN_POINT ( 'NONE',  ( -23.21982023504835979, 18.07939839654268610, -1.048185399480098701 ) ) ;
#1760 = DIRECTION ( 'NONE',  ( 0.3319494838683849647, 0.9432971642910377152, -0.000000000000000000 ) ) ;
#1761 = B_SPLINE_CURVE_WITH_KNOTS ( 'NONE', 3,
 ( #81, #3280, #3193, #1472 ),
 .UNSPECIFIED., .F., .F.,
 ( 4, 4 ),
 ( 0.000000000000000000, 1.000000000000000000 ),
 .UNSPECIFIED. ) ;
#1762 = ADVANCED_FACE ( 'NONE', ( #3276 ), #3207, .T. ) ;
#1763 = LINE ( 'NONE', #2129, #1116 ) ;
#1764 = ADVANCED_FACE ( 'NONE', ( #4266 ), #17, .F. ) ;
#1765 = AXIS2_PLACEMENT_3D ( 'NONE', #4217, #1464, #3570 ) ;
#1766 = ORIENTED_EDGE ( 'NONE', *, *, #3221, .T. ) ;
#1767 = CARTESIAN_POINT ( 'NONE',  ( 26.97871376374773078, 7.493263885234998867, -3.500000000000000000 ) ) ;
#1768 = AXIS2_PLACEMENT_3D ( 'NONE', #450, #108, #1495 ) ;
#1769 = CARTESIAN_POINT ( 'NONE',  ( 11.25833024919771042, -22.49999999999998934, -2.999999999999999556 ) ) ;
#1770 = EDGE_LOOP ( 'NONE', ( #2306, #1720, #2462, #1701 ) ) ;
#1771 = AXIS2_PLACEMENT_3D ( 'NONE', #3718, #3007, #1220 ) ;
#1772 = CARTESIAN_POINT ( 'NONE',  ( 15.08502884254438925, -13.43502884254439067, 6.500000000000000888 ) ) ;
#1773 = CARTESIAN_POINT ( 'NONE',  ( 13.85640646055102465, -20.99999999999998934, 3.500000000000000000 ) ) ;
#1774 = CARTESIAN_POINT ( 'NONE',  ( 26.50779167620647669, 12.90105771488700448, 3.416060423552814918 ) ) ;
#1775 = CARTESIAN_POINT ( 'NONE',  ( 24.76089703437972744, 16.93818476456263866, 3.897627158046631735 ) ) ;
#1776 = CARTESIAN_POINT ( 'NONE',  ( -23.56116643442500802, 17.65910665710960359, 1.913509573574635025 ) ) ;
#1777 = AXIS2_PLACEMENT_3D ( 'NONE', #3915, #2015, #3783 ) ;
#1778 = CARTESIAN_POINT ( 'NONE',  ( -1.227766614306830428, -29.46773082566640767, 3.807476277325315461 ) ) ;
#1779 = ORIENTED_EDGE ( 'NONE', *, *, #697, .F. ) ;
#1780 = CARTESIAN_POINT ( 'NONE',  ( -25.71447540623844219, 15.45222557127973850, 4.470916539440311865 ) ) ;
#1781 = CARTESIAN_POINT ( 'NONE',  ( -25.11473670974871908, -1.499999999999995115, 3.500000000000000000 ) ) ;
#1782 = CARTESIAN_POINT ( 'NONE',  ( -3.963518998663648318, -29.73704776878947698, 2.250593239650719113 ) ) ;
#1783 = FACE_OUTER_BOUND ( 'NONE', #1118, .T. ) ;
#1784 = DIRECTION ( 'NONE',  ( 1.000000000000000000, 0.000000000000000000, 0.000000000000000000 ) ) ;
#1785 = CARTESIAN_POINT ( 'NONE',  ( -6.698121343381845172, -27.18882815742907866, -3.500000000000000888 ) ) ;
#1786 = CARTESIAN_POINT ( 'NONE',  ( 27.00950984540386557, 9.789555293502012034, -2.771772794143704033 ) ) ;
#1787 = EDGE_CURVE ( 'NONE', #2039, #3065, #1689, .T. ) ;
#1788 = CARTESIAN_POINT ( 'NONE',  ( -23.38857189812370407, 18.78762104595199034, 0.000000000000000000 ) ) ;
#1789 = ORIENTED_EDGE ( 'NONE', *, *, #1732, .F. ) ;
#1790 = DIRECTION ( 'NONE',  ( 0.000000000000000000, -0.7071067811865474617, -0.7071067811865474617 ) ) ;
#1791 = CARTESIAN_POINT ( 'NONE',  ( 26.41205817338344630, 13.10486860636986783, 3.542919462255842866 ) ) ;
#1792 = CARTESIAN_POINT ( 'NONE',  ( 26.78255230654170305, 13.51664310241151590, 4.184291720621553523 ) ) ;
#1793 = ADVANCED_FACE ( 'NONE', ( #1853 ), #2053, .F. ) ;
#1794 = CARTESIAN_POINT ( 'NONE',  ( -23.91466881573474978, 17.20583033027002884, 2.709419942912060453 ) ) ;
#1795 = CARTESIAN_POINT ( 'NONE',  ( 1.649524741236577219, -29.44165168253577747, 3.644643801674144257 ) ) ;
#1796 = ORIENTED_EDGE ( 'NONE', *, *, #4482, .F. ) ;
#1797 = ORIENTED_EDGE ( 'NONE', *, *, #1129, .F. ) ;
#1798 = CARTESIAN_POINT ( 'NONE',  ( -27.76820756892478670, 11.35460135210010968, 2.094123478266427085 ) ) ;
#1799 = LINE ( 'NONE', #398, #1320 ) ;
#1800 = CARTESIAN_POINT ( 'NONE',  ( -27.31400483141976920, 10.95619722982945810, -1.492383161694217808 ) ) ;
#1801 = DIRECTION ( 'NONE',  ( 1.000000000000000000, 0.000000000000000000, 0.000000000000000000 ) ) ;
#1802 = CARTESIAN_POINT ( 'NONE',  ( -27.14472368605820307, 11.39138301631723671, 1.502477654903260795 ) ) ;
#1803 = DIRECTION ( 'NONE',  ( 0.000000000000000000, 0.000000000000000000, 1.000000000000000000 ) ) ;
#1804 = CARTESIAN_POINT ( 'NONE',  ( 31.34197804570077750, 22.71410161513789916, 0.000000000000000000 ) ) ;
#1805 = EDGE_CURVE ( 'NONE', #4054, #3609, #404, .T. ) ;
#1806 = FACE_OUTER_BOUND ( 'NONE', #4110, .T. ) ;
#1807 = ORIENTED_EDGE ( 'NONE', *, *, #3761, .T. ) ;
#1808 = CARTESIAN_POINT ( 'NONE',  ( 11.90031754730545543, 4.388045381863507011, 2.632990618166809728E-16 ) ) ;
#1809 = CARTESIAN_POINT ( 'NONE',  ( 26.94939077808038874, 11.88678549810017593, 2.426752779045873609 ) ) ;
#1810 = CARTESIAN_POINT ( 'NONE',  ( 26.21698589617411201, 13.50534913416952421, 3.742866073643614566 ) ) ;
#1811 = CARTESIAN_POINT ( 'NONE',  ( -23.30684521839441103, 17.97162348451857028, 0.8422047723140415609 ) ) ;
#1812 = EDGE_CURVE ( 'NONE', #2259, #2805, #174, .T. ) ;
#1813 = CARTESIAN_POINT ( 'NONE',  ( -7.000000000000000000, -27.11088342345190938, -3.500000000000000000 ) ) ;
#1814 = VERTEX_POINT ( 'NONE', #3398 ) ;
#1815 = ORIENTED_EDGE ( 'NONE', *, *, #2442, .F. ) ;
#1816 = CARTESIAN_POINT ( 'NONE',  ( -27.84567107219593751, 11.16330797177361589, 1.657657078763054459 ) ) ;
#1817 = CARTESIAN_POINT ( 'NONE',  ( 0.000000000000000000, 0.000000000000000000, -1.500000000000001776 ) ) ;
#1818 = CARTESIAN_POINT ( 'NONE',  ( 1.609906930338248277, -29.95685499852514155, 4.212988016809775971 ) ) ;
#1819 = CARTESIAN_POINT ( 'NONE',  ( -27.41845724539328089, 10.70088281209279835, -2.067353318540949836 ) ) ;
#1820 = DIRECTION ( 'NONE',  ( 0.000000000000000000, 0.000000000000000000, 1.000000000000000000 ) ) ;
#1821 = CARTESIAN_POINT ( 'NONE',  ( 23.16636598330421393, 18.14916850621475675, -1.388812133156234196 ) ) ;
#1822 = CYLINDRICAL_SURFACE ( 'NONE', #1765, 3.000000000000000000 ) ;
#1823 = AXIS2_PLACEMENT_3D ( 'NONE', #2174, #2566, #3576 ) ;
#1824 = CARTESIAN_POINT ( 'NONE',  ( -4.441992200947753489, -29.09552202776635355, -2.067353214814033002 ) ) ;
#1825 = CARTESIAN_POINT ( 'NONE',  ( -12.99999999999999822, 0.000000000000000000, 3.500000000000000000 ) ) ;
#1826 = DIRECTION ( 'NONE',  ( 1.000000000000000000, 0.000000000000000000, 0.000000000000000000 ) ) ;
#1827 = VECTOR ( 'NONE', #3463, 1000.000000000000000 ) ;
#1828 = DIRECTION ( 'NONE',  ( -1.000000000000000000, 0.000000000000000000, 0.000000000000000000 ) ) ;
#1829 = EDGE_LOOP ( 'NONE', ( #2690, #1322, #1548, #2762 ) ) ;
#1830 = LINE ( 'NONE', #1808, #1754 ) ;
#1831 = AXIS2_PLACEMENT_3D ( 'NONE', #3483, #2082, #1425 ) ;
#1832 = CARTESIAN_POINT ( 'NONE',  ( 27.24876236258086948, 11.11327813160336042, 0.000000000000000000 ) ) ;
#1833 = CARTESIAN_POINT ( 'NONE',  ( 27.15781884640215438, 11.35698742182804466, 1.410952553774944329 ) ) ;
#1834 = CARTESIAN_POINT ( 'NONE',  ( -23.41199786316330389, 17.84382575372091395, 1.406138776581951522 ) ) ;
#1835 = VECTOR ( 'NONE', #3853, 1000.000000000000000 ) ;
#1836 = FACE_OUTER_BOUND ( 'NONE', #666, .T. ) ;
#1837 = VERTEX_POINT ( 'NONE', #198 ) ;
#1838 = ORIENTED_EDGE ( 'NONE', *, *, #1129, .T. ) ;
#1839 = CARTESIAN_POINT ( 'NONE',  ( -23.33566272927659924, 17.93680324130650305, 1.035395348018577577 ) ) ;
#1840 = DIRECTION ( 'NONE',  ( 0.000000000000000000, 0.000000000000000000, -1.000000000000000000 ) ) ;
#1841 = AXIS2_PLACEMENT_3D ( 'NONE', #447, #3555, #3904 ) ;
#1842 = EDGE_CURVE ( 'NONE', #2805, #1098, #125, .T. ) ;
#1843 = CARTESIAN_POINT ( 'NONE',  ( 2.958097102083579788, -29.85386118618622575, 3.434282310136431704 ) ) ;
#1844 = AXIS2_PLACEMENT_3D ( 'NONE', #2651, #988, #646 ) ;
#1845 = CARTESIAN_POINT ( 'NONE',  ( -23.27025311228955573, 18.93398541108923894, -1.440371863788879825 ) ) ;
#1846 = EDGE_LOOP ( 'NONE', ( #1815, #3616, #4140, #2380, #1214, #1954, #2669, #3930, #1934, #1907 ) ) ;
#1847 = CARTESIAN_POINT ( 'NONE',  ( 23.24876236258083750, 18.04148136187885143, 2.449293598294706414E-16 ) ) ;
#1848 = LINE ( 'NONE', #3249, #308 ) ;
#1849 = CARTESIAN_POINT ( 'NONE',  ( -27.23975445241964621, 11.13782187424690484, 0.4579964414772114689 ) ) ;
#1850 = ADVANCED_FACE ( 'NONE', ( #1947 ), #3348, .T. ) ;
#1851 = CARTESIAN_POINT ( 'NONE',  ( -2.235416756626790402, -29.39261143278721278, 3.317072026529227280 ) ) ;
#1852 = CARTESIAN_POINT ( 'NONE',  ( 27.24876646508973721, 11.11326618077987405, -0.6459237916962820014 ) ) ;
#1853 = FACE_OUTER_BOUND ( 'NONE', #2866, .T. ) ;
#1854 = CARTESIAN_POINT ( 'NONE',  ( -13.43502884254441021, -13.43502884254438179, 6.500000000000000888 ) ) ;
#1855 = VERTEX_POINT ( 'NONE', #4446 ) ;
#1856 = CARTESIAN_POINT ( 'NONE',  ( 22.51666049839540307, -3.469446951953614189E-15, -3.500000000000000000 ) ) ;
#1857 = CARTESIAN_POINT ( 'NONE',  ( 26.76773545436680735, 12.31996585225270024, 2.938213667493962511 ) ) ;
#1858 = CARTESIAN_POINT ( 'NONE',  ( 23.39805891081486777, 18.77580614129139036, 0.3712642043665136948 ) ) ;
#1859 = CARTESIAN_POINT ( 'NONE',  ( 2.613668529353577519, -29.35313740856973652, 3.028704951193966544 ) ) ;
#1860 = CARTESIAN_POINT ( 'NONE',  ( 3.934837667785466842, -29.16598380187740247, 0.7220392457721586110 ) ) ;
#1861 = EDGE_LOOP ( 'NONE', ( #3466, #13, #1961, #719 ) ) ;
#1862 = ORIENTED_EDGE ( 'NONE', *, *, #1711, .F. ) ;
#1863 = CARTESIAN_POINT ( 'NONE',  ( -27.96484305153164485, 10.86128689903743982, 4.336808689942019708E-16 ) ) ;
#1864 = B_SPLINE_CURVE_WITH_KNOTS ( 'NONE', 3,
 ( #2514, #445, #1108, #148 ),
 .UNSPECIFIED., .F., .F.,
 ( 4, 4 ),
 ( 0.000000000000000000, 1.000000000000000000 ),
 .UNSPECIFIED. ) ;
#1865 = CARTESIAN_POINT ( 'NONE',  ( 27.70613412795480812, 11.50552965553273843, 2.376457666020980408 ) ) ;
#1866 = CARTESIAN_POINT ( 'NONE',  ( 2.223361245968003885, -29.91757116459960386, 3.933892468203682213 ) ) ;
#1867 = CARTESIAN_POINT ( 'NONE',  ( 13.43502884254440133, 13.43502884254440488, 6.500000000000000888 ) ) ;
#1868 = EDGE_LOOP ( 'NONE', ( #2896, #739, #290, #1158 ) ) ;
#1869 = EDGE_CURVE ( 'NONE', #3125, #3046, #88, .T. ) ;
#1870 = DIRECTION ( 'NONE',  ( -0.6123724356957958026, -0.3535533905932740639, 0.7071067811865462405 ) ) ;
#1871 = CARTESIAN_POINT ( 'NONE',  ( -30.00000000000000000, 0.000000000000000000, -1.500000000000001776 ) ) ;
#1872 = CARTESIAN_POINT ( 'NONE',  ( -27.13130097384462047, 11.42653110921391146, 1.592230299399662430 ) ) ;
#1873 = CARTESIAN_POINT ( 'NONE',  ( -2.348814913547547789, -29.38142786856201027, 3.237921478069215819 ) ) ;
#1874 = EDGE_CURVE ( 'NONE', #4232, #1392, #587, .T. ) ;
#1875 = CARTESIAN_POINT ( 'NONE',  ( 27.31872388470912227, 10.94476602067013360, -1.526689711166710595 ) ) ;
#1876 = DIRECTION ( 'NONE',  ( -0.8660254037844363761, -0.5000000000000039968, 0.000000000000000000 ) ) ;
#1877 = CARTESIAN_POINT ( 'NONE',  ( 5.027049995031351415, -28.28517195403286522, -2.772251240824164853 ) ) ;
#1878 = ORIENTED_EDGE ( 'NONE', *, *, #3418, .T. ) ;
#1879 = CARTESIAN_POINT ( 'NONE',  ( 4.000000000000000000, -38.49999999999999289, 0.000000000000000000 ) ) ;
#1880 = CARTESIAN_POINT ( 'NONE',  ( 27.21241714657680077, 11.21166997789264386, 0.9040890214045526063 ) ) ;
#1881 = CARTESIAN_POINT ( 'NONE',  ( 26.47398890264915039, 12.97374080368059346, 3.463911230893409687 ) ) ;
#1882 = CARTESIAN_POINT ( 'NONE',  ( 3.909418032169722945, -29.17030848355427253, 0.8470204986124039159 ) ) ;
#1883 = DIRECTION ( 'NONE',  ( -0.9828940495280558132, 0.1841718963423570887, 0.000000000000000000 ) ) ;
#1884 = ORIENTED_EDGE ( 'NONE', *, *, #1735, .T. ) ;
#1885 = ORIENTED_EDGE ( 'NONE', *, *, #3338, .T. ) ;
#1886 = CARTESIAN_POINT ( 'NONE',  ( -23.77303820306577009, 17.39015651308968913, 2.434766908516573292 ) ) ;
#1887 = CARTESIAN_POINT ( 'NONE',  ( 26.93512029734720414, 13.21047700227220822, 4.037180827310249853 ) ) ;
#1888 = CARTESIAN_POINT ( 'NONE',  ( 0.2959835128727384412, -29.99863347112578182, 4.491183807666653927 ) ) ;
#1889 = CARTESIAN_POINT ( 'NONE',  ( 13.43502884254438889, -13.43502884254439067, 6.500000000000000888 ) ) ;
#1890 = ORIENTED_EDGE ( 'NONE', *, *, #1898, .T. ) ;
#1891 = FILL_AREA_STYLE ('',( #193 ) ) ;
#1892 = CARTESIAN_POINT ( 'NONE',  ( 13.43502884254440133, 13.43502884254440488, 6.500000000000000888 ) ) ;
#1893 = CARTESIAN_POINT ( 'NONE',  ( -25.21374056800677366, 15.31030355012774002, 3.946602347520444365 ) ) ;
#1894 = CARTESIAN_POINT ( 'NONE',  ( -2.570158849704363035, -29.35795852804251993, 3.065052711560122045 ) ) ;
#1895 = CARTESIAN_POINT ( 'NONE',  ( 4.000000000000000000, -25.49999999999998934, -0.5000000000000000000 ) ) ;
#1896 = AXIS2_PLACEMENT_3D ( 'NONE', #3972, #3945, #842 ) ;
#1897 = CARTESIAN_POINT ( 'NONE',  ( 4.085528746085782537, -29.14367216603974242, -1.214868923350740371 ) ) ;
#1898 = EDGE_CURVE ( 'NONE', #1139, #4161, #1399, .T. ) ;
#1899 = AXIS2_PLACEMENT_3D ( 'NONE', #2554, #3618, #4281 ) ;
#1900 = CARTESIAN_POINT ( 'NONE',  ( -27.96484305153164485, 10.86128689903743982, 4.336808689942017736E-16 ) ) ;
#1901 = ORIENTED_EDGE ( 'NONE', *, *, #2076, .T. ) ;
#1902 = CARTESIAN_POINT ( 'NONE',  ( -12.99038105676657651, 22.50000000000000000, 3.500000000000000000 ) ) ;
#1903 = CARTESIAN_POINT ( 'NONE',  ( 26.78952636164993706, 12.26927001627680980, 2.886623443808552736 ) ) ;
#1904 = CARTESIAN_POINT ( 'NONE',  ( 27.10118824153369843, 11.50471669096226712, 1.770911546708622719 ) ) ;
#1905 = CARTESIAN_POINT ( 'NONE',  ( 27.24876236258086948, 11.11327813160336042, 0.000000000000000000 ) ) ;
#1906 = CARTESIAN_POINT ( 'NONE',  ( 3.786931812049473489, -29.19076033396017067, 1.289729826910216426 ) ) ;
#1907 = ORIENTED_EDGE ( 'NONE', *, *, #1235, .T. ) ;
#1908 = AXIS2_PLACEMENT_3D ( 'NONE', #837, #881, #1218 ) ;
#1909 = EDGE_LOOP ( 'NONE', ( #2254, #830, #2293, #3821 ) ) ;
#1910 = CARTESIAN_POINT ( 'NONE',  ( -27.15760002193526290, 11.35756335642177461, 1.412530501496073621 ) ) ;
#1911 = CARTESIAN_POINT ( 'NONE',  ( 26.05756437336725995, 14.86693963303290822, 4.499885984002230721 ) ) ;
#1912 = B_SPLINE_CURVE_WITH_KNOTS ( 'NONE', 3,
 ( #73, #768, #2149, #4512 ),
 .UNSPECIFIED., .F., .F.,
 ( 4, 4 ),
 ( 0.000000000000000000, 1.000000000000000000 ),
 .UNSPECIFIED. ) ;
#1913 = MECHANICAL_DESIGN_GEOMETRIC_PRESENTATION_REPRESENTATION (  '', ( #3305 ), #1049 ) ;
#1914 = CARTESIAN_POINT ( 'NONE',  ( 1.679743627075240830, -29.95301792962577991, 4.186546272465258234 ) ) ;
#1915 = DIRECTION ( 'NONE',  ( 0.000000000000000000, 0.000000000000000000, -1.000000000000000000 ) ) ;
#1916 = PRODUCT ( '¼Ð×¦µ××ù', '¼Ð×¦µ××ù', '', ( #3132 ) ) ;
#1917 = ORIENTED_EDGE ( 'NONE', *, *, #1629, .F. ) ;
#1918 = CARTESIAN_POINT ( 'NONE',  ( -24.08364779650325715, 9.285898384862015575, -0.5000000000000000000 ) ) ;
#1919 = CIRCLE ( 'NONE', #3753, 27.99999999999998934 ) ;
#1920 = CARTESIAN_POINT ( 'NONE',  ( 12.50000000000000000, 1.530808498934191521E-15, 3.999999999999998224 ) ) ;
#1921 = CARTESIAN_POINT ( 'NONE',  ( -26.86603482451842950, 12.08858669577658240, 2.686225908584645161 ) ) ;
#1922 = VECTOR ( 'NONE', #3411, 1000.000000000000000 ) ;
#1923 = CARTESIAN_POINT ( 'NONE',  ( -1.912316358263210558, -29.42145312131565404, 3.513302139433576166 ) ) ;
#1924 = CARTESIAN_POINT ( 'NONE',  ( 25.11473670974871908, 1.499999999999997558, 3.500000000000000000 ) ) ;
#1925 = CARTESIAN_POINT ( 'NONE',  ( 27.24876236258086237, 11.11327813160335332, -0.5000000000000000000 ) ) ;
#1926 = CARTESIAN_POINT ( 'NONE',  ( -25.90392958542674506, 15.13304289155595761, 4.499885984000895789 ) ) ;
#1927 = VERTEX_POINT ( 'NONE', #3739 ) ;
#1928 = EDGE_CURVE ( 'NONE', #2772, #4029, #3454, .T. ) ;
#1929 = CARTESIAN_POINT ( 'NONE',  ( -4.648519114168665922, -29.63800571841799680, -1.184556774240449695 ) ) ;
#1930 = CARTESIAN_POINT ( 'NONE',  ( 25.86641998992513791, 14.17992771201335245, 3.946876413734894840 ) ) ;
#1931 = CARTESIAN_POINT ( 'NONE',  ( 1.827265694302724564, -29.42829373277029958, 3.558284232836644190 ) ) ;
#1932 = CARTESIAN_POINT ( 'NONE',  ( -4.105681209247383556, -29.71781314918090189, 1.993005662679196099 ) ) ;
#1933 = ORIENTED_EDGE ( 'NONE', *, *, #124, .F. ) ;
#1934 = ORIENTED_EDGE ( 'NONE', *, *, #2204, .T. ) ;
#1935 = EDGE_CURVE ( 'NONE', #1546, #1645, #1329, .T. ) ;
#1936 = CARTESIAN_POINT ( 'NONE',  ( -26.39953952448650654, 13.13130717977890072, 3.558612708127521174 ) ) ;
#1937 = EDGE_CURVE ( 'NONE', #2314, #1676, #1016, .T. ) ;
#1938 = CARTESIAN_POINT ( 'NONE',  ( 27.82423901429326918, 11.21662003559893961, 1.792431982671472301 ) ) ;
#1939 = CARTESIAN_POINT ( 'NONE',  ( -3.587217203064675175, -29.22267586455256705, 1.770911546680568049 ) ) ;
#1940 = CARTESIAN_POINT ( 'NONE',  ( -24.08364779650325715, 9.285898384862015575, 2.449293598294706414E-16 ) ) ;
#1941 = EDGE_LOOP ( 'NONE', ( #2472, #622, #4096, #3951 ) ) ;
#1942 = CARTESIAN_POINT ( 'NONE',  ( 24.15115117431879455, 16.88915387399427459, 3.081099088923704432 ) ) ;
#1943 = FACE_OUTER_BOUND ( 'NONE', #1846, .T. ) ;
#1944 = CARTESIAN_POINT ( 'NONE',  ( -26.71481754566754674, 12.44173730218556706, 3.054609098619865737 ) ) ;
#1945 = CARTESIAN_POINT ( 'NONE',  ( -26.85198332693844492, 8.100302531128470207, -3.454287208065851100 ) ) ;
#1946 = FACE_OUTER_BOUND ( 'NONE', #226, .T. ) ;
#1947 = FACE_OUTER_BOUND ( 'NONE', #4132, .T. ) ;
#1948 = CARTESIAN_POINT ( 'NONE',  ( -25.59907405130460134, 15.64317932117701204, 4.441950666475515064 ) ) ;
#1949 = ORIENTED_EDGE ( 'NONE', *, *, #1454, .T. ) ;
#1950 = DIRECTION ( 'NONE',  ( 0.8660254037844432595, -0.4999999999999919509, -0.000000000000000000 ) ) ;
#1951 = CARTESIAN_POINT ( 'NONE',  ( 25.28207807081308900, 15.19854285337441802, 3.966024341733808356 ) ) ;
#1952 = CARTESIAN_POINT ( 'NONE',  ( 2.440505618826163126, -29.37198234462405821, 3.169542698776978806 ) ) ;
#1953 = CARTESIAN_POINT ( 'NONE',  ( 1.470693477949923000, -29.96522677285994973, 4.271565876986250565 ) ) ;
#1954 = ORIENTED_EDGE ( 'NONE', *, *, #434, .T. ) ;
#1955 = VERTEX_POINT ( 'NONE', #1714 ) ;
#1956 = CARTESIAN_POINT ( 'NONE',  ( -26.83062682139326327, 12.17280596059932130, 2.783555021495506487 ) ) ;
#1957 = CARTESIAN_POINT ( 'NONE',  ( 27.85605323561740576, 11.13736774301359844, 1.587321612314538832 ) ) ;
#1958 = ADVANCED_FACE ( 'NONE', ( #2083 ), #3762, .T. ) ;
#1959 = CARTESIAN_POINT ( 'NONE',  ( -3.362577575832621068, -29.25647560201562669, 2.167334167068721396 ) ) ;
#1960 = DIRECTION ( 'NONE',  ( -0.000000000000000000, 1.000000000000000000, -0.000000000000000000 ) ) ;
#1961 = ORIENTED_EDGE ( 'NONE', *, *, #2997, .T. ) ;
#1962 = CARTESIAN_POINT ( 'NONE',  ( 23.54870689941510875, 17.67467417574291488, 1.876870629011150093 ) ) ;
#1963 = FACE_OUTER_BOUND ( 'NONE', #3218, .T. ) ;
#1964 = CARTESIAN_POINT ( 'NONE',  ( -26.37249650333245654, 13.18780130707026998, 3.590003397288390907 ) ) ;
#1965 = EDGE_CURVE ( 'NONE', #918, #1431, #376, .T. ) ;
#1966 = CARTESIAN_POINT ( 'NONE',  ( -3.451358083918304231, -29.24340581125699501, 2.023766225432900523 ) ) ;
#1967 = CARTESIAN_POINT ( 'NONE',  ( -11.78502884254440986, -13.43502884254438179, 6.500000000000000888 ) ) ;
#1968 = DIRECTION ( 'NONE',  ( 0.4999999999999998890, -0.8660254037844387076, 0.000000000000000000 ) ) ;
#1969 = CARTESIAN_POINT ( 'NONE',  ( -24.68624022040414800, 17.04714860119123898, 3.822098097234508884 ) ) ;
#1970 = ORIENTED_EDGE ( 'NONE', *, *, #932, .F. ) ;
#1971 = AXIS2_PLACEMENT_3D ( 'NONE', #1972, #3376, #3036 ) ;
#1972 = CARTESIAN_POINT ( 'NONE',  ( -11.25833024919770331, 19.50000000000000000, 3.500000000000000000 ) ) ;
#1973 = CARTESIAN_POINT ( 'NONE',  ( 23.84986788323059059, 17.29064238856546609, 2.589713238196013734 ) ) ;
#1974 = CYLINDRICAL_SURFACE ( 'NONE', #1547, 2.149999999999999911 ) ;
#1975 = CIRCLE ( 'NONE', #381, 2.149999999999999911 ) ;
#1976 = CARTESIAN_POINT ( 'NONE',  ( 3.340029564229396453, -29.81368120787897880, 3.079724901705560125 ) ) ;
#1977 = ORIENTED_EDGE ( 'NONE', *, *, #2829, .T. ) ;
#1978 = VERTEX_POINT ( 'NONE', #2749 ) ;
#1979 = CARTESIAN_POINT ( 'NONE',  ( -26.84834908954621824, 12.13078594653799769, 2.736059703069319671 ) ) ;
#1980 = VECTOR ( 'NONE', #3139, 1000.000000000000000 ) ;
#1981 = CARTESIAN_POINT ( 'NONE',  ( 24.14939050123967590, 17.79939108716598284, 3.079724934622054100 ) ) ;
#1982 = B_SPLINE_CURVE_WITH_KNOTS ( 'NONE', 3,
 ( #856, #511, #2238, #3639 ),
 .UNSPECIFIED., .F., .F.,
 ( 4, 4 ),
 ( 0.000000000000000000, 1.000000000000000000 ),
 .UNSPECIFIED. ) ;
#1983 = CARTESIAN_POINT ( 'NONE',  ( -2.437666932446123980, -29.37231503875667471, 3.172073212843101064 ) ) ;
#1984 = CARTESIAN_POINT ( 'NONE',  ( -23.38856450993920078, 18.78762891547341951, -0.6216031612199480749 ) ) ;
#1985 = ORIENTED_EDGE ( 'NONE', *, *, #1513, .T. ) ;
#1986 = CARTESIAN_POINT ( 'NONE',  ( 23.47794682375144504, 17.76260533356913740, 1.651169949729869080 ) ) ;
#1987 = CARTESIAN_POINT ( 'NONE',  ( -4.954757066565345980, -29.58802991971746721, -1.813755882206854020 ) ) ;
#1988 = EDGE_CURVE ( 'NONE', #1207, #3796, #3165, .T. ) ;
#1989 = AXIS2_PLACEMENT_3D ( 'NONE', #1377, #1803, #3918 ) ;
#1990 = CARTESIAN_POINT ( 'NONE',  ( -3.110910807095859987, -29.29166544968801134, 2.514433582949938462 ) ) ;
#1991 = AXIS2_PLACEMENT_3D ( 'NONE', #4202, #1742, #4221 ) ;
#1992 = DIRECTION ( 'NONE',  ( 1.000000000000000000, 0.000000000000000000, 0.000000000000000000 ) ) ;
#1993 = CARTESIAN_POINT ( 'NONE',  ( -27.39147914159762820, 10.76744849288431460, -1.951254398535927637 ) ) ;
#1994 = CIRCLE ( 'NONE', #1771, 28.70000000000001705 ) ;
#1995 = CARTESIAN_POINT ( 'NONE',  ( -27.96484269587296367, 10.86128781476129745, 0.2976216359933236411 ) ) ;
#1996 = ORIENTED_EDGE ( 'NONE', *, *, #744, .T. ) ;
#1997 = DIRECTION ( 'NONE',  ( -0.8660254037844384856, -0.5000000000000003331, 0.000000000000000000 ) ) ;
#1998 = CARTESIAN_POINT ( 'NONE',  ( 24.70614264904187962, 16.09938370239018113, 3.671252436493191773 ) ) ;
#1999 = DIRECTION ( 'NONE',  ( 0.000000000000000000, 0.000000000000000000, -1.000000000000000000 ) ) ;
#2000 = CARTESIAN_POINT ( 'NONE',  ( -2.420143612726251003, -29.90248545763369492, 3.822098056217881457 ) ) ;
#2001 = VERTEX_POINT ( 'NONE', #8 ) ;
#2002 = VERTEX_POINT ( 'NONE', #2105 ) ;
#2003 = CARTESIAN_POINT ( 'NONE',  ( -27.10586254177402310, 11.49260137214821853, 1.743775970967325506 ) ) ;
#2004 = CARTESIAN_POINT ( 'NONE',  ( 23.38857251333420706, 18.78762028008094731, 0.2976216360098727920 ) ) ;
#2005 = CARTESIAN_POINT ( 'NONE',  ( -2.919404157594459814, -29.31664462765859724, 2.735205985910258430 ) ) ;
#2006 = DIRECTION ( 'NONE',  ( -1.000000000000000000, 0.000000000000000000, 0.000000000000000000 ) ) ;
#2007 = VERTEX_POINT ( 'NONE', #35 ) ;
#2008 = CARTESIAN_POINT ( 'NONE',  ( 23.90204058753757010, 17.22237530793370652, 2.686225910189346422 ) ) ;
#2009 = CARTESIAN_POINT ( 'NONE',  ( -4.103557348312762088, -29.14131390945005506, -1.284754238226229139 ) ) ;
#2010 = B_SPLINE_CURVE_WITH_KNOTS ( 'NONE', 3,
 ( #408, #1110, #2155, #105 ),
 .UNSPECIFIED., .F., .F.,
 ( 4, 4 ),
 ( 0.000000000000000000, 1.000000000000000000 ),
 .UNSPECIFIED. ) ;
#2011 = CARTESIAN_POINT ( 'NONE',  ( -3.867679576961042365, -29.17739485410231737, 1.028733109328686002 ) ) ;
#2012 = CARTESIAN_POINT ( 'NONE',  ( -27.24876236258103646, 11.11327813160298916, -0.5000000000000000000 ) ) ;
#2013 = DIRECTION ( 'NONE',  ( 0.000000000000000000, -0.7071067811865475727, -0.7071067811865475727 ) ) ;
#2014 = EDGE_CURVE ( 'NONE', #2224, #1030, #3740, .T. ) ;
#2015 = DIRECTION ( 'NONE',  ( -0.000000000000000000, -0.000000000000000000, 1.000000000000000000 ) ) ;
#2016 = ORIENTED_EDGE ( 'NONE', *, *, #3366, .F. ) ;
#2017 = DIRECTION ( 'NONE',  ( 0.000000000000000000, 0.000000000000000000, -1.000000000000000000 ) ) ;
#2018 = CARTESIAN_POINT ( 'NONE',  ( 23.42982412362723821, 17.82188885634453968, 1.473472968816620154 ) ) ;
#2019 = CARTESIAN_POINT ( 'NONE',  ( -4.576271100763339206, -29.64890795311554683, 0.000000000000000000 ) ) ;
#2020 = ORIENTED_EDGE ( 'NONE', *, *, #744, .F. ) ;
#2021 = CARTESIAN_POINT ( 'NONE',  ( -23.51969598801482420, 18.62321198221189533, 1.341596567714986143 ) ) ;
#2022 = CARTESIAN_POINT ( 'NONE',  ( 19.91858428704207995, 11.50000000000000533, -3.500000000000000000 ) ) ;
#2023 = CARTESIAN_POINT ( 'NONE',  ( 27.96484305153149919, 10.86128689903780931, 0.000000000000000000 ) ) ;
#2024 = CARTESIAN_POINT ( 'NONE',  ( -3.252341156514926279, -29.27224847284838916, 2.329501152829548172 ) ) ;
#2025 = CARTESIAN_POINT ( 'NONE',  ( -23.38857189812370407, 18.78762104595198679, -0.5000000000000000000 ) ) ;
#2026 = EDGE_LOOP ( 'NONE', ( #1308, #526, #647, #28 ) ) ;
#2027 = CARTESIAN_POINT ( 'NONE',  ( 23.27341402018331351, 18.01191639076416706, 0.5565269173979613404 ) ) ;
#2028 = CARTESIAN_POINT ( 'NONE',  ( -4.576281610060370042, -29.64890548952095628, -0.6216031609912803235 ) ) ;
#2029 = CARTESIAN_POINT ( 'NONE',  ( -28.03243891703221990, 10.68563764219150158, -1.440371863788970641 ) ) ;
#2030 = DIRECTION ( 'NONE',  ( -0.8660254037844432595, 0.4999999999999919509, -0.000000000000000000 ) ) ;
#2031 = DIRECTION ( 'NONE',  ( -0.000000000000000000, -0.000000000000000000, -1.000000000000000000 ) ) ;
#2032 = FACE_BOUND ( 'NONE', #256, .T. ) ;
#2033 = EDGE_LOOP ( 'NONE', ( #696, #4475, #2230, #2711, #2334, #301 ) ) ;
#2034 = CARTESIAN_POINT ( 'NONE',  ( -20.19715520895777772, 19.39515732258031022, -3.499999999999999112 ) ) ;
#2035 = CARTESIAN_POINT ( 'NONE',  ( 27.96484305153149919, 10.86128689903780931, 0.000000000000000000 ) ) ;
#2036 = ADVANCED_FACE ( 'NONE', ( #634 ), #1426, .F. ) ;
#2037 = VECTOR ( 'NONE', #2777, 1000.000000000000114 ) ;
#2038 = DIRECTION ( 'NONE',  ( -0.7071067811865479058, 0.000000000000000000, -0.7071067811865472397 ) ) ;
#2039 = VERTEX_POINT ( 'NONE', #4102 ) ;
#2040 = CARTESIAN_POINT ( 'NONE',  ( -24.05972017622954340, 17.92016105669669912, 2.912329560188271049 ) ) ;
#2041 = DIRECTION ( 'NONE',  ( 0.000000000000000000, 0.000000000000000000, 1.000000000000000000 ) ) ;
#2042 = CARTESIAN_POINT ( 'NONE',  ( 26.87474918709708760, 13.33238218383287332, 4.098413024925584125 ) ) ;
#2043 = ADVANCED_FACE ( 'NONE', ( #2447 ), #4251, .F. ) ;
#2044 = CARTESIAN_POINT ( 'NONE',  ( -26.91560990746164705, 11.96912963966092747, 2.537339533578859996 ) ) ;
#2045 = CIRCLE ( 'NONE', #4392, 1.650000000000000355 ) ;
#2046 = CARTESIAN_POINT ( 'NONE',  ( 2.803393929035559839, -29.33094152914264541, 2.853431272290061216 ) ) ;
#2047 = ORIENTED_EDGE ( 'NONE', *, *, #1735, .F. ) ;
#2048 = CIRCLE ( 'NONE', #2636, 30.00000000000000000 ) ;
#2049 = CARTESIAN_POINT ( 'NONE',  ( -23.03952855442836878, 18.31355999625711206, -1.889546247209577867 ) ) ;
#2050 = EDGE_LOOP ( 'NONE', ( #1933, #2598 ) ) ;
#2051 = CARTESIAN_POINT ( 'NONE',  ( -26.48521783845092514, 14.09094666054023293, 4.384838864365280031 ) ) ;
#2052 = CARTESIAN_POINT ( 'NONE',  ( 0.000000000000000000, 0.000000000000000000, 7.299999999999994493 ) ) ;
#2053 = CONICAL_SURFACE ( 'NONE', #3012, 3.500000000000001332, 0.7853981633974491672 ) ;
#2054 = CARTESIAN_POINT ( 'NONE',  ( -3.020270909242761981, -29.84780293542515395, 3.383926108761248663 ) ) ;
#2055 = DIRECTION ( 'NONE',  ( -0.5000000000000001110, -0.8660254037844385966, 0.000000000000000000 ) ) ;
#2056 = AXIS2_PLACEMENT_3D ( 'NONE', #4492, #267, #1649 ) ;
#2057 = DIRECTION ( 'NONE',  ( -0.000000000000000000, -1.000000000000000000, -0.000000000000000000 ) ) ;
#2058 = AXIS2_PLACEMENT_3D ( 'NONE', #378, #3230, #771 ) ;
#2059 = FACE_OUTER_BOUND ( 'NONE', #3986, .T. ) ;
#2060 = EDGE_LOOP ( 'NONE', ( #3970, #3016, #546, #2784, #2390 ) ) ;
#2061 = CARTESIAN_POINT ( 'NONE',  ( 23.18533944192189722, 18.12444185245144368, -1.284754254472997070 ) ) ;
#2062 = CARTESIAN_POINT ( 'NONE',  ( -23.38857189812370407, 18.78762104595199034, -0.5000000000000000000 ) ) ;
#2063 = B_SPLINE_CURVE_WITH_KNOTS ( 'NONE', 3,
 ( #786, #333, #4170, #1819 ),
 .UNSPECIFIED., .F., .F.,
 ( 4, 4 ),
 ( 0.000000000000000000, 1.000000000000000000 ),
 .UNSPECIFIED. ) ;
#2064 = PRESENTATION_LAYER_ASSIGNMENT (  '', '', ( #1559 ) ) ;
#2065 = EDGE_CURVE ( 'NONE', #3525, #1727, #2344, .T. ) ;
#2066 = CARTESIAN_POINT ( 'NONE',  ( -3.500000000000026645, 6.062177826491051746, -3.500000000000000000 ) ) ;
#2067 = ORIENTED_EDGE ( 'NONE', *, *, #3895, .F. ) ;
#2068 = CARTESIAN_POINT ( 'NONE',  ( -24.08915767512351636, 17.88057712236053831, 2.968155105460294596 ) ) ;
#2069 = CARTESIAN_POINT ( 'NONE',  ( -7.000000000000000000, -38.49999999999999289, -0.5000000000000000000 ) ) ;
#2070 = CARTESIAN_POINT ( 'NONE',  ( 25.11375752321185217, 15.47133239865978638, 3.910570202316554500 ) ) ;
#2071 = CARTESIAN_POINT ( 'NONE',  ( 25.21505135183334545, 16.25441930469744278, 4.262412232907224485 ) ) ;
#2072 = CARTESIAN_POINT ( 'NONE',  ( -24.31501598048076929, 16.66314505160679715, 3.291805462711682839 ) ) ;
#2073 = EDGE_CURVE ( 'NONE', #3400, #1577, #3671, .T. ) ;
#2074 = CARTESIAN_POINT ( 'NONE',  ( 0.4228632836569135023, -29.49618725380854301, 3.977722970771479183 ) ) ;
#2075 = ORIENTED_EDGE ( 'NONE', *, *, #3573, .T. ) ;
#2076 = EDGE_CURVE ( 'NONE', #2823, #3420, #2377, .T. ) ;
#2077 =( NAMED_UNIT ( * ) SI_UNIT ( $, .STERADIAN. ) SOLID_ANGLE_UNIT ( ) );
#2078 = ORIENTED_EDGE ( 'NONE', *, *, #269, .F. ) ;
#2079 = CARTESIAN_POINT ( 'NONE',  ( -25.36594934632946874, 16.01792587340211327, 4.346100478203260842 ) ) ;
#2080 = CYLINDRICAL_SURFACE ( 'NONE', #2931, 30.00000000000000000 ) ;
#2081 = CARTESIAN_POINT ( 'NONE',  ( -4.255689831380987442, -29.69663189465203956, 1.656261559548615425 ) ) ;
#2082 = DIRECTION ( 'NONE',  ( -0.8660254037844363761, -0.5000000000000039968, 0.000000000000000000 ) ) ;
#2083 = FACE_OUTER_BOUND ( 'NONE', #2947, .T. ) ;
#2084 = CARTESIAN_POINT ( 'NONE',  ( 18.41057158514981040, 13.11195461813663066, 0.000000000000000000 ) ) ;
#2085 = CARTESIAN_POINT ( 'NONE',  ( -4.441992200947753489, -29.09552202776635355, -2.067353214814033002 ) ) ;
#2086 = ORIENTED_EDGE ( 'NONE', *, *, #3450, .T. ) ;
#2087 = CARTESIAN_POINT ( 'NONE',  ( 23.19639605360364598, 18.11000775260357543, -1.214868938182977809 ) ) ;
#2088 = DIRECTION ( 'NONE',  ( 0.000000000000000000, 0.000000000000000000, 1.000000000000000000 ) ) ;
#2089 = DIRECTION ( 'NONE',  ( 0.6509445828009485790, 0.7591252532501464589, -0.000000000000000000 ) ) ;
#2090 = ORIENTED_EDGE ( 'NONE', *, *, #269, .T. ) ;
#2091 = CARTESIAN_POINT ( 'NONE',  ( -23.52683162524497007, 18.61419717137515661, 1.376893968699994808 ) ) ;
#2092 = CARTESIAN_POINT ( 'NONE',  ( -11.25833024919770331, 19.50000000000000000, -3.500000000000000000 ) ) ;
#2093 = CARTESIAN_POINT ( 'NONE',  ( 26.39920824351444395, 13.13184413834668973, 3.558371937764793547 ) ) ;
#2094 = CARTESIAN_POINT ( 'NONE',  ( 25.67745532570637224, 15.51353249303062221, 4.461777354423883679 ) ) ;
#2095 = CARTESIAN_POINT ( 'NONE',  ( -23.60026057000791511, 17.61009314939677139, 2.023369045201857563 ) ) ;
#2096 = EDGE_CURVE ( 'NONE', #1634, #2469, #3096, .T. ) ;
#2097 = CARTESIAN_POINT ( 'NONE',  ( 1.222268865451503927, -29.46801940365937966, 3.809239589147038973 ) ) ;
#2098 = EDGE_LOOP ( 'NONE', ( #2320, #957, #2848, #3866 ) ) ;
#2099 = ORIENTED_EDGE ( 'NONE', *, *, #3844, .F. ) ;
#2100 = CARTESIAN_POINT ( 'NONE',  ( -27.02105728221259540, 13.03329823837548496, 3.933892510380192498 ) ) ;
#2101 = DIRECTION ( 'NONE',  ( -0.000000000000000000, -0.000000000000000000, -1.000000000000000000 ) ) ;
#2102 = EDGE_CURVE ( 'NONE', #2236, #847, #4493, .T. ) ;
#2103 = CARTESIAN_POINT ( 'NONE',  ( 0.000000000000000000, 0.000000000000000000, 7.500000000000000000 ) ) ;
#2104 = CARTESIAN_POINT ( 'NONE',  ( 10.82531754730544726, 6.250000000000045297, 0.000000000000000000 ) ) ;
#2105 = CARTESIAN_POINT ( 'NONE',  ( -25.51666049839540307, 6.938893903907228378E-15, -2.999999999999999556 ) ) ;
#2106 = CARTESIAN_POINT ( 'NONE',  ( -4.698621628123285099, -28.67967329112492791, -2.438638559979529052 ) ) ;
#2107 = EDGE_LOOP ( 'NONE', ( #278, #1985, #3217, #3515 ) ) ;
#2108 = CARTESIAN_POINT ( 'NONE',  ( 11.25833024919771042, -22.49999999999998934, -3.500000000000000000 ) ) ;
#2109 = CARTESIAN_POINT ( 'NONE',  ( -23.38857189812370407, 18.78762104595199034, -0.5000000000000000000 ) ) ;
#2110 = DIRECTION ( 'NONE',  ( 1.000000000000000000, 0.000000000000000000, 0.000000000000000000 ) ) ;
#2111 = ORIENTED_EDGE ( 'NONE', *, *, #2515, .T. ) ;
#2112 = CARTESIAN_POINT ( 'NONE',  ( -20.08364779650332466, 16.21410161513756165, 0.000000000000000000 ) ) ;
#2113 = DIRECTION ( 'NONE',  ( 0.5000000000000003331, -0.8660254037844383745, 0.000000000000000000 ) ) ;
#2114 = CARTESIAN_POINT ( 'NONE',  ( 26.37992522141122365, 13.17222424908265310, 3.581158610254401520 ) ) ;
#2115 = CARTESIAN_POINT ( 'NONE',  ( 25.94513363061225064, 15.06172713147224052, 4.500053976700510106 ) ) ;
#2116 = CARTESIAN_POINT ( 'NONE',  ( -23.76895360042957961, 17.39546428037688131, 2.426752780530049058 ) ) ;
#2117 = CARTESIAN_POINT ( 'NONE',  ( -0.5235399411395255109, -29.49420977344241379, 3.966130447799809389 ) ) ;
#2118 = EDGE_LOOP ( 'NONE', ( #113, #2270, #1248, #1059 ) ) ;
#2119 = ORIENTED_EDGE ( 'NONE', *, *, #2096, .F. ) ;
#2120 = CARTESIAN_POINT ( 'NONE',  ( -27.42450254484219130, 12.16130801170236353, 3.236001457446906038 ) ) ;
#2121 = VECTOR ( 'NONE', #2017, 1000.000000000000000 ) ;
#2122 = FACE_OUTER_BOUND ( 'NONE', #3143, .T. ) ;
#2123 = AXIS2_PLACEMENT_3D ( 'NONE', #4190, #3503, #1034 ) ;
#2124 = CARTESIAN_POINT ( 'NONE',  ( -27.28889679459785000, 11.01687202584382952, -1.284754254473006840 ) ) ;
#2125 = ADVANCED_FACE ( 'NONE', ( #4195 ), #3118, .T. ) ;
#2126 = CARTESIAN_POINT ( 'NONE',  ( -22.97646507455837650, 18.39463910266716340, -2.067353244402692081 ) ) ;
#2127 = VECTOR ( 'NONE', #652, 999.9999999999998863 ) ;
#2128 = CARTESIAN_POINT ( 'NONE',  ( 0.000000000000000000, 0.000000000000000000, 6.500000000000000888 ) ) ;
#2129 = CARTESIAN_POINT ( 'NONE',  ( -28.50000000000000000, 3.490243377569956456E-15, 7.299999999999994493 ) ) ;
#2130 = CIRCLE ( 'NONE', #388, 2.999999999999999112 ) ;
#2131 = EDGE_CURVE ( 'NONE', #2414, #3632, #2858, .T. ) ;
#2132 = CARTESIAN_POINT ( 'NONE',  ( 23.24875839139141220, 18.04147906911156696, -0.7762142296414974441 ) ) ;
#2133 = AXIS2_PLACEMENT_3D ( 'NONE', #111, #1883, #1476 ) ;
#2134 = B_SPLINE_CURVE_WITH_KNOTS ( 'NONE', 3,
 ( #2555, #469, #3963, #1849, #3251, #3187, #1445, #442, #421, #2838, #144, #2467, #787, #2818, #122, #1802, #4263, #1872, #3229, #2219, #1508, #1104, #3619, #98, #492, #2489, #3898, #2150, #3204, #1488, #74, #2511, #3917, #2883, #4282, #1146, #1007, #239, #1342, #2956, #2044, #538, #4011, #1921, #4375, #2388, #2607, #3452, #584, #2629, #2262, #1944, #878, #1580, #902, #169, #3990, #3663, #3322, #195, #1194, #3344, #4330, #2586, #2978, #1236, #4480, #4032, #2287, #1530, #926, #3691, #563, #1964, #1558, #4355, #2656, #3295, #2930, #2738, #857, #216, #2240, #3640, #2998, #3085, #512, #1216, #664, #4136, #3792, #1600, #1893, #4398, #2309, #1626, #4057, #3713, #1258, #3365, #4209, #4247, #3108, #2760, #692, #2811, #2458, #1115, #758, #2141, #1028, #4158, #715, #3153, #4504, #2846, #25, #1417, #2072, #1705, #1437, #2828, #4227, #2412, #3817, #1366, #1095, #3863, #2476, #4185, #3179, #47, #413, #391, #1794, #3475, #3496, #1725, #3885, #1078, #3542, #736, #1389, #366, #2116, #343, #3130, #2781, #1055, #3843, #4526, #2439, #321, #2095, #1748, #3520, #1776, #3196, #64, #2500, #1453, #3909, #779, #2160, #2177, #1834, #155, #797, #4019, #3309, #1811, #452, #2893, #888, #4343 ),
 .UNSPECIFIED., .F., .F.,
 ( 4, 2, 1, 1, 2, 2, 2, 1, 1, 2, 2, 2, 1, 2, 2, 2, 1, 1, 2, 2, 2, 1, 1, 1, 2, 2, 2, 2, 2, 2, 2, 1, 1, 2, 2, 2, 1, 1, 2, 2, 2, 1, 2, 2, 2, 1, 2, 2, 2, 1, 2, 2, 2, 2, 1, 2, 2, 2, 1, 1, 2, 2, 2, 1, 2, 2, 2, 1, 1, 2, 2, 2, 1, 1, 1, 2, 2, 2, 2, 2, 2, 2, 1, 1, 2, 2, 2, 1, 1, 2, 2, 2, 1, 2, 2, 2, 1, 2, 2, 2, 1, 2, 2, 4 ),
 ( 0.000000000000000000, 0.03124999999998285399, 0.04687499999997428446, 0.05468749999997005173, 0.05859374999996793537, 0.06249999999996581901, 0.09374999999994891586, 0.1093749999999404920, 0.1171874999999363287, 0.1210937499999343164, 0.1249999999999323042, 0.1406249999999245048, 0.1484374999999205635, 0.1523437499999185651, 0.1562499999999165945, 0.1718749999999086564, 0.1796874999999045208, 0.1835937499999026890, 0.1855468749999018008, 0.1874999999999009126, 0.2031249999998958611, 0.2109374999998933353, 0.2148437499998921141, 0.2167968749998914202, 0.2177734374998911704, 0.2187499999998909206, 0.2343749999998916977, 0.2421874999998920586, 0.2499999999998924749, 0.2656249999998934741, 0.2734374999998938627, 0.2773437499998944178, 0.2792968749998942513, 0.2802734374998939737, 0.2812499999998936406, 0.2968749999998880340, 0.3046874999998850364, 0.3085937499998833156, 0.3105468749998824274, 0.3124999999998814837, 0.3281249999998736011, 0.3359374999998696598, 0.3398437499998678279, 0.3437499999998659961, 0.3593749999998597788, 0.3671874999998566702, 0.3710937499998551159, 0.3749999999998535616, 0.4062499999998420708, 0.4218749999998364086, 0.4296874999998334110, 0.4374999999998304134, 0.4999999999998065991, 0.5312499999997947198, 0.5468749999997889466, 0.5546874999997861710, 0.5624999999997832845, 0.5937499999997714051, 0.6093749999997650768, 0.6171874999997621902, 0.6210937499997607469, 0.6249999999997591926, 0.6406249999997530864, 0.6484374999997505329, 0.6523437499997493116, 0.6562499999997480904, 0.6718749999997435385, 0.6796874999997412070, 0.6835937499997400968, 0.6855468749997393196, 0.6874999999997385425, 0.7031249999997339906, 0.7109374999997319922, 0.7148437499997311040, 0.7167968749997303268, 0.7177734374997297717, 0.7187499999997292166, 0.7343749999997356559, 0.7421874999997390976, 0.7499999999997425393, 0.7656249999997495337, 0.7734374999997531974, 0.7773437499997551958, 0.7792968749997563060, 0.7802734374997573052, 0.7812499999997583044, 0.7968749999997751798, 0.8046874999997837286, 0.8085937499997881694, 0.8105468749997901678, 0.8124999999997922773, 0.8281249999998085976, 0.8359374999998167022, 0.8398437499998205880, 0.8437499999998245848, 0.8593749999998414602, 0.8671874999998498978, 0.8710937499998542277, 0.8749999999998585576, 0.9062499999998939737, 0.9218749999999117373, 0.9296874999999205080, 0.9374999999999293898, 1.000000000000000000 ),
 .UNSPECIFIED. ) ;
#2135 = CARTESIAN_POINT ( 'NONE',  ( 0.000000000000000000, 0.000000000000000000, -3.500000000000000000 ) ) ;
#2136 = ORIENTED_EDGE ( 'NONE', *, *, #3560, .T. ) ;
#2137 = AXIS2_PLACEMENT_3D ( 'NONE', #2750, #3225, #3831 ) ;
#2138 = DIRECTION ( 'NONE',  ( -0.000000000000000000, -0.000000000000000000, -1.000000000000000000 ) ) ;
#2139 = CARTESIAN_POINT ( 'NONE',  ( 26.32204971366611090, 13.29214594557094209, 3.644554289035955463 ) ) ;
#2140 = CARTESIAN_POINT ( 'NONE',  ( 24.65218868145167264, 17.09600696045858825, 3.782955082334507058 ) ) ;
#2141 = CARTESIAN_POINT ( 'NONE',  ( -24.54592672821211963, 16.33449556957539883, 3.534351677106096989 ) ) ;
#2142 = VECTOR ( 'NONE', #4371, 1000.000000000000000 ) ;
#2143 = CARTESIAN_POINT ( 'NONE',  ( 2.434227122111270791, -29.37283770850509868, 3.176720891683654902 ) ) ;
#2144 = ORIENTED_EDGE ( 'NONE', *, *, #2131, .T. ) ;
#2145 = EDGE_LOOP ( 'NONE', ( #3439, #2895 ) ) ;
#2146 = CARTESIAN_POINT ( 'NONE',  ( -26.93353404510727955, 13.21322930181556998, 4.036736172331454320 ) ) ;
#2147 = CARTESIAN_POINT ( 'NONE',  ( -25.11473670974871908, 1.500000000000007105, -3.500000000000000000 ) ) ;
#2148 = CARTESIAN_POINT ( 'NONE',  ( -27.40619914623962217, 10.73113329165389906, -2.015027586981564589 ) ) ;
#2149 = CARTESIAN_POINT ( 'NONE',  ( 27.72614948854795358, 10.94528397655965790, 0.000000000000000000 ) ) ;
#2150 = CARTESIAN_POINT ( 'NONE',  ( -27.02785269927335321, 11.69170336812226019, 2.125861258548184196 ) ) ;
#2151 = EDGE_CURVE ( 'NONE', #1927, #4365, #3551, .T. ) ;
#2152 = DIRECTION ( 'NONE',  ( -0.000000000000000000, -0.000000000000000000, -1.000000000000000000 ) ) ;
#2153 = CARTESIAN_POINT ( 'NONE',  ( 23.22534127822381933, 18.07227444029992114, -1.051066864533665379 ) ) ;
#2154 = ADVANCED_FACE ( 'NONE', ( #3272 ), #1822, .T. ) ;
#2155 = CARTESIAN_POINT ( 'NONE',  ( 27.85287753135335720, 10.67921728949586857, -1.670126865615964018 ) ) ;
#2156 = ORIENTED_EDGE ( 'NONE', *, *, #2542, .F. ) ;
#2157 = DIRECTION ( 'NONE',  ( -0.000000000000000000, -0.000000000000000000, -1.000000000000000000 ) ) ;
#2158 = CARTESIAN_POINT ( 'NONE',  ( 26.56191934082574235, 12.78346537913537340, 3.333960783453603138 ) ) ;
#2159 = CARTESIAN_POINT ( 'NONE',  ( 26.61289194255822466, 12.67130648431945694, 3.249990795411564548 ) ) ;
#2160 = CARTESIAN_POINT ( 'NONE',  ( -23.45328015863515958, 17.79301808793601225, 1.561717309488067862 ) ) ;
#2161 = LINE ( 'NONE', #4000, #171 ) ;
#2162 = ORIENTED_EDGE ( 'NONE', *, *, #3033, .T. ) ;
#2163 = ORIENTED_EDGE ( 'NONE', *, *, #2076, .F. ) ;
#2164 = CARTESIAN_POINT ( 'NONE',  ( -27.95386286322303349, 10.88951828921529774, 0.5192635605189842574 ) ) ;
#2165 = CARTESIAN_POINT ( 'NONE',  ( 27.05027510660058709, 12.97304993890613822, 3.898733074850341485 ) ) ;
#2166 = CARTESIAN_POINT ( 'NONE',  ( -2.847624845037164842, -29.86460068597324025, 3.523413346908093935 ) ) ;
#2167 = CARTESIAN_POINT ( 'NONE',  ( 22.08364779650311860, 12.75000000000009770, 0.000000000000000000 ) ) ;
#2168 = CARTESIAN_POINT ( 'NONE',  ( -13.85640646055101577, 20.99999999999999645, 3.500000000000000000 ) ) ;
#2169 = CARTESIAN_POINT ( 'NONE',  ( 27.25247701441776726, 11.10439622377220203, -0.7758636175019598680 ) ) ;
#2170 = DIRECTION ( 'NONE',  ( 0.4999999999999924505, 0.8660254037844429265, 0.000000000000000000 ) ) ;
#2171 = CARTESIAN_POINT ( 'NONE',  ( -23.57242716175851882, 18.55650880863111141, 1.588692681613674829 ) ) ;
#2172 = ORIENTED_EDGE ( 'NONE', *, *, #10, .T. ) ;
#2173 = EDGE_CURVE ( 'NONE', #1955, #227, #2130, .T. ) ;
#2174 = CARTESIAN_POINT ( 'NONE',  ( -19.48557158514997312, 11.24999999999981881, 0.000000000000000000 ) ) ;
#2175 = CARTESIAN_POINT ( 'NONE',  ( 26.98213149295309421, 11.80595973382473041, 2.308604575546617355 ) ) ;
#2176 = CARTESIAN_POINT ( 'NONE',  ( 27.16979284973531605, 11.32534619956535415, 1.317736007030803513 ) ) ;
#2177 = CARTESIAN_POINT ( 'NONE',  ( -23.44973767599076453, 17.79738121259022421, 1.548579444541445582 ) ) ;
#2178 = CARTESIAN_POINT ( 'NONE',  ( 3.896264465785491460, -29.17254809843068486, 0.9144508364176446857 ) ) ;
#2179 = ORIENTED_EDGE ( 'NONE', *, *, #2716, .T. ) ;
#2180 = VERTEX_POINT ( 'NONE', #1167 ) ;
#2181 = EDGE_CURVE ( 'NONE', #3796, #1814, #2904, .T. ) ;
#2182 = CARTESIAN_POINT ( 'NONE',  ( -23.63370718986569230, 17.56796263136567759, 2.112246677259027372 ) ) ;
#2183 = DIRECTION ( 'NONE',  ( -0.7071067811865414665, 8.659560562354857670E-17, 0.7071067811865536790 ) ) ;
#2184 = CARTESIAN_POINT ( 'NONE',  ( 0.07127150460368381069, -30.00000839442810019, 4.500053928435868933 ) ) ;
#2185 = AXIS2_PLACEMENT_3D ( 'NONE', #3924, #4290, #2138 ) ;
#2186 = CARTESIAN_POINT ( 'NONE',  ( 0.000000000000000000, 0.000000000000000000, -3.500000000000000000 ) ) ;
#2187 = ORIENTED_EDGE ( 'NONE', *, *, #1150, .T. ) ;
#2188 = DIRECTION ( 'NONE',  ( 0.000000000000000000, 0.000000000000000000, -1.000000000000000000 ) ) ;
#2189 = DIRECTION ( 'NONE',  ( -0.000000000000000000, -0.000000000000000000, -1.000000000000000000 ) ) ;
#2190 = CARTESIAN_POINT ( 'NONE',  ( 4.576301225936536099, -29.64890330333351187, -0.8444209813118053187 ) ) ;
#2191 = VECTOR ( 'NONE', #468, 1000.000000000000114 ) ;
#2192 = CARTESIAN_POINT ( 'NONE',  ( -1.547047347498653913, -29.44862019904251937, 3.688758183289613690 ) ) ;
#2193 = CARTESIAN_POINT ( 'NONE',  ( 27.26995141717705096, 11.06246500603394090, -1.074281461351586309 ) ) ;
#2194 = AXIS2_PLACEMENT_3D ( 'NONE', #292, #4201, #382 ) ;
#2195 = FACE_OUTER_BOUND ( 'NONE', #1003, .T. ) ;
#2196 = AXIS2_PLACEMENT_3D ( 'NONE', #4472, #1674, #3076 ) ;
#2197 = DIRECTION ( 'NONE',  ( 0.000000000000000000, 0.000000000000000000, -1.000000000000000000 ) ) ;
#2198 = VERTEX_POINT ( 'NONE', #2859 ) ;
#2199 = DIRECTION ( 'NONE',  ( 1.000000000000000000, 0.000000000000000000, 0.000000000000000000 ) ) ;
#2200 = CIRCLE ( 'NONE', #2562, 1.650000000000000355 ) ;
#2201 = CARTESIAN_POINT ( 'NONE',  ( 27.21730509403755605, 11.19850829894961031, 0.8422047723492728233 ) ) ;
#2202 = CARTESIAN_POINT ( 'NONE',  ( 23.38857189812342696, 18.78762104595232785, 4.336808689942001466E-16 ) ) ;
#2203 = CARTESIAN_POINT ( 'NONE',  ( 3.557895193741113182, -29.22721788423039158, 1.829223893154156899 ) ) ;
#2204 = EDGE_CURVE ( 'NONE', #357, #2644, #4058, .T. ) ;
#2205 = AXIS2_PLACEMENT_3D ( 'NONE', #1180, #480, #4294 ) ;
#2206 = CARTESIAN_POINT ( 'NONE',  ( 11.78502884254439920, 13.43502884254440488, 6.500000000000000888 ) ) ;
#2207 = ORIENTED_EDGE ( 'NONE', *, *, #3087, .F. ) ;
#2208 = ORIENTED_EDGE ( 'NONE', *, *, #1842, .T. ) ;
#2209 = CARTESIAN_POINT ( 'NONE',  ( -27.81249490936282953, 11.24571870795391249, 1.861238830763931817 ) ) ;
#2210 = CARTESIAN_POINT ( 'NONE',  ( 27.73543238365823527, 11.43463279048589953, 2.251600299415052575 ) ) ;
#2211 = AXIS2_PLACEMENT_3D ( 'NONE', #1492, #774, #2841 ) ;
#2212 = EDGE_CURVE ( 'NONE', #3637, #574, #834, .T. ) ;
#2213 = EDGE_CURVE ( 'NONE', #2523, #2198, #1692, .T. ) ;
#2214 = CARTESIAN_POINT ( 'NONE',  ( -0.8211135171260370846, -29.98885138057853439, 4.427585968778709358 ) ) ;
#2215 = DIRECTION ( 'NONE',  ( -0.8660254037844385966, 0.5000000000000001110, 0.000000000000000000 ) ) ;
#2216 = EDGE_LOOP ( 'NONE', ( #668, #1181 ) ) ;
#2217 = DIRECTION ( 'NONE',  ( 0.000000000000000000, 0.000000000000000000, -1.000000000000000000 ) ) ;
#2218 = CARTESIAN_POINT ( 'NONE',  ( 22.97646498088936795, 18.39463910104158018, -2.067353318540936957 ) ) ;
#2219 = CARTESIAN_POINT ( 'NONE',  ( -27.10646767659440215, 11.49103906920812079, 1.740351564548747509 ) ) ;
#2220 = CARTESIAN_POINT ( 'NONE',  ( -2.266201438730822915, -29.38963196053889959, 3.296168228167084102 ) ) ;
#2221 = FACE_OUTER_BOUND ( 'NONE', #938, .T. ) ;
#2222 = CARTESIAN_POINT ( 'NONE',  ( 23.38857189812342696, 18.78762104595233140, -0.5000000000000000000 ) ) ;
#2223 = CARTESIAN_POINT ( 'NONE',  ( -23.77039867135326645, 18.30227263392892567, 2.251600299455621013 ) ) ;
#2224 = VERTEX_POINT ( 'NONE', #2531 ) ;
#2225 = PLANE ( 'NONE',  #2185 ) ;
#2226 = CARTESIAN_POINT ( 'NONE',  ( 27.19550772091342239, 11.25703444204589587, 1.091080985704185657 ) ) ;
#2227 = CARTESIAN_POINT ( 'NONE',  ( 26.37490362961628065, 13.18278869851874902, 3.587260152778166233 ) ) ;
#2228 = CARTESIAN_POINT ( 'NONE',  ( 2.522678407358229347, -29.36316980388131270, 3.104218516050826437 ) ) ;
#2229 = DIRECTION ( 'NONE',  ( -0.000000000000000000, -0.000000000000000000, -1.000000000000000000 ) ) ;
#2230 = ORIENTED_EDGE ( 'NONE', *, *, #4175, .F. ) ;
#2231 = ORIENTED_EDGE ( 'NONE', *, *, #1287, .T. ) ;
#2232 = CARTESIAN_POINT ( 'NONE',  ( -24.47258356942679214, 16.44027652736106759, 3.463911230893410131 ) ) ;
#2233 = CARTESIAN_POINT ( 'NONE',  ( 26.87543644461874592, 13.33154197492052440, 4.099909026216136176 ) ) ;
#2234 = CARTESIAN_POINT ( 'NONE',  ( 2.479481961763738251, -29.89742513961931891, 3.782955041773471194 ) ) ;
#2235 = CARTESIAN_POINT ( 'NONE',  ( -22.51666049839540662, 6.938893903907228378E-15, -2.999999999999999556 ) ) ;
#2236 = VERTEX_POINT ( 'NONE', #55 ) ;
#2237 = LINE ( 'NONE', #3638, #3675 ) ;
#2238 = CARTESIAN_POINT ( 'NONE',  ( 23.08276657302189250, 18.59484709539179548, -1.859244661182396063 ) ) ;
#2239 = EDGE_CURVE ( 'NONE', #3769, #3637, #2134, .T. ) ;
#2240 = CARTESIAN_POINT ( 'NONE',  ( -26.02748583785070480, 13.87675349926867696, 3.874901648047766933 ) ) ;
#2241 = CARTESIAN_POINT ( 'NONE',  ( -2.630143180343009340E-15, -29.50000003722400166, 3.999999997846332978 ) ) ;
#2242 = FACE_OUTER_BOUND ( 'NONE', #4230, .T. ) ;
#2243 = EDGE_CURVE ( 'NONE', #1200, #4187, #3528, .T. ) ;
#2244 = CARTESIAN_POINT ( 'NONE',  ( 4.000000000000000000, -29.15475952416974437, -0.5000000000000005551 ) ) ;
#2245 = B_SPLINE_CURVE_WITH_KNOTS ( 'NONE', 3,
 ( #1767, #3169, #2863, #1447, #406, #1149, #1786, #772, #4334, #2840 ),
 .UNSPECIFIED., .F., .F.,
 ( 4, 2, 2, 2, 4 ),
 ( 0.000000000000000000, 0.0009184745423842704875, 0.001836949084768540975, 0.002755423627152811354, 0.003673898169537081950 ),
 .UNSPECIFIED. ) ;
#2246 = CARTESIAN_POINT ( 'NONE',  ( 30.00000000000000000, 0.000000000000000000, -1.499999999999988676 ) ) ;
#2247 = EDGE_LOOP ( 'NONE', ( #3702, #2144, #4071, #3788, #3090, #2755, #1878, #958, #465, #1370, #1206, #3931, #312 ) ) ;
#2248 = CARTESIAN_POINT ( 'NONE',  ( -26.97871376374785157, 7.493263885234633825, -3.500000000000000000 ) ) ;
#2249 = CARTESIAN_POINT ( 'NONE',  ( 27.17528512132843588, 11.31092343994970584, 1.279542965236077690 ) ) ;
#2250 = CARTESIAN_POINT ( 'NONE',  ( 27.13115333864541512, 11.42691940685177876, 1.593272884208075890 ) ) ;
#2251 = CARTESIAN_POINT ( 'NONE',  ( 3.307561310545473532, -29.26438365648981588, 2.249464821364538736 ) ) ;
#2252 = CARTESIAN_POINT ( 'NONE',  ( 3.719296431216878585, -29.20176735506361965, 1.473472968782748360 ) ) ;
#2253 = VERTEX_POINT ( 'NONE', #845 ) ;
#2254 = ORIENTED_EDGE ( 'NONE', *, *, #2885, .F. ) ;
#2255 = CARTESIAN_POINT ( 'NONE',  ( -27.96484292681176242, 10.86128711415064174, 0.07443044461354723917 ) ) ;
#2256 = CARTESIAN_POINT ( 'NONE',  ( 26.27545452164915574, 14.47834873289739477, 4.463684846554446750 ) ) ;
#2257 = CARTESIAN_POINT ( 'NONE',  ( 1.184268796169374971, -29.97695643263609355, 4.349180870278656741 ) ) ;
#2258 = FACE_OUTER_BOUND ( 'NONE', #3510, .T. ) ;
#2259 = VERTEX_POINT ( 'NONE', #1905 ) ;
#2260 = DIRECTION ( 'NONE',  ( 1.000000000000000000, 0.000000000000000000, 0.000000000000000000 ) ) ;
#2261 = DIRECTION ( 'NONE',  ( -0.000000000000000000, -0.000000000000000000, -1.000000000000000000 ) ) ;
#2262 = CARTESIAN_POINT ( 'NONE',  ( -26.72757399676186196, 12.41255846039665656, 3.027663600397537458 ) ) ;
#2263 = EDGE_CURVE ( 'NONE', #2619, #2314, #2958, .T. ) ;
#2264 = CARTESIAN_POINT ( 'NONE',  ( -1.899808108479179136, -29.42247957819325066, 3.520087515053246019 ) ) ;
#2265 = CARTESIAN_POINT ( 'NONE',  ( 28.09023083939950283, 10.53279735612172630, -1.762523004444909613 ) ) ;
#2266 = CIRCLE ( 'NONE', #1896, 30.00000000000000000 ) ;
#2267 = CARTESIAN_POINT ( 'NONE',  ( -4.562226638798151157, -29.28768580430214286, -1.859244652531857778 ) ) ;
#2268 = CIRCLE ( 'NONE', #4182, 30.00000000000000000 ) ;
#2269 = CARTESIAN_POINT ( 'NONE',  ( -24.33635536748953143, 17.54385041735775985, 3.389137080684774705 ) ) ;
#2270 = ORIENTED_EDGE ( 'NONE', *, *, #1602, .F. ) ;
#2271 = DIRECTION ( 'NONE',  ( 0.6123724356957929160, -0.3535533905932742860, 0.7071067811865485719 ) ) ;
#2272 = CARTESIAN_POINT ( 'NONE',  ( 24.57181536482883644, 16.29701828652709494, 3.558612708127525615 ) ) ;
#2273 = CARTESIAN_POINT ( 'NONE',  ( 25.11473670974871908, 1.499999999999996447, -2.999999999999999112 ) ) ;
#2274 = AXIS2_PLACEMENT_3D ( 'NONE', #1286, #2680, #4081 ) ;
#2275 = CARTESIAN_POINT ( 'NONE',  ( 0.7461989410152760627, -29.99107655113090942, 4.442203916307513545 ) ) ;
#2276 = ORIENTED_EDGE ( 'NONE', *, *, #550, .F. ) ;
#2277 = ORIENTED_EDGE ( 'NONE', *, *, #4314, .F. ) ;
#2278 = CARTESIAN_POINT ( 'NONE',  ( -25.77179586052273663, 14.35307361654081859, 3.974086497688753106 ) ) ;
#2279 = CARTESIAN_POINT ( 'NONE',  ( 23.57273216913714364, 18.55612160730899873, 1.589981270603222807 ) ) ;
#2280 = CARTESIAN_POINT ( 'NONE',  ( 4.102074203226065308, -29.71823146950256955, 1.995141212418153120 ) ) ;
#2281 = CARTESIAN_POINT ( 'NONE',  ( 22.51666049839540307, -3.469446951953614189E-15, 3.500000000000000000 ) ) ;
#2282 = EDGE_LOOP ( 'NONE', ( #2162, #1639, #3978, #213 ) ) ;
#2283 = CARTESIAN_POINT ( 'NONE',  ( 23.82337528283132144, 17.32503711842915095, 2.537339533509144207 ) ) ;
#2284 = VECTOR ( 'NONE', #1360, 999.9999999999998863 ) ;
#2285 = CARTESIAN_POINT ( 'NONE',  ( 7.000000000000000000, -27.11088342345189162, -3.500000000000000000 ) ) ;
#2286 = PRODUCT_DEFINITION_CONTEXT ( 'detailed design', #1278, 'design' ) ;
#2287 = CARTESIAN_POINT ( 'NONE',  ( -26.46533924519593484, 12.99210630494519414, 3.475153242521015429 ) ) ;
#2288 = AXIS2_PLACEMENT_3D ( 'NONE', #829, #2215, #3935 ) ;
#2289 = CARTESIAN_POINT ( 'NONE',  ( -0.8413827398813352731, -29.48483005751896613, 3.910636777545799081 ) ) ;
#2290 = CARTESIAN_POINT ( 'NONE',  ( 30.00000000000000000, 3.673940397442059178E-15, 3.500000000000000000 ) ) ;
#2291 = CARTESIAN_POINT ( 'NONE',  ( 4.000012400970136106, -29.15475710163506307, -0.6459237886047485278 ) ) ;
#2292 = DIRECTION ( 'NONE',  ( 0.000000000000000000, 0.000000000000000000, 1.000000000000000000 ) ) ;
#2293 = ORIENTED_EDGE ( 'NONE', *, *, #4123, .T. ) ;
#2294 = CARTESIAN_POINT ( 'NONE',  ( -35.34197804570101908, 15.78589838486191255, -0.5000000000000000000 ) ) ;
#2295 = CARTESIAN_POINT ( 'NONE',  ( 23.46190076935699054, 17.78241165633058785, 1.594432455245679892 ) ) ;
#2296 = EDGE_CURVE ( 'NONE', #1456, #2416, #592, .T. ) ;
#2297 = ADVANCED_FACE ( 'NONE', ( #4451 ), #1974, .F. ) ;
#2298 = DIRECTION ( 'NONE',  ( -0.5000000000000036637, 0.8660254037844364872, 0.000000000000000000 ) ) ;
#2299 = LINE ( 'NONE', #4109, #31 ) ;
#2300 = ORIENTED_EDGE ( 'NONE', *, *, #2065, .T. ) ;
#2301 = ORIENTED_EDGE ( 'NONE', *, *, #3250, .F. ) ;
#2302 = CARTESIAN_POINT ( 'NONE',  ( -26.15926533604402238, 13.62018991692193204, 3.788810899193067350 ) ) ;
#2303 = CARTESIAN_POINT ( 'NONE',  ( 27.26273755561366485, 12.51985509232091864, 3.568582340421739385 ) ) ;
#2304 = CARTESIAN_POINT ( 'NONE',  ( -3.897635974247047663, -29.17231588406833254, 0.9085397457423644019 ) ) ;
#2305 = FACE_BOUND ( 'NONE', #782, .T. ) ;
#2306 = ORIENTED_EDGE ( 'NONE', *, *, #1312, .F. ) ;
#2307 = CARTESIAN_POINT ( 'NONE',  ( 23.59122550387938944, 17.62147725315919899, 1.999450830146674685 ) ) ;
#2308 = CARTESIAN_POINT ( 'NONE',  ( -4.622542273845903438, -29.64173205179083226, -0.9785678895227597485 ) ) ;
#2309 = CARTESIAN_POINT ( 'NONE',  ( -25.16152051790200517, 15.39477365874130044, 3.928895846889767451 ) ) ;
#2310 = CARTESIAN_POINT ( 'NONE',  ( -3.720078369632105808, -29.20162960579034817, 1.470138670950061899 ) ) ;
#2311 = CARTESIAN_POINT ( 'NONE',  ( 22.51666049839540307, -3.469446951953614189E-15, 3.500000000000000000 ) ) ;
#2312 = CARTESIAN_POINT ( 'NONE',  ( 4.446613426180086925, -29.09489612458577668, -2.076507009115889701 ) ) ;
#2313 = LINE ( 'NONE', #588, #176 ) ;
#2314 = VERTEX_POINT ( 'NONE', #1637 ) ;
#2315 = CARTESIAN_POINT ( 'NONE',  ( -4.441992200947753489, -29.09552202776635355, -2.067353214814033002 ) ) ;
#2316 = CARTESIAN_POINT ( 'NONE',  ( 24.80741853246037820, 15.94743888774163487, 3.744878302520985969 ) ) ;
#2317 = CARTESIAN_POINT ( 'NONE',  ( 0.9053267752525360201, -29.48273484167086878, 3.898204027346540368 ) ) ;
#2318 = ADVANCED_FACE ( 'NONE', ( #3038 ), #4432, .F. ) ;
#2319 = DIRECTION ( 'NONE',  ( 0.000000000000000000, 0.000000000000000000, 1.000000000000000000 ) ) ;
#2320 = ORIENTED_EDGE ( 'NONE', *, *, #40, .T. ) ;
#2321 = ORIENTED_EDGE ( 'NONE', *, *, #2263, .T. ) ;
#2322 = CARTESIAN_POINT ( 'NONE',  ( -24.67047882919538182, 16.15227691249125641, 3.643033824450569558 ) ) ;
#2323 = CARTESIAN_POINT ( 'NONE',  ( 27.04990852414164948, 12.97330406221119325, 3.896900108529711027 ) ) ;
#2324 = EDGE_CURVE ( 'NONE', #1978, #3810, #2677, .T. ) ;
#2325 = CARTESIAN_POINT ( 'NONE',  ( -3.112637982881630183, -29.29144135066897192, 2.512482999971808351 ) ) ;
#2326 = ORIENTED_EDGE ( 'NONE', *, *, #4287, .T. ) ;
#2327 = CARTESIAN_POINT ( 'NONE',  ( 23.54314011914357252, 17.68162145490600778, 1.860228365503035830 ) ) ;
#2328 = CARTESIAN_POINT ( 'NONE',  ( 28.50000000000000000, 0.000000000000000000, 7.299999999999994493 ) ) ;
#2329 = CARTESIAN_POINT ( 'NONE',  ( -28.06923943866726034, 10.58861116904379962, -1.657955220034962318 ) ) ;
#2330 = CARTESIAN_POINT ( 'NONE',  ( -4.000000000000000000, -29.15475952416974437, 0.000000000000000000 ) ) ;
#2331 = CARTESIAN_POINT ( 'NONE',  ( 4.340243899245575854, -29.10959704970700201, -1.889546220277362076 ) ) ;
#2332 = AXIS2_PLACEMENT_3D ( 'NONE', #642, #3840, #3082 ) ;
#2333 = CARTESIAN_POINT ( 'NONE',  ( -27.85643879221332142, 11.13652409142038735, 1.589981270592062623 ) ) ;
#2334 = ORIENTED_EDGE ( 'NONE', *, *, #1594, .T. ) ;
#2335 = VECTOR ( 'NONE', #2530, 1000.000000000000000 ) ;
#2336 = DIRECTION ( 'NONE',  ( 0.000000000000000000, 0.000000000000000000, 1.000000000000000000 ) ) ;
#2337 = CARTESIAN_POINT ( 'NONE',  ( 25.77326799061678386, 14.35054379909717603, 3.974148061803053356 ) ) ;
#2338 = CARTESIAN_POINT ( 'NONE',  ( -4.576271100763348976, -29.64890795311554683, -0.5000000000000000000 ) ) ;
#2339 = B_SPLINE_CURVE_WITH_KNOTS ( 'NONE', 3,
 ( #2564, #1537, #840, #1877, #424, #2590, #1514, #1172, #4308, #2911 ),
 .UNSPECIFIED., .F., .F.,
 ( 4, 2, 2, 2, 4 ),
 ( 0.0008743615912738808083, 0.001787315470019779865, 0.002700269348765679030, 0.003613223227511577762, 0.004526177106257476927 ),
 .UNSPECIFIED. ) ;
#2340 = CARTESIAN_POINT ( 'NONE',  ( -31.34197804570108659, 22.71410161513745507, -0.5000000000000000000 ) ) ;
#2341 = EDGE_LOOP ( 'NONE', ( #3313, #3591, #1885, #636 ) ) ;
#2342 = EDGE_LOOP ( 'NONE', ( #3314, #984 ) ) ;
#2343 = CARTESIAN_POINT ( 'NONE',  ( -25.89637181263060839, 14.12433782311469521, 3.935913343382490215 ) ) ;
#2344 = CIRCLE ( 'NONE', #2934, 12.50000000000000000 ) ;
#2345 = CARTESIAN_POINT ( 'NONE',  ( 4.000000000000000000, -25.49999999999998934, 2.449293598294706414E-16 ) ) ;
#2346 = CARTESIAN_POINT ( 'NONE',  ( 4.282087365557691427, -29.69283375838354999, 1.589096786405225448 ) ) ;
#2347 = CARTESIAN_POINT ( 'NONE',  ( -23.19639605360391243, 18.11000775260324147, -1.214868938182913416 ) ) ;
#2348 = ORIENTED_EDGE ( 'NONE', *, *, #2691, .T. ) ;
#2349 = CARTESIAN_POINT ( 'NONE',  ( 23.42953397895459133, 17.82222712491380179, 1.471007438101931131 ) ) ;
#2350 = DIRECTION ( 'NONE',  ( 0.000000000000000000, 0.000000000000000000, 1.000000000000000000 ) ) ;
#2351 = AXIS2_PLACEMENT_3D ( 'NONE', #4373, #4280, #4327 ) ;
#2352 = EDGE_CURVE ( 'NONE', #3053, #2371, #3745, .T. ) ;
#2353 = LINE ( 'NONE', #2724, #3019 ) ;
#2354 = CIRCLE ( 'NONE', #399, 3.000000000000000888 ) ;
#2355 = DIRECTION ( 'NONE',  ( 0.8660254037844385966, 0.5000000000000003331, -0.000000000000000000 ) ) ;
#2356 = CARTESIAN_POINT ( 'NONE',  ( -25.11473670974871908, -1.499999999999995559, -2.999999999999999112 ) ) ;
#2357 = AXIS2_PLACEMENT_3D ( 'NONE', #2186, #2603, #3687 ) ;
#2358 = B_SPLINE_CURVE_WITH_KNOTS ( 'NONE', 3,
 ( #933, #1929, #4382, #520 ),
 .UNSPECIFIED., .F., .F.,
 ( 4, 4 ),
 ( 0.000000000000000000, 1.000000000000000000 ),
 .UNSPECIFIED. ) ;
#2359 = DIRECTION ( 'NONE',  ( -0.000000000000000000, -0.000000000000000000, -1.000000000000000000 ) ) ;
#2360 = EDGE_LOOP ( 'NONE', ( #3362, #3470, #159, #1332, #4212 ) ) ;
#2361 = CARTESIAN_POINT ( 'NONE',  ( -20.94252760807134450, 18.88831954018314363, -3.299390997978702611 ) ) ;
#2362 = CARTESIAN_POINT ( 'NONE',  ( 25.31602430457396480, 15.14249310808880189, 3.974086497688751329 ) ) ;
#2363 = CARTESIAN_POINT ( 'NONE',  ( 1.310955124900479607, -29.46324874942834526, 3.780105424851706086 ) ) ;
#2364 = CARTESIAN_POINT ( 'NONE',  ( -2.026951445213494907, -29.93173693420550308, 4.037180784036053183 ) ) ;
#2365 = ORIENTED_EDGE ( 'NONE', *, *, #3581, .F. ) ;
#2366 = CARTESIAN_POINT ( 'NONE',  ( -23.54165960829026716, 18.59544046457362754, 1.447286253879533691 ) ) ;
#2367 = CARTESIAN_POINT ( 'NONE',  ( -26.73603627194360755, 12.39326004928111225, 3.010038236049923821 ) ) ;
#2368 = CARTESIAN_POINT ( 'NONE',  ( 23.68449592718913266, 18.41330522613402465, 1.996199070884761229 ) ) ;
#2369 = CARTESIAN_POINT ( 'NONE',  ( -3.464409263692869612, -29.24143034302559840, 2.000527359053320353 ) ) ;
#2370 = CARTESIAN_POINT ( 'NONE',  ( -23.15963400060359589, 18.15793544166337270, -1.423404309901409315 ) ) ;
#2371 = VERTEX_POINT ( 'NONE', #1311 ) ;
#2372 = CARTESIAN_POINT ( 'NONE',  ( 24.14131489176359580, 16.90254861309604095, 3.067382855621184401 ) ) ;
#2373 = CARTESIAN_POINT ( 'NONE',  ( -4.307769523542346768, -29.11402759628071735, -1.825544711075788085 ) ) ;
#2374 = CARTESIAN_POINT ( 'NONE',  ( -28.10136411340067042, 10.50306941255285231, -1.813755881622008737 ) ) ;
#2375 = EDGE_CURVE ( 'NONE', #581, #939, #3086, .T. ) ;
#2376 = DIRECTION ( 'NONE',  ( 0.5000000000000002220, 0.8660254037844385966, 0.000000000000000000 ) ) ;
#2377 = LINE ( 'NONE', #1736, #969 ) ;
#2378 = ADVANCED_FACE ( 'NONE', ( #2221 ), #437, .T. ) ;
#2379 = DIRECTION ( 'NONE',  ( 1.000000000000000000, -2.664535259100376880E-15, 0.000000000000000000 ) ) ;
#2380 = ORIENTED_EDGE ( 'NONE', *, *, #204, .T. ) ;
#2381 = CARTESIAN_POINT ( 'NONE',  ( 23.38857189812342696, 18.78762104595232785, -0.5000000000000000000 ) ) ;
#2382 = CARTESIAN_POINT ( 'NONE',  ( 21.20612299472710305, 18.76023627029801588, -3.187690949429175635 ) ) ;
#2383 = FACE_OUTER_BOUND ( 'NONE', #200, .T. ) ;
#2384 = ORIENTED_EDGE ( 'NONE', *, *, #3423, .F. ) ;
#2385 = CARTESIAN_POINT ( 'NONE',  ( -23.89347233530869019, 18.14121633130876887, 2.560447566731863134 ) ) ;
#2386 = DIRECTION ( 'NONE',  ( -0.000000000000000000, -0.000000000000000000, -1.000000000000000000 ) ) ;
#2387 = CARTESIAN_POINT ( 'NONE',  ( 24.34189822020966432, 17.53496831292633118, 3.386292992767255594 ) ) ;
#2388 = CARTESIAN_POINT ( 'NONE',  ( -26.83597810593219890, 12.16007524188807665, 2.768827187466452067 ) ) ;
#2389 = CARTESIAN_POINT ( 'NONE',  ( -0.6530323725086440989, -29.49094069540787899, 3.946876413738774403 ) ) ;
#2390 = ORIENTED_EDGE ( 'NONE', *, *, #3504, .F. ) ;
#2391 = CARTESIAN_POINT ( 'NONE',  ( -23.18533944192217433, 18.12444185245110262, -1.284754254472911139 ) ) ;
#2392 = ORIENTED_EDGE ( 'NONE', *, *, #2181, .T. ) ;
#2393 = CARTESIAN_POINT ( 'NONE',  ( -24.98355625771093003, 16.60802442444471083, 4.098413024925569914 ) ) ;
#2394 = CARTESIAN_POINT ( 'NONE',  ( -22.08364779650329268, 12.74999999999978861, 0.000000000000000000 ) ) ;
#2395 = CARTESIAN_POINT ( 'NONE',  ( -3.810842244770242360, -29.18683504941034457, 1.217288242587658553 ) ) ;
#2396 = CARTESIAN_POINT ( 'NONE',  ( 7.000000000000000000, 0.000000000000000000, -3.500000000000000000 ) ) ;
#2397 = CARTESIAN_POINT ( 'NONE',  ( 0.000000000000000000, -38.49999999999999289, 4.000000000000000000 ) ) ;
#2398 = EDGE_CURVE ( 'NONE', #433, #4179, #3893, .T. ) ;
#2399 = LINE ( 'NONE', #4258, #1632 ) ;
#2400 = EDGE_LOOP ( 'NONE', ( #4153, #4421, #2574, #3538 ) ) ;
#2401 = CARTESIAN_POINT ( 'NONE',  ( 23.22325772812402178, 18.07489284389313866, -1.003546978593576888 ) ) ;
#2402 = CARTESIAN_POINT ( 'NONE',  ( -12.99038105676657473, -22.49999999999998934, 3.500000000000000000 ) ) ;
#2403 = ADVANCED_FACE ( 'NONE', ( #126 ), #1328, .T. ) ;
#2404 = EDGE_CURVE ( 'NONE', #2469, #1091, #4473, .T. ) ;
#2405 = CLOSED_SHELL ( 'NONE', ( #2459, #454, #4514, #1481, #149, #2661, #2318, #2297, #4369, #1266, #2535, #3678, #3137, #1239, #4376, #4350, #1292, #2949, #1568, #796, #4307, #4199, #1210, #4513, #2601, #3441, #2632, #3953, #2036, #293, #5, #3816, #858, #3836, #1409, #2723, #2769, #3367, #244, #1125, #315, #658, #3697, #92, #4433, #3901, #491, #3141, #1079, #1757, #2939, #3642, #2802, #2860, #58, #3359, #2403, #3864, #2541, #2154, #1762, #3115, #270, #3273, #1657, #1174, #1764, #1850, #3782, #3390, #3706, #1101, #3331, #323, #119, #821, #4400, #722, #3396, #1460, #2125, #2378, #2745, #350, #2966, #180, #374, #1793, #1678, #1958, #238, #2043, #2608, #1601 ) ) ;
#2406 = FACE_BOUND ( 'NONE', #2216, .T. ) ;
#2407 = ORIENTED_EDGE ( 'NONE', *, *, #1071, .F. ) ;
#2408 = LINE ( 'NONE', #2112, #76 ) ;
#2409 = LINE ( 'NONE', #1773, #3879 ) ;
#2410 = CARTESIAN_POINT ( 'NONE',  ( 24.68249545756659913, 16.13441028321989634, 3.652372141818597928 ) ) ;
#2411 = CARTESIAN_POINT ( 'NONE',  ( 23.77226840668458152, 18.29984633080906065, 2.256811398983492811 ) ) ;
#2412 = CARTESIAN_POINT ( 'NONE',  ( -24.17248178274754977, 16.86004442289837968, 3.110463895633706954 ) ) ;
#2413 = CARTESIAN_POINT ( 'NONE',  ( 3.642414734704055856, -29.21403342359959154, 1.654434527340936656 ) ) ;
#2414 = VERTEX_POINT ( 'NONE', #1924 ) ;
#2415 = VECTOR ( 'NONE', #371, 1000.000000000000000 ) ;
#2416 = VERTEX_POINT ( 'NONE', #1895 ) ;
#2417 = CARTESIAN_POINT ( 'NONE',  ( -25.02125836990653696, 16.55117453723464394, 4.128136083527421007 ) ) ;
#2418 = PLANE ( 'NONE',  #1107 ) ;
#2419 = VECTOR ( 'NONE', #2534, 1000.000000000000000 ) ;
#2420 = DIRECTION ( 'NONE',  ( 1.000000000000000000, 0.000000000000000000, 0.000000000000000000 ) ) ;
#2421 = CARTESIAN_POINT ( 'NONE',  ( 24.08364779650313281, 9.285898384862351307, -3.500000000000000444 ) ) ;
#2422 = AXIS2_PLACEMENT_3D ( 'NONE', #2128, #769, #1086 ) ;
#2423 = CARTESIAN_POINT ( 'NONE',  ( -11.25833024919770331, 19.50000000000000000, -3.500000000000000000 ) ) ;
#2424 = CIRCLE ( 'NONE', #2205, 3.000000000000000888 ) ;
#2425 = CARTESIAN_POINT ( 'NONE',  ( -5.886500739312814368, -27.58092070604535806, -3.299390993046077192 ) ) ;
#2426 = CARTESIAN_POINT ( 'NONE',  ( 21.00864779650310865, 14.61195461813663599, 0.000000000000000000 ) ) ;
#2427 = ORIENTED_EDGE ( 'NONE', *, *, #3109, .F. ) ;
#2428 = LINE ( 'NONE', #2108, #2121 ) ;
#2429 = AXIS2_PLACEMENT_3D ( 'NONE', #496, #4337, #1470 ) ;
#2430 = DIRECTION ( 'NONE',  ( -0.000000000000000000, -0.000000000000000000, -1.000000000000000000 ) ) ;
#2431 = AXIS2_PLACEMENT_3D ( 'NONE', #4485, #3709, #1280 ) ;
#2432 = DIRECTION ( 'NONE',  ( -1.000000000000000000, 0.000000000000000000, 0.000000000000000000 ) ) ;
#2433 = ORIENTED_EDGE ( 'NONE', *, *, #680, .T. ) ;
#2434 = CARTESIAN_POINT ( 'NONE',  ( -23.54936975745076211, 18.58567592564013893, 1.482452997933105365 ) ) ;
#2435 = EDGE_CURVE ( 'NONE', #2644, #1521, #3337, .T. ) ;
#2436 = DIRECTION ( 'NONE',  ( 0.000000000000000000, 0.000000000000000000, -1.000000000000000000 ) ) ;
#2437 = CARTESIAN_POINT ( 'NONE',  ( 24.87914446363015841, 15.83868196124904237, 3.792886656081083441 ) ) ;
#2438 = CARTESIAN_POINT ( 'NONE',  ( 23.67540316174661541, 18.42486234156518776, 1.961747954136179528 ) ) ;
#2439 = CARTESIAN_POINT ( 'NONE',  ( -23.65421897354119096, 17.54202314507586635, 2.164114199466177890 ) ) ;
#2440 = CARTESIAN_POINT ( 'NONE',  ( 3.250881451778674602, -29.27253548961051521, 2.334248264969946529 ) ) ;
#2441 = ORIENTED_EDGE ( 'NONE', *, *, #1374, .F. ) ;
#2442 = EDGE_CURVE ( 'NONE', #4453, #2591, #3275, .T. ) ;
#2443 = CARTESIAN_POINT ( 'NONE',  ( -26.87295855584281767, 13.33599580898382619, 4.100224249272165444 ) ) ;
#2444 = DIRECTION ( 'NONE',  ( 0.5000000000000041078, -0.8660254037844362651, 0.000000000000000000 ) ) ;
#2445 = FACE_OUTER_BOUND ( 'NONE', #1314, .T. ) ;
#2446 = DIRECTION ( 'NONE',  ( 0.5000000000000039968, -0.8660254037844363761, 1.084202172485504311E-16 ) ) ;
#2447 = FACE_OUTER_BOUND ( 'NONE', #2734, .T. ) ;
#2448 = CARTESIAN_POINT ( 'NONE',  ( -5.647571597611404037, -27.74237700872395607, -3.189668530514840228 ) ) ;
#2449 = ORIENTED_EDGE ( 'NONE', *, *, #2065, .F. ) ;
#2450 = DIRECTION ( 'NONE',  ( -0.000000000000000000, 1.000000000000000000, -0.000000000000000000 ) ) ;
#2451 = CARTESIAN_POINT ( 'NONE',  ( -23.25340122540238852, 18.95466516323764594, -1.500000000000001776 ) ) ;
#2452 = DIRECTION ( 'NONE',  ( -0.000000000000000000, -0.000000000000000000, -1.000000000000000000 ) ) ;
#2453 = EDGE_LOOP ( 'NONE', ( #781, #594, #4486, #4521 ) ) ;
#2454 = CARTESIAN_POINT ( 'NONE',  ( -11.25833024919770331, 23.00000000000000000, -3.500000000000000000 ) ) ;
#2455 = DIRECTION ( 'NONE',  ( 1.000000000000000000, 0.000000000000000000, 0.000000000000000000 ) ) ;
#2456 = CARTESIAN_POINT ( 'NONE',  ( 24.60721920353072889, 16.24535127975795490, 3.590003397177529809 ) ) ;
#2457 = CARTESIAN_POINT ( 'NONE',  ( 23.92081884111783197, 18.10528664026921319, 2.626029280443083813 ) ) ;
#2458 = CARTESIAN_POINT ( 'NONE',  ( -24.59744343482441664, 16.25957326703369432, 3.581158610315164470 ) ) ;
#2459 = ADVANCED_FACE ( 'NONE', ( #2242 ), #1403, .F. ) ;
#2460 = CARTESIAN_POINT ( 'NONE',  ( 0.5212851761082799573, -29.49419331956855217, 3.966024341735610470 ) ) ;
#2461 = ORIENTED_EDGE ( 'NONE', *, *, #3056, .T. ) ;
#2462 = ORIENTED_EDGE ( 'NONE', *, *, #3308, .F. ) ;
#2463 = CARTESIAN_POINT ( 'NONE',  ( -26.16436571263790611, 14.67758871725576597, 4.485800234696871058 ) ) ;
#2464 = DIRECTION ( 'NONE',  ( 0.000000000000000000, 0.000000000000000000, -1.000000000000000000 ) ) ;
#2465 = CARTESIAN_POINT ( 'NONE',  ( -27.43505413892437872, 10.65986980644750837, -2.136717353788582852 ) ) ;
#2466 = CARTESIAN_POINT ( 'NONE',  ( 35.34197804570080592, 15.78589838486240460, -0.5000000000000000000 ) ) ;
#2467 = CARTESIAN_POINT ( 'NONE',  ( -27.18168083736800611, 11.29387771629926718, 1.219727359343112383 ) ) ;
#2468 = LINE ( 'NONE', #355, #612 ) ;
#2469 = VERTEX_POINT ( 'NONE', #1825 ) ;
#2470 = CARTESIAN_POINT ( 'NONE',  ( 23.26576981900537433, 18.02108317696329109, 0.4615676124563545257 ) ) ;
#2471 = DIRECTION ( 'NONE',  ( -0.000000000000000000, -0.000000000000000000, -1.000000000000000000 ) ) ;
#2472 = ORIENTED_EDGE ( 'NONE', *, *, #697, .T. ) ;
#2473 = CARTESIAN_POINT ( 'NONE',  ( -27.22988372948824676, 11.16455115316367142, 0.6573916718078907095 ) ) ;
#2474 = CARTESIAN_POINT ( 'NONE',  ( 24.46018608825465890, 16.45792264387453585, 3.450941494834739665 ) ) ;
#2475 = CARTESIAN_POINT ( 'NONE',  ( 26.13071987880064384, 14.73796322062441000, 4.492596256485778206 ) ) ;
#2476 = CARTESIAN_POINT ( 'NONE',  ( -24.11247051313033296, 16.94177479035544209, 3.026874435945140718 ) ) ;
#2477 = CARTESIAN_POINT ( 'NONE',  ( 1.827724159627806877, -29.42832549087006910, 3.558612708142806724 ) ) ;
#2478 = ORIENTED_EDGE ( 'NONE', *, *, #1542, .F. ) ;
#2479 = APPLICATION_PROTOCOL_DEFINITION ( 'draft international standard', 'automotive_design', 1998, #4086 ) ;
#2480 = ORIENTED_EDGE ( 'NONE', *, *, #2404, .T. ) ;
#2481 = CARTESIAN_POINT ( 'NONE',  ( -26.77994626934430755, 13.52180829461528155, 4.186546317354445712 ) ) ;
#2482 = VECTOR ( 'NONE', #1586, 1000.000000000000114 ) ;
#2483 = DIRECTION ( 'NONE',  ( 0.000000000000000000, 0.000000000000000000, -1.000000000000000000 ) ) ;
#2484 = EDGE_CURVE ( 'NONE', #2007, #2180, #2200, .T. ) ;
#2485 = VECTOR ( 'NONE', #30, 1000.000000000000000 ) ;
#2486 = CARTESIAN_POINT ( 'NONE',  ( -4.568778800421989139, -29.65006714333389226, 0.2964472093867117630 ) ) ;
#2487 = DIRECTION ( 'NONE',  ( -0.000000000000000000, -1.000000000000000000, -0.000000000000000000 ) ) ;
#2488 = EDGE_CURVE ( 'NONE', #4301, #1088, #4108, .T. ) ;
#2489 = CARTESIAN_POINT ( 'NONE',  ( -27.05625970566827476, 11.61986196545734806, 1.999450828806099922 ) ) ;
#2490 = DIRECTION ( 'NONE',  ( 0.000000000000000000, 1.000000000000000000, 0.000000000000000000 ) ) ;
#2491 = VECTOR ( 'NONE', #1262, 1000.000000000000000 ) ;
#2492 = CARTESIAN_POINT ( 'NONE',  ( 22.97646498088936795, 18.39463910104158018, -2.067353318540936957 ) ) ;
#2493 = VECTOR ( 'NONE', #3237, 1000.000000000000000 ) ;
#2494 = FACE_OUTER_BOUND ( 'NONE', #4021, .T. ) ;
#2495 = ORIENTED_EDGE ( 'NONE', *, *, #3170, .T. ) ;
#2496 = CIRCLE ( 'NONE', #1482, 12.99999999999999822 ) ;
#2497 = DIRECTION ( 'NONE',  ( 0.000000000000000000, 0.7071067811865475727, -0.7071067811865475727 ) ) ;
#2498 = CARTESIAN_POINT ( 'NONE',  ( 26.22157581720459874, 13.49604323763141878, 3.738641871042811093 ) ) ;
#2499 = CARTESIAN_POINT ( 'NONE',  ( 26.88283520960721162, 12.04838201918176921, 2.638360111498009086 ) ) ;
#2500 = CARTESIAN_POINT ( 'NONE',  ( -23.51278425654999538, 17.71943566293237993, 1.767115287411572755 ) ) ;
#2501 = CIRCLE ( 'NONE', #2357, 27.99999999999998934 ) ;
#2502 = CARTESIAN_POINT ( 'NONE',  ( 20.08364779650310439, 16.21410161513784587, 0.000000000000000000 ) ) ;
#2503 = ORIENTED_EDGE ( 'NONE', *, *, #1711, .T. ) ;
#2504 = ORIENTED_EDGE ( 'NONE', *, *, #1869, .F. ) ;
#2505 = CARTESIAN_POINT ( 'NONE',  ( -27.78778052769792950, 11.30661522243523009, 1.995141233839958339 ) ) ;
#2506 = DIRECTION ( 'NONE',  ( -0.5000000000000003331, 0.8660254037844383745, 0.000000000000000000 ) ) ;
#2507 = CARTESIAN_POINT ( 'NONE',  ( -14.28941916244323274, -21.24999999999999289, -3.500000000000000000 ) ) ;
#2508 = B_SPLINE_CURVE_WITH_KNOTS ( 'NONE', 3,
 ( #2330, #3001, #928, #3050 ),
 .UNSPECIFIED., .F., .F.,
 ( 4, 4 ),
 ( 0.000000000000000000, 1.000000000000000000 ),
 .UNSPECIFIED. ) ;
#2509 = LINE ( 'NONE', #3486, #1556 ) ;
#2510 = CARTESIAN_POINT ( 'NONE',  ( -11.25833024919770331, 22.50000000000000000, -3.500000000000000000 ) ) ;
#2511 = CARTESIAN_POINT ( 'NONE',  ( -27.00491519956693764, 11.74920320929689410, 2.220090076143349300 ) ) ;
#2512 = EDGE_CURVE ( 'NONE', #1837, #3703, #2508, .T. ) ;
#2513 = DIRECTION ( 'NONE',  ( -0.000000000000000000, -0.000000000000000000, -1.000000000000000000 ) ) ;
#2514 = CARTESIAN_POINT ( 'NONE',  ( -23.25340122540238852, 18.95466516323764594, -1.500000000000001776 ) ) ;
#2515 = EDGE_CURVE ( 'NONE', #1538, #2823, #3069, .T. ) ;
#2516 = CARTESIAN_POINT ( 'NONE',  ( -23.40737750216193547, 18.76427893411216985, 0.5896957532580472394 ) ) ;
#2517 = ORIENTED_EDGE ( 'NONE', *, *, #1013, .T. ) ;
#2518 = DIRECTION ( 'NONE',  ( -1.000000000000000000, 0.000000000000000000, 0.000000000000000000 ) ) ;
#2519 = CARTESIAN_POINT ( 'NONE',  ( 27.13584575347365302, 11.41462737546405393, 1.561717309439500934 ) ) ;
#2520 = CARTESIAN_POINT ( 'NONE',  ( 27.12153386238482966, 11.45199009863910433, 1.653004170284113838 ) ) ;
#2521 = CARTESIAN_POINT ( 'NONE',  ( 3.087750334109111261, -29.29476546223761346, 2.542794759011136829 ) ) ;
#2522 = CARTESIAN_POINT ( 'NONE',  ( 3.742861619228308623, -29.19795323273801202, 1.412530501460455667 ) ) ;
#2523 = VERTEX_POINT ( 'NONE', #2659 ) ;
#2524 = EDGE_LOOP ( 'NONE', ( #1380, #1190, #4198, #1457 ) ) ;
#2525 = CARTESIAN_POINT ( 'NONE',  ( -23.59161686332605612, 17.62098158859528851, 2.000527359077941991 ) ) ;
#2526 = CARTESIAN_POINT ( 'NONE',  ( 23.24876236258082329, 18.04148136187884433, -0.5000000000000000000 ) ) ;
#2527 = CARTESIAN_POINT ( 'NONE',  ( 3.098182113241226165, -29.83960538427106357, 3.312086785907821351 ) ) ;
#2528 = DIRECTION ( 'NONE',  ( 0.000000000000000000, 0.000000000000000000, 1.000000000000000000 ) ) ;
#2529 = CARTESIAN_POINT ( 'NONE',  ( 27.99999999999997513, 0.000000000000000000, -3.500000000000000000 ) ) ;
#2530 = DIRECTION ( 'NONE',  ( -0.8660254037844432595, 0.4999999999999919509, -0.000000000000000000 ) ) ;
#2531 = CARTESIAN_POINT ( 'NONE',  ( 2.632990618166809235E-16, -25.49999999999998934, 2.149999999999999911 ) ) ;
#2532 = CYLINDRICAL_SURFACE ( 'NONE', #4409, 3.000000000000001776 ) ;
#2533 = CARTESIAN_POINT ( 'NONE',  ( 27.34424274929335752, 10.88280303200346744, -1.694998943486603071 ) ) ;
#2534 = DIRECTION ( 'NONE',  ( -0.000000000000000000, -0.000000000000000000, -1.000000000000000000 ) ) ;
#2535 = ADVANCED_FACE ( 'NONE', ( #1946 ), #4466, .F. ) ;
#2536 = CARTESIAN_POINT ( 'NONE',  ( -13.43502884254440133, 13.43502884254441199, 6.500000000000000888 ) ) ;
#2537 = ORIENTED_EDGE ( 'NONE', *, *, #1622, .F. ) ;
#2538 = DIRECTION ( 'NONE',  ( 0.000000000000000000, 0.000000000000000000, 1.000000000000000000 ) ) ;
#2539 = CARTESIAN_POINT ( 'NONE',  ( 27.24876245171068589, 11.11327818306247828, 0.2584245838302412501 ) ) ;
#2540 = CARTESIAN_POINT ( 'NONE',  ( 27.18458225017442231, 11.28610079383684806, 1.192530290436937257 ) ) ;
#2541 = ADVANCED_FACE ( 'NONE', ( #3030 ), #755, .T. ) ;
#2542 = EDGE_CURVE ( 'NONE', #3148, #2619, #4401, .T. ) ;
#2543 = CARTESIAN_POINT ( 'NONE',  ( 2.768591996211601458, -29.33512606556996971, 2.887271451631671759 ) ) ;
#2544 = CARTESIAN_POINT ( 'NONE',  ( 3.864381428259594298, -29.17793223204256492, 1.040927932878964013 ) ) ;
#2545 = ORIENTED_EDGE ( 'NONE', *, *, #1045, .F. ) ;
#2546 = ORIENTED_EDGE ( 'NONE', *, *, #745, .F. ) ;
#2547 = CARTESIAN_POINT ( 'NONE',  ( -23.92925689904724607, 17.18660046468948011, 2.735205985913691684 ) ) ;
#2548 = CARTESIAN_POINT ( 'NONE',  ( 23.34196871960922692, 18.53890781792783571, -0.5000000000000000000 ) ) ;
#2549 = CARTESIAN_POINT ( 'NONE',  ( 2.416509564642533636, -29.90258528702573315, 3.822158755795344476 ) ) ;
#2550 = AXIS2_PLACEMENT_3D ( 'NONE', #953, #4449, #2336 ) ;
#2551 = CARTESIAN_POINT ( 'NONE',  ( -23.38288914464310864, 18.79470176576667484, -0.7416874582482059219 ) ) ;
#2552 = VERTEX_POINT ( 'NONE', #4060 ) ;
#2553 = FACE_BOUND ( 'NONE', #2342, .T. ) ;
#2554 = CARTESIAN_POINT ( 'NONE',  ( 0.000000000000000000, -25.49999999999998934, 0.000000000000000000 ) ) ;
#2555 = CARTESIAN_POINT ( 'NONE',  ( -27.24876236258103646, 11.11327813160298916, 2.449293598294706414E-16 ) ) ;
#2556 = B_SPLINE_CURVE_WITH_KNOTS ( 'NONE', 1,
 ( #1383, #752 ),
 .UNSPECIFIED., .F., .F.,
 ( 2, 2 ),
 ( 0.000000000000000000, 1.000000000000000000 ),
 .UNSPECIFIED. ) ;
#2557 = AXIS2_PLACEMENT_3D ( 'NONE', #2394, #1688, #1012 ) ;
#2558 = DIRECTION ( 'NONE',  ( -0.8660254037844363761, -0.5000000000000041078, 0.000000000000000000 ) ) ;
#2559 = DIRECTION ( 'NONE',  ( 1.000000000000000000, 0.000000000000000000, 0.000000000000000000 ) ) ;
#2560 = AXIS2_PLACEMENT_3D ( 'NONE', #973, #2013, #3484 ) ;
#2561 = DIRECTION ( 'NONE',  ( -0.000000000000000000, -0.000000000000000000, -1.000000000000000000 ) ) ;
#2562 = AXIS2_PLACEMENT_3D ( 'NONE', #515, #3298, #995 ) ;
#2563 = PRODUCT_RELATED_PRODUCT_CATEGORY ( 'part', '', ( #1916 ) ) ;
#2564 = CARTESIAN_POINT ( 'NONE',  ( 4.441992246374046438, -29.09552194583387319, -2.067353288952271662 ) ) ;
#2565 = VERTEX_POINT ( 'NONE', #1967 ) ;
#2566 = DIRECTION ( 'NONE',  ( 0.8660254037844387076, -0.5000000000000003331, 0.000000000000000000 ) ) ;
#2567 = AXIS2_PLACEMENT_3D ( 'NONE', #1036, #3505, #742 ) ;
#2568 = CARTESIAN_POINT ( 'NONE',  ( 27.21947678767330814, 11.19265319875284348, 0.8131520406940311307 ) ) ;
#2569 = CARTESIAN_POINT ( 'NONE',  ( 26.65600443539820219, 12.57507601699756705, 3.172073212833252942 ) ) ;
#2570 = CARTESIAN_POINT ( 'NONE',  ( 3.510944081492347824, -29.23438176420258827, 1.916641226210030524 ) ) ;
#2571 = CIRCLE ( 'NONE', #2800, 28.50000000000000000 ) ;
#2572 = EDGE_CURVE ( 'NONE', #1048, #2968, #2700, .T. ) ;
#2573 = DIRECTION ( 'NONE',  ( 0.8660254037844432595, -0.4999999999999919509, 0.000000000000000000 ) ) ;
#2574 = ORIENTED_EDGE ( 'NONE', *, *, #880, .T. ) ;
#2575 = VERTEX_POINT ( 'NONE', #287 ) ;
#2576 = CARTESIAN_POINT ( 'NONE',  ( -24.31150189802484718, 16.66807651089472486, 3.287769334572119728 ) ) ;
#2577 = CARTESIAN_POINT ( 'NONE',  ( 27.36159782540461904, 12.30397677501622589, 3.389137080594507800 ) ) ;
#2578 = AXIS2_PLACEMENT_3D ( 'NONE', #3590, #3291, #2528 ) ;
#2579 = B_SPLINE_CURVE_WITH_KNOTS ( 'NONE', 3,
 ( #4042, #1565, #1222, #3996, #912, #2615, #4017, #2315 ),
 .UNSPECIFIED., .F., .F.,
 ( 4, 2, 2, 4 ),
 ( 0.000000000000000000, 0.2500000000000000555, 0.5000000000000001110, 1.000000000000000000 ),
 .UNSPECIFIED. ) ;
#2580 = CARTESIAN_POINT ( 'NONE',  ( 1.818385837512581427, -29.94492101863005118, 4.130158918978095173 ) ) ;
#2581 = VECTOR ( 'NONE', #1144, 1000.000000000000114 ) ;
#2582 = CARTESIAN_POINT ( 'NONE',  ( 2.632990618166809235E-16, -12.49999999999998757, 2.149999999999999911 ) ) ;
#2583 = ORIENTED_EDGE ( 'NONE', *, *, #1312, .T. ) ;
#2584 = CARTESIAN_POINT ( 'NONE',  ( 23.24876236258083750, 18.04148136187885143, 2.449293598294706414E-16 ) ) ;
#2585 = LINE ( 'NONE', #901, #4172 ) ;
#2586 = CARTESIAN_POINT ( 'NONE',  ( -26.57167155739287168, 12.76210013334523197, 3.318340798730724739 ) ) ;
#2587 = CARTESIAN_POINT ( 'NONE',  ( -2.553906194393173568, -29.35975239000214998, 3.078574861171203825 ) ) ;
#2588 = CARTESIAN_POINT ( 'NONE',  ( 28.11312206243368905, 10.47150265734121177, -1.863931144679089602 ) ) ;
#2589 = CARTESIAN_POINT ( 'NONE',  ( 23.12792112120927257, 18.19922600604158802, -1.578075016850006396 ) ) ;
#2590 = CARTESIAN_POINT ( 'NONE',  ( 5.643779678385709708, -27.74515937513024255, -3.187690941946156542 ) ) ;
#2591 = VERTEX_POINT ( 'NONE', #4145 ) ;
#2592 = FACE_OUTER_BOUND ( 'NONE', #3173, .T. ) ;
#2593 = CARTESIAN_POINT ( 'NONE',  ( 27.05091831551674986, 11.63337861454582445, 2.023369044630597191 ) ) ;
#2594 = CARTESIAN_POINT ( 'NONE',  ( 23.39450474929579116, 18.78023327539477805, 0.2971718628452245659 ) ) ;
#2595 = CARTESIAN_POINT ( 'NONE',  ( 3.315789206205501660, -29.26320498720337326, 2.237318874363904531 ) ) ;
#2596 = LINE ( 'NONE', #2340, #4264 ) ;
#2597 = ORIENTED_EDGE ( 'NONE', *, *, #3533, .T. ) ;
#2598 = ORIENTED_EDGE ( 'NONE', *, *, #2213, .F. ) ;
#2599 = CARTESIAN_POINT ( 'NONE',  ( -23.53255872628917444, 17.69484204543470085, 1.829087605759455837 ) ) ;
#2600 = CARTESIAN_POINT ( 'NONE',  ( -11.25833024919770331, 22.50000000000000000, -2.999999999999999556 ) ) ;
#2601 = ADVANCED_FACE ( 'NONE', ( #242 ), #3716, .T. ) ;
#2602 = CARTESIAN_POINT ( 'NONE',  ( -0.5989651756830493001, -29.99411159600630228, 4.461896675892061737 ) ) ;
#2603 = DIRECTION ( 'NONE',  ( -0.000000000000000000, -0.000000000000000000, -1.000000000000000000 ) ) ;
#2604 = ORIENTED_EDGE ( 'NONE', *, *, #3983, .F. ) ;
#2605 = CYLINDRICAL_SURFACE ( 'NONE', #832, 4.000000000000000888 ) ;
#2606 = CARTESIAN_POINT ( 'NONE',  ( -11.25833024919769976, -19.49999999999998934, -3.500000000000000000 ) ) ;
#2607 = CARTESIAN_POINT ( 'NONE',  ( -26.82421401198291733, 12.18788060006519736, 2.799797190278670023 ) ) ;
#2608 = ADVANCED_FACE ( 'NONE', ( #218 ), #610, .F. ) ;
#2609 = CARTESIAN_POINT ( 'NONE',  ( -27.41845724539328089, 10.70088281209279835, -2.067353318540949836 ) ) ;
#2610 = CARTESIAN_POINT ( 'NONE',  ( 4.562226642043103908, -29.28768580908586472, -1.859244647313180510 ) ) ;
#2611 = CARTESIAN_POINT ( 'NONE',  ( 4.145416366317435930, -29.13579913905297403, -1.423404290888940382 ) ) ;
#2612 = B_SPLINE_SURFACE_WITH_KNOTS ( 'NONE', 1, 3, ( 
 ( #4325, #164, #1553, #2878, #140, #2953, #1845, #3246, #3959, #1189, #117, #4352, #3318, #4300, #1163, #2551, #1984, #2025 ),
 ( #4420, #2718, #3361, #2049, #1346, #4393, #3021, #944, #3456, #2370, #4460, #2391, #2347, #234, #3431, #3774, #2741, #261 ) ),
 .UNSPECIFIED., .F., .F., .F.,
 ( 2, 2 ),
 ( 4, 2, 2, 2, 2, 2, 2, 2, 4 ),
 ( 0.000000000000000000, 1.000000000000000000 ),
 ( 0.008166361439159603233, 0.008346153452187206334, 0.008525945465214811170, 0.008705737478242416005, 0.008795633484756218423, 0.008885529491270020841, 0.009065321504297625677, 0.009245113517325228777, 0.009604697543380436714 ),
 .UNSPECIFIED. ) ;
#2613 = CARTESIAN_POINT ( 'NONE',  ( 26.97871376374773078, 7.493263885234998867, -3.500000000000000000 ) ) ;
#2614 = EDGE_LOOP ( 'NONE', ( #2365, #141, #4414, #1890 ) ) ;
#2615 = CARTESIAN_POINT ( 'NONE',  ( -4.187929409571637507, -29.13022623885863638, -1.581259194245742794 ) ) ;
#2616 = CARTESIAN_POINT ( 'NONE',  ( 25.01055637874012305, 15.63512663839471450, 3.865938618833820506 ) ) ;
#2617 = CARTESIAN_POINT ( 'NONE',  ( 3.517508219492062604, -29.23338306190020219, 1.904580877020989549 ) ) ;
#2618 = CARTESIAN_POINT ( 'NONE',  ( 0.1467324797371903355, -30.00001707838341858, 4.500111347884892865 ) ) ;
#2619 = VERTEX_POINT ( 'NONE', #1015 ) ;
#2620 = EDGE_LOOP ( 'NONE', ( #2696, #3035, #4436, #3838, #3943 ) ) ;
#2621 = CARTESIAN_POINT ( 'NONE',  ( -24.70383314190906887, 16.10281676677798401, 3.669454321163346133 ) ) ;
#2622 = CARTESIAN_POINT ( 'NONE',  ( 25.83166489164035440, 15.25606633472404461, 4.492994841070007794 ) ) ;
#2623 = CARTESIAN_POINT ( 'NONE',  ( -1.616015766094152983, -29.95652578009486078, 4.210724259365472122 ) ) ;
#2624 = DIRECTION ( 'NONE',  ( 1.000000000000000000, 0.000000000000000000, 0.000000000000000000 ) ) ;
#2625 = ORIENTED_EDGE ( 'NONE', *, *, #4094, .T. ) ;
#2626 = EDGE_CURVE ( 'NONE', #4029, #4138, #230, .T. ) ;
#2627 = CARTESIAN_POINT ( 'NONE',  ( 24.13226934324659112, 16.91484200159302986, 3.054609097920590877 ) ) ;
#2628 = DIRECTION ( 'NONE',  ( 0.4999999999999919509, 0.8660254037844432595, 1.084202172485504434E-16 ) ) ;
#2629 = CARTESIAN_POINT ( 'NONE',  ( -26.73675804819473356, 12.39148040548852236, 3.007836980452156528 ) ) ;
#2630 = CIRCLE ( 'NONE', #670, 28.50000000000000000 ) ;
#2631 = CARTESIAN_POINT ( 'NONE',  ( -2.482069138665273567, -29.36761623777835695, 3.137602946231892620 ) ) ;
#2632 = ADVANCED_FACE ( 'NONE', ( #2747, #1327, #586, #3779, #3397, #1669 ), #2726, .F. ) ;
#2633 = CARTESIAN_POINT ( 'NONE',  ( 27.99688168183744352, 10.77844734961786344, -1.153961886646559964 ) ) ;
#2634 = CIRCLE ( 'NONE', #4167, 1.650000000000000355 ) ;
#2635 = CARTESIAN_POINT ( 'NONE',  ( 4.954757066565399271, -29.58802991971746366, -1.813755882206968151 ) ) ;
#2636 = AXIS2_PLACEMENT_3D ( 'NONE', #3548, #741, #3201 ) ;
#2637 = DIRECTION ( 'NONE',  ( 0.000000000000000000, 1.000000000000000000, 0.000000000000000000 ) ) ;
#2638 = ORIENTED_EDGE ( 'NONE', *, *, #4235, .F. ) ;
#2639 = DIRECTION ( 'NONE',  ( 0.8660254037844432595, -0.4999999999999919509, -0.000000000000000000 ) ) ;
#2640 = CARTESIAN_POINT ( 'NONE',  ( 23.59250639483741452, 17.61995958012818875, 2.006054590371067814 ) ) ;
#2641 = CARTESIAN_POINT ( 'NONE',  ( 2.194292627628653847, -29.39653672093734116, 3.344453709667589703 ) ) ;
#2642 = AXIS2_PLACEMENT_3D ( 'NONE', #3244, #3956, #3612 ) ;
#2643 = CARTESIAN_POINT ( 'NONE',  ( 2.809643864909333821, -29.87119106818115810, 3.600633051700253162 ) ) ;
#2644 = VERTEX_POINT ( 'NONE', #3095 ) ;
#2645 = AXIS2_PLACEMENT_3D ( 'NONE', #651, #2030, #307 ) ;
#2646 = ORIENTED_EDGE ( 'NONE', *, *, #2626, .F. ) ;
#2647 = CARTESIAN_POINT ( 'NONE',  ( -26.71609684500555204, 12.43895657273597521, 3.052695440065260613 ) ) ;
#2648 = CARTESIAN_POINT ( 'NONE',  ( 27.46850541638403342, 12.06167562376510460, 3.130236344869894438 ) ) ;
#2649 = AXIS2_PLACEMENT_3D ( 'NONE', #75, #3485, #3900 ) ;
#2650 = CARTESIAN_POINT ( 'NONE',  ( 4.421114263118052001, -29.67247341871902577, 1.171043904047303963 ) ) ;
#2651 = CARTESIAN_POINT ( 'NONE',  ( 0.000000000000000000, -12.49999999999998757, 0.000000000000000000 ) ) ;
#2652 = EDGE_LOOP ( 'NONE', ( #481, #283, #1917, #3327, #1439 ) ) ;
#2653 = CARTESIAN_POINT ( 'NONE',  ( 23.39150060405546228, 17.86885374038368468, 1.313766051349428476 ) ) ;
#2654 = AXIS2_PLACEMENT_3D ( 'NONE', #1241, #2637, #2292 ) ;
#2655 = CARTESIAN_POINT ( 'NONE',  ( -4.664031568080521772, -29.63523444663839612, -1.153961885732769144 ) ) ;
#2656 = CARTESIAN_POINT ( 'NONE',  ( -26.29460512645512438, 13.34820743236473284, 3.671561771851783895 ) ) ;
#2657 = AXIS2_PLACEMENT_3D ( 'NONE', #1391, #2786, #3846 ) ;
#2658 = CARTESIAN_POINT ( 'NONE',  ( -3.534007266682350767, -29.23086409038290867, 1.873773329800782594 ) ) ;
#2659 = CARTESIAN_POINT ( 'NONE',  ( 28.50000000000000000, 3.490243377569956456E-15, 6.500000000000000888 ) ) ;
#2660 = CARTESIAN_POINT ( 'NONE',  ( 4.168657278659864573, -29.13272070947511949, -1.492383141280471559 ) ) ;
#2661 = ADVANCED_FACE ( 'NONE', ( #633 ), #4125, .F. ) ;
#2662 = DIRECTION ( 'NONE',  ( -1.000000000000000000, 0.000000000000000000, 0.000000000000000000 ) ) ;
#2663 = LINE ( 'NONE', #4065, #3949 ) ;
#2664 = CARTESIAN_POINT ( 'NONE',  ( 24.87506314044513189, 15.84449336689069554, 3.788810899193070902 ) ) ;
#2665 = CARTESIAN_POINT ( 'NONE',  ( 1.589203264808223270, -29.44584698972959202, 3.671297992979651426 ) ) ;
#2666 = EDGE_CURVE ( 'NONE', #884, #1538, #1691, .T. ) ;
#2667 = CARTESIAN_POINT ( 'NONE',  ( 4.169085200154634130, -29.70895621890618443, 1.861412288187620945 ) ) ;
#2668 = EDGE_LOOP ( 'NONE', ( #3804, #368 ) ) ;
#2669 = ORIENTED_EDGE ( 'NONE', *, *, #3620, .T. ) ;
#2670 = CARTESIAN_POINT ( 'NONE',  ( -26.76517906224156462, 12.32590726763978495, 2.944077194410086307 ) ) ;
#2671 = CARTESIAN_POINT ( 'NONE',  ( 23.81940322395139020, 18.23850500921654216, 2.382227002121167114 ) ) ;
#2672 = CARTESIAN_POINT ( 'NONE',  ( 4.536965020261233050, -29.65495027266789663, 0.5931736550974250344 ) ) ;
#2673 = LINE ( 'NONE', #2993, #2803 ) ;
#2674 = ORIENTED_EDGE ( 'NONE', *, *, #3002, .T. ) ;
#2675 = CARTESIAN_POINT ( 'NONE',  ( 23.62287095682538407, 17.58161701247014364, 2.083494279037701791 ) ) ;
#2676 = CARTESIAN_POINT ( 'NONE',  ( -4.010588682205814770, -29.15340149272827475, -0.7900249402955880074 ) ) ;
#2677 = B_SPLINE_CURVE_WITH_KNOTS ( 'NONE', 1,
 ( #4087, #2338 ),
 .UNSPECIFIED., .F., .F.,
 ( 2, 2 ),
 ( 0.000000000000000000, 1.000000000000000000 ),
 .UNSPECIFIED. ) ;
#2678 = CARTESIAN_POINT ( 'NONE',  ( -27.99688168183757853, 10.77844734961748863, -1.153961886646642343 ) ) ;
#2679 = CARTESIAN_POINT ( 'NONE',  ( -22.51666049839540662, 6.938893903907228378E-15, -3.500000000000000000 ) ) ;
#2680 = DIRECTION ( 'NONE',  ( 0.000000000000000000, 0.000000000000000000, -1.000000000000000000 ) ) ;
#2681 = CARTESIAN_POINT ( 'NONE',  ( -27.73420045769967501, 11.43762569976562737, 2.257123053850326411 ) ) ;
#2682 = ORIENTED_EDGE ( 'NONE', *, *, #814, .T. ) ;
#2683 = EDGE_CURVE ( 'NONE', #4338, #1030, #4237, .T. ) ;
#2684 = CARTESIAN_POINT ( 'NONE',  ( -13.85640646055101577, 20.99999999999999645, -2.999999999999999112 ) ) ;
#2685 = CARTESIAN_POINT ( 'NONE',  ( 24.05713834958814701, 17.01637137092054530, 2.944077194410089859 ) ) ;
#2686 = CARTESIAN_POINT ( 'NONE',  ( 0.5542852703014853333, -29.49356204031009554, 3.962375361589280054 ) ) ;
#2687 = B_SPLINE_CURVE_WITH_KNOTS ( 'NONE', 3,
 ( #2492, #3903, #3919, #2589, #3598, #2153, #2132, #473 ),
 .UNSPECIFIED., .F., .F.,
 ( 4, 2, 2, 4 ),
 ( 0.000000000000000000, 0.2499999999999997224, 0.4999999999999994449, 1.000000000000000000 ),
 .UNSPECIFIED. ) ;
#2688 = DIRECTION ( 'NONE',  ( 1.000000000000000000, 0.000000000000000000, 0.000000000000000000 ) ) ;
#2689 = VERTEX_POINT ( 'NONE', #1444 ) ;
#2690 = ORIENTED_EDGE ( 'NONE', *, *, #773, .F. ) ;
#2691 = EDGE_CURVE ( 'NONE', #2975, #3065, #2817, .T. ) ;
#2692 = CARTESIAN_POINT ( 'NONE',  ( -27.03060795811322947, 11.68503322229075536, 2.117947397840112433 ) ) ;
#2693 = CARTESIAN_POINT ( 'NONE',  ( 27.60528689572200634, 11.74515562634797305, 2.739112753647596321 ) ) ;
#2694 = CARTESIAN_POINT ( 'NONE',  ( -3.643052581896661479, -29.21393239310013712, 1.653004170254524174 ) ) ;
#2695 = CARTESIAN_POINT ( 'NONE',  ( -13.43502884254441021, -13.43502884254438179, 6.500000000000000888 ) ) ;
#2696 = ORIENTED_EDGE ( 'NONE', *, *, #3704, .T. ) ;
#2697 = CARTESIAN_POINT ( 'NONE',  ( 24.33813869987370637, 16.63069252296289591, 3.318340798799006119 ) ) ;
#2698 = CARTESIAN_POINT ( 'NONE',  ( 12.99999999999999822, 1.592040838891558701E-15, 3.500000000000000000 ) ) ;
#2699 = CARTESIAN_POINT ( 'NONE',  ( -3.130552269728425596, -29.28902104204926005, 2.490019759101700814 ) ) ;
#2700 = LINE ( 'NONE', #3370, #3379 ) ;
#2701 = CARTESIAN_POINT ( 'NONE',  ( 4.576281610060407345, -29.64890548952094917, -0.6216031609912875400 ) ) ;
#2702 = CARTESIAN_POINT ( 'NONE',  ( -25.36627464221894712, 16.01789478468565164, 4.348050131074928437 ) ) ;
#2703 = ORIENTED_EDGE ( 'NONE', *, *, #770, .T. ) ;
#2704 = VECTOR ( 'NONE', #358, 1000.000000000000000 ) ;
#2705 = DIRECTION ( 'NONE',  ( -1.000000000000000000, 0.000000000000000000, 0.000000000000000000 ) ) ;
#2706 = CARTESIAN_POINT ( 'NONE',  ( 24.37677205751337794, 16.57646173718293170, 3.362626762482633591 ) ) ;
#2707 = CARTESIAN_POINT ( 'NONE',  ( -19.48557158514997312, 11.24999999999981881, 0.000000000000000000 ) ) ;
#2708 = VECTOR ( 'NONE', #2955, 1000.000000000000000 ) ;
#2709 = EDGE_CURVE ( 'NONE', #3654, #4111, #2936, .T. ) ;
#2710 = CARTESIAN_POINT ( 'NONE',  ( -0.5991094463793100733, -29.99438547830906998, 4.463684798682137078 ) ) ;
#2711 = ORIENTED_EDGE ( 'NONE', *, *, #962, .T. ) ;
#2712 = ORIENTED_EDGE ( 'NONE', *, *, #3669, .F. ) ;
#2713 = CARTESIAN_POINT ( 'NONE',  ( -25.17939832739559591, 15.36607720304489533, 3.935632040940208576 ) ) ;
#2714 = CIRCLE ( 'NONE', #2196, 30.00000000000000000 ) ;
#2715 = CARTESIAN_POINT ( 'NONE',  ( 27.54917480312275657, 11.87624835221130404, 2.912329560188277711 ) ) ;
#2716 = EDGE_CURVE ( 'NONE', #2776, #4296, #4329, .T. ) ;
#2717 = CARTESIAN_POINT ( 'NONE',  ( -1.944373434149482938, -29.41886168237070009, 3.496238721717690012 ) ) ;
#2718 = CARTESIAN_POINT ( 'NONE',  ( -22.97361241377770114, 18.39832824967376723, -2.076507038849170872 ) ) ;
#2719 = EDGE_LOOP ( 'NONE', ( #999, #1752, #1779, #3601 ) ) ;
#2720 = CARTESIAN_POINT ( 'NONE',  ( 24.19357691953242906, 16.83127208863920288, 3.139609395487362065 ) ) ;
#2721 = CARTESIAN_POINT ( 'NONE',  ( -4.785879136108033727, -29.61580716513282496, -1.495832464347514268 ) ) ;
#2722 = AXIS2_PLACEMENT_3D ( 'NONE', #1117, #2847, #780 ) ;
#2723 = ADVANCED_FACE ( 'NONE', ( #1103 ), #3827, .F. ) ;
#2724 = CARTESIAN_POINT ( 'NONE',  ( 13.85640646055100511, 21.00000000000000000, -3.500000000000000000 ) ) ;
#2725 = VECTOR ( 'NONE', #3120, 1000.000000000000000 ) ;
#2726 = PLANE ( 'NONE',  #2056 ) ;
#2727 = CARTESIAN_POINT ( 'NONE',  ( -27.32495261109670182, 10.92975422453295664, -1.578075017215550435 ) ) ;
#2728 = AXIS2_PLACEMENT_3D ( 'NONE', #2235, #3985, #2974 ) ;
#2729 = DIRECTION ( 'NONE',  ( -0.000000000000000000, -0.000000000000000000, -1.000000000000000000 ) ) ;
#2730 = ORIENTED_EDGE ( 'NONE', *, *, #3723, .F. ) ;
#2731 = CARTESIAN_POINT ( 'NONE',  ( 23.22228831125474002, 18.99278806498792704, -1.604620627550497503 ) ) ;
#2732 = DIRECTION ( 'NONE',  ( 1.000000000000000000, 0.000000000000000000, -0.000000000000000000 ) ) ;
#2733 = DIRECTION ( 'NONE',  ( -1.000000000000000000, 0.000000000000000000, -0.000000000000000000 ) ) ;
#2734 = EDGE_LOOP ( 'NONE', ( #1597, #4394, #4064, #2078 ) ) ;
#2735 = CARTESIAN_POINT ( 'NONE',  ( -10.82531754730552898, 6.249999999999893419, 0.000000000000000000 ) ) ;
#2736 = DIRECTION ( 'NONE',  ( -0.5000000000000002220, 0.8660254037844384856, 0.000000000000000000 ) ) ;
#2737 = CARTESIAN_POINT ( 'NONE',  ( 26.65466661306271945, 13.76713087092984011, 4.283410783152401535 ) ) ;
#2738 = CARTESIAN_POINT ( 'NONE',  ( -26.21295247049122779, 13.51400662661388630, 3.748348650630595635 ) ) ;
#2739 = CARTESIAN_POINT ( 'NONE',  ( 3.463079412642565025, -29.24168969567237042, 2.006054590344189759 ) ) ;
#2740 = ORIENTED_EDGE ( 'NONE', *, *, #4510, .F. ) ;
#2741 = CARTESIAN_POINT ( 'NONE',  ( -23.24875406411881329, 18.04149089016716800, -0.6459237916962790038 ) ) ;
#2742 = ORIENTED_EDGE ( 'NONE', *, *, #1184, .F. ) ;
#2743 = CARTESIAN_POINT ( 'NONE',  ( -25.48291572540941274, 15.83118693876632221, 4.398640641245148863 ) ) ;
#2744 = CARTESIAN_POINT ( 'NONE',  ( -4.576271100763338318, -29.64890795311554328, -0.5000000000000000000 ) ) ;
#2745 = ADVANCED_FACE ( 'NONE', ( #352 ), #3896, .T. ) ;
#2746 = CARTESIAN_POINT ( 'NONE',  ( -28.02065845375170028, 10.71647429501279092, -1.355574769669174229 ) ) ;
#2747 = FACE_BOUND ( 'NONE', #4506, .T. ) ;
#2748 = EDGE_CURVE ( 'NONE', #2259, #1477, #1912, .T. ) ;
#2749 = CARTESIAN_POINT ( 'NONE',  ( -4.000000000000000000, -29.15475952416974437, -0.5000000000000000000 ) ) ;
#2750 = CARTESIAN_POINT ( 'NONE',  ( 0.000000000000000000, 0.000000000000000000, 3.999999999999998224 ) ) ;
#2751 = ORIENTED_EDGE ( 'NONE', *, *, #3481, .F. ) ;
#2752 = CARTESIAN_POINT ( 'NONE',  ( 23.27025311228927507, 18.93398541108959066, -1.440371863788952655 ) ) ;
#2753 = DIRECTION ( 'NONE',  ( 1.000000000000000000, 0.000000000000000000, 0.000000000000000000 ) ) ;
#2754 = CARTESIAN_POINT ( 'NONE',  ( 0.000000000000000000, 0.000000000000000000, 3.500000000000000000 ) ) ;
#2755 = ORIENTED_EDGE ( 'NONE', *, *, #1509, .F. ) ;
#2756 = CARTESIAN_POINT ( 'NONE',  ( -23.91973106377331959, 18.10658696297787529, 2.620688779318115280 ) ) ;
#2757 = CYLINDRICAL_SURFACE ( 'NONE', #2924, 3.000000000000000000 ) ;
#2758 = CARTESIAN_POINT ( 'NONE',  ( 25.42029080316385148, 14.97083008875699939, 4.000193423662593339 ) ) ;
#2759 = CARTESIAN_POINT ( 'NONE',  ( 24.22823529344191940, 17.69161767316653666, 3.210110159711754729 ) ) ;
#2760 = CARTESIAN_POINT ( 'NONE',  ( -24.70511414704884601, 16.10090124566551495, 3.670408705192592880 ) ) ;
#2761 = CARTESIAN_POINT ( 'NONE',  ( 3.049201614641978697, -29.29991268549184369, 2.589713238187062672 ) ) ;
#2762 = ORIENTED_EDGE ( 'NONE', *, *, #2488, .T. ) ;
#2763 = ORIENTED_EDGE ( 'NONE', *, *, #4062, .F. ) ;
#2764 = CARTESIAN_POINT ( 'NONE',  ( -27.70458656413346432, 11.50925138684755566, 2.382690806534638384 ) ) ;
#2765 = DIRECTION ( 'NONE',  ( 1.000000000000000000, 0.000000000000000000, 0.000000000000000000 ) ) ;
#2766 = CARTESIAN_POINT ( 'NONE',  ( -4.517400744175414928, -29.65794934951237849, 0.7342899365043297211 ) ) ;
#2767 = CARTESIAN_POINT ( 'NONE',  ( -20.08364779650332466, 16.21410161513756165, 0.000000000000000000 ) ) ;
#2768 = CARTESIAN_POINT ( 'NONE',  ( 27.96484305153149919, 10.86128689903781108, 3.500000000000000000 ) ) ;
#2769 = ADVANCED_FACE ( 'NONE', ( #3462 ), #724, .F. ) ;
#2770 = CARTESIAN_POINT ( 'NONE',  ( -27.96484305153164485, 10.86128689903743982, 4.336808689942017736E-16 ) ) ;
#2771 = CARTESIAN_POINT ( 'NONE',  ( 15.08502884254438925, -13.43502884254439067, 3.500000000000000000 ) ) ;
#2772 = VERTEX_POINT ( 'NONE', #331 ) ;
#2773 = CARTESIAN_POINT ( 'NONE',  ( 27.41845729363557638, 10.70088289239974344, -2.067353244402696077 ) ) ;
#2774 = CARTESIAN_POINT ( 'NONE',  ( 23.25408475799396513, 18.03510279456165222, 0.2641527687512044142 ) ) ;
#2775 = DIRECTION ( 'NONE',  ( 0.6509445828009485790, -0.7591252532501464589, 0.000000000000000000 ) ) ;
#2776 = VERTEX_POINT ( 'NONE', #2767 ) ;
#2777 = DIRECTION ( 'NONE',  ( 0.000000000000000000, -0.7071067811865474617, 0.7071067811865474617 ) ) ;
#2778 = PLANE ( 'NONE',  #3214 ) ;
#2779 = CARTESIAN_POINT ( 'NONE',  ( 26.69169588365808110, 12.49437122309960735, 3.101991207400893291 ) ) ;
#2780 = CARTESIAN_POINT ( 'NONE',  ( 25.10020262291219950, 16.43120963392673062, 4.186546317354464364 ) ) ;
#2781 = CARTESIAN_POINT ( 'NONE',  ( -23.69635588936467130, 17.48842767863919789, 2.264635105874058585 ) ) ;
#2782 = AXIS2_PLACEMENT_3D ( 'NONE', #2052, #1372, #2765 ) ;
#2783 = CARTESIAN_POINT ( 'NONE',  ( -1.770821909138270422, -29.43273093933922269, 3.587260152793180890 ) ) ;
#2784 = ORIENTED_EDGE ( 'NONE', *, *, #1378, .F. ) ;
#2785 = CIRCLE ( 'NONE', #3524, 1.650000000000000355 ) ;
#2786 = DIRECTION ( 'NONE',  ( 0.000000000000000000, 0.000000000000000000, 1.000000000000000000 ) ) ;
#2787 = ORIENTED_EDGE ( 'NONE', *, *, #354, .F. ) ;
#2788 = CARTESIAN_POINT ( 'NONE',  ( -26.74835091979296564, 13.58420718329698218, 4.212988061983732990 ) ) ;
#2789 = LINE ( 'NONE', #3849, #2415 ) ;
#2790 = AXIS2_PLACEMENT_3D ( 'NONE', #2311, #1305, #1285 ) ;
#2791 = CARTESIAN_POINT ( 'NONE',  ( -3.584654235420138946, -29.78507680617952147, 2.797567570252292857 ) ) ;
#2792 = DIRECTION ( 'NONE',  ( -0.8660254037844363761, -0.5000000000000039968, 0.000000000000000000 ) ) ;
#2793 = AXIS2_PLACEMENT_3D ( 'NONE', #4305, #1169, #2559 ) ;
#2794 = CARTESIAN_POINT ( 'NONE',  ( -30.00000000000000000, 0.000000000000000000, 3.500000000000000000 ) ) ;
#2795 = AXIS2_PLACEMENT_3D ( 'NONE', #54, #2837, #420 ) ;
#2796 = CARTESIAN_POINT ( 'NONE',  ( 27.24876236258086237, 11.11327813160335332, -0.5000000000000000000 ) ) ;
#2797 = CARTESIAN_POINT ( 'NONE',  ( 24.08364779650313281, 9.285898384862351307, 0.000000000000000000 ) ) ;
#2798 = ORIENTED_EDGE ( 'NONE', *, *, #4176, .F. ) ;
#2799 = CARTESIAN_POINT ( 'NONE',  ( 13.43502884254438889, -13.43502884254439067, 3.500000000000000000 ) ) ;
#2800 = AXIS2_PLACEMENT_3D ( 'NONE', #3747, #2319, #2688 ) ;
#2801 = CARTESIAN_POINT ( 'NONE',  ( 23.24982942166248634, 18.04020321613234401, 0.1322228374761297287 ) ) ;
#2802 = ADVANCED_FACE ( 'NONE', ( #1713, #1783 ), #4165, .F. ) ;
#2803 = VECTOR ( 'NONE', #965, 1000.000000000000000 ) ;
#2804 = CARTESIAN_POINT ( 'NONE',  ( -20.08364779650332466, 16.21410161513756165, -0.5000000000000000000 ) ) ;
#2805 = VERTEX_POINT ( 'NONE', #1126 ) ;
#2806 = CARTESIAN_POINT ( 'NONE',  ( -23.38857189812370052, 18.78762104595199034, 0.000000000000000000 ) ) ;
#2807 = DIRECTION ( 'NONE',  ( 0.000000000000000000, 0.000000000000000000, -1.000000000000000000 ) ) ;
#2808 = CARTESIAN_POINT ( 'NONE',  ( 25.67771363355065617, 14.52265764337918164, 3.993558892177482278 ) ) ;
#2809 = CARTESIAN_POINT ( 'NONE',  ( 24.47630934480261899, 17.34715338222788716, 3.573810979083525297 ) ) ;
#2810 = EDGE_CURVE ( 'NONE', #3960, #1739, #3550, .T. ) ;
#2811 = CARTESIAN_POINT ( 'NONE',  ( -24.62253225917381627, 16.22280729291447798, 3.602787909482648043 ) ) ;
#2812 = CARTESIAN_POINT ( 'NONE',  ( 0.6515156216235973297, -29.49098384826435293, 3.947131212984083870 ) ) ;
#2813 = EDGE_LOOP ( 'NONE', ( #1499, #3500, #3356, #3653 ) ) ;
#2814 = CARTESIAN_POINT ( 'NONE',  ( -26.84225524458565459, 13.39769216136433627, 4.130158963259884963 ) ) ;
#2815 = FACE_OUTER_BOUND ( 'NONE', #2026, .T. ) ;
#2816 = CARTESIAN_POINT ( 'NONE',  ( -4.320982569689361341, -29.68719042311839473, 1.482452981996341235 ) ) ;
#2817 = LINE ( 'NONE', #2421, #1182 ) ;
#2818 = CARTESIAN_POINT ( 'NONE',  ( -27.15595274837668427, 11.36189906925859816, 1.423808870312653685 ) ) ;
#2819 = CARTESIAN_POINT ( 'NONE',  ( -4.559240919652309820, -28.88404809375585103, -2.258709658301781165 ) ) ;
#2820 = ORIENTED_EDGE ( 'NONE', *, *, #1017, .T. ) ;
#2821 = CARTESIAN_POINT ( 'NONE',  ( 21.98215243773725547, 18.49613898545874235, -2.772251257468014263 ) ) ;
#2822 = PLANE ( 'NONE',  #3094 ) ;
#2823 = VERTEX_POINT ( 'NONE', #702 ) ;
#2824 = CARTESIAN_POINT ( 'NONE',  ( -23.41195391321277341, 18.75848170922792235, 0.5891618586284833592 ) ) ;
#2825 = CARTESIAN_POINT ( 'NONE',  ( -27.24818898543564671, 11.11484130474827836, 0.1322228374761290071 ) ) ;
#2826 = CARTESIAN_POINT ( 'NONE',  ( 26.29634657613758009, 13.34480583181998270, 3.670408705152999662 ) ) ;
#2827 = CARTESIAN_POINT ( 'NONE',  ( 25.90748386074164245, 15.12639733743733217, 4.498311085571322643 ) ) ;
#2828 = CARTESIAN_POINT ( 'NONE',  ( -24.21520347693803288, 16.80149410032725399, 3.167685712871395332 ) ) ;
#2829 = EDGE_CURVE ( 'NONE', #4179, #433, #3386, .T. ) ;
#2830 = CARTESIAN_POINT ( 'NONE',  ( 0.5539444583402863831, -29.49343966422388519, 3.961594367564996499 ) ) ;
#2831 = ORIENTED_EDGE ( 'NONE', *, *, #3758, .F. ) ;
#2832 = B_SPLINE_CURVE_WITH_KNOTS ( 'NONE', 3,
 ( #3562, #1455, #2917, #2946, #3216, #4273, #4249, #4345 ),
 .UNSPECIFIED., .F., .F.,
 ( 4, 2, 2, 4 ),
 ( 0.000000000000000000, 0.2499999999999998890, 0.4999999999999997780, 1.000000000000000000 ),
 .UNSPECIFIED. ) ;
#2833 = ORIENTED_EDGE ( 'NONE', *, *, #4313, .T. ) ;
#2834 = CARTESIAN_POINT ( 'NONE',  ( -27.54879109220732758, 11.87713680645065040, 2.913427373363958850 ) ) ;
#2835 = DIRECTION ( 'NONE',  ( -0.8660254037844362651, -0.5000000000000039968, 0.000000000000000000 ) ) ;
#2836 = CARTESIAN_POINT ( 'NONE',  ( -3.561068812049903887, -29.78790642056575422, 2.826543325630747727 ) ) ;
#2837 = DIRECTION ( 'NONE',  ( 0.8660254037844362651, 0.5000000000000039968, 0.000000000000000000 ) ) ;
#2838 = CARTESIAN_POINT ( 'NONE',  ( -27.21272821983981416, 11.21085522089861541, 0.9084052190591974663 ) ) ;
#2839 = LINE ( 'NONE', #3552, #3531 ) ;
#2840 = CARTESIAN_POINT ( 'NONE',  ( 27.41845729363557638, 10.70088289239974344, -2.067353244402696077 ) ) ;
#2841 = DIRECTION ( 'NONE',  ( 1.000000000000000000, 0.000000000000000000, 0.000000000000000000 ) ) ;
#2842 = ORIENTED_EDGE ( 'NONE', *, *, #1812, .F. ) ;
#2843 = DIRECTION ( 'NONE',  ( 0.4999999999999924505, 0.8660254037844429265, 0.000000000000000000 ) ) ;
#2844 = CARTESIAN_POINT ( 'NONE',  ( 25.98539019683869711, 13.95747308572990875, 3.898253761147722596 ) ) ;
#2845 = CARTESIAN_POINT ( 'NONE',  ( 23.42755116600368481, 18.73899606153251085, 0.7395656258069907008 ) ) ;
#2846 = CARTESIAN_POINT ( 'NONE',  ( -24.36016922179607747, 16.59974664702350822, 3.343486001968323240 ) ) ;
#2847 = DIRECTION ( 'NONE',  ( 0.000000000000000000, 1.000000000000000000, 0.000000000000000000 ) ) ;
#2848 = ORIENTED_EDGE ( 'NONE', *, *, #880, .F. ) ;
#2849 = FILL_AREA_STYLE ('',( #3545 ) ) ;
#2850 = EDGE_LOOP ( 'NONE', ( #3890, #3575, #361, #3279 ) ) ;
#2851 = CARTESIAN_POINT ( 'NONE',  ( -27.82402114372864332, 11.21716049035258678, 1.793736500079986751 ) ) ;
#2852 = CIRCLE ( 'NONE', #231, 3.500000000000003109 ) ;
#2853 = LINE ( 'NONE', #3113, #161 ) ;
#2854 = EDGE_CURVE ( 'NONE', #2805, #2039, #1398, .T. ) ;
#2855 = CIRCLE ( 'NONE', #894, 3.500000000000003109 ) ;
#2856 = CARTESIAN_POINT ( 'NONE',  ( -4.576266918011022256, -29.64890800670560367, 0.1488603153647913013 ) ) ;
#2857 = DIRECTION ( 'NONE',  ( -0.5000000000000036637, 0.8660254037844364872, 0.000000000000000000 ) ) ;
#2858 = CIRCLE ( 'NONE', #4405, 2.999999999999999112 ) ;
#2859 = CARTESIAN_POINT ( 'NONE',  ( -28.50000000000000000, 0.000000000000000000, 6.500000000000000888 ) ) ;
#2860 = ADVANCED_FACE ( 'NONE', ( #4194 ), #34, .F. ) ;
#2861 = PLANE ( 'NONE',  #2649 ) ;
#2862 = AXIS2_PLACEMENT_3D ( 'NONE', #971, #1630, #1992 ) ;
#2863 = CARTESIAN_POINT ( 'NONE',  ( 26.85249416848757420, 8.093583425090647765, -3.455770537496455130 ) ) ;
#2864 = AXIS2_PLACEMENT_3D ( 'NONE', #2902, #2217, #2260 ) ;
#2865 = CARTESIAN_POINT ( 'NONE',  ( 25.11473670974871908, 1.499999999999998446, 3.500000000000000000 ) ) ;
#2866 = EDGE_LOOP ( 'NONE', ( #1133, #4353, #3333, #4219 ) ) ;
#2867 = VECTOR ( 'NONE', #3058, 1000.000000000000000 ) ;
#2868 = FACE_OUTER_BOUND ( 'NONE', #2360, .T. ) ;
#2869 = CARTESIAN_POINT ( 'NONE',  ( 27.05986417092366381, 11.61064731924598981, 1.981763284204704600 ) ) ;
#2870 = CARTESIAN_POINT ( 'NONE',  ( 26.59072863966998668, 12.72033999239562085, 3.287769334572119728 ) ) ;
#2871 = CARTESIAN_POINT ( 'NONE',  ( 3.137303813039408862, -29.28814724547043724, 2.482446252701428602 ) ) ;
#2872 = DIRECTION ( 'NONE',  ( -0.5000000000000002220, 0.8660254037844384856, 0.000000000000000000 ) ) ;
#2873 = ORIENTED_EDGE ( 'NONE', *, *, #1408, .T. ) ;
#2874 = EDGE_LOOP ( 'NONE', ( #4461, #255, #87, #2407 ) ) ;
#2875 = CARTESIAN_POINT ( 'NONE',  ( -23.39293394034489637, 17.86705772364879508, 1.317736007030803291 ) ) ;
#2876 = DIRECTION ( 'NONE',  ( 1.000000000000000000, 0.000000000000000000, 0.000000000000000000 ) ) ;
#2877 = CARTESIAN_POINT ( 'NONE',  ( 2.784920807903128015, -29.87068237758234801, 3.573810940762909283 ) ) ;
#2878 = CARTESIAN_POINT ( 'NONE',  ( -23.20462598252159481, 19.01436883427152935, -1.657955220034866395 ) ) ;
#2879 = EDGE_CURVE ( 'NONE', #574, #3400, #3003, .T. ) ;
#2880 = FACE_BOUND ( 'NONE', #4454, .T. ) ;
#2881 = DIRECTION ( 'NONE',  ( 1.000000000000000000, 0.000000000000000000, 0.000000000000000000 ) ) ;
#2882 = UNCERTAINTY_MEASURE_WITH_UNIT (LENGTH_MEASURE( 1.000000000000000082E-05 ), #4075, 'distance_accuracy_value', 'NONE');
#2883 = CARTESIAN_POINT ( 'NONE',  ( -26.97802451539755708, 11.81619610908920848, 2.324529841144670872 ) ) ;
#2884 = CARTESIAN_POINT ( 'NONE',  ( -0.9032577080754142784, -29.48251013296332701, 3.896810289668507732 ) ) ;
#2885 = EDGE_CURVE ( 'NONE', #3881, #3912, #2237, .T. ) ;
#2886 = DIRECTION ( 'NONE',  ( -0.000000000000000000, -0.000000000000000000, 1.000000000000000000 ) ) ;
#2887 = DIRECTION ( 'NONE',  ( -0.8660254037844362651, -0.5000000000000039968, 0.000000000000000000 ) ) ;
#2888 = DIRECTION ( 'NONE',  ( -0.000000000000000000, -0.000000000000000000, -1.000000000000000000 ) ) ;
#2889 = ORIENTED_EDGE ( 'NONE', *, *, #628, .T. ) ;
#2890 = FACE_OUTER_BOUND ( 'NONE', #603, .T. ) ;
#2891 = CARTESIAN_POINT ( 'NONE',  ( 4.000000000000000000, -38.49999999999999289, -0.5000000000000000000 ) ) ;
#2892 = CARTESIAN_POINT ( 'NONE',  ( 27.01813985985841526, 11.71616018395276271, 2.167334167090624319 ) ) ;
#2893 = CARTESIAN_POINT ( 'NONE',  ( -23.26514273696414747, 18.02192561602432264, 0.5203723276435033851 ) ) ;
#2894 = DIRECTION ( 'NONE',  ( 0.000000000000000000, 1.000000000000000000, 0.000000000000000000 ) ) ;
#2895 = ORIENTED_EDGE ( 'NONE', *, *, #2972, .T. ) ;
#2896 = ORIENTED_EDGE ( 'NONE', *, *, #3114, .T. ) ;
#2897 = CARTESIAN_POINT ( 'NONE',  ( -23.84935245522283864, 17.29131501941467874, 2.588737404255545549 ) ) ;
#2898 = CARTESIAN_POINT ( 'NONE',  ( 27.60866363069889218, 11.73839922686157955, 2.745132400408033746 ) ) ;
#2899 = CARTESIAN_POINT ( 'NONE',  ( 3.719228709945207267, -29.76868012120868912, 2.626029252254225455 ) ) ;
#2900 = CARTESIAN_POINT ( 'NONE',  ( -11.78502884254439920, 13.43502884254441199, 6.500000000000000888 ) ) ;
#2901 = EDGE_LOOP ( 'NONE', ( #1173, #2545, #4484, #69, #3292 ) ) ;
#2902 = CARTESIAN_POINT ( 'NONE',  ( 0.000000000000000000, 0.000000000000000000, 3.999999999999998224 ) ) ;
#2903 = DIRECTION ( 'NONE',  ( -0.9828940495280520384, -0.1841718963423769617, 0.000000000000000000 ) ) ;
#2904 = LINE ( 'NONE', #4238, #3746 ) ;
#2905 = B_SPLINE_CURVE_WITH_KNOTS ( 'NONE', 3,
 ( #1142, #459, #1524, #2922, #2971, #4004, #872, #115, #1502, #2210, #1865, #2898, #189, #2577, #3981, #850, #2165, #1887, #2233, #3656, #506, #3288, #1550, #2951, #2256, #530, #1911, #4368, #2622, #784, #4113, #4093, #986, #1593, #895, #1981, #4479, #4458, #1618, #2671, #3084, #2368, #1317, #2279, #3752, #3772, #3043, #643, #2004, #1251 ),
 .UNSPECIFIED., .F., .F.,
 ( 4, 2, 2, 2, 2, 2, 2, 2, 2, 2, 2, 2, 2, 2, 2, 2, 2, 2, 2, 2, 2, 2, 2, 2, 4 ),
 ( 0.000000000000000000, 0.06249999999999998612, 0.09374999999999997224, 0.1249999999999999445, 0.1562499999999999722, 0.1874999999999999722, 0.2500000000000002776, 0.3125000000000005551, 0.3437500000000007216, 0.3750000000000008327, 0.4062500000000009992, 0.4375000000000011657, 0.4687500000000013323, 0.5000000000000014433, 0.5312500000000013323, 0.5625000000000012212, 0.6250000000000008882, 0.7500000000000002220, 0.7812500000000002220, 0.8125000000000002220, 0.8437500000000002220, 0.8750000000000002220, 0.9062500000000002220, 0.9375000000000002220, 1.000000000000000000 ),
 .UNSPECIFIED. ) ;
#2906 = EDGE_CURVE ( 'NONE', #3881, #4128, #444, .T. ) ;
#2907 = CARTESIAN_POINT ( 'NONE',  ( -2.711571435532777574, -29.34189309495759090, 2.941359468183763148 ) ) ;
#2908 = DIRECTION ( 'NONE',  ( 1.000000000000000000, 0.000000000000000000, 0.000000000000000000 ) ) ;
#2909 = CARTESIAN_POINT ( 'NONE',  ( 4.576271100763348976, -29.64890795311554328, -0.5000000000000000000 ) ) ;
#2910 = EDGE_CURVE ( 'NONE', #248, #2371, #1578, .T. ) ;
#2911 = CARTESIAN_POINT ( 'NONE',  ( 7.000000000000000000, -27.11088342345189162, -3.500000000000000000 ) ) ;
#2912 = VERTEX_POINT ( 'NONE', #1918 ) ;
#2913 = DIRECTION ( 'NONE',  ( 0.000000000000000000, 0.000000000000000000, -1.000000000000000000 ) ) ;
#2914 = CARTESIAN_POINT ( 'NONE',  ( 26.99360058683259211, 11.77743233748219431, 2.264635105087801747 ) ) ;
#2915 = CARTESIAN_POINT ( 'NONE',  ( 26.77657843040561758, 12.29987412465210639, 2.920565563767826500 ) ) ;
#2916 = CARTESIAN_POINT ( 'NONE',  ( 3.319162134599987990, -29.26272111610495585, 2.232316689096407014 ) ) ;
#2917 = CARTESIAN_POINT ( 'NONE',  ( 4.307309292024612546, -29.11411653982820980, -1.829772522385136213 ) ) ;
#2918 = ORIENTED_EDGE ( 'NONE', *, *, #4402, .F. ) ;
#2919 = ORIENTED_EDGE ( 'NONE', *, *, #4255, .F. ) ;
#2920 = CARTESIAN_POINT ( 'NONE',  ( -23.36634112222172988, 17.89948842300006149, 1.192530290436937701 ) ) ;
#2921 = MANIFOLD_SOLID_BREP ( 'µ¹½Ç3', #2405 ) ;
#2922 = CARTESIAN_POINT ( 'NONE',  ( 27.92172495253881337, 10.97169754578756340, 1.022449986936007749 ) ) ;
#2923 = CARTESIAN_POINT ( 'NONE',  ( 0.5963855716701091936, -29.99409486325323826, 4.461777306571930168 ) ) ;
#2924 = AXIS2_PLACEMENT_3D ( 'NONE', #2069, #340, #1722 ) ;
#2925 = CARTESIAN_POINT ( 'NONE',  ( 28.04192216429296636, 10.66070360397170091, -1.499999999999988676 ) ) ;
#2926 = ORIENTED_EDGE ( 'NONE', *, *, #1732, .T. ) ;
#2927 = DIRECTION ( 'NONE',  ( 1.000000000000000000, 0.000000000000000000, -0.000000000000000000 ) ) ;
#2928 = DIRECTION ( 'NONE',  ( 0.000000000000000000, 0.000000000000000000, 1.000000000000000000 ) ) ;
#2929 = UNCERTAINTY_MEASURE_WITH_UNIT (LENGTH_MEASURE( 1.000000000000000082E-05 ), #3270, 'distance_accuracy_value', 'NONE');
#2930 = CARTESIAN_POINT ( 'NONE',  ( -26.27566656922688182, 13.38678397539563036, 3.689809086963034890 ) ) ;
#2931 = AXIS2_PLACEMENT_3D ( 'NONE', #3135, #4, #1395 ) ;
#2932 = CARTESIAN_POINT ( 'NONE',  ( -2.165053729704722318, -29.39934894205902438, 3.364133895228854421 ) ) ;
#2933 = CARTESIAN_POINT ( 'NONE',  ( 27.28889679459768303, 11.01687202584423453, -1.284754254472912027 ) ) ;
#2934 = AXIS2_PLACEMENT_3D ( 'NONE', #288, #725, #3801 ) ;
#2935 = CARTESIAN_POINT ( 'NONE',  ( 23.24876236258082329, 18.04148136187884433, -0.5000000000000000000 ) ) ;
#2936 = CIRCLE ( 'NONE', #3596, 28.70000000000001705 ) ;
#2937 = CARTESIAN_POINT ( 'NONE',  ( 23.25340122540206877, 18.95466516323802963, -1.500000000000001776 ) ) ;
#2938 = EDGE_LOOP ( 'NONE', ( #1345, #2086, #1023, #2016, #3269 ) ) ;
#2939 = ADVANCED_FACE ( 'NONE', ( #806 ), #2605, .F. ) ;
#2940 = CARTESIAN_POINT ( 'NONE',  ( 14.28941916244322741, 21.25000000000000000, -3.500000000000000000 ) ) ;
#2941 = COLOUR_RGB ( '',0.8980392156862745390, 0.9176470588235293713, 0.9294117647058823817 ) ;
#2942 = CARTESIAN_POINT ( 'NONE',  ( 26.93320784513396049, 11.92641582965991098, 2.481554813681316141 ) ) ;
#2943 = CARTESIAN_POINT ( 'NONE',  ( 23.46357860503168169, 18.69388577051709177, 1.028757184086724008 ) ) ;
#2944 = CARTESIAN_POINT ( 'NONE',  ( 3.362541814073066515, -29.25648468433988825, 2.167514111643620733 ) ) ;
#2945 = VECTOR ( 'NONE', #3445, 1000.000000000000000 ) ;
#2946 = CARTESIAN_POINT ( 'NONE',  ( 4.197031481799628594, -29.12898026225065351, -1.578074995575514672 ) ) ;
#2947 = EDGE_LOOP ( 'NONE', ( #3784, #1515, #1660, #4002 ) ) ;
#2948 = EDGE_LOOP ( 'NONE', ( #1338, #3263 ) ) ;
#2949 = ADVANCED_FACE ( 'NONE', ( #2553, #142, #3320, #2976, #2880, #3248 ), #3569, .T. ) ;
#2950 = CARTESIAN_POINT ( 'NONE',  ( -24.60408172044787278, 16.24994221635461855, 3.587260152778167566 ) ) ;
#2951 = CARTESIAN_POINT ( 'NONE',  ( 26.34692771376284526, 14.34785878117088309, 4.441950666471309539 ) ) ;
#2952 = CARTESIAN_POINT ( 'NONE',  ( 0.4837842561432162958, -29.99612259298626071, 4.474938264007557009 ) ) ;
#2953 = CARTESIAN_POINT ( 'NONE',  ( -23.25510175374187938, 18.95259653902092012, -1.495832464968477993 ) ) ;
#2954 = VERTEX_POINT ( 'NONE', #3226 ) ;
#2955 = DIRECTION ( 'NONE',  ( 0.5000000000000001110, 0.8660254037844385966, 0.000000000000000000 ) ) ;
#2956 = CARTESIAN_POINT ( 'NONE',  ( -26.91716868155356224, 11.96534542251193400, 2.532390317442323013 ) ) ;
#2957 = CARTESIAN_POINT ( 'NONE',  ( -2.541401009314448345, -29.36112569497603175, 3.088899690563074785 ) ) ;
#2958 = B_SPLINE_CURVE_WITH_KNOTS ( 'NONE', 3,
 ( #1204, #1178, #1543, #4293, #1882, #3283, #3651, #3629, #523, #1137, #430, #1519, #3561, #3999, #1156, #2203, #2617, #2570, #183, #867, #3213, #2944, #2916, #2595, #2251, #1475, #4363, #3927, #4315, #2871, #1224, #2521, #479, #3975, #1567, #2965, #4272, #3579, #3239, #110, #2543, #3948, #820, #1859, #3261, #133, #2228, #501, #935, #1952, #3378, #3700, #1272, #3722, #2641, #3330, #571, #3353, #224, #552, #2986, #1931, #203, #1611, #2665, #1656, #3011, #4068, #2363, #955, #4411, #2317, #618, #4044, #914, #2686, #1245, #3767, #3057, #3677 ),
 .UNSPECIFIED., .F., .F.,
 ( 4, 2, 2, 1, 2, 2, 2, 1, 1, 2, 2, 1, 1, 2, 2, 1, 1, 2, 2, 2, 1, 1, 1, 2, 2, 2, 2, 2, 2, 1, 1, 2, 2, 2, 1, 1, 2, 2, 1, 1, 2, 2, 1, 2, 2, 2, 1, 2, 4 ),
 ( 0.000000000000000000, 0.06247043609618887355, 0.07027924060821247321, 0.07808804512023606592, 0.09370565414428319584, 0.1249408721923774140, 0.1288452744483891965, 0.1327496767044009651, 0.1405584812164244191, 0.1561760902404713547, 0.1600804924964831233, 0.1639848947524949196, 0.1717936992645183458, 0.1874113082885651149, 0.1893635094165710409, 0.1913157105445769945, 0.1952201128005889297, 0.2030289173126128277, 0.2186465263366608180, 0.2196226269006638365, 0.2205987274646668828, 0.2225509285926728642, 0.2264553308486848271, 0.2342641353607087251, 0.2498817443847566599, 0.2576905488967806690, 0.2654993534088046503, 0.2811169624328527794, 0.2830691635608587053, 0.2850213646888646868, 0.2889257669448766497, 0.2967345714569004644, 0.3123521804809481495, 0.3162565827369602789, 0.3201609849929723528, 0.3279697895049966117, 0.3435873985290450183, 0.3474918007850571477, 0.3513962030410692772, 0.3592050075530935915, 0.3748226165771421647, 0.3826314210891664791, 0.3904402256011907379, 0.4060578346252392556, 0.4372930526733362910, 0.4451018571853606054, 0.4529106616973849198, 0.4685282707214333819, 0.4997634887695303063 ),
 .UNSPECIFIED. ) ;
#2959 = CARTESIAN_POINT ( 'NONE',  ( 27.97776737294781668, 10.82795503902516820, -0.9196224872513988347 ) ) ;
#2960 = DIRECTION ( 'NONE',  ( -1.000000000000000000, 0.000000000000000000, 0.000000000000000000 ) ) ;
#2961 = CARTESIAN_POINT ( 'NONE',  ( -15.08502884254441057, -13.43502884254438179, 6.500000000000000888 ) ) ;
#2962 = ORIENTED_EDGE ( 'NONE', *, *, #3507, .F. ) ;
#2963 = CARTESIAN_POINT ( 'NONE',  ( 23.24876236258083040, 18.04148136187884788, 0.000000000000000000 ) ) ;
#2964 = CARTESIAN_POINT ( 'NONE',  ( 25.07841827138321378, 15.52818352213373210, 3.897634572332501879 ) ) ;
#2965 = CARTESIAN_POINT ( 'NONE',  ( 3.037601230662705376, -29.30141865941790158, 2.602726004760530731 ) ) ;
#2966 = ADVANCED_FACE ( 'NONE', ( #96 ), #3382, .F. ) ;
#2967 = CARTESIAN_POINT ( 'NONE',  ( 25.51666049839540307, -3.469446951953614189E-15, 3.500000000000000000 ) ) ;
#2968 = VERTEX_POINT ( 'NONE', #3961 ) ;
#2969 = ORIENTED_EDGE ( 'NONE', *, *, #1211, .F. ) ;
#2970 = CARTESIAN_POINT ( 'NONE',  ( -24.90592015922612390, 15.79714247892759538, 3.807476277314387758 ) ) ;
#2971 = CARTESIAN_POINT ( 'NONE',  ( 27.90834241632875745, 11.00574276178550548, 1.164577313698459626 ) ) ;
#2972 = EDGE_CURVE ( 'NONE', #4453, #2236, #1694, .T. ) ;
#2973 = CARTESIAN_POINT ( 'NONE',  ( -1.042733897554221745, -29.98196250686112663, 4.382254992694799789 ) ) ;
#2974 = DIRECTION ( 'NONE',  ( 1.000000000000000000, 0.000000000000000000, 0.000000000000000000 ) ) ;
#2975 = VERTEX_POINT ( 'NONE', #3617 ) ;
#2976 = FACE_BOUND ( 'NONE', #503, .T. ) ;
#2977 = CARTESIAN_POINT ( 'NONE',  ( 27.96485409996162730, 10.86125845235212317, -0.8448164773701087871 ) ) ;
#2978 = CARTESIAN_POINT ( 'NONE',  ( -26.56960258425848309, 12.76663833075179078, 3.321680094754483115 ) ) ;
#2979 = CARTESIAN_POINT ( 'NONE',  ( -3.029560650486677886, -29.30250662480307255, 2.612673687636404285 ) ) ;
#2980 = CARTESIAN_POINT ( 'NONE',  ( 28.05938110860070367, 10.61469757905936184, -1.604620627550416900 ) ) ;
#2981 = CARTESIAN_POINT ( 'NONE',  ( 4.719201002242391141, -29.62649559921719344, -1.326985977050246790 ) ) ;
#2982 = CARTESIAN_POINT ( 'NONE',  ( -27.60516876370411410, 11.74579643248765670, 2.743568130787859882 ) ) ;
#2983 = ORIENTED_EDGE ( 'NONE', *, *, #124, .T. ) ;
#2984 = DIRECTION ( 'NONE',  ( 0.000000000000000000, 1.000000000000000000, 0.000000000000000000 ) ) ;
#2985 = CARTESIAN_POINT ( 'NONE',  ( 23.92974334234634171, 17.18595938795071376, 2.736059703069321003 ) ) ;
#2986 = CARTESIAN_POINT ( 'NONE',  ( 1.857319221520113528, -29.42591275175007226, 3.542689925551120389 ) ) ;
#2987 = CARTESIAN_POINT ( 'NONE',  ( -4.284194403420738873, -29.69257516240054784, 1.588692665057651610 ) ) ;
#2988 = ORIENTED_EDGE ( 'NONE', *, *, #2906, .T. ) ;
#2989 = EDGE_LOOP ( 'NONE', ( #1010, #1796, #178, #792 ) ) ;
#2990 = CARTESIAN_POINT ( 'NONE',  ( -25.31456948344786895, 15.14503291886975056, 3.974148061803052467 ) ) ;
#2991 = CARTESIAN_POINT ( 'NONE',  ( 27.52961285985289663, 11.92153394124544796, 2.968155105460310583 ) ) ;
#2992 = CARTESIAN_POINT ( 'NONE',  ( 4.574394330538903652, -29.64919781148028832, 0.1487506895591467759 ) ) ;
#2993 = CARTESIAN_POINT ( 'NONE',  ( -23.38857189812370407, 18.78762104595199034, 3.500000000000000000 ) ) ;
#2994 = ORIENTED_EDGE ( 'NONE', *, *, #4168, .T. ) ;
#2995 = CARTESIAN_POINT ( 'NONE',  ( 24.11337795037150045, 16.94047883344113359, 3.027663599425181040 ) ) ;
#2996 = CARTESIAN_POINT ( 'NONE',  ( 27.96484305153149919, 10.86128689903780931, -0.5000000000000000000 ) ) ;
#2997 = EDGE_CURVE ( 'NONE', #799, #1634, #1261, .T. ) ;
#2998 = CARTESIAN_POINT ( 'NONE',  ( -25.95544564941142696, 14.01348579991691068, 3.910570202236371973 ) ) ;
#2999 = AXIS2_PLACEMENT_3D ( 'NONE', #1432, #1362, #318 ) ;
#3000 = CARTESIAN_POINT ( 'NONE',  ( -3.335226640243039054, -29.26040932318021959, 2.208242983391903724 ) ) ;
#3001 = CARTESIAN_POINT ( 'NONE',  ( -4.192090366921116917, -29.31947566715167852, 0.000000000000000000 ) ) ;
#3002 = EDGE_CURVE ( 'NONE', #456, #1421, #535, .T. ) ;
#3003 = B_SPLINE_CURVE_WITH_KNOTS ( 'NONE', 3,
 ( #3163, #3506, #3800, #1759, #3873, #375, #743, #2126 ),
 .UNSPECIFIED., .F., .F.,
 ( 4, 2, 2, 4 ),
 ( 0.000000000000000000, 0.2500000000000000000, 0.5000000000000000000, 1.000000000000000000 ),
 .UNSPECIFIED. ) ;
#3004 = CIRCLE ( 'NONE', #4241, 30.00000000000000000 ) ;
#3005 = CARTESIAN_POINT ( 'NONE',  ( 4.762185747768993060, -29.61962306244100773, -1.440371863031908894 ) ) ;
#3006 = AXIS2_PLACEMENT_3D ( 'NONE', #3937, #2903, #3690 ) ;
#3007 = DIRECTION ( 'NONE',  ( -0.000000000000000000, -0.000000000000000000, -1.000000000000000000 ) ) ;
#3008 = ORIENTED_EDGE ( 'NONE', *, *, #3448, .T. ) ;
#3009 = DIRECTION ( 'NONE',  ( 0.000000000000000000, 0.000000000000000000, 1.000000000000000000 ) ) ;
#3010 = CARTESIAN_POINT ( 'NONE',  ( 25.41722993961725763, 14.97337887889399610, 3.992163454275879708 ) ) ;
#3011 = CARTESIAN_POINT ( 'NONE',  ( 1.468078185654907442, -29.45375100401249213, 3.721005325122235696 ) ) ;
#3012 = AXIS2_PLACEMENT_3D ( 'NONE', #1534, #1562, #2960 ) ;
#3013 = CARTESIAN_POINT ( 'NONE',  ( 3.961825768331426634, -29.73733500596631174, 2.257123029605957676 ) ) ;
#3014 = VERTEX_POINT ( 'NONE', #2529 ) ;
#3015 = VECTOR ( 'NONE', #3403, 1000.000000000000114 ) ;
#3016 = ORIENTED_EDGE ( 'NONE', *, *, #1928, .T. ) ;
#3017 = CARTESIAN_POINT ( 'NONE',  ( -26.37408376310983371, 13.18450099837730249, 3.588209955109065596 ) ) ;
#3018 = CARTESIAN_POINT ( 'NONE',  ( 27.90831569523783173, 11.00580979254698732, 1.164819758673755201 ) ) ;
#3019 = VECTOR ( 'NONE', #1627, 1000.000000000000000 ) ;
#3020 = CARTESIAN_POINT ( 'NONE',  ( 4.561295587011247044, -29.65121649472798637, 0.3712642003727400497 ) ) ;
#3021 = CARTESIAN_POINT ( 'NONE',  ( -23.11413395039289043, 18.21707099154243537, -1.628446222875838512 ) ) ;
#3022 = B_SPLINE_SURFACE_WITH_KNOTS ( 'NONE', 1, 3, ( 
 ( #2023, #3408, #624, #557, #209, #3385, #3018, #3336, #1341, #1298, #280, #1957, #3358, #1938, #4073, #4417, #3428, #258, #942, #1277, #3062, #1662, #298, #1642, #2693, #4024, #3684, #2715, #2991, #4389, #2648, #4050, #920, #4438, #2303, #960, #3707, #577, #229, #2323, #3728, #597, #320, #2042, #3129, #1792, #1416, #663, #2737, #4208, #4226, #3451, #1027, #3195, #1094, #412, #4157, #2475, #3884, #2115, #2827, #735, #3862, #3791, #1704, #2094, #342, #3107, #63, #24, #1077, #691, #2071, #4503, #2780, #1724, #757, #714, #4184, #4525, #1775, #3519, #2140, #3495, #2809, #4135, #2387, #390, #3177, #1365, #2759, #1006, #46, #365, #1436, #3474, #2457, #3541, #2411, #3815, #1388, #1053, #2438, #1747, #3842, #3152, #3578, #109, #522, #478, #2943, #3282, #2845, #1177, #1541, #1858, #2594, #3974, #3212, #2202 ),
 ( #1114, #795, #83, #3926, #3238, #3998, #4312, #2540, #3650, #451, #2176, #1833, #4292, #2250, #2520, #1904, #500, #3947, #1496, #3260, #2892, #1155, #819, #1474, #3908, #3605, #132, #1518, #2499, #429, #1452, #2915, #778, #4246, #2569, #2159, #2870, #3307, #844, #1881, #4271, #1136, #2227, #3628, #3559, #1203, #1810, #154, #4342, #866, #954, #3037, #979, #934, #1930, #617, #2337, #1310, #3352, #4431, #3721, #3010, #1587, #3329, #2362, #1951, #4018, #1291, #4106, #2964, #2616, #549, #2664, #2316, #3766, #1998, #3402, #887, #2272, #570, #4410, #4362, #2706, #1271, #4066, #202, #1566, #2685, #3676, #3055, #1610, #591, #2985, #638, #1973, #3377, #4383, #1244, #2640, #251, #1223, #1636, #4043, #913, #2295, #2018, #3699, #223, #4085, #3744, #274, #1655, #4450, #182, #2470, #3145, #2774, #2801, #3856, #750 ) ),
 .UNSPECIFIED., .F., .F., .F.,
 ( 2, 2 ),
 ( 4, 2, 2, 2, 2, 2, 2, 2, 2, 2, 2, 2, 2, 2, 2, 2, 2, 2, 2, 2, 2, 2, 2, 2, 2, 2, 2, 2, 2, 2, 2, 2, 2, 2, 2, 2, 2, 2, 2, 2, 2, 2, 2, 2, 2, 2, 2, 2, 2, 2, 2, 2, 2, 2, 2, 2, 2, 2, 2, 4 ),
 ( 0.000000000000000000, 1.000000000000000000 ),
 ( 0.000000000000000000, 0.0004401934742751495541, 0.0008803869485502991083, 0.001320580422825448717, 0.001430628791394236146, 0.001540677159963023575, 0.001760773897100598217, 0.001980870634238172858, 0.002200967371375747716, 0.002421064108513322575, 0.002641160845650897433, 0.002861257582788472292, 0.002971305951357259938, 0.003081354319926047150, 0.003301451057063621575, 0.003521547794201196433, 0.003961741268476345716, 0.004181838005613921008, 0.004401934742751495433, 0.004622031479889069858, 0.004842128217026645150, 0.005062224954164220442, 0.005282321691301794866, 0.005502418428439369291, 0.005722515165576944583, 0.005942611902714519875, 0.006162708639852094300, 0.006382805376989668725, 0.006602902114127243149, 0.007043095588402392866, 0.007263192325539968158, 0.007483289062677542583, 0.007593337431246329795, 0.007703385799815117008, 0.007923482536952691432, 0.008363676011227842017, 0.008583772748365416441, 0.008803869485502990866, 0.009023966222640565291, 0.009244062959778139715, 0.009464159696915715875, 0.009684256434053290299, 0.01012444990832844088, 0.01034454664546601531, 0.01045459501403480165, 0.01056464338260358973, 0.01078474011974116416, 0.01100483685687873858, 0.01144503033115388917, 0.01188522380542903975, 0.01199527217399782783, 0.01210532054256661418, 0.01232541727970418860, 0.01254551401684176302, 0.01276561075397933745, 0.01320580422825448630, 0.01342590096539206072, 0.01364599770252963515, 0.01386609443966721131, 0.01408619117680478573 ),
 .UNSPECIFIED. ) ;
#3023 = ORIENTED_EDGE ( 'NONE', *, *, #2398, .F. ) ;
#3024 = CARTESIAN_POINT ( 'NONE',  ( 23.94892312490210884, 17.16060115348986059, 2.768827188375847737 ) ) ;
#3025 = CIRCLE ( 'NONE', #978, 2.999999999999999112 ) ;
#3026 = CARTESIAN_POINT ( 'NONE',  ( -4.145416366317412837, -29.13579913905298113, -1.423404290888860668 ) ) ;
#3027 = CIRCLE ( 'NONE', #767, 2.999999999999999112 ) ;
#3028 = EDGE_CURVE ( 'NONE', #3430, #295, #1330, .T. ) ;
#3029 = CARTESIAN_POINT ( 'NONE',  ( -27.96813375802794610, 10.85282513025245343, -0.7416874582482120282 ) ) ;
#3030 = FACE_OUTER_BOUND ( 'NONE', #2901, .T. ) ;
#3031 = CARTESIAN_POINT ( 'NONE',  ( -4.677965251703121830, -29.46090816716936089, -1.670126861610031321 ) ) ;
#3032 = EDGE_CURVE ( 'NONE', #3881, #2259, #1367, .T. ) ;
#3033 = EDGE_CURVE ( 'NONE', #2416, #3148, #794, .T. ) ;
#3034 = CARTESIAN_POINT ( 'NONE',  ( -24.90816882878941030, 16.72125993030037350, 4.037180827339085454 ) ) ;
#3035 = ORIENTED_EDGE ( 'NONE', *, *, #3620, .F. ) ;
#3036 = DIRECTION ( 'NONE',  ( 1.000000000000000000, 3.469446951953613006E-15, 0.000000000000000000 ) ) ;
#3037 = CARTESIAN_POINT ( 'NONE',  ( 25.98810218681762407, 13.95181291161899040, 3.895337839271859171 ) ) ;
#3038 = FACE_OUTER_BOUND ( 'NONE', #1411, .T. ) ;
#3039 = DIRECTION ( 'NONE',  ( 0.000000000000000000, 1.000000000000000000, 0.000000000000000000 ) ) ;
#3040 = EDGE_LOOP ( 'NONE', ( #2301, #3755, #892, #4001 ) ) ;
#3041 = VERTEX_POINT ( 'NONE', #3281 ) ;
#3042 = CARTESIAN_POINT ( 'NONE',  ( -26.47350722593689909, 12.97476832014436354, 3.464557497134839625 ) ) ;
#3043 = CARTESIAN_POINT ( 'NONE',  ( 23.46370192384921438, 18.69373128050082045, 1.029699683018280076 ) ) ;
#3044 = CARTESIAN_POINT ( 'NONE',  ( -2.279226741629553743, -29.38841652874361188, 3.287769334583080738 ) ) ;
#3045 = CARTESIAN_POINT ( 'NONE',  ( 0.000000000000000000, 0.000000000000000000, 3.999999999999998224 ) ) ;
#3046 = VERTEX_POINT ( 'NONE', #3649 ) ;
#3047 = CARTESIAN_POINT ( 'NONE',  ( 23.82087744173759347, 17.32827916490803588, 2.532390317461017837 ) ) ;
#3048 = DIRECTION ( 'NONE',  ( 0.000000000000000000, 0.000000000000000000, 1.000000000000000000 ) ) ;
#3049 = CARTESIAN_POINT ( 'NONE',  ( -28.11312206243385248, 10.47150265734076591, -1.863931144679211949 ) ) ;
#3050 = CARTESIAN_POINT ( 'NONE',  ( -4.576271100763339206, -29.64890795311554683, 0.000000000000000000 ) ) ;
#3051 = CARTESIAN_POINT ( 'NONE',  ( 4.134457986617650960, -29.13724573931462913, -1.388812114821517341 ) ) ;
#3052 = CARTESIAN_POINT ( 'NONE',  ( -27.78863805704976642, 11.30472253574112074, 1.996199070969348233 ) ) ;
#3053 = VERTEX_POINT ( 'NONE', #3604 ) ;
#3054 = LINE ( 'NONE', #1902, #2482 ) ;
#3055 = CARTESIAN_POINT ( 'NONE',  ( 24.01391793090457583, 17.07424821201923848, 2.876445759310584105 ) ) ;
#3056 = EDGE_CURVE ( 'NONE', #2968, #248, #904, .T. ) ;
#3057 = CARTESIAN_POINT ( 'NONE',  ( 0.1306680690888049612, -29.50000003719952346, 3.999999999999998224 ) ) ;
#3058 = DIRECTION ( 'NONE',  ( 0.000000000000000000, 0.000000000000000000, 1.000000000000000000 ) ) ;
#3059 = EDGE_LOOP ( 'NONE', ( #106, #3023 ) ) ;
#3060 = ORIENTED_EDGE ( 'NONE', *, *, #1265, .T. ) ;
#3061 = CARTESIAN_POINT ( 'NONE',  ( -27.14912055483086561, 11.37987846909027212, 1.473472968816614825 ) ) ;
#3062 = CARTESIAN_POINT ( 'NONE',  ( 27.68979755828871703, 11.54455983060787183, 2.438250921568126284 ) ) ;
#3063 = CARTESIAN_POINT ( 'NONE',  ( -2.874423385822833410, -29.32227365927352380, 2.782432325274749374 ) ) ;
#3064 = PLANE ( 'NONE',  #2431 ) ;
#3065 = VERTEX_POINT ( 'NONE', #3140 ) ;
#3066 = CARTESIAN_POINT ( 'NONE',  ( 23.53324372998087100, 17.69395840982776491, 1.830161760885756328 ) ) ;
#3067 = CARTESIAN_POINT ( 'NONE',  ( -4.864613396953638258, -29.60298001304214921, -1.657955219946232850 ) ) ;
#3068 = CARTESIAN_POINT ( 'NONE',  ( -27.26494523755507871, 11.07448472924199656, -1.003546978593584438 ) ) ;
#3069 = LINE ( 'NONE', #3436, #2491 ) ;
#3070 = B_SPLINE_CURVE_WITH_KNOTS ( 'NONE', 3,
 ( #3255, #1171, #4306, #2909 ),
 .UNSPECIFIED., .F., .F.,
 ( 4, 4 ),
 ( 0.000000000000000000, 1.000000000000000000 ),
 .UNSPECIFIED. ) ;
#3071 = CARTESIAN_POINT ( 'NONE',  ( -27.24876236258103646, 11.11327813160298916, -0.5000000000000000000 ) ) ;
#3072 = LINE ( 'NONE', #3763, #2725 ) ;
#3073 = ORIENTED_EDGE ( 'NONE', *, *, #4455, .T. ) ;
#3074 = AXIS2_PLACEMENT_3D ( 'NONE', #3698, #2984, #4408 ) ;
#3075 = CARTESIAN_POINT ( 'NONE',  ( 23.25510175374158095, 18.95259653902129671, -1.495832464968549269 ) ) ;
#3076 = DIRECTION ( 'NONE',  ( 1.000000000000000000, 0.000000000000000000, 0.000000000000000000 ) ) ;
#3077 = CIRCLE ( 'NONE', #4248, 3.000000000000000000 ) ;
#3078 = EDGE_CURVE ( 'NONE', #1421, #4090, #726, .T. ) ;
#3079 = LINE ( 'NONE', #3469, #907 ) ;
#3080 = ORIENTED_EDGE ( 'NONE', *, *, #992, .T. ) ;
#3081 = CARTESIAN_POINT ( 'NONE',  ( -23.74866143920616679, 18.33036650674051415, 2.186882440677026196 ) ) ;
#3082 = DIRECTION ( 'NONE',  ( -1.000000000000000000, 0.000000000000000000, 0.000000000000000000 ) ) ;
#3083 = AXIS2_PLACEMENT_3D ( 'NONE', #1804, #839, #1876 ) ;
#3084 = CARTESIAN_POINT ( 'NONE',  ( 23.77237464384678844, 18.29970930010647123, 2.257123053934932067 ) ) ;
#3085 = CARTESIAN_POINT ( 'NONE',  ( -25.94195011227681391, 14.03891123690568143, 3.916665084282637821 ) ) ;
#3086 = CIRCLE ( 'NONE', #3301, 2.149999999999999467 ) ;
#3087 = EDGE_CURVE ( 'NONE', #2805, #731, #3119, .T. ) ;
#3088 = CARTESIAN_POINT ( 'NONE',  ( -3.669574176004961163, -29.20972775811372202, 1.593272884177773907 ) ) ;
#3089 = DIRECTION ( 'NONE',  ( 1.000000000000000000, -2.312964634635743450E-15, 0.000000000000000000 ) ) ;
#3090 = ORIENTED_EDGE ( 'NONE', *, *, #4010, .T. ) ;
#3091 = CARTESIAN_POINT ( 'NONE',  ( 23.86206911755379423, 17.27475408896357223, 2.612924994027060688 ) ) ;
#3092 = CARTESIAN_POINT ( 'NONE',  ( 15.08502884254440168, 13.43502884254440488, 6.500000000000000888 ) ) ;
#3093 = CARTESIAN_POINT ( 'NONE',  ( -3.946859189245965904, -29.16392828700984907, 0.6506893288267459052 ) ) ;
#3094 = AXIS2_PLACEMENT_3D ( 'NONE', #709, #2089, #3102 ) ;
#3095 = CARTESIAN_POINT ( 'NONE',  ( 4.788520881609827917, -29.61536877647122523, -1.499999999999988676 ) ) ;
#3096 = LINE ( 'NONE', #3780, #2127 ) ;
#3097 = CIRCLE ( 'NONE', #2728, 2.999999999999999112 ) ;
#3098 = DIRECTION ( 'NONE',  ( -1.000000000000000000, 0.000000000000000000, 0.000000000000000000 ) ) ;
#3099 = EDGE_LOOP ( 'NONE', ( #4448, #2392, #488, #4149 ) ) ;
#3100 = CARTESIAN_POINT ( 'NONE',  ( -22.97646507455837650, 18.39463910266716340, -2.067353244402692081 ) ) ;
#3101 = LINE ( 'NONE', #1741, #896 ) ;
#3102 = DIRECTION ( 'NONE',  ( -0.000000000000000000, -0.000000000000000000, -1.000000000000000000 ) ) ;
#3103 = ORIENTED_EDGE ( 'NONE', *, *, #3644, .T. ) ;
#3104 = CARTESIAN_POINT ( 'NONE',  ( -23.68451182931686461, 18.41317298177078143, 1.992275476639684184 ) ) ;
#3105 = DIRECTION ( 'NONE',  ( 0.000000000000000000, 0.000000000000000000, 1.000000000000000000 ) ) ;
#3106 = CARTESIAN_POINT ( 'NONE',  ( 26.65812245095083099, 12.57023431852856632, 3.167685712748916860 ) ) ;
#3107 = CARTESIAN_POINT ( 'NONE',  ( 25.60013250318042921, 15.64093181184215986, 4.440522584720675070 ) ) ;
#3108 = CARTESIAN_POINT ( 'NONE',  ( -24.74538462195930677, 16.04067824222739347, 3.700413301529389187 ) ) ;
#3109 = EDGE_CURVE ( 'NONE', #3420, #4054, #885, .T. ) ;
#3110 = CARTESIAN_POINT ( 'NONE',  ( 2.873354213475131314, -29.32240743401324323, 2.783555021499374504 ) ) ;
#3111 = ORIENTED_EDGE ( 'NONE', *, *, #3704, .F. ) ;
#3112 = CARTESIAN_POINT ( 'NONE',  ( -24.90854780935259782, 16.72031114397667650, 4.035667644716385283 ) ) ;
#3113 = CARTESIAN_POINT ( 'NONE',  ( -13.85640646055101577, -20.99999999999998934, -3.500000000000000000 ) ) ;
#3114 = EDGE_CURVE ( 'NONE', #3769, #1855, #3502, .T. ) ;
#3115 = ADVANCED_FACE ( 'NONE', ( #4239 ), #3205, .T. ) ;
#3116 = DIRECTION ( 'NONE',  ( 0.000000000000000000, 0.000000000000000000, 1.000000000000000000 ) ) ;
#3117 = DIRECTION ( 'NONE',  ( 0.8660254037844432595, -0.4999999999999919509, 0.000000000000000000 ) ) ;
#3118 = PLANE ( 'NONE',  #310 ) ;
#3119 = B_SPLINE_CURVE_WITH_KNOTS ( 'NONE', 3,
 ( #2796, #11, #2169, #3167, #704, #1106, #788, #4169 ),
 .UNSPECIFIED., .F., .F.,
 ( 4, 2, 2, 4 ),
 ( 0.000000000000000000, 0.2500000000000000000, 0.5000000000000000000, 1.000000000000000000 ),
 .UNSPECIFIED. ) ;
#3120 = DIRECTION ( 'NONE',  ( 0.000000000000000000, 0.000000000000000000, 1.000000000000000000 ) ) ;
#3121 = VERTEX_POINT ( 'NONE', #443 ) ;
#3122 = CARTESIAN_POINT ( 'NONE',  ( 23.11413395039260976, 18.21707099154279774, -1.628446222875934213 ) ) ;
#3123 = FACE_BOUND ( 'NONE', #976, .T. ) ;
#3124 = CARTESIAN_POINT ( 'NONE',  ( -11.25833024919769976, -22.49999999999998934, -2.999999999999999556 ) ) ;
#3125 = VERTEX_POINT ( 'NONE', #2084 ) ;
#3126 = CARTESIAN_POINT ( 'NONE',  ( -23.64487169142405421, 18.46404838246187197, 1.859629679054771501 ) ) ;
#3127 = FACE_OUTER_BOUND ( 'NONE', #3241, .T. ) ;
#3128 = CARTESIAN_POINT ( 'NONE',  ( 26.58821491192875541, 12.72584900660130103, 3.291805462627038548 ) ) ;
#3129 = CARTESIAN_POINT ( 'NONE',  ( 26.84436679666869097, 13.39345811437561018, 4.128136083527434330 ) ) ;
#3130 = CARTESIAN_POINT ( 'NONE',  ( -23.71532679260987919, 17.46423145349052319, 2.308604576883154014 ) ) ;
#3131 = CARTESIAN_POINT ( 'NONE',  ( -1.289766199739369901, -29.46437542619220196, 3.786918966256598296 ) ) ;
#3132 = PRODUCT_CONTEXT ( 'NONE', #4086, 'mechanical' ) ;
#3133 = ORIENTED_EDGE ( 'NONE', *, *, #3573, .F. ) ;
#3134 = CARTESIAN_POINT ( 'NONE',  ( -26.29185937350890612, 14.44782060749909647, 4.456793633515228059 ) ) ;
#3135 = CARTESIAN_POINT ( 'NONE',  ( 0.000000000000000000, 0.000000000000000000, 3.500000000000000000 ) ) ;
#3136 = CARTESIAN_POINT ( 'NONE',  ( -3.653818623045718805, -29.77667072463948372, 2.709664613892531548 ) ) ;
#3137 = ADVANCED_FACE ( 'NONE', ( #1402 ), #1128, .F. ) ;
#3138 = DIRECTION ( 'NONE',  ( 0.000000000000000000, 0.000000000000000000, 1.000000000000000000 ) ) ;
#3139 = DIRECTION ( 'NONE',  ( -0.000000000000000000, 1.000000000000000000, -0.000000000000000000 ) ) ;
#3140 = CARTESIAN_POINT ( 'NONE',  ( 25.58364779650314702, 6.687822173509041512, -3.500000000000000000 ) ) ;
#3141 = ADVANCED_FACE ( 'NONE', ( #1067 ), #2861, .F. ) ;
#3142 = LINE ( 'NONE', #311, #4488 ) ;
#3143 = EDGE_LOOP ( 'NONE', ( #118, #554, #2231, #3182 ) ) ;
#3144 = LINE ( 'NONE', #15, #4316 ) ;
#3145 = CARTESIAN_POINT ( 'NONE',  ( 23.25727315166304265, 18.03128037472200162, 0.3300126283245662928 ) ) ;
#3146 = AXIS2_PLACEMENT_3D ( 'NONE', #3626, #1450, #2843 ) ;
#3147 = DIRECTION ( 'NONE',  ( 0.8660254037844363761, 0.5000000000000039968, 0.000000000000000000 ) ) ;
#3148 = VERTEX_POINT ( 'NONE', #3509 ) ;
#3149 = CARTESIAN_POINT ( 'NONE',  ( -24.33882011419104430, 17.53953282976921102, 3.383926145047331691 ) ) ;
#3150 = CARTESIAN_POINT ( 'NONE',  ( -19.91858428704208350, -11.50000000000000355, -3.500000000000000000 ) ) ;
#3151 = CARTESIAN_POINT ( 'NONE',  ( 26.72824261136262791, 12.41112461455637650, 3.026874433470485570 ) ) ;
#3152 = CARTESIAN_POINT ( 'NONE',  ( 23.59054382992334453, 18.53340454806022564, 1.657657078763067782 ) ) ;
#3153 = CARTESIAN_POINT ( 'NONE',  ( -24.40190209491288442, 16.54088052132127373, 3.389864591163706198 ) ) ;
#3154 = VECTOR ( 'NONE', #802, 1000.000000000000227 ) ;
#3155 = CARTESIAN_POINT ( 'NONE',  ( 2.329629611212983065, -29.38360387523911399, 3.254192925334199682 ) ) ;
#3156 = AXIS2_PLACEMENT_3D ( 'NONE', #4220, #3786, #359 ) ;
#3157 = APPLICATION_PROTOCOL_DEFINITION ( 'draft international standard', 'automotive_design', 1998, #1278 ) ;
#3158 = ORIENTED_EDGE ( 'NONE', *, *, #4457, .T. ) ;
#3159 = CARTESIAN_POINT ( 'NONE',  ( -27.04934681729571722, 12.97447346998215600, 3.897627158046613083 ) ) ;
#3160 = CARTESIAN_POINT ( 'NONE',  ( 13.85640646055102287, -20.99999999999998934, -3.000000000000000888 ) ) ;
#3161 = VECTOR ( 'NONE', #565, 1000.000000000000000 ) ;
#3162 = CARTESIAN_POINT ( 'NONE',  ( -27.37977246770351059, 10.79603702122280318, -1.889546247209695107 ) ) ;
#3163 = CARTESIAN_POINT ( 'NONE',  ( -23.24876236258109685, 18.04148136187852458, -0.5000000000000000000 ) ) ;
#3164 = AXIS2_PLACEMENT_3D ( 'NONE', #1375, #3530, #3203 ) ;
#3165 = LINE ( 'NONE', #3828, #1827 ) ;
#3166 = AXIS2_PLACEMENT_3D ( 'NONE', #3399, #3349, #2662 ) ;
#3167 = CARTESIAN_POINT ( 'NONE',  ( 27.26712841413429445, 11.06925499647665667, -1.048185400174748150 ) ) ;
#3168 = ORIENTED_EDGE ( 'NONE', *, *, #4457, .F. ) ;
#3169 = CARTESIAN_POINT ( 'NONE',  ( 26.89527655622923419, 7.793670833844336343, -3.499999999999999556 ) ) ;
#3170 = EDGE_CURVE ( 'NONE', #49, #1500, #3599, .T. ) ;
#3171 = EDGE_CURVE ( 'NONE', #4309, #4111, #1763, .T. ) ;
#3172 = LINE ( 'NONE', #41, #616 ) ;
#3173 = EDGE_LOOP ( 'NONE', ( #568, #4347, #1672, #2179 ) ) ;
#3174 = LINE ( 'NONE', #296, #1749 ) ;
#3175 = FACE_OUTER_BOUND ( 'NONE', #1770, .T. ) ;
#3176 = CARTESIAN_POINT ( 'NONE',  ( 26.69647103427076473, 12.48353062207721287, 3.092364956166983703 ) ) ;
#3177 = CARTESIAN_POINT ( 'NONE',  ( 24.27650498163996318, 17.62532429478737939, 3.286968305734829787 ) ) ;
#3178 = B_SPLINE_SURFACE_WITH_KNOTS ( 'NONE', 1, 3, ( 
 ( #2806, #4500, #1024, #2824, #4180, #3859, #4204, #2021, #2091, #2366, #2434, #3426, #362, #1004, #3126, #3104, #3811, #3081, #4477, #1339, #1702, #2385, #2756, #4154, #661, #711, #339, #2040, #2068, #1721, #3839, #1744, #3149, #20, #1413, #1074, #1060, #698, #370, #1032, #3, #3848, #3112, #2393, #2417, #3822, #3479, #4141, #3458, #4487, #2079, #3797, #2743, #3547, #3501, #1441, #1780, #1348, #4213, #51, #1753, #1099, #2463, #1709, #720, #348, #3134, #1011, #669, #2051, #1730, #4508, #1393, #2788, #2481, #2814, #2443, #2146, #4189, #2100, #3159, #29, #763, #1422, #417, #3526, #1082, #3868, #740, #2120, #396, #3183, #1371, #327, #2834, #4233, #3891, #2764, #4162, #1798, #3932, #2505, #1458, #2209, #2851, #1816, #871, #783, #3611, #4253, #435, #3219, #801, #160, #2164, #3565, #90, #3585, #2255, #1863 ),
 ( #4003, #3954, #1479, #3633, #849, #4348, #1839, #2920, #483, #1501, #2875, #4276, #3655, #458, #1141, #4320, #2599, #1120, #2525, #2182, #1160, #825, #528, #505, #1886, #3243, #114, #2897, #4297, #2547, #1208, #3265, #137, #1523, #70, #1185, #2576, #1549, #3980, #2232, #3287, #3200, #2950, #2322, #2621, #1592, #208, #4072, #2970, #941, #1228, #4388, #3315, #2713, #188, #576, #2990, #4112, #3705, #4023, #1641, #1316, #1572, #4367, #2278, #4416, #3727, #985, #2343, #3751, #893, #3683, #2302, #228, #556, #4456, #1616, #3017, #1936, #3335, #3042, #1249, #279, #3357, #1276, #2647, #2367, #2670, #596, #4049, #919, #1956, #1979, #3384, #257, #4437, #1297, #2692, #3771, #4092, #959, #623, #2003, #3407, #1661, #3061, #1910, #4224, #363, #4523, #21, #1075, #2473, #1434, #1005, #1386, #1092, #2825, #4134, #689 ) ),
 .UNSPECIFIED., .F., .F., .F.,
 ( 2, 2 ),
 ( 4, 2, 2, 2, 2, 2, 2, 2, 2, 2, 2, 2, 2, 2, 2, 2, 2, 2, 2, 2, 2, 2, 2, 2, 2, 2, 2, 2, 2, 2, 2, 2, 2, 2, 2, 2, 2, 2, 2, 2, 2, 2, 2, 2, 2, 2, 2, 2, 2, 2, 2, 2, 2, 2, 2, 2, 2, 2, 2, 4 ),
 ( 0.000000000000000000, 1.000000000000000000 ),
 ( 0.000000000000000000, 0.0004401934742751480363, 0.0008803869485502960725, 0.001320580422825444163, 0.001430628791394231158, 0.001540677159963018154, 0.001760773897100592145, 0.001980870634238166353, 0.002200967371375740344, 0.002421064108513314335, 0.002641160845650888326, 0.002861257582788462317, 0.002971305951357249529, 0.003081354319926036308, 0.003301451057063610299, 0.003521547794201184290, 0.003961741268476332706, 0.004181838005613907130, 0.004401934742751480688, 0.004622031479889054245, 0.004842128217026628670, 0.005062224954164203095, 0.005282321691301776652, 0.005502418428439350209, 0.005722515165576924634, 0.005942611902714499059, 0.006162708639852072616, 0.006382805376989646173, 0.006602902114127220598, 0.007043095588402368580, 0.007263192325539942137, 0.007483289062677516562, 0.007593337431246303774, 0.007703385799815090987, 0.007923482536952665412, 0.008363676011227814261, 0.008583772748365386951, 0.008803869485502961376, 0.009023966222640535800, 0.009244062959778108490, 0.009464159696915682915, 0.009684256434053257340, 0.01012444990832840619, 0.01034454664546597888, 0.01045459501403476696, 0.01056464338260355330, 0.01078474011974112773, 0.01100483685687870042, 0.01144503033115384927, 0.01188522380542899812, 0.01199527217399778446, 0.01210532054256657081, 0.01232541727970414523, 0.01254551401684171966, 0.01276561075397929235, 0.01320580422825444120, 0.01342590096539201562, 0.01364599770252959005, 0.01386609443966716274, 0.01408619117680473716 ),
 .UNSPECIFIED. ) ;
#3179 = CARTESIAN_POINT ( 'NONE',  ( -24.05327113051700749, 17.02155597708001622, 2.938213669852304033 ) ) ;
#3180 = CARTESIAN_POINT ( 'NONE',  ( 0.3242973577662030538, -29.49783644810821670, 3.987378013231741125 ) ) ;
#3181 = SURFACE_SIDE_STYLE ('',( #68 ) ) ;
#3182 = ORIENTED_EDGE ( 'NONE', *, *, #2810, .F. ) ;
#3183 = CARTESIAN_POINT ( 'NONE',  ( -27.46801162948912634, 12.06280297197617024, 3.131499378108219656 ) ) ;
#3184 = FACE_OUTER_BOUND ( 'NONE', #3563, .T. ) ;
#3185 = CARTESIAN_POINT ( 'NONE',  ( -4.167899062273730415, -29.70908375195157447, 1.859629659076367236 ) ) ;
#3186 = CARTESIAN_POINT ( 'NONE',  ( -15.08502884254441057, -13.43502884254438179, 6.500000000000000888 ) ) ;
#3187 = CARTESIAN_POINT ( 'NONE',  ( -27.22894854998567027, 11.16708652183673856, 0.6714163400224993916 ) ) ;
#3188 = CARTESIAN_POINT ( 'NONE',  ( -27.96485408728951683, 10.86125848497935387, -0.8444209815633980654 ) ) ;
#3189 = DIRECTION ( 'NONE',  ( -0.8660254037844363761, -0.5000000000000041078, 0.000000000000000000 ) ) ;
#3190 = CARTESIAN_POINT ( 'NONE',  ( -23.38857705398852360, 18.78761462745361754, 0.2958845828023373148 ) ) ;
#3191 = ORIENTED_EDGE ( 'NONE', *, *, #1045, .T. ) ;
#3192 = EDGE_CURVE ( 'NONE', #4309, #2198, #2468, .T. ) ;
#3193 = CARTESIAN_POINT ( 'NONE',  ( -23.34196871960950048, 18.53890781792750175, 0.000000000000000000 ) ) ;
#3194 = CARTESIAN_POINT ( 'NONE',  ( 24.48416373097739296, 16.42360295416318294, 3.475153242159431777 ) ) ;
#3195 = CARTESIAN_POINT ( 'NONE',  ( 26.38166388897408865, 14.28332051673419834, 4.427586016260989688 ) ) ;
#3196 = CARTESIAN_POINT ( 'NONE',  ( -23.55703075628799681, 17.66427715622651462, 1.901456765645562319 ) ) ;
#3197 = CARTESIAN_POINT ( 'NONE',  ( 1.284202195573527439, -29.46468330756602683, 3.788810899201568105 ) ) ;
#3198 = ORIENTED_EDGE ( 'NONE', *, *, #1259, .F. ) ;
#3199 = ORIENTED_EDGE ( 'NONE', *, *, #4088, .F. ) ;
#3200 = CARTESIAN_POINT ( 'NONE',  ( -24.57103889924551865, 16.29814737744228026, 3.557907016578284676 ) ) ;
#3201 = DIRECTION ( 'NONE',  ( 1.000000000000000000, 0.000000000000000000, 0.000000000000000000 ) ) ;
#3202 = DIRECTION ( 'NONE',  ( -0.000000000000000000, -0.000000000000000000, 1.000000000000000000 ) ) ;
#3203 = DIRECTION ( 'NONE',  ( 1.000000000000000000, 0.000000000000000000, 0.000000000000000000 ) ) ;
#3204 = CARTESIAN_POINT ( 'NONE',  ( -27.01585742281181268, 11.72181996979781715, 2.175818474405586844 ) ) ;
#3205 = CYLINDRICAL_SURFACE ( 'NONE', #540, 3.000000000000000000 ) ;
#3206 = PRODUCT_DEFINITION_SHAPE ( 'NONE', 'NONE',  #4336 ) ;
#3207 = CYLINDRICAL_SURFACE ( 'NONE', #1544, 2.999999999999999556 ) ;
#3208 = CARTESIAN_POINT ( 'NONE',  ( -11.25833024919769976, -22.49999999999998934, 3.500000000000000000 ) ) ;
#3209 = ORIENTED_EDGE ( 'NONE', *, *, #1130, .F. ) ;
#3210 = CARTESIAN_POINT ( 'NONE',  ( -11.78502884254440986, -13.43502884254438179, 6.500000000000000888 ) ) ;
#3211 = CARTESIAN_POINT ( 'NONE',  ( 26.91075818502337569, 11.98090006565917776, 2.552650565707079711 ) ) ;
#3212 = CARTESIAN_POINT ( 'NONE',  ( 23.38857202205699082, 18.78762083038514774, 0.07443044461354765551 ) ) ;
#3213 = CARTESIAN_POINT ( 'NONE',  ( 3.416442019117194917, -29.24859321444703397, 2.082140183604443529 ) ) ;
#3214 = AXIS2_PLACEMENT_3D ( 'NONE', #2022, #733, #2113 ) ;
#3215 = EDGE_CURVE ( 'NONE', #3121, #2575, #4260, .T. ) ;
#3216 = CARTESIAN_POINT ( 'NONE',  ( 4.149808418952138034, -29.13523330044691662, -1.446111857779908805 ) ) ;
#3217 = ORIENTED_EDGE ( 'NONE', *, *, #2213, .T. ) ;
#3218 = EDGE_LOOP ( 'NONE', ( #2919, #3911, #3341, #710, #3631, #1659 ) ) ;
#3219 = CARTESIAN_POINT ( 'NONE',  ( -27.93745325313131644, 10.93155646138553649, 0.8122941460591533991 ) ) ;
#3220 = DIRECTION ( 'NONE',  ( 0.7071067811865462405, 8.659560562354918067E-17, -0.7071067811865489050 ) ) ;
#3221 = EDGE_CURVE ( 'NONE', #4138, #1570, #397, .T. ) ;
#3222 = EDGE_CURVE ( 'NONE', #3726, #1392, #2839, .T. ) ;
#3223 = CIRCLE ( 'NONE', #2123, 1.650000000000000355 ) ;
#3224 = CARTESIAN_POINT ( 'NONE',  ( -2.418705438341075986, -29.90240896114874403, 3.820828353107584618 ) ) ;
#3225 = DIRECTION ( 'NONE',  ( 0.000000000000000000, 0.000000000000000000, -1.000000000000000000 ) ) ;
#3226 = CARTESIAN_POINT ( 'NONE',  ( 14.28941916244322741, 21.25000000000000000, -3.500000000000000000 ) ) ;
#3227 = CARTESIAN_POINT ( 'NONE',  ( 23.09690526474381045, 18.23940735213500730, -1.694998943486693443 ) ) ;
#3228 = AXIS2_PLACEMENT_3D ( 'NONE', #4497, #3468, #4174 ) ;
#3229 = CARTESIAN_POINT ( 'NONE',  ( -27.12184086825296703, 11.45119571101146505, 1.651169949087904376 ) ) ;
#3230 = DIRECTION ( 'NONE',  ( 0.000000000000000000, 0.000000000000000000, -1.000000000000000000 ) ) ;
#3231 = CARTESIAN_POINT ( 'NONE',  ( 27.26494523755491173, 11.07448472924237493, -1.003546978593531591 ) ) ;
#3232 = CARTESIAN_POINT ( 'NONE',  ( -12.50000000000000000, 0.000000000000000000, 6.000000000000023093 ) ) ;
#3233 = CARTESIAN_POINT ( 'NONE',  ( -23.64376292218293685, 18.46553049172491967, 1.860000878405838831 ) ) ;
#3234 = ORIENTED_EDGE ( 'NONE', *, *, #3028, .F. ) ;
#3235 = AXIS2_PLACEMENT_3D ( 'NONE', #730, #294, #3147 ) ;
#3236 = CARTESIAN_POINT ( 'NONE',  ( 15.08502884254440168, 13.43502884254440488, 6.500000000000000888 ) ) ;
#3237 = DIRECTION ( 'NONE',  ( 0.000000000000000000, -1.000000000000000000, -0.000000000000000000 ) ) ;
#3238 = CARTESIAN_POINT ( 'NONE',  ( 27.23073341371771861, 11.16228660037897491, 0.6527021771957509655 ) ) ;
#3239 = CARTESIAN_POINT ( 'NONE',  ( 2.890895895758657019, -29.32026399261321714, 2.765971004728540628 ) ) ;
#3240 = PLANE ( 'NONE',  #2133 ) ;
#3241 = EDGE_LOOP ( 'NONE', ( #761, #2740, #816, #1068 ) ) ;
#3242 = ORIENTED_EDGE ( 'NONE', *, *, #1259, .T. ) ;
#3243 = CARTESIAN_POINT ( 'NONE',  ( -23.79809592801704454, 17.35780646695453200, 2.486726772536029806 ) ) ;
#3244 = CARTESIAN_POINT ( 'NONE',  ( 11.25833024919771042, -19.49999999999998934, 3.500000000000000000 ) ) ;
#3245 = CARTESIAN_POINT ( 'NONE',  ( 3.125726062436255503, -29.83673218036120645, 3.286968270490912225 ) ) ;
#3246 = CARTESIAN_POINT ( 'NONE',  ( -23.29106820536022937, 18.90836490420930360, -1.355574769669095847 ) ) ;
#3247 = ORIENTED_EDGE ( 'NONE', *, *, #599, .F. ) ;
#3248 = FACE_OUTER_BOUND ( 'NONE', #2050, .T. ) ;
#3249 = CARTESIAN_POINT ( 'NONE',  ( -35.34197804570101908, 15.78589838486191255, 2.449293598294706414E-16 ) ) ;
#3250 = EDGE_CURVE ( 'NONE', #1727, #3525, #3749, .T. ) ;
#3251 = CARTESIAN_POINT ( 'NONE',  ( -27.23548417534842514, 11.14940957886589068, 0.5565269172121050101 ) ) ;
#3252 = CARTESIAN_POINT ( 'NONE',  ( -2.247690776435190774, -29.39142648873773211, 3.308767304982134227 ) ) ;
#3253 = CARTESIAN_POINT ( 'NONE',  ( 28.00976167541649886, 10.74492206378454462, -1.269503600905922180 ) ) ;
#3254 = EDGE_CURVE ( 'NONE', #2772, #482, #173, .T. ) ;
#3255 = CARTESIAN_POINT ( 'NONE',  ( 4.000000000000000000, -29.15475952416974437, -0.5000000000000000000 ) ) ;
#3256 = CARTESIAN_POINT ( 'NONE',  ( 22.51666049839540307, -3.469446951953614189E-15, 3.500000000000000000 ) ) ;
#3257 = ORIENTED_EDGE ( 'NONE', *, *, #4033, .F. ) ;
#3258 = CARTESIAN_POINT ( 'NONE',  ( 13.43502884254440133, 13.43502884254440488, 3.500000000000000000 ) ) ;
#3259 = CARTESIAN_POINT ( 'NONE',  ( 26.91413282503210525, 11.97271430420597049, 2.542015800758375299 ) ) ;
#3260 = CARTESIAN_POINT ( 'NONE',  ( 27.03115552643128083, 11.68340949634366233, 2.112246677259027372 ) ) ;
#3261 = CARTESIAN_POINT ( 'NONE',  ( 2.571160652984262107, -29.35787268597794153, 3.064505820670067937 ) ) ;
#3262 = CARTESIAN_POINT ( 'NONE',  ( 12.50000000000000000, 1.530808498934191521E-15, 7.500000000000000000 ) ) ;
#3263 = ORIENTED_EDGE ( 'NONE', *, *, #915, .T. ) ;
#3264 = ORIENTED_EDGE ( 'NONE', *, *, #2683, .T. ) ;
#3265 = CARTESIAN_POINT ( 'NONE',  ( -24.04029267050250596, 17.03926008483155030, 2.920565563767828277 ) ) ;
#3266 = CARTESIAN_POINT ( 'NONE',  ( -22.08364779650329268, 12.74999999999978861, 0.000000000000000000 ) ) ;
#3267 = CARTESIAN_POINT ( 'NONE',  ( 3.014778868752196139, -29.84818639500279502, 3.386292956457445325 ) ) ;
#3268 = DIRECTION ( 'NONE',  ( -1.000000000000000000, 0.000000000000000000, 0.000000000000000000 ) ) ;
#3269 = ORIENTED_EDGE ( 'NONE', *, *, #2666, .F. ) ;
#3270 =( LENGTH_UNIT ( ) NAMED_UNIT ( * ) SI_UNIT ( .MILLI., .METRE. ) );
#3271 = DIRECTION ( 'NONE',  ( 1.000000000000000000, 0.000000000000000000, 0.000000000000000000 ) ) ;
#3272 = FACE_OUTER_BOUND ( 'NONE', #2060, .T. ) ;
#3273 = ADVANCED_FACE ( 'NONE', ( #3621 ), #2532, .T. ) ;
#3274 = CARTESIAN_POINT ( 'NONE',  ( -27.29556159172135565, 10.49630515823079335, -2.256217432120652067 ) ) ;
#3275 = LINE ( 'NONE', #2290, #1046 ) ;
#3276 = FACE_OUTER_BOUND ( 'NONE', #4274, .T. ) ;
#3277 = EDGE_CURVE ( 'NONE', #2314, #1837, #993, .T. ) ;
#3278 = DIRECTION ( 'NONE',  ( 0.000000000000000000, 0.000000000000000000, -1.000000000000000000 ) ) ;
#3279 = ORIENTED_EDGE ( 'NONE', *, *, #1706, .F. ) ;
#3280 = CARTESIAN_POINT ( 'NONE',  ( -23.29536554109530044, 18.29019458990301317, 0.000000000000000000 ) ) ;
#3281 = CARTESIAN_POINT ( 'NONE',  ( 4.576271100763350752, -29.64890795311554328, 0.000000000000000000 ) ) ;
#3282 = CARTESIAN_POINT ( 'NONE',  ( 23.43573222502952902, 18.72876600355906263, 0.8122941460591557306 ) ) ;
#3283 = CARTESIAN_POINT ( 'NONE',  ( 3.895587477430110468, -29.17265354965719126, 0.9085104738048448425 ) ) ;
#3284 = LINE ( 'NONE', #1157, #1334 ) ;
#3285 = ORIENTED_EDGE ( 'NONE', *, *, #462, .T. ) ;
#3286 = ORIENTED_EDGE ( 'NONE', *, *, #3222, .F. ) ;
#3287 = CARTESIAN_POINT ( 'NONE',  ( -24.50529482881110965, 16.39330761723646290, 3.496238721703775365 ) ) ;
#3288 = CARTESIAN_POINT ( 'NONE',  ( 26.55504111979029602, 13.95889084719799378, 4.348050131074032265 ) ) ;
#3289 = CARTESIAN_POINT ( 'NONE',  ( -2.289743346808891467, -29.91255998507423897, 3.896900066749333202 ) ) ;
#3290 = AXIS2_PLACEMENT_3D ( 'NONE', #152, #754, #2518 ) ;
#3291 = DIRECTION ( 'NONE',  ( -0.000000000000000000, 1.000000000000000000, -0.000000000000000000 ) ) ;
#3292 = ORIENTED_EDGE ( 'NONE', *, *, #1535, .F. ) ;
#3293 = DIRECTION ( 'NONE',  ( 0.5000000000000037748, -0.8660254037844364872, 0.000000000000000000 ) ) ;
#3294 = CARTESIAN_POINT ( 'NONE',  ( 24.08364779650313281, 9.285898384862351307, 0.000000000000000000 ) ) ;
#3295 = CARTESIAN_POINT ( 'NONE',  ( -26.28164522132097858, 13.37462422335087631, 3.684115810303938865 ) ) ;
#3296 = CIRCLE ( 'NONE', #4177, 2.999999999999998668 ) ;
#3297 = CARTESIAN_POINT ( 'NONE',  ( -2.605041228182427115, -29.35407515563477787, 3.035626245026400216 ) ) ;
#3298 = DIRECTION ( 'NONE',  ( 0.000000000000000000, 0.000000000000000000, -1.000000000000000000 ) ) ;
#3299 = VECTOR ( 'NONE', #3694, 1000.000000000000000 ) ;
#3300 = CARTESIAN_POINT ( 'NONE',  ( 4.837092738748397736, -29.60748565361984674, -1.604620627269556232 ) ) ;
#3301 = AXIS2_PLACEMENT_3D ( 'NONE', #2707, #980, #810 ) ;
#3302 = CARTESIAN_POINT ( 'NONE',  ( -26.34613365479170000, 14.34931102874595688, 4.442203963931691924 ) ) ;
#3303 = ORIENTED_EDGE ( 'NONE', *, *, #680, .F. ) ;
#3304 = CARTESIAN_POINT ( 'NONE',  ( -33.34197804570105461, 19.24999999999968381, 0.000000000000000000 ) ) ;
#3305 = STYLED_ITEM ( 'NONE', ( #166 ), #2921 ) ;
#3306 = CARTESIAN_POINT ( 'NONE',  ( 26.88335271928377423, 12.04708627337466709, 2.636177821744118521 ) ) ;
#3307 = CARTESIAN_POINT ( 'NONE',  ( 26.54518295050796084, 12.82015051814774509, 3.360857888691007656 ) ) ;
#3308 = EDGE_CURVE ( 'NONE', #227, #3053, #2353, .T. ) ;
#3309 = CARTESIAN_POINT ( 'NONE',  ( -23.31579959298006344, 17.96080955837889448, 0.9040890213413803611 ) ) ;
#3310 = B_SPLINE_SURFACE_WITH_KNOTS ( 'NONE', 1, 3, ( 
 ( #2381, #1358, #681, #1333, #3421, #3442, #313, #1697, #291, #1673, #1309, #2752, #3075, #2731, #335, #4129, #1000, #3511 ),
 ( #4150, #1020, #1740, #2401, #3806, #2087, #2061, #1821, #1069, #3467, #1717, #3122, #3227, #3488, #4173, #441, #4518, #1381 ) ),
 .UNSPECIFIED., .F., .F., .F.,
 ( 2, 2 ),
 ( 4, 2, 2, 2, 2, 2, 2, 2, 4 ),
 ( 0.000000000000000000, 1.000000000000000000 ),
 ( 0.008166361439159561600, 0.008525945465214797292, 0.008705737478242416005, 0.008885529491270034719, 0.008975425497783844075, 0.009065321504297653432, 0.009245113517325272146, 0.009424905530352890859, 0.009604697543380509572 ),
 .UNSPECIFIED. ) ;
#3311 = VECTOR ( 'NONE', #1132, 1000.000000000000000 ) ;
#3312 = LINE ( 'NONE', #2502, #759 ) ;
#3313 = ORIENTED_EDGE ( 'NONE', *, *, #1130, .T. ) ;
#3314 = ORIENTED_EDGE ( 'NONE', *, *, #3215, .T. ) ;
#3315 = CARTESIAN_POINT ( 'NONE',  ( -25.11112304653369875, 15.47566924893111207, 3.909902818530429869 ) ) ;
#3316 = DIRECTION ( 'NONE',  ( 0.8660254037844432595, -0.4999999999999919509, 0.000000000000000000 ) ) ;
#3317 = CARTESIAN_POINT ( 'NONE',  ( 2.288449756563914583, -29.91265823655939116, 3.897627116258108870 ) ) ;
#3318 = CARTESIAN_POINT ( 'NONE',  ( -23.34256622329694153, 18.84475465250929460, -1.095724122368920028 ) ) ;
#3319 = ORIENTED_EDGE ( 'NONE', *, *, #3170, .F. ) ;
#3320 = FACE_BOUND ( 'NONE', #3682, .T. ) ;
#3321 = DIRECTION ( 'NONE',  ( 1.000000000000000000, 0.000000000000000000, 0.000000000000000000 ) ) ;
#3322 = CARTESIAN_POINT ( 'NONE',  ( -26.65094320373688674, 12.58642452532277645, 3.181527760924816484 ) ) ;
#3323 = CARTESIAN_POINT ( 'NONE',  ( -2.887177308396880804, -29.32066096386432363, 2.768699340568726353 ) ) ;
#3324 = CARTESIAN_POINT ( 'NONE',  ( 4.788520881609827917, -29.61536877647122523, -1.499999999999988676 ) ) ;
#3325 = CARTESIAN_POINT ( 'NONE',  ( 4.611599498166706113, -29.64343481397590452, -0.9196224865890927358 ) ) ;
#3326 = CARTESIAN_POINT ( 'NONE',  ( -26.55457332070995591, 13.96211223197953366, 4.356235899514988574 ) ) ;
#3327 = ORIENTED_EDGE ( 'NONE', *, *, #3781, .F. ) ;
#3328 = DIRECTION ( 'NONE',  ( 1.000000000000000000, 0.000000000000000000, 0.000000000000000000 ) ) ;
#3329 = CARTESIAN_POINT ( 'NONE',  ( 25.33301581478316322, 15.11430396136411325, 3.977722970770165123 ) ) ;
#3330 = CARTESIAN_POINT ( 'NONE',  ( 2.165699513759348882, -29.39921979471569458, 3.363039751159252688 ) ) ;
#3331 = ADVANCED_FACE ( 'NONE', ( #266 ), #3871, .T. ) ;
#3332 = CARTESIAN_POINT ( 'NONE',  ( -4.335543044748655817, -29.68509755201634803, 1.447905082278006628 ) ) ;
#3333 = ORIENTED_EDGE ( 'NONE', *, *, #4039, .F. ) ;
#3334 = VERTEX_POINT ( 'NONE', #1373 ) ;
#3335 = CARTESIAN_POINT ( 'NONE',  ( -26.44924494416963867, 13.02645391691262056, 3.496793366092731059 ) ) ;
#3336 = CARTESIAN_POINT ( 'NONE',  ( 27.88802267066572682, 11.05704822380168295, 1.341596567714990140 ) ) ;
#3337 = B_SPLINE_CURVE_WITH_KNOTS ( 'NONE', 3,
 ( #3324, #1582, #2610, #905 ),
 .UNSPECIFIED., .F., .F.,
 ( 4, 4 ),
 ( 0.000000000000000000, 1.000000000000000000 ),
 .UNSPECIFIED. ) ;
#3338 = EDGE_CURVE ( 'NONE', #1431, #1200, #3825, .T. ) ;
#3339 = CARTESIAN_POINT ( 'NONE',  ( -3.993451174393689129, -29.15589939455259127, 0.2635086351670447580 ) ) ;
#3340 = CYLINDRICAL_SURFACE ( 'NONE', #2578, 4.000000000000000000 ) ;
#3341 = ORIENTED_EDGE ( 'NONE', *, *, #99, .F. ) ;
#3342 = CARTESIAN_POINT ( 'NONE',  ( 24.15843682761099842, 16.87922117107257947, 3.091188998629858187 ) ) ;
#3343 = CARTESIAN_POINT ( 'NONE',  ( -4.719201002242326304, -29.62649559921720765, -1.326985977050181509 ) ) ;
#3344 = CARTESIAN_POINT ( 'NONE',  ( -26.58446396094596054, 12.73399935181863007, 3.297498444516782534 ) ) ;
#3345 = CARTESIAN_POINT ( 'NONE',  ( -3.929142203324673233, -29.16695267364993782, 0.7502165021580093907 ) ) ;
#3346 = CARTESIAN_POINT ( 'NONE',  ( -27.48745592556457495, 11.02928105408114057, -0.5000000000000000000 ) ) ;
#3347 = CARTESIAN_POINT ( 'NONE',  ( 27.24876236258086237, 11.11327813160335332, 0.000000000000000000 ) ) ;
#3348 = B_SPLINE_SURFACE_WITH_KNOTS ( 'NONE', 1, 3, ( 
 ( #4358, #2701, #1650, #3325, #861, #4426, #1605, #1583, #1263, #2981, #906, #3005, #4014, #3300, #4379, #1240, #2635, #516 ),
 ( #2244, #2291, #1219, #3645, #4404, #1897, #882, #3051, #2611, #2660, #3668, #542, #566, #4061, #2331, #929, #2312, #3717 ) ),
 .UNSPECIFIED., .F., .F., .F.,
 ( 2, 2 ),
 ( 4, 2, 2, 2, 2, 2, 2, 2, 4 ),
 ( 0.000000000000000000, 1.000000000000000000 ),
 ( 0.008166361596657692457, 0.008525945622036630589, 0.008705737634726099655, 0.008885529647415570456, 0.008975425653760304989, 0.009065321660105041257, 0.009245113672794510323, 0.009424905685483979390, 0.009604697698173448456 ),
 .UNSPECIFIED. ) ;
#3349 = DIRECTION ( 'NONE',  ( -0.000000000000000000, -0.000000000000000000, -1.000000000000000000 ) ) ;
#3350 = ORIENTED_EDGE ( 'NONE', *, *, #4175, .T. ) ;
#3351 = DIRECTION ( 'NONE',  ( -0.8660254037844432595, 0.4999999999999919509, -0.000000000000000000 ) ) ;
#3352 = CARTESIAN_POINT ( 'NONE',  ( 25.61455604071434777, 14.63425336370370466, 3.999900575211146059 ) ) ;
#3353 = CARTESIAN_POINT ( 'NONE',  ( 2.024133731251441137, -29.41209689695466523, 3.451144948144917013 ) ) ;
#3354 = CARTESIAN_POINT ( 'NONE',  ( 3.630426241963972345, -29.77967564644530540, 2.743568101245547286 ) ) ;
#3355 = ORIENTED_EDGE ( 'NONE', *, *, #1318, .F. ) ;
#3356 = ORIENTED_EDGE ( 'NONE', *, *, #344, .F. ) ;
#3357 = CARTESIAN_POINT ( 'NONE',  ( -26.61176219417301780, 12.67428350010937699, 3.254192925325064767 ) ) ;
#3358 = CARTESIAN_POINT ( 'NONE',  ( 27.84588256169178422, 11.16278039683095180, 1.656261577348055125 ) ) ;
#3359 = ADVANCED_FACE ( 'NONE', ( #1712 ), #4192, .F. ) ;
#3360 = CARTESIAN_POINT ( 'NONE',  ( 4.167169321855194397, -29.70918649483223106, 1.861238810770471819 ) ) ;
#3361 = CARTESIAN_POINT ( 'NONE',  ( -22.99653361508940819, 18.36889803599146731, -2.015027586981422925 ) ) ;
#3362 = ORIENTED_EDGE ( 'NONE', *, *, #4344, .T. ) ;
#3363 = CARTESIAN_POINT ( 'NONE',  ( 23.80016210070407467, 17.35512826780597351, 2.490836333028069394 ) ) ;
#3364 = CARTESIAN_POINT ( 'NONE',  ( -4.409665514326920999, -29.10003136019289016, -2.015027558146134545 ) ) ;
#3365 = CARTESIAN_POINT ( 'NONE',  ( -24.79870420290295030, 15.96052916623503037, 3.738641871000337957 ) ) ;
#3366 = EDGE_CURVE ( 'NONE', #1538, #2416, #26, .T. ) ;
#3367 = ADVANCED_FACE ( 'NONE', ( #2445 ), #6, .F. ) ;
#3368 = VECTOR ( 'NONE', #3882, 1000.000000000000000 ) ;
#3369 = CARTESIAN_POINT ( 'NONE',  ( -3.631551857816799345, -29.21576012162805114, 1.679087698204808854 ) ) ;
#3370 = CARTESIAN_POINT ( 'NONE',  ( 25.54774941164093960, -1.750000000000004663, -3.500000000000000000 ) ) ;
#3371 = AXIS2_PLACEMENT_3D ( 'NONE', #305, #649, #215 ) ;
#3372 = DIRECTION ( 'NONE',  ( -0.8660254037844384856, -0.5000000000000003331, 0.000000000000000000 ) ) ;
#3373 = AXIS2_PLACEMENT_3D ( 'NONE', #1070, #314, #729 ) ;
#3374 = CARTESIAN_POINT ( 'NONE',  ( -27.95388149677655676, 10.88963258790007416, 0.5939461101279426281 ) ) ;
#3375 = ORIENTED_EDGE ( 'NONE', *, *, #2212, .T. ) ;
#3376 = DIRECTION ( 'NONE',  ( -0.000000000000000000, -0.000000000000000000, -1.000000000000000000 ) ) ;
#3377 = CARTESIAN_POINT ( 'NONE',  ( 23.77346598869986494, 17.38983319708193065, 2.438672964128644871 ) ) ;
#3378 = CARTESIAN_POINT ( 'NONE',  ( 2.400518941855321220, -29.37613856622572683, 3.199776478058778295 ) ) ;
#3379 = VECTOR ( 'NONE', #2376, 999.9999999999998863 ) ;
#3380 = CARTESIAN_POINT ( 'NONE',  ( 4.421195589476078602, -29.67246137753190283, 1.170792143205414693 ) ) ;
#3381 = VERTEX_POINT ( 'NONE', #2507 ) ;
#3382 = CONICAL_SURFACE ( 'NONE', #2351, 3.499999999999999556, 0.7853981633974473908 ) ;
#3383 = ORIENTED_EDGE ( 'NONE', *, *, #4176, .T. ) ;
#3384 = CARTESIAN_POINT ( 'NONE',  ( -26.88257558590208873, 12.04900601411045180, 2.639125718412395738 ) ) ;
#3385 = CARTESIAN_POINT ( 'NONE',  ( 27.92174931247909342, 10.97163529599385257, 1.022107207111992988 ) ) ;
#3386 = CIRCLE ( 'NONE', #2795, 2.149999999999999911 ) ;
#3387 = CARTESIAN_POINT ( 'NONE',  ( -2.489035096336067898, -29.36685737841522226, 3.131923029697402772 ) ) ;
#3388 = DIRECTION ( 'NONE',  ( -1.000000000000000000, 0.000000000000000000, 0.000000000000000000 ) ) ;
#3389 = ORIENTED_EDGE ( 'NONE', *, *, #325, .F. ) ;
#3390 = ADVANCED_FACE ( 'NONE', ( #372 ), #405, .T. ) ;
#3391 = CARTESIAN_POINT ( 'NONE',  ( 23.63923848039503284, 17.56095536267949697, 2.125861259693150984 ) ) ;
#3392 = AXIS2_PLACEMENT_3D ( 'NONE', #3256, #59, #1448 ) ;
#3393 = CARTESIAN_POINT ( 'NONE',  ( -4.611599498166686573, -29.64343481397591162, -0.9196224865890579858 ) ) ;
#3394 =( GEOMETRIC_REPRESENTATION_CONTEXT ( 3 ) GLOBAL_UNCERTAINTY_ASSIGNED_CONTEXT ( ( #3989 ) ) GLOBAL_UNIT_ASSIGNED_CONTEXT ( ( #4231, #4211, #2077 ) ) REPRESENTATION_CONTEXT ( 'NONE', 'WORKASPACE' ) );
#3395 = CARTESIAN_POINT ( 'NONE',  ( -3.358743639459423225, -29.25700785971320528, 2.172406818011615837 ) ) ;
#3396 = ADVANCED_FACE ( 'NONE', ( #1836 ), #3240, .F. ) ;
#3397 = FACE_BOUND ( 'NONE', #718, .T. ) ;
#3398 = CARTESIAN_POINT ( 'NONE',  ( 13.85640646055102465, -20.99999999999998934, -3.000000000000000444 ) ) ;
#3399 = CARTESIAN_POINT ( 'NONE',  ( 13.43502884254440133, 13.43502884254440488, 6.500000000000000888 ) ) ;
#3400 = VERTEX_POINT ( 'NONE', #525 ) ;
#3401 = LINE ( 'NONE', #886, #1170 ) ;
#3402 = CARTESIAN_POINT ( 'NONE',  ( 24.67245589479706425, 16.14935615924642676, 3.644643801658383531 ) ) ;
#3403 = DIRECTION ( 'NONE',  ( 0.5000000000000003331, -0.8660254037844383745, -0.000000000000000000 ) ) ;
#3404 = CARTESIAN_POINT ( 'NONE',  ( -1.477220326865526623, -29.96395605829048847, 4.261680078023369234 ) ) ;
#3405 = ORIENTED_EDGE ( 'NONE', *, *, #688, .F. ) ;
#3406 = ORIENTED_EDGE ( 'NONE', *, *, #485, .T. ) ;
#3407 = CARTESIAN_POINT ( 'NONE',  ( -27.12130243377001193, 11.45259300576138628, 1.654434527368571883 ) ) ;
#3408 = CARTESIAN_POINT ( 'NONE',  ( 27.96484100656566696, 10.86129054820265694, 0.1488603169666867787 ) ) ;
#3409 = B_SPLINE_CURVE_WITH_KNOTS ( 'NONE', 3,
 ( #1654, #2034, #4496, #2361, #4105, #977, #656, #4471, #3785, #3100 ),
 .UNSPECIFIED., .F., .F.,
 ( 4, 2, 2, 2, 4 ),
 ( 0.000000000000000000, 0.0009184745423842727644, 0.001836949084768545529, 0.002755423627152818293, 0.003673898169537091057 ),
 .UNSPECIFIED. ) ;
#3410 = CARTESIAN_POINT ( 'NONE',  ( -3.050041844050365825, -29.29980262717014128, 2.588737404245055718 ) ) ;
#3411 = DIRECTION ( 'NONE',  ( -0.6123724356957962467, 0.3535533905932724541, -0.7071067811865466846 ) ) ;
#3412 = ORIENTED_EDGE ( 'NONE', *, *, #3308, .T. ) ;
#3413 = CARTESIAN_POINT ( 'NONE',  ( 23.44199888192790482, 17.80690523884153365, 1.519383315080553576 ) ) ;
#3414 = CARTESIAN_POINT ( 'NONE',  ( -4.054599982591130747, -29.14770322119150592, -1.074281449384071552 ) ) ;
#3415 = CARTESIAN_POINT ( 'NONE',  ( -28.00976167541665163, 10.74492206378415737, -1.269503600905995899 ) ) ;
#3416 = CARTESIAN_POINT ( 'NONE',  ( -27.96484305153164485, 10.86128689903744160, -0.5000000000000000000 ) ) ;
#3417 = DIRECTION ( 'NONE',  ( -0.000000000000000000, -0.000000000000000000, -1.000000000000000000 ) ) ;
#3418 = EDGE_CURVE ( 'NONE', #3888, #1119, #2424, .T. ) ;
#3419 = CARTESIAN_POINT ( 'NONE',  ( -26.01666049839540662, 6.938893903907228378E-15, -3.500000000000000000 ) ) ;
#3420 = VERTEX_POINT ( 'NONE', #1813 ) ;
#3421 = CARTESIAN_POINT ( 'NONE',  ( 23.35922179797604059, 18.82410510745799215, -0.9785678902566985471 ) ) ;
#3422 = FACE_OUTER_BOUND ( 'NONE', #3732, .T. ) ;
#3423 = EDGE_CURVE ( 'NONE', #1978, #2552, #2161, .T. ) ;
#3424 = DIRECTION ( 'NONE',  ( 0.8660254037844363761, 0.5000000000000039968, -0.000000000000000000 ) ) ;
#3425 = ORIENTED_EDGE ( 'NONE', *, *, #1054, .F. ) ;
#3426 = CARTESIAN_POINT ( 'NONE',  ( -23.57327001454791215, 18.55536587970945561, 1.587321612314540831 ) ) ;
#3427 = DIRECTION ( 'NONE',  ( 0.000000000000000000, -1.000000000000000000, 0.000000000000000000 ) ) ;
#3428 = CARTESIAN_POINT ( 'NONE',  ( 27.77576036328127529, 11.33615423489965579, 2.057723542631414215 ) ) ;
#3429 = CARTESIAN_POINT ( 'NONE',  ( -3.133253390361605106, -29.28865889651897447, 2.486726772519135320 ) ) ;
#3430 = VERTEX_POINT ( 'NONE', #2206 ) ;
#3431 = CARTESIAN_POINT ( 'NONE',  ( -23.22325772812428823, 18.07489284389281181, -1.003546978593529371 ) ) ;
#3432 = EDGE_LOOP ( 'NONE', ( #2099, #2326, #1428, #2638 ) ) ;
#3433 = CARTESIAN_POINT ( 'NONE',  ( 24.27190496718497315, 16.72311328165007183, 3.239461844019598580 ) ) ;
#3434 = CARTESIAN_POINT ( 'NONE',  ( -4.134457986617626979, -29.13724573931463624, -1.388812114821444732 ) ) ;
#3435 = CARTESIAN_POINT ( 'NONE',  ( -3.199168015217766836, -29.27964230501724430, 2.401333779222243781 ) ) ;
#3436 = CARTESIAN_POINT ( 'NONE',  ( -4.000000000000000000, -25.49999999999998934, -3.500000000000000444 ) ) ;
#3437 = DIRECTION ( 'NONE',  ( -1.000000000000000000, 0.000000000000000000, 0.000000000000000000 ) ) ;
#3438 = CARTESIAN_POINT ( 'NONE',  ( 28.50000000000000000, 3.490243377569956456E-15, 7.299999999999994493 ) ) ;
#3439 = ORIENTED_EDGE ( 'NONE', *, *, #299, .T. ) ;
#3440 = AXIS2_PLACEMENT_3D ( 'NONE', #3765, #3833, #707 ) ;
#3441 = ADVANCED_FACE ( 'NONE', ( #868, #3608 ), #1138, .T. ) ;
#3442 = CARTESIAN_POINT ( 'NONE',  ( 23.34256622329666442, 18.84475465250964632, -1.095724122368966880 ) ) ;
#3443 = PLANE ( 'NONE',  #2194 ) ;
#3444 = CIRCLE ( 'NONE', #749, 3.499999999999999556 ) ;
#3445 = DIRECTION ( 'NONE',  ( -0.000000000000000000, -0.000000000000000000, -1.000000000000000000 ) ) ;
#3446 = ORIENTED_EDGE ( 'NONE', *, *, #2181, .F. ) ;
#3447 = CARTESIAN_POINT ( 'NONE',  ( 23.38857189812342341, 18.78762104595232785, 3.500000000000000000 ) ) ;
#3448 = EDGE_CURVE ( 'NONE', #3912, #1546, #3312, .T. ) ;
#3449 = PLANE ( 'NONE',  #672 ) ;
#3450 = EDGE_CURVE ( 'NONE', #1521, #3148, #2832, .T. ) ;
#3451 = CARTESIAN_POINT ( 'NONE',  ( 26.48650814068330561, 14.08794719813983498, 4.382255039689197496 ) ) ;
#3452 = CARTESIAN_POINT ( 'NONE',  ( -26.78827364247097265, 12.27236554413684111, 2.890823185498161862 ) ) ;
#3453 = AXIS2_PLACEMENT_3D ( 'NONE', #4445, #2355, #1353 ) ;
#3454 = B_SPLINE_CURVE_WITH_KNOTS ( 'NONE', 3,
 ( #611, #1993, #268, #2727, #1693, #1066, #1670, #3071 ),
 .UNSPECIFIED., .F., .F.,
 ( 4, 2, 2, 4 ),
 ( 0.000000000000000000, 0.2500000000000000000, 0.5000000000000000000, 1.000000000000000000 ),
 .UNSPECIFIED. ) ;
#3455 = CARTESIAN_POINT ( 'NONE',  ( -0.2638911726677360403, -29.49886806785478299, 3.993418921529796162 ) ) ;
#3456 = CARTESIAN_POINT ( 'NONE',  ( -23.14534754561524821, 18.17652344818521826, -1.492383161694134541 ) ) ;
#3457 = ORIENTED_EDGE ( 'NONE', *, *, #1937, .T. ) ;
#3458 = CARTESIAN_POINT ( 'NONE',  ( -25.25001837798165738, 16.20005298085220602, 4.283410783152383772 ) ) ;
#3459 = CARTESIAN_POINT ( 'NONE',  ( -11.78502884254439920, 13.43502884254441199, 6.500000000000000888 ) ) ;
#3460 = CARTESIAN_POINT ( 'NONE',  ( -27.30505037306029692, 10.97786366604032438, -1.423404309901493914 ) ) ;
#3461 = CIRCLE ( 'NONE', #1264, 1.650000000000000355 ) ;
#3462 = FACE_OUTER_BOUND ( 'NONE', #1081, .T. ) ;
#3463 = DIRECTION ( 'NONE',  ( 0.000000000000000000, 0.000000000000000000, -1.000000000000000000 ) ) ;
#3464 = AXIS2_PLACEMENT_3D ( 'NONE', #3659, #212, #533 ) ;
#3465 = DIRECTION ( 'NONE',  ( -0.8660254037844363761, -0.5000000000000039968, -0.000000000000000000 ) ) ;
#3466 = ORIENTED_EDGE ( 'NONE', *, *, #3250, .T. ) ;
#3467 = CARTESIAN_POINT ( 'NONE',  ( 23.14534754561497465, 18.17652344818556287, -1.492383161694205151 ) ) ;
#3468 = DIRECTION ( 'NONE',  ( -0.000000000000000000, -0.000000000000000000, 1.000000000000000000 ) ) ;
#3469 = CARTESIAN_POINT ( 'NONE',  ( -26.01666049839540662, 6.938893903907228378E-15, -3.500000000000000000 ) ) ;
#3470 = ORIENTED_EDGE ( 'NONE', *, *, #3761, .F. ) ;
#3471 = PLANE ( 'NONE',  #2999 ) ;
#3472 = FACE_OUTER_BOUND ( 'NONE', #1227, .T. ) ;
#3473 = CARTESIAN_POINT ( 'NONE',  ( 25.81948788509195225, 14.26643655100928676, 3.962316149774271601 ) ) ;
#3474 = CARTESIAN_POINT ( 'NONE',  ( 23.97471301940077382, 18.03391874969582886, 2.743507066181402276 ) ) ;
#3475 = CARTESIAN_POINT ( 'NONE',  ( -23.87475911303793197, 17.25812325833406291, 2.636177820003775540 ) ) ;
#3476 = EDGE_CURVE ( 'NONE', #248, #2954, #3284, .T. ) ;
#3477 = CARTESIAN_POINT ( 'NONE',  ( 2.732116164984060624, -29.33945334786198700, 2.921749624769043763 ) ) ;
#3478 = EDGE_LOOP ( 'NONE', ( #1527, #660, #3286, #509 ) ) ;
#3479 = CARTESIAN_POINT ( 'NONE',  ( -25.13510444145468625, 16.37777361203384174, 4.210724304511927585 ) ) ;
#3480 = LINE ( 'NONE', #721, #1467 ) ;
#3481 = EDGE_CURVE ( 'NONE', #3525, #799, #3950, .T. ) ;
#3482 = CARTESIAN_POINT ( 'NONE',  ( -4.198241563439733426, -29.70480785197079854, 1.792431963412980167 ) ) ;
#3483 = CARTESIAN_POINT ( 'NONE',  ( 22.08364779650311860, 12.75000000000009770, 0.000000000000000000 ) ) ;
#3484 = DIRECTION ( 'NONE',  ( 1.000000000000000000, 0.000000000000000000, -0.000000000000000000 ) ) ;
#3485 = DIRECTION ( 'NONE',  ( 0.4999999999999919509, 0.8660254037844432595, -0.000000000000000000 ) ) ;
#3486 = CARTESIAN_POINT ( 'NONE',  ( 35.34197804570080592, 15.78589838486240460, 0.000000000000000000 ) ) ;
#3487 = VERTEX_POINT ( 'NONE', #134 ) ;
#3488 = CARTESIAN_POINT ( 'NONE',  ( 23.05960270894446396, 18.28765163415842920, -1.825544737003423235 ) ) ;
#3489 = CARTESIAN_POINT ( 'NONE',  ( 27.96484305153149563, 10.86128689903780753, 3.500000000000000000 ) ) ;
#3490 = CARTESIAN_POINT ( 'NONE',  ( -23.24876236258110751, 18.04148136187853169, 0.000000000000000000 ) ) ;
#3491 = ORIENTED_EDGE ( 'NONE', *, *, #1054, .T. ) ;
#3492 = DIRECTION ( 'NONE',  ( -0.4999999999999917288, -0.8660254037844433705, 0.000000000000000000 ) ) ;
#3493 = CYLINDRICAL_SURFACE ( 'NONE', #3290, 1.650000000000000355 ) ;
#3494 = CARTESIAN_POINT ( 'NONE',  ( 25.12902882868540289, 15.44693220263557620, 3.916665084248330153 ) ) ;
#3495 = CARTESIAN_POINT ( 'NONE',  ( 24.54562447044820317, 17.24899335162728065, 3.660967016353499748 ) ) ;
#3496 = CARTESIAN_POINT ( 'NONE',  ( -23.86278677151609173, 17.27375675038208769, 2.613660406170854156 ) ) ;
#3497 = CARTESIAN_POINT ( 'NONE',  ( -0.9114266830736218461, -29.48226316910121270, 3.895337839277797087 ) ) ;
#3498 = EDGE_LOOP ( 'NONE', ( #2988, #19, #1591, #185 ) ) ;
#3499 =( NAMED_UNIT ( * ) SI_UNIT ( $, .STERADIAN. ) SOLID_ANGLE_UNIT ( ) );
#3500 = ORIENTED_EDGE ( 'NONE', *, *, #2352, .F. ) ;
#3501 = CARTESIAN_POINT ( 'NONE',  ( -25.59922686537489156, 15.64241265401057213, 4.440235935570058246 ) ) ;
#3502 = B_SPLINE_CURVE_WITH_KNOTS ( 'NONE', 1,
 ( #1737, #2770 ),
 .UNSPECIFIED., .F., .F.,
 ( 2, 2 ),
 ( 0.000000000000000000, 1.000000000000000000 ),
 .UNSPECIFIED. ) ;
#3503 = DIRECTION ( 'NONE',  ( 0.000000000000000000, 0.000000000000000000, -1.000000000000000000 ) ) ;
#3504 = EDGE_CURVE ( 'NONE', #482, #1226, #157, .T. ) ;
#3505 = DIRECTION ( 'NONE',  ( 0.000000000000000000, 1.000000000000000000, 0.000000000000000000 ) ) ;
#3506 = CARTESIAN_POINT ( 'NONE',  ( -23.24876037722622613, 18.04148021563336002, -0.6380904328000971404 ) ) ;
#3507 = EDGE_CURVE ( 'NONE', #3334, #3888, #1545, .T. ) ;
#3508 = DIRECTION ( 'NONE',  ( 1.000000000000000000, -3.552713678800501718E-15, 0.000000000000000000 ) ) ;
#3509 = CARTESIAN_POINT ( 'NONE',  ( 4.000000000000000000, -29.15475952416974437, -0.5000000000000000000 ) ) ;
#3510 = EDGE_LOOP ( 'NONE', ( #595, #3491, #3073, #1478 ) ) ;
#3511 = CARTESIAN_POINT ( 'NONE',  ( 23.12514834827036836, 19.11092655709000354, -1.863931144679185747 ) ) ;
#3512 = CARTESIAN_POINT ( 'NONE',  ( -11.25833024919769976, -19.49999999999998934, -2.999999999999999556 ) ) ;
#3513 = VECTOR ( 'NONE', #61, 1000.000000000000114 ) ;
#3514 = FACE_OUTER_BOUND ( 'NONE', #457, .T. ) ;
#3515 = ORIENTED_EDGE ( 'NONE', *, *, #3192, .F. ) ;
#3516 = FACE_BOUND ( 'NONE', #1449, .T. ) ;
#3517 = FACE_OUTER_BOUND ( 'NONE', #2813, .T. ) ;
#3518 = CARTESIAN_POINT ( 'NONE',  ( 26.47197254025311253, 12.97804444944883429, 3.466644690376033733 ) ) ;
#3519 = CARTESIAN_POINT ( 'NONE',  ( 24.68814369921780028, 17.04405133795145488, 3.822158796776075285 ) ) ;
#3520 = CARTESIAN_POINT ( 'NONE',  ( -23.57061665436826559, 17.64728133595788506, 1.940730936581210653 ) ) ;
#3521 = AXIS2_PLACEMENT_3D ( 'NONE', #3662, #2261, #4009 ) ;
#3522 = CARTESIAN_POINT ( 'NONE',  ( -0.4586985071487119647, -29.49557674103210303, 3.974148061805384824 ) ) ;
#3523 = ORIENTED_EDGE ( 'NONE', *, *, #3448, .F. ) ;
#3524 = AXIS2_PLACEMENT_3D ( 'NONE', #4277, #1840, #826 ) ;
#3525 = VERTEX_POINT ( 'NONE', #3977 ) ;
#3526 = CARTESIAN_POINT ( 'NONE',  ( -27.33325075343345745, 12.36514332466223465, 3.434282346961576415 ) ) ;
#3527 = CYLINDRICAL_SURFACE ( 'NONE', #3886, 1.650000000000000355 ) ;
#3528 = CIRCLE ( 'NONE', #3670, 2.999999999999999112 ) ;
#3529 = CARTESIAN_POINT ( 'NONE',  ( -4.282783171815029100, -29.69273362982722730, 1.587321595254149953 ) ) ;
#3530 = DIRECTION ( 'NONE',  ( 0.000000000000000000, 0.000000000000000000, 1.000000000000000000 ) ) ;
#3531 = VECTOR ( 'NONE', #422, 1000.000000000000114 ) ;
#3532 = CARTESIAN_POINT ( 'NONE',  ( 4.788520881609827917, -29.61536877647122523, -1.499999999999988676 ) ) ;
#3533 = EDGE_CURVE ( 'NONE', #3525, #3121, #846, .T. ) ;
#3534 = CARTESIAN_POINT ( 'NONE',  ( -27.96484305153164485, 10.86128689903744160, -0.5000000000000000000 ) ) ;
#3535 = PRODUCT_DEFINITION_FORMATION_WITH_SPECIFIED_SOURCE ( 'ÈÎºÎ', '', #1916, .NOT_KNOWN. ) ;
#3536 = CARTESIAN_POINT ( 'NONE',  ( 23.34304085091743985, 18.84469613118271170, -1.184435065661301190 ) ) ;
#3537 = CYLINDRICAL_SURFACE ( 'NONE', #3392, 2.999999999999999112 ) ;
#3538 = ORIENTED_EDGE ( 'NONE', *, *, #4147, .F. ) ;
#3539 = CARTESIAN_POINT ( 'NONE',  ( 0.000000000000000000, -22.99999999999998934, -3.500000000000000000 ) ) ;
#3540 = CARTESIAN_POINT ( 'NONE',  ( 24.98095359104537394, 15.68090148268148276, 3.849295035160666067 ) ) ;
#3541 = CARTESIAN_POINT ( 'NONE',  ( 23.81959736161806518, 18.23825007246075458, 2.382690806534641048 ) ) ;
#3542 = CARTESIAN_POINT ( 'NONE',  ( -23.82787918463595389, 17.31918918057163737, 2.546229975366656184 ) ) ;
#3543 = CARTESIAN_POINT ( 'NONE',  ( 2.585596033932672455, -29.35629687027792656, 3.052695440072914934 ) ) ;
#3544 = ORIENTED_EDGE ( 'NONE', *, *, #572, .F. ) ;
#3545 = FILL_AREA_STYLE_COLOUR ( '', #1484 ) ;
#3546 = EDGE_LOOP ( 'NONE', ( #2277, #380, #3264, #1614 ) ) ;
#3547 = CARTESIAN_POINT ( 'NONE',  ( -25.56055036237440703, 15.70553086358690287, 4.427586016260975477 ) ) ;
#3548 = CARTESIAN_POINT ( 'NONE',  ( 0.000000000000000000, 0.000000000000000000, -1.499999999999988676 ) ) ;
#3549 = CARTESIAN_POINT ( 'NONE',  ( -3.339996219461971894, -29.81353687170917866, 3.077106680437929231 ) ) ;
#3550 = LINE ( 'NONE', #3186, #3897 ) ;
#3551 = LINE ( 'NONE', #2168, #246 ) ;
#3552 = CARTESIAN_POINT ( 'NONE',  ( 11.25833024919771042, -22.49999999999998934, -2.999999999999999556 ) ) ;
#3553 = CARTESIAN_POINT ( 'NONE',  ( 23.38855280870627595, 18.78764481022799515, -0.8444209816717026529 ) ) ;
#3554 = EDGE_CURVE ( 'NONE', #574, #3688, #2596, .T. ) ;
#3555 = DIRECTION ( 'NONE',  ( 0.000000000000000000, 0.000000000000000000, 1.000000000000000000 ) ) ;
#3556 = ORIENTED_EDGE ( 'NONE', *, *, #2488, .F. ) ;
#3557 = FACE_OUTER_BOUND ( 'NONE', #3040, .T. ) ;
#3558 = CARTESIAN_POINT ( 'NONE',  ( 24.70718929457075319, 16.09769230591816580, 3.671561771795823326 ) ) ;
#3559 = CARTESIAN_POINT ( 'NONE',  ( 26.29736496347031505, 13.34273868835607146, 3.669454321163342581 ) ) ;
#3560 = EDGE_CURVE ( 'NONE', #347, #3632, #1246, .T. ) ;
#3561 = CARTESIAN_POINT ( 'NONE',  ( 3.669689818466170816, -29.20969663788085313, 1.591738192359126058 ) ) ;
#3562 = CARTESIAN_POINT ( 'NONE',  ( 4.441992246374046438, -29.09552194583387319, -2.067353288952271662 ) ) ;
#3563 = EDGE_LOOP ( 'NONE', ( #2674, #3794, #2583, #4116 ) ) ;
#3564 = ORIENTED_EDGE ( 'NONE', *, *, #1287, .F. ) ;
#3565 = CARTESIAN_POINT ( 'NONE',  ( -27.95935455029770011, 10.87541034536471862, 0.3712642043665110303 ) ) ;
#3566 = DIRECTION ( 'NONE',  ( -0.000000000000000000, -0.000000000000000000, 1.000000000000000000 ) ) ;
#3567 = CARTESIAN_POINT ( 'NONE',  ( -2.482644743643344309, -29.89716409860019297, 3.780965058791847966 ) ) ;
#3568 = DIRECTION ( 'NONE',  ( -0.8660254037844362651, -0.5000000000000039968, 0.000000000000000000 ) ) ;
#3569 = PLANE ( 'NONE',  #1412 ) ;
#3570 = DIRECTION ( 'NONE',  ( 0.4999999999999920619, 0.8660254037844432595, 0.000000000000000000 ) ) ;
#3571 = DIRECTION ( 'NONE',  ( 1.000000000000000000, 0.000000000000000000, 0.000000000000000000 ) ) ;
#3572 = DIRECTION ( 'NONE',  ( 0.000000000000000000, 0.000000000000000000, 1.000000000000000000 ) ) ;
#3573 = EDGE_CURVE ( 'NONE', #4338, #409, #3971, .T. ) ;
#3574 = DIRECTION ( 'NONE',  ( 1.000000000000000000, 8.881784197001252323E-16, 0.000000000000000000 ) ) ;
#3575 = ORIENTED_EDGE ( 'NONE', *, *, #2879, .F. ) ;
#3576 = DIRECTION ( 'NONE',  ( 0.4999999999999998890, 0.8660254037844387076, 0.000000000000000000 ) ) ;
#3577 = CARTESIAN_POINT ( 'NONE',  ( 27.00271951063302822, 11.75468829950630756, 2.228834986082615544 ) ) ;
#3578 = CARTESIAN_POINT ( 'NONE',  ( 23.57370463155679019, 18.55481335808593712, 1.589096803488867948 ) ) ;
#3579 = CARTESIAN_POINT ( 'NONE',  ( 2.943286266616449431, -29.31363430945143023, 2.709488147011684056 ) ) ;
#3580 = VECTOR ( 'NONE', #1790, 1000.000000000000114 ) ;
#3581 = EDGE_CURVE ( 'NONE', #49, #4161, #2299, .T. ) ;
#3582 = CARTESIAN_POINT ( 'NONE',  ( 3.999999782658475223, -29.15475952372333879, 0.06616039565491134422 ) ) ;
#3583 = ORIENTED_EDGE ( 'NONE', *, *, #2515, .F. ) ;
#3584 = ORIENTED_EDGE ( 'NONE', *, *, #653, .F. ) ;
#3585 = CARTESIAN_POINT ( 'NONE',  ( -27.96415569112177124, 10.86305715893346502, 0.1487506911595762593 ) ) ;
#3586 = CIRCLE ( 'NONE', #1033, 1.650000000000000355 ) ;
#3587 = CARTESIAN_POINT ( 'NONE',  ( -25.11473670974871908, -1.499999999999994005, -2.999999999999998668 ) ) ;
#3588 = VECTOR ( 'NONE', #764, 1000.000000000000000 ) ;
#3589 = CARTESIAN_POINT ( 'NONE',  ( 0.7453780277325983139, -29.99083099413446973, 4.440522537097514544 ) ) ;
#3590 = CARTESIAN_POINT ( 'NONE',  ( 0.000000000000000000, -38.49999999999999289, 0.000000000000000000 ) ) ;
#3591 = ORIENTED_EDGE ( 'NONE', *, *, #1965, .T. ) ;
#3592 = CARTESIAN_POINT ( 'NONE',  ( -25.11473670974871908, -1.499999999999995115, -2.999999999999999112 ) ) ;
#3593 = CIRCLE ( 'NONE', #3373, 28.50000000000000000 ) ;
#3594 = CARTESIAN_POINT ( 'NONE',  ( -23.24876236258109685, 18.04148136187852458, 0.000000000000000000 ) ) ;
#3595 = CARTESIAN_POINT ( 'NONE',  ( -2.230218238543661968, -29.39311161794501004, 3.320572610304389993 ) ) ;
#3596 = AXIS2_PLACEMENT_3D ( 'NONE', #401, #1037, #4259 ) ;
#3597 = CARTESIAN_POINT ( 'NONE',  ( 28.10136411340049278, 10.50306941255328042, -1.813755881621899935 ) ) ;
#3598 = CARTESIAN_POINT ( 'NONE',  ( 23.15694794353549568, 18.16145615172934313, -1.446111877511180976 ) ) ;
#3599 = CIRCLE ( 'NONE', #2058, 1.650000000000000355 ) ;
#3600 = CARTESIAN_POINT ( 'NONE',  ( -23.68354049813526530, 18.41453083939211410, 1.993005683852810739 ) ) ;
#3601 = ORIENTED_EDGE ( 'NONE', *, *, #4010, .F. ) ;
#3602 = AXIS2_PLACEMENT_3D ( 'NONE', #1854, #2197, #1828 ) ;
#3603 = CARTESIAN_POINT ( 'NONE',  ( -11.25833024919769976, -22.49999999999998934, -2.999999999999999556 ) ) ;
#3604 = CARTESIAN_POINT ( 'NONE',  ( 13.85640646055100511, 21.00000000000000000, -2.999999999999999112 ) ) ;
#3605 = CARTESIAN_POINT ( 'NONE',  ( 26.93134931836499391, 11.93085240188435669, 2.486726772536030694 ) ) ;
#3606 = DIRECTION ( 'NONE',  ( 1.000000000000000000, 1.776356839400250859E-15, 0.000000000000000000 ) ) ;
#3607 = AXIS2_PLACEMENT_3D ( 'NONE', #3045, #1300, #1009 ) ;
#3608 = FACE_OUTER_BOUND ( 'NONE', #1941, .T. ) ;
#3609 = VERTEX_POINT ( 'NONE', #4452 ) ;
#3610 = VERTEX_POINT ( 'NONE', #553 ) ;
#3611 = CARTESIAN_POINT ( 'NONE',  ( -27.88342064239678919, 11.06866449871751357, 1.381355523792913376 ) ) ;
#3612 = DIRECTION ( 'NONE',  ( 1.000000000000000000, 0.000000000000000000, 0.000000000000000000 ) ) ;
#3613 = EDGE_CURVE ( 'NONE', #4309, #4203, #2571, .T. ) ;
#3614 = CARTESIAN_POINT ( 'NONE',  ( 0.6337500040328482021, -29.99332843409014160, 4.456793585716948947 ) ) ;
#3615 = DIRECTION ( 'NONE',  ( -0.000000000000000000, -0.000000000000000000, -1.000000000000000000 ) ) ;
#3616 = ORIENTED_EDGE ( 'NONE', *, *, #299, .F. ) ;
#3617 = CARTESIAN_POINT ( 'NONE',  ( 18.58364779650308662, 18.81217782649115122, -3.500000000000001776 ) ) ;
#3618 = DIRECTION ( 'NONE',  ( 0.000000000000000000, 1.000000000000000000, 0.000000000000000000 ) ) ;
#3619 = CARTESIAN_POINT ( 'NONE',  ( -27.08430341966050747, 11.54814670048632053, 1.860228365308250087 ) ) ;
#3620 = EDGE_CURVE ( 'NONE', #3703, #3041, #936, .T. ) ;
#3621 = FACE_OUTER_BOUND ( 'NONE', #2652, .T. ) ;
#3622 = CARTESIAN_POINT ( 'NONE',  ( 27.99131936880657534, 10.79287801264092295, -1.095724122368918030 ) ) ;
#3623 = CARTESIAN_POINT ( 'NONE',  ( 4.576271100763348976, -29.64890795311554683, 3.500000000000000000 ) ) ;
#3624 = CARTESIAN_POINT ( 'NONE',  ( -23.81714802964917510, 18.24145116772093900, 2.376457665985749035 ) ) ;
#3625 = ORIENTED_EDGE ( 'NONE', *, *, #379, .F. ) ;
#3626 = CARTESIAN_POINT ( 'NONE',  ( -18.58364779650334953, 18.81217782649088832, -0.5000000000000000000 ) ) ;
#3627 = CARTESIAN_POINT ( 'NONE',  ( 27.24001677705866342, 11.13724182489402459, 0.5203723277847294160 ) ) ;
#3628 = CARTESIAN_POINT ( 'NONE',  ( 26.32352154977606062, 13.28912293336362183, 3.643033824450569114 ) ) ;
#3629 = CARTESIAN_POINT ( 'NONE',  ( 3.847951020150761625, -29.18067200780986781, 1.094315051742416500 ) ) ;
#3630 = CARTESIAN_POINT ( 'NONE',  ( 12.50000000000000000, 0.000000000000000000, 6.000000000000023093 ) ) ;
#3631 = ORIENTED_EDGE ( 'NONE', *, *, #1013, .F. ) ;
#3632 = VERTEX_POINT ( 'NONE', #1047 ) ;
#3633 = CARTESIAN_POINT ( 'NONE',  ( -23.26973740125001555, 18.01632170558898594, 0.5236994334148360464 ) ) ;
#3634 = CARTESIAN_POINT ( 'NONE',  ( -11.25833024919770331, 23.00000000000000000, -3.500000000000000000 ) ) ;
#3635 = CARTESIAN_POINT ( 'NONE',  ( 3.180249554443800974, -29.83096989973664748, 3.236001422749741341 ) ) ;
#3636 = DIRECTION ( 'NONE',  ( -0.000000000000000000, -1.000000000000000000, -0.000000000000000000 ) ) ;
#3637 = VERTEX_POINT ( 'NONE', #3490 ) ;
#3638 = CARTESIAN_POINT ( 'NONE',  ( 31.34197804570077750, 22.71410161513789916, 2.449293598294706414E-16 ) ) ;
#3639 = CARTESIAN_POINT ( 'NONE',  ( 22.97646498088936795, 18.39463910104158018, -2.067353318540936957 ) ) ;
#3640 = CARTESIAN_POINT ( 'NONE',  ( -25.98427616343651536, 13.95892387347545949, 3.896786783238768148 ) ) ;
#3641 = CARTESIAN_POINT ( 'NONE',  ( -0.2590391145084679492, -29.49891319342855311, 3.993744900559144106 ) ) ;
#3642 = ADVANCED_FACE ( 'NONE', ( #3514 ), #384, .F. ) ;
#3643 = DIRECTION ( 'NONE',  ( -0.000000000000000000, -0.000000000000000000, -1.000000000000000000 ) ) ;
#3644 = EDGE_CURVE ( 'NONE', #2002, #4076, #3079, .T. ) ;
#3645 = CARTESIAN_POINT ( 'NONE',  ( 4.041687507677755420, -29.14937760400911060, -1.003546968077502433 ) ) ;
#3646 = CARTESIAN_POINT ( 'NONE',  ( -27.70471027697882249, 11.50895579038580507, 2.382227002234815316 ) ) ;
#3647 = ORIENTED_EDGE ( 'NONE', *, *, #187, .F. ) ;
#3648 = CYLINDRICAL_SURFACE ( 'NONE', #1533, 3.999999999999997780 ) ;
#3649 = CARTESIAN_POINT ( 'NONE',  ( 20.56057158514980898, 9.388045381863541650, 2.632990618166809728E-16 ) ) ;
#3650 = CARTESIAN_POINT ( 'NONE',  ( 27.18103507264548924, 11.29553341967593738, 1.223905758192155746 ) ) ;
#3651 = CARTESIAN_POINT ( 'NONE',  ( 3.873631877959121894, -29.17636780078035486, 1.001033032081150465 ) ) ;
#3652 = CARTESIAN_POINT ( 'NONE',  ( -11.25833024919769976, -22.49999999999998934, 3.500000000000000000 ) ) ;
#3653 = ORIENTED_EDGE ( 'NONE', *, *, #3476, .F. ) ;
#3654 = VERTEX_POINT ( 'NONE', #4520 ) ;
#3655 = CARTESIAN_POINT ( 'NONE',  ( -23.42950956425489295, 17.82227511250866669, 1.472232523106037805 ) ) ;
#3656 = CARTESIAN_POINT ( 'NONE',  ( 26.75148265859163743, 13.57855924186660168, 4.212518777932849012 ) ) ;
#3657 = CARTESIAN_POINT ( 'NONE',  ( 1.469214348784994684, -29.96408468159377492, 4.262412187201055858 ) ) ;
#3658 = CIRCLE ( 'NONE', #3735, 2.149999999999999467 ) ;
#3659 = CARTESIAN_POINT ( 'NONE',  ( -13.43502884254440133, 13.43502884254441199, 6.500000000000000888 ) ) ;
#3660 = ORIENTED_EDGE ( 'NONE', *, *, #3554, .T. ) ;
#3661 = CARTESIAN_POINT ( 'NONE',  ( 33.34197804570079171, 19.25000000000014921, 0.000000000000000000 ) ) ;
#3662 = CARTESIAN_POINT ( 'NONE',  ( 0.000000000000000000, 0.000000000000000000, 3.500000000000000000 ) ) ;
#3663 = CARTESIAN_POINT ( 'NONE',  ( -26.67309766669561810, 12.53661617604894296, 3.139609395166942818 ) ) ;
#3664 = CONICAL_SURFACE ( 'NONE', #2782, 28.50000000000000000, 0.7853981633974742582 ) ;
#3665 = CARTESIAN_POINT ( 'NONE',  ( -2.857198588846803666, -29.32437794947133014, 2.799685259796875325 ) ) ;
#3666 = CARTESIAN_POINT ( 'NONE',  ( 27.37977246770332584, 10.79603702122322950, -1.889546247209582752 ) ) ;
#3667 = CONICAL_SURFACE ( 'NONE', #3228, 30.00000000000000000, 0.7853981633974520538 ) ;
#3668 = CARTESIAN_POINT ( 'NONE',  ( 4.180916522347302156, -29.13109192497874034, -1.526689690189342308 ) ) ;
#3669 = EDGE_CURVE ( 'NONE', #3610, #2975, #1337, .T. ) ;
#3670 = AXIS2_PLACEMENT_3D ( 'NONE', #1497, #84, #3606 ) ;
#3671 = B_SPLINE_CURVE_WITH_KNOTS ( 'NONE', 3,
 ( #4468, #4126, #1376, #353 ),
 .UNSPECIFIED., .F., .F.,
 ( 4, 4 ),
 ( 0.000000000000000000, 1.000000000000000000 ),
 .UNSPECIFIED. ) ;
#3672 = CARTESIAN_POINT ( 'NONE',  ( -27.81325342371127363, 11.24394437070581532, 1.861412308250979253 ) ) ;
#3673 = ORIENTED_EDGE ( 'NONE', *, *, #2997, .F. ) ;
#3674 = CARTESIAN_POINT ( 'NONE',  ( 9.750317547305439092, 8.111954618136584472, 0.000000000000000000 ) ) ;
#3675 = VECTOR ( 'NONE', #1528, 1000.000000000000114 ) ;
#3676 = CARTESIAN_POINT ( 'NONE',  ( 24.04265382691025721, 17.03580866563233798, 2.921749624760277442 ) ) ;
#3677 = CARTESIAN_POINT ( 'NONE',  ( -2.630143180343009340E-15, -29.50000003722400166, 3.999999997846332978 ) ) ;
#3678 = ADVANCED_FACE ( 'NONE', ( #337 ), #3880, .F. ) ;
#3679 = VECTOR ( 'NONE', #815, 1000.000000000000000 ) ;
#3680 = CARTESIAN_POINT ( 'NONE',  ( 2.305807240981891049, -29.91645487666384540, 3.931926033192524095 ) ) ;
#3681 = ORIENTED_EDGE ( 'NONE', *, *, #3423, .T. ) ;
#3682 = EDGE_LOOP ( 'NONE', ( #614, #4016 ) ) ;
#3683 = CARTESIAN_POINT ( 'NONE',  ( -26.13118781501313848, 13.67549380223346667, 3.809239589139371329 ) ) ;
#3684 = CARTESIAN_POINT ( 'NONE',  ( 27.57761810802482216, 11.80997711651008331, 2.826543355963289095 ) ) ;
#3685 = VECTOR ( 'NONE', #3636, 1000.000000000000000 ) ;
#3686 = CARTESIAN_POINT ( 'NONE',  ( 4.566906678305325151, -29.65035206763517905, 0.2971718596488288622 ) ) ;
#3687 = DIRECTION ( 'NONE',  ( 1.000000000000000000, 0.000000000000000000, 0.000000000000000000 ) ) ;
#3688 = VERTEX_POINT ( 'NONE', #2804 ) ;
#3689 = CARTESIAN_POINT ( 'NONE',  ( 23.66814565854445007, 17.52430929869602494, 2.197333502226176183 ) ) ;
#3690 = DIRECTION ( 'NONE',  ( -0.000000000000000000, -0.000000000000000000, -1.000000000000000000 ) ) ;
#3691 = CARTESIAN_POINT ( 'NONE',  ( -26.43087017525253302, 13.06521532753035686, 3.519646322369984759 ) ) ;
#3692 = CARTESIAN_POINT ( 'NONE',  ( -27.18813315047028922, 10.27446189402216881, -2.435923959841111763 ) ) ;
#3693 = DIRECTION ( 'NONE',  ( -1.000000000000000000, 0.000000000000000000, 0.000000000000000000 ) ) ;
#3694 = DIRECTION ( 'NONE',  ( 0.000000000000000000, 0.000000000000000000, -1.000000000000000000 ) ) ;
#3695 = CARTESIAN_POINT ( 'NONE',  ( 11.25833024919771042, -19.49999999999998934, 3.500000000000000000 ) ) ;
#3696 = ORIENTED_EDGE ( 'NONE', *, *, #4228, .T. ) ;
#3697 = ADVANCED_FACE ( 'NONE', ( #1410 ), #3857, .F. ) ;
#3698 = CARTESIAN_POINT ( 'NONE',  ( -7.000000000000000000, -25.49999999999998934, -0.5000000000000000000 ) ) ;
#3699 = CARTESIAN_POINT ( 'NONE',  ( 23.41473840272021789, 17.84038984660175942, 1.412530501496076063 ) ) ;
#3700 = CARTESIAN_POINT ( 'NONE',  ( 2.321888070726612074, -29.38418129390217004, 3.257772027934916270 ) ) ;
#3701 = CARTESIAN_POINT ( 'NONE',  ( -4.546653437085527827, -29.65352302794421036, 0.5896957475540053339 ) ) ;
#3702 = ORIENTED_EDGE ( 'NONE', *, *, #1150, .F. ) ;
#3703 = VERTEX_POINT ( 'NONE', #1090 ) ;
#3704 = EDGE_CURVE ( 'NONE', #2619, #3041, #2556, .T. ) ;
#3705 = CARTESIAN_POINT ( 'NONE',  ( -25.48091319874254168, 14.86572955606681390, 3.999900575211146947 ) ) ;
#3706 = ADVANCED_FACE ( 'NONE', ( #1072 ), #1430, .T. ) ;
#3707 = CARTESIAN_POINT ( 'NONE',  ( 27.18628504000247048, 12.68502352763437990, 3.698740476502202057 ) ) ;
#3708 = CARTESIAN_POINT ( 'NONE',  ( -3.865895905023880808, -29.17767838852342166, 1.035395347990549109 ) ) ;
#3709 = DIRECTION ( 'NONE',  ( 0.8660254037844385966, -0.5000000000000003331, 0.000000000000000000 ) ) ;
#3710 = ORIENTED_EDGE ( 'NONE', *, *, #3870, .F. ) ;
#3711 = CARTESIAN_POINT ( 'NONE',  ( 23.67407603407095351, 17.51677690352239125, 2.211699172168812400 ) ) ;
#3712 = CARTESIAN_POINT ( 'NONE',  ( -4.699505313222659630, -29.62962620556359994, -1.269503599917835901 ) ) ;
#3713 = CARTESIAN_POINT ( 'NONE',  ( -24.91124817775950717, 15.78891301647871259, 3.810620625349467883 ) ) ;
#3714 = B_SPLINE_CURVE_WITH_KNOTS ( 'NONE', 3,
 ( #1788, #3190, #2516, #4288, #3922, #791, #2171, #3233, #3600, #2223, #3624, #4082, #613, #2269, #1307, #1969, #4428, #3034, #247, #1606, #4040, #2702, #1288, #1948, #1584, #1267, #1926, #909, #220, #4015, #3302, #3326, #199, #4380, #518, #4359, #862, #2982, #177, #3646, #2681, #3052, #3672, #2333, #3741, #1633, #951, #3374, #1995, #1900 ),
 .UNSPECIFIED., .F., .F.,
 ( 4, 2, 2, 2, 2, 2, 2, 2, 2, 2, 2, 2, 2, 2, 2, 2, 2, 2, 2, 2, 2, 2, 2, 2, 4 ),
 ( 0.000000000000000000, 0.06250000000000083267, 0.09375000000000119349, 0.1250000000000015543, 0.1562500000000019151, 0.1875000000000022760, 0.2500000000000029976, 0.3125000000000037192, 0.3437500000000037748, 0.3750000000000038858, 0.4062500000000039413, 0.4375000000000040523, 0.4687500000000041078, 0.5000000000000042188, 0.5312500000000043299, 0.5625000000000043299, 0.6250000000000038858, 0.7500000000000023315, 0.7812500000000021094, 0.8125000000000017764, 0.8437500000000015543, 0.8750000000000013323, 0.9062500000000009992, 0.9375000000000005551, 1.000000000000000000 ),
 .UNSPECIFIED. ) ;
#3715 = CARTESIAN_POINT ( 'NONE',  ( -3.962569200152294080, -29.16123973928830893, 0.5528677445316233507 ) ) ;
#3716 = PLANE ( 'NONE',  #3453 ) ;
#3717 = CARTESIAN_POINT ( 'NONE',  ( 4.485808996139799554, -29.08938877464101580, -2.136717323213888076 ) ) ;
#3718 = CARTESIAN_POINT ( 'NONE',  ( 0.000000000000000000, 0.000000000000000000, 7.500000000000000888 ) ) ;
#3719 = EDGE_LOOP ( 'NONE', ( #1274, #1247, #60, #3008 ) ) ;
#3720 = LINE ( 'NONE', #3674, #1105 ) ;
#3721 = CARTESIAN_POINT ( 'NONE',  ( 25.48367399680709511, 14.86046632199978568, 3.998498769638969552 ) ) ;
#3722 = CARTESIAN_POINT ( 'NONE',  ( 2.210627090839662134, -29.39498671295806531, 3.333667743442034315 ) ) ;
#3723 = EDGE_CURVE ( 'NONE', #3726, #3334, #1675, .T. ) ;
#3724 = CARTESIAN_POINT ( 'NONE',  ( 4.283706573799856088, -29.69264570584132201, 1.589981253567113617 ) ) ;
#3725 = ORIENTED_EDGE ( 'NONE', *, *, #4262, .F. ) ;
#3726 = VERTEX_POINT ( 'NONE', #1769 ) ;
#3727 = CARTESIAN_POINT ( 'NONE',  ( -25.81904020336281391, 14.26698984733486242, 3.961594367563010088 ) ) ;
#3728 = CARTESIAN_POINT ( 'NONE',  ( 27.02155076164167014, 13.03227401521340667, 3.933268535446832193 ) ) ;
#3729 = EDGE_CURVE ( 'NONE', #1500, #1139, #684, .T. ) ;
#3730 = CARTESIAN_POINT ( 'NONE',  ( -2.736285759899187653, -29.33913423603660675, 2.920565563771945872 ) ) ;
#3731 = DIRECTION ( 'NONE',  ( -0.000000000000000000, -0.000000000000000000, -1.000000000000000000 ) ) ;
#3732 = EDGE_LOOP ( 'NONE', ( #2889, #952, #3158, #1797 ) ) ;
#3733 = CARTESIAN_POINT ( 'NONE',  ( 24.15788374365169844, 16.87997525995048775, 3.090423436903662946 ) ) ;
#3734 = FACE_OUTER_BOUND ( 'NONE', #2118, .T. ) ;
#3735 = AXIS2_PLACEMENT_3D ( 'NONE', #615, #1997, #273 ) ;
#3736 = CARTESIAN_POINT ( 'NONE',  ( -3.779784888728987102, -29.19195351626183310, 1.311919933472855293 ) ) ;
#3737 = CARTESIAN_POINT ( 'NONE',  ( -27.72614948854810635, 10.94528397655929020, -0.5000000000000000000 ) ) ;
#3738 = VECTOR ( 'NONE', #2628, 1000.000000000000000 ) ;
#3739 = CARTESIAN_POINT ( 'NONE',  ( -13.85640646055101577, 20.99999999999999645, -2.999999999999999556 ) ) ;
#3740 = CIRCLE ( 'NONE', #1040, 2.149999999999999911 ) ;
#3741 = CARTESIAN_POINT ( 'NONE',  ( -27.87530631327532404, 11.08914931735716358, 1.451711153647264219 ) ) ;
#3742 = ORIENTED_EDGE ( 'NONE', *, *, #145, .T. ) ;
#3743 = CARTESIAN_POINT ( 'NONE',  ( -25.54774941164094315, 1.750000000000007327, -3.500000000000000000 ) ) ;
#3744 = CARTESIAN_POINT ( 'NONE',  ( 23.33663980260150694, 17.93561858771563422, 1.040927932917494747 ) ) ;
#3745 = LINE ( 'NONE', #2273, #3015 ) ;
#3746 = VECTOR ( 'NONE', #3938, 1000.000000000000000 ) ;
#3747 = CARTESIAN_POINT ( 'NONE',  ( 0.000000000000000000, 0.000000000000000000, 7.299999999999994493 ) ) ;
#3748 = ORIENTED_EDGE ( 'NONE', *, *, #773, .T. ) ;
#3749 = CIRCLE ( 'NONE', #1989, 12.50000000000000000 ) ;
#3750 = ORIENTED_EDGE ( 'NONE', *, *, #3554, .F. ) ;
#3751 = CARTESIAN_POINT ( 'NONE',  ( -25.98701054048641623, 13.95445554868271110, 3.897634572332503655 ) ) ;
#3752 = CARTESIAN_POINT ( 'NONE',  ( 23.54113817182410884, 18.59614874689529174, 1.451711153623657991 ) ) ;
#3753 = AXIS2_PLACEMENT_3D ( 'NONE', #2135, #2888, #3574 ) ;
#3754 = CARTESIAN_POINT ( 'NONE',  ( 4.546331905876757951, -29.65351452608341631, 0.5192635549369744030 ) ) ;
#3755 = ORIENTED_EDGE ( 'NONE', *, *, #1374, .T. ) ;
#3756 = CARTESIAN_POINT ( 'NONE',  ( 24.09971584501868591, 16.95897148282082512, 3.007836979380560383 ) ) ;
#3757 = CARTESIAN_POINT ( 'NONE',  ( -4.585244560528314750, -29.64752690419408054, -0.7416874578259237127 ) ) ;
#3758 = EDGE_CURVE ( 'NONE', #966, #1152, #3461, .T. ) ;
#3759 = CARTESIAN_POINT ( 'NONE',  ( -3.293266188880814571, -29.26644666967251140, 2.271082603703019398 ) ) ;
#3760 = DIRECTION ( 'NONE',  ( -1.000000000000000000, 0.000000000000000000, 0.000000000000000000 ) ) ;
#3761 = EDGE_CURVE ( 'NONE', #347, #3796, #835, .T. ) ;
#3762 = PLANE ( 'NONE',  #2560 ) ;
#3763 = CARTESIAN_POINT ( 'NONE',  ( -27.24876236258103646, 11.11327813160298916, 0.000000000000000000 ) ) ;
#3764 = VERTEX_POINT ( 'NONE', #1002 ) ;
#3765 = CARTESIAN_POINT ( 'NONE',  ( 22.51666049839540307, -3.469446951953614189E-15, -2.999999999999999556 ) ) ;
#3766 = CARTESIAN_POINT ( 'NONE',  ( 24.77362969296900985, 15.99841663878953035, 3.721374529359010364 ) ) ;
#3767 = CARTESIAN_POINT ( 'NONE',  ( 0.2601414611344396999, -29.49890420794175938, 3.993691617288544826 ) ) ;
#3768 = CARTESIAN_POINT ( 'NONE',  ( -1.188766463830191578, -29.97678563241464289, 4.348050084459019082 ) ) ;
#3769 = VERTEX_POINT ( 'NONE', #4474 ) ;
#3770 = DIRECTION ( 'NONE',  ( -0.8660254037844432595, 0.4999999999999919509, -0.000000000000000000 ) ) ;
#3771 = CARTESIAN_POINT ( 'NONE',  ( -27.05558580746476949, 11.62173008681180164, 2.006054590371062041 ) ) ;
#3772 = CARTESIAN_POINT ( 'NONE',  ( 23.48650751903934619, 18.66509842459121771, 1.170792155867215856 ) ) ;
#3773 = CARTESIAN_POINT ( 'NONE',  ( 4.068103076309304456, -29.72290078099349131, 2.061300326239340563 ) ) ;
#3774 = CARTESIAN_POINT ( 'NONE',  ( -23.24229193148692474, 18.04997241430363886, -0.7900249464014195144 ) ) ;
#3775 = ORIENTED_EDGE ( 'NONE', *, *, #3581, .T. ) ;
#3776 = CARTESIAN_POINT ( 'NONE',  ( 24.37875483374189045, 16.57367834379735072, 3.364898592524690368 ) ) ;
#3777 = CARTESIAN_POINT ( 'NONE',  ( -4.762185747768913124, -29.61962306244102550, -1.440371863031820743 ) ) ;
#3778 = CARTESIAN_POINT ( 'NONE',  ( -3.993728254362087338, -29.15586260523264883, 0.2594173360742365597 ) ) ;
#3779 = FACE_BOUND ( 'NONE', #272, .T. ) ;
#3780 = CARTESIAN_POINT ( 'NONE',  ( -12.50000000000000000, 0.000000000000000000, 3.999999999999998224 ) ) ;
#3781 = EDGE_CURVE ( 'NONE', #3065, #3995, #3172, .T. ) ;
#3782 = ADVANCED_FACE ( 'NONE', ( #2383 ), #2822, .F. ) ;
#3783 = DIRECTION ( 'NONE',  ( 1.000000000000000000, 0.000000000000000000, 0.000000000000000000 ) ) ;
#3784 = ORIENTED_EDGE ( 'NONE', *, *, #4039, .T. ) ;
#3785 = CARTESIAN_POINT ( 'NONE',  ( -22.73469891871506476, 18.39044250704762362, -2.258709684229308401 ) ) ;
#3786 = DIRECTION ( 'NONE',  ( -0.000000000000000000, -0.000000000000000000, -1.000000000000000000 ) ) ;
#3787 = CARTESIAN_POINT ( 'NONE',  ( 4.576271100763350752, -29.64890795311554328, 0.000000000000000000 ) ) ;
#3788 = ORIENTED_EDGE ( 'NONE', *, *, #996, .F. ) ;
#3789 = DIRECTION ( 'NONE',  ( -1.000000000000000000, 0.000000000000000000, 0.000000000000000000 ) ) ;
#3790 = DIRECTION ( 'NONE',  ( 0.6123724356957933601, 0.3535533905932733423, -0.7071067811865486830 ) ) ;
#3791 = CARTESIAN_POINT ( 'NONE',  ( 25.73551204961949068, 15.41703075705161297, 4.474938312001215834 ) ) ;
#3792 = CARTESIAN_POINT ( 'NONE',  ( -25.31543977479291740, 15.14357003976707539, 3.974345968879415825 ) ) ;
#3793 = CARTESIAN_POINT ( 'NONE',  ( -1.829090213836480849, -29.42821759740962761, 3.557907016593112814 ) ) ;
#3794 = ORIENTED_EDGE ( 'NONE', *, *, #3078, .T. ) ;
#3795 = CYLINDRICAL_SURFACE ( 'NONE', #1844, 2.149999999999999911 ) ;
#3796 = VERTEX_POINT ( 'NONE', #4498 ) ;
#3797 = CARTESIAN_POINT ( 'NONE',  ( -25.44377423110463354, 15.89401530830503440, 4.382255039689183285 ) ) ;
#3798 = CARTESIAN_POINT ( 'NONE',  ( -4.923445275915266706, -29.59325219320958311, -1.762523004789221526 ) ) ;
#3799 = CARTESIAN_POINT ( 'NONE',  ( -27.98176412555508819, 10.81762693595334213, -0.9785678902567035431 ) ) ;
#3800 = CARTESIAN_POINT ( 'NONE',  ( -23.24292773071617901, 18.04913929859488775, -0.7758636167984269694 ) ) ;
#3801 = DIRECTION ( 'NONE',  ( 1.000000000000000000, 0.000000000000000000, 0.000000000000000000 ) ) ;
#3802 = CIRCLE ( 'NONE', #4390, 2.149999999999999911 ) ;
#3803 = LINE ( 'NONE', #1715, #4339 ) ;
#3804 = ORIENTED_EDGE ( 'NONE', *, *, #1898, .F. ) ;
#3805 = CONICAL_SURFACE ( 'NONE', #4027, 3.499999999999999556, 0.7853981633974482790 ) ;
#3806 = CARTESIAN_POINT ( 'NONE',  ( 23.21535143229012732, 18.08523818422603213, -1.074281461351633160 ) ) ;
#3807 = CARTESIAN_POINT ( 'NONE',  ( 6.999999999999999112, -25.49999999999998934, -3.500000000000001776 ) ) ;
#3808 = EDGE_CURVE ( 'NONE', #1091, #2469, #2496, .T. ) ;
#3809 = DIRECTION ( 'NONE',  ( -0.000000000000000000, 0.000000000000000000, 1.000000000000000000 ) ) ;
#3810 = VERTEX_POINT ( 'NONE', #1022 ) ;
#3811 = CARTESIAN_POINT ( 'NONE',  ( -23.70527773028237561, 18.38643696658052562, 2.057723542631406666 ) ) ;
#3812 = CARTESIAN_POINT ( 'NONE',  ( -13.43502884254440133, 13.43502884254441199, 3.500000000000000000 ) ) ;
#3813 = AXIS2_PLACEMENT_3D ( 'NONE', #1335, #2088, #2732 ) ;
#3814 = CARTESIAN_POINT ( 'NONE',  ( 24.57322075666389338, 16.29498399319445312, 3.559929895991760240 ) ) ;
#3815 = CARTESIAN_POINT ( 'NONE',  ( 23.71747700522630353, 18.37067249619804343, 2.094123478266435523 ) ) ;
#3816 = ADVANCED_FACE ( 'NONE', ( #2406, #1199 ), #1151, .T. ) ;
#3817 = CARTESIAN_POINT ( 'NONE',  ( -24.16629082536355000, 16.86850109376354467, 3.101991207423985930 ) ) ;
#3818 = AXIS2_PLACEMENT_3D ( 'NONE', #7, #1065, #1801 ) ;
#3819 = CARTESIAN_POINT ( 'NONE',  ( 3.669069850268939170, -29.20980794494632704, 1.594432455216407307 ) ) ;
#3820 = ORIENTED_EDGE ( 'NONE', *, *, #1928, .F. ) ;
#3821 = ORIENTED_EDGE ( 'NONE', *, *, #4261, .T. ) ;
#3822 = CARTESIAN_POINT ( 'NONE',  ( -25.09703245384699599, 16.43604912444475019, 4.184291720621536648 ) ) ;
#3823 = FACE_OUTER_BOUND ( 'NONE', #338, .T. ) ;
#3824 = AXIS2_PLACEMENT_3D ( 'NONE', #4218, #748, #4197 ) ;
#3825 = LINE ( 'NONE', #4164, #392 ) ;
#3826 = AXIS2_PLACEMENT_3D ( 'NONE', #3837, #2452, #2110 ) ;
#3827 = CYLINDRICAL_SURFACE ( 'NONE', #3818, 3.000000000000000888 ) ;
#3828 = CARTESIAN_POINT ( 'NONE',  ( 25.11473670974871908, -1.500000000000004441, -3.500000000000000000 ) ) ;
#3829 = AXIS2_PLACEMENT_3D ( 'NONE', #1485, #439, #654 ) ;
#3830 = CARTESIAN_POINT ( 'NONE',  ( 7.000000000000000000, 0.000000000000000000, -0.5000000000000000000 ) ) ;
#3831 = DIRECTION ( 'NONE',  ( 1.000000000000000000, 0.000000000000000000, 0.000000000000000000 ) ) ;
#3832 = EDGE_LOOP ( 'NONE', ( #4415, #2926, #497, #3198, #2712 ) ) ;
#3833 = DIRECTION ( 'NONE',  ( -0.000000000000000000, -0.000000000000000000, -1.000000000000000000 ) ) ;
#3834 = PLANE ( 'NONE',  #3813 ) ;
#3835 = B_SPLINE_CURVE_WITH_KNOTS ( 'NONE', 3,
 ( #4519, #4130, #16, #2821, #1001, #2382, #657, #1382, #1407, #1089 ),
 .UNSPECIFIED., .F., .F.,
 ( 4, 2, 2, 2, 4 ),
 ( 0.0008743616389502736983, 0.001787315505777067187, 0.002700269372603860893, 0.003613223239430653731, 0.004526177106257447437 ),
 .UNSPECIFIED. ) ;
#3836 = ADVANCED_FACE ( 'NONE', ( #2494 ), #3537, .F. ) ;
#3837 = CARTESIAN_POINT ( 'NONE',  ( 22.51666049839540307, -3.469446951953614189E-15, -2.999999999999999556 ) ) ;
#3838 = ORIENTED_EDGE ( 'NONE', *, *, #3277, .F. ) ;
#3839 = CARTESIAN_POINT ( 'NONE',  ( -24.17997021058019769, 17.75758568269635163, 3.130236344869882448 ) ) ;
#3840 = DIRECTION ( 'NONE',  ( -0.000000000000000000, -0.000000000000000000, -1.000000000000000000 ) ) ;
#3841 = CARTESIAN_POINT ( 'NONE',  ( 26.26432716267037648, 13.40979258794114948, 3.700413301539285715 ) ) ;
#3842 = CARTESIAN_POINT ( 'NONE',  ( 23.62635651483684640, 18.48772890072797281, 1.793736500079998297 ) ) ;
#3843 = CARTESIAN_POINT ( 'NONE',  ( -23.68331233270693659, 17.50503318815883347, 2.233820417284107407 ) ) ;
#3844 = EDGE_CURVE ( 'NONE', #1152, #966, #1056, .T. ) ;
#3845 = CARTESIAN_POINT ( 'NONE',  ( 3.540638592357146397, -29.22985266077029110, 1.861443104296963691 ) ) ;
#3846 = DIRECTION ( 'NONE',  ( 1.000000000000000000, 0.000000000000000000, 0.000000000000000000 ) ) ;
#3847 = ORIENTED_EDGE ( 'NONE', *, *, #851, .F. ) ;
#3848 = CARTESIAN_POINT ( 'NONE',  ( -24.87124144663320280, 16.77574798095142583, 4.002645366713742270 ) ) ;
#3849 = CARTESIAN_POINT ( 'NONE',  ( 11.25833024919769088, 22.50000000000000000, 3.500000000000000000 ) ) ;
#3850 = CARTESIAN_POINT ( 'NONE',  ( -27.42022585827143999, 10.69656784219156620, -2.076507038849294329 ) ) ;
#3851 = CARTESIAN_POINT ( 'NONE',  ( 19.91858428704208706, -11.50000000000000178, -3.500000000000000000 ) ) ;
#3852 = CARTESIAN_POINT ( 'NONE',  ( -13.43502884254440133, 13.43502884254441199, 6.500000000000000888 ) ) ;
#3853 = DIRECTION ( 'NONE',  ( 1.000000000000000000, 0.000000000000000000, -0.000000000000000000 ) ) ;
#3854 = VERTEX_POINT ( 'NONE', #150 ) ;
#3855 = LINE ( 'NONE', #728, #2335 ) ;
#3856 = CARTESIAN_POINT ( 'NONE',  ( 23.24876247086499603, 18.04148117343235569, 0.06616039565728548677 ) ) ;
#3857 = PLANE ( 'NONE',  #3899 ) ;
#3858 = EDGE_LOOP ( 'NONE', ( #4387, #277, #4289, #3406 ) ) ;
#3859 = CARTESIAN_POINT ( 'NONE',  ( -23.46258954362831162, 18.69512657471053529, 1.022107207111989879 ) ) ;
#3860 = CARTESIAN_POINT ( 'NONE',  ( 0.000000000000000000, 0.000000000000000000, 6.500000000000000888 ) ) ;
#3861 = CARTESIAN_POINT ( 'NONE',  ( 26.12922385919502943, 13.67931725387723674, 3.810620625420010121 ) ) ;
#3862 = CARTESIAN_POINT ( 'NONE',  ( 25.79334755176236271, 15.32021102242297239, 4.485800234696885269 ) ) ;
#3863 = CARTESIAN_POINT ( 'NONE',  ( -24.13748936978642234, 16.90779304736866706, 3.062249810638049130 ) ) ;
#3864 = ADVANCED_FACE ( 'NONE', ( #474 ), #544, .T. ) ;
#3865 = CARTESIAN_POINT ( 'NONE',  ( 2.112208399751001942, -29.40420890283082045, 3.397474508899014367 ) ) ;
#3866 = ORIENTED_EDGE ( 'NONE', *, *, #1965, .F. ) ;
#3867 = ORIENTED_EDGE ( 'NONE', *, *, #1622, .T. ) ;
#3868 = CARTESIAN_POINT ( 'NONE',  ( -27.39094737292255743, 12.23669824379240190, 3.312086821421813099 ) ) ;
#3869 = CARTESIAN_POINT ( 'NONE',  ( 25.11473670974871908, -1.500000000000004885, 3.500000000000000000 ) ) ;
#3870 = EDGE_CURVE ( 'NONE', #731, #4366, #2010, .T. ) ;
#3871 = B_SPLINE_SURFACE_WITH_KNOTS ( 'NONE', 1, 3, ( 
 ( #673, #4143, #3029, #4099, #3799, #1284, #2678, #1648, #3415, #650, #2746, #2029, #1352, #4079, #2329, #4465, #2374, #3049 ),
 ( #970, #1304, #1668, #3068, #1326, #4124, #2124, #3894, #3460, #1800, #1084, #330, #723, #1424, #3162, #2148, #3850, #2465 ) ),
 .UNSPECIFIED., .F., .F., .F.,
 ( 2, 2 ),
 ( 4, 2, 2, 2, 2, 2, 2, 2, 4 ),
 ( 0.000000000000000000, 1.000000000000000000 ),
 ( 0.008166361439159601499, 0.008525945465214845864, 0.008705737478242468047, 0.008885529491270088495, 0.008975425497783899587, 0.009065321504297708943, 0.009245113517325331126, 0.009424905530352953309, 0.009604697543380575492 ),
 .UNSPECIFIED. ) ;
#3872 = DIRECTION ( 'NONE',  ( -1.000000000000000000, 0.000000000000000000, 0.000000000000000000 ) ) ;
#3873 = CARTESIAN_POINT ( 'NONE',  ( -23.20284298013575253, 18.10161018777831643, -1.181015702213301433 ) ) ;
#3874 = DIRECTION ( 'NONE',  ( -0.000000000000000000, -0.000000000000000000, 1.000000000000000000 ) ) ;
#3875 = EDGE_CURVE ( 'NONE', #1521, #884, #2339, .T. ) ;
#3876 = CARTESIAN_POINT ( 'NONE',  ( 0.000000000000000000, 0.000000000000000000, 6.500000000000000888 ) ) ;
#3877 = ORIENTED_EDGE ( 'NONE', *, *, #1235, .F. ) ;
#3878 = CARTESIAN_POINT ( 'NONE',  ( -28.04192216429312623, 10.66070360397126393, -1.500000000000001776 ) ) ;
#3879 = VECTOR ( 'NONE', #297, 1000.000000000000000 ) ;
#3880 = CYLINDRICAL_SURFACE ( 'NONE', #1991, 28.50000000000000000 ) ;
#3881 = VERTEX_POINT ( 'NONE', #3942 ) ;
#3882 = DIRECTION ( 'NONE',  ( 0.000000000000000000, 0.000000000000000000, 1.000000000000000000 ) ) ;
#3883 = CARTESIAN_POINT ( 'NONE',  ( 25.89684373787817862, 14.12331727079153687, 3.935303340453359500 ) ) ;
#3884 = CARTESIAN_POINT ( 'NONE',  ( 26.05719529354019670, 14.86757908008460483, 4.499888116829410478 ) ) ;
#3885 = CARTESIAN_POINT ( 'NONE',  ( -23.83915724282907433, 17.30453475396078389, 2.568323361083225898 ) ) ;
#3886 = AXIS2_PLACEMENT_3D ( 'NONE', #71, #1442, #1459 ) ;
#3887 = CARTESIAN_POINT ( 'NONE',  ( 2.167250940487318367, -29.39913475787476216, 3.362626762493621246 ) ) ;
#3888 = VERTEX_POINT ( 'NONE', #3208 ) ;
#3889 = VECTOR ( 'NONE', #1631, 1000.000000000000000 ) ;
#3890 = ORIENTED_EDGE ( 'NONE', *, *, #2073, .F. ) ;
#3891 = CARTESIAN_POINT ( 'NONE',  ( -27.64004759383111676, 11.66339347559876671, 2.626029280443085590 ) ) ;
#3892 = CARTESIAN_POINT ( 'NONE',  ( 0.000000000000000000, 0.000000000000000000, 3.999999999999998224 ) ) ;
#3893 = CIRCLE ( 'NONE', #1908, 2.149999999999999911 ) ;
#3894 = CARTESIAN_POINT ( 'NONE',  ( -27.30082397559861462, 10.98807720180160530, -1.388812133156248407 ) ) ;
#3895 = EDGE_CURVE ( 'NONE', #939, #4301, #4242, .T. ) ;
#3896 = PLANE ( 'NONE',  #972 ) ;
#3897 = VECTOR ( 'NONE', #674, 1000.000000000000000 ) ;
#3898 = CARTESIAN_POINT ( 'NONE',  ( -27.03756245111984668, 11.66719785193920522, 2.083494277716604337 ) ) ;
#3899 = AXIS2_PLACEMENT_3D ( 'NONE', #4131, #2733, #3809 ) ;
#3900 = DIRECTION ( 'NONE',  ( -0.8660254037844432595, 0.4999999999999919509, 0.000000000000000000 ) ) ;
#3901 = ADVANCED_FACE ( 'NONE', ( #1806 ), #3994, .F. ) ;
#3902 = CIRCLE ( 'NONE', #1336, 1.650000000000000355 ) ;
#3903 = CARTESIAN_POINT ( 'NONE',  ( 23.02062349966179866, 18.33799253730434131, -1.951254398313519545 ) ) ;
#3904 = DIRECTION ( 'NONE',  ( 1.000000000000000000, 0.000000000000000000, -0.000000000000000000 ) ) ;
#3905 = VERTEX_POINT ( 'NONE', #2937 ) ;
#3906 = DIRECTION ( 'NONE',  ( -1.000000000000000000, 0.000000000000000000, 0.000000000000000000 ) ) ;
#3907 = CARTESIAN_POINT ( 'NONE',  ( 26.55588690365049587, 12.79665206295528712, 3.343486001899024451 ) ) ;
#3908 = CARTESIAN_POINT ( 'NONE',  ( 26.94683641765601578, 11.89297675244794839, 2.434766908516573736 ) ) ;
#3909 = CARTESIAN_POINT ( 'NONE',  ( -23.47338842795739922, 17.76822096687121189, 1.634538409214398857 ) ) ;
#3910 = CARTESIAN_POINT ( 'NONE',  ( 3.991814800957506737, -29.15617957011586370, 0.2641527687430856308 ) ) ;
#3911 = ORIENTED_EDGE ( 'NONE', *, *, #2716, .F. ) ;
#3912 = VERTEX_POINT ( 'NONE', #4267 ) ;
#3913 = CARTESIAN_POINT ( 'NONE',  ( 18.58364779650309018, 18.81217782649114767, -0.5000000000000000000 ) ) ;
#3914 = CARTESIAN_POINT ( 'NONE',  ( -3.130496361614187872, -29.83640765986123711, 3.285636201892452313 ) ) ;
#3915 = CARTESIAN_POINT ( 'NONE',  ( 0.000000000000000000, 0.000000000000000000, -1.500000000000001776 ) ) ;
#3916 =( NAMED_UNIT ( * ) PLANE_ANGLE_UNIT ( ) SI_UNIT ( $, .RADIAN. ) );
#3917 = CARTESIAN_POINT ( 'NONE',  ( -26.99131452449292468, 11.78317196582978177, 2.274159873593939452 ) ) ;
#3918 = DIRECTION ( 'NONE',  ( 1.000000000000000000, 0.000000000000000000, 0.000000000000000000 ) ) ;
#3919 = CARTESIAN_POINT ( 'NONE',  ( 23.05990985222674183, 18.28729753356014953, -1.829772547971665553 ) ) ;
#3920 = EDGE_CURVE ( 'NONE', #3420, #482, #1919, .T. ) ;
#3921 = EDGE_CURVE ( 'NONE', #2371, #2414, #3969, .T. ) ;
#3922 = CARTESIAN_POINT ( 'NONE',  ( -23.48542402735267487, 18.66646212920647940, 1.164577313543268877 ) ) ;
#3923 = ORIENTED_EDGE ( 'NONE', *, *, #434, .F. ) ;
#3924 = CARTESIAN_POINT ( 'NONE',  ( -27.96484305153164485, 10.86128689903744160, 3.500000000000000000 ) ) ;
#3925 = CARTESIAN_POINT ( 'NONE',  ( 27.15920533499645373, 11.35347202601372629, 1.406138776652915201 ) ) ;
#3926 = CARTESIAN_POINT ( 'NONE',  ( 27.23746098041809205, 11.14402287608077202, 0.5236994334148357133 ) ) ;
#3927 = CARTESIAN_POINT ( 'NONE',  ( 3.237235797186555519, -29.27434594481821151, 2.349757543789944503 ) ) ;
#3928 = EDGE_CURVE ( 'NONE', #2565, #3960, #4481, .T. ) ;
#3929 = CARTESIAN_POINT ( 'NONE',  ( 3.946156944257352084, -29.16404665889334780, 0.6573916717830244894 ) ) ;
#3930 = ORIENTED_EDGE ( 'NONE', *, *, #1651, .T. ) ;
#3931 = ORIENTED_EDGE ( 'NONE', *, *, #790, .F. ) ;
#3932 = CARTESIAN_POINT ( 'NONE',  ( -27.77483870650664599, 11.33836973748027077, 2.061300348373531044 ) ) ;
#3933 = CARTESIAN_POINT ( 'NONE',  ( -25.98076211353316012, 3.432969181100342633E-15, 3.500000000000000000 ) ) ;
#3934 = CARTESIAN_POINT ( 'NONE',  ( 3.207272655375217330, -29.82807609353894307, 3.210110125293621941 ) ) ;
#3935 = DIRECTION ( 'NONE',  ( -0.5000000000000001110, -0.8660254037844385966, 0.000000000000000000 ) ) ;
#3936 = DIRECTION ( 'NONE',  ( 0.000000000000000000, 0.000000000000000000, 1.000000000000000000 ) ) ;
#3937 = CARTESIAN_POINT ( 'NONE',  ( -23.38857189812370407, 18.78762104595198679, 3.500000000000000000 ) ) ;
#3938 = DIRECTION ( 'NONE',  ( -0.5000000000000001110, -0.8660254037844385966, 0.000000000000000000 ) ) ;
#3939 = CARTESIAN_POINT ( 'NONE',  ( -0.5193291065882136293, -29.49456573369158008, 3.968298989823951572 ) ) ;
#3940 = CARTESIAN_POINT ( 'NONE',  ( 27.33351323641682740, 10.90889169174525541, -1.628446222875840066 ) ) ;
#3941 = FACE_OUTER_BOUND ( 'NONE', #3832, .T. ) ;
#3942 = CARTESIAN_POINT ( 'NONE',  ( 23.24876236258083750, 18.04148136187885143, 2.449293598294706414E-16 ) ) ;
#3943 = ORIENTED_EDGE ( 'NONE', *, *, #2263, .F. ) ;
#3944 = EDGE_CURVE ( 'NONE', #475, #1855, #3714, .T. ) ;
#3945 = DIRECTION ( 'NONE',  ( 0.000000000000000000, 0.000000000000000000, 1.000000000000000000 ) ) ;
#3946 = CARTESIAN_POINT ( 'NONE',  ( 26.85802056646926417, 12.10779555383630246, 2.709419944614662956 ) ) ;
#3947 = CARTESIAN_POINT ( 'NONE',  ( 27.06788102624549808, 11.59023865688768318, 1.943895515905961879 ) ) ;
#3948 = CARTESIAN_POINT ( 'NONE',  ( 2.713353748644636187, -29.34165217157825722, 2.939243016766445393 ) ) ;
#3949 = VECTOR ( 'NONE', #2639, 1000.000000000000000 ) ;
#3950 = LINE ( 'NONE', #3262, #253 ) ;
#3951 = ORIENTED_EDGE ( 'NONE', *, *, #1509, .T. ) ;
#3952 = ORIENTED_EDGE ( 'NONE', *, *, #632, .F. ) ;
#3953 = ADVANCED_FACE ( 'NONE', ( #1563 ), #545, .F. ) ;
#3954 = CARTESIAN_POINT ( 'NONE',  ( -23.24876423623565813, 18.04147822200741302, 0.1323202826386479514 ) ) ;
#3955 = CONICAL_SURFACE ( 'NONE', #1617, 28.50000000000000000, 0.7853981633974742582 ) ;
#3956 = DIRECTION ( 'NONE',  ( 0.000000000000000000, -0.000000000000000000, 1.000000000000000000 ) ) ;
#3957 = VECTOR ( 'NONE', #1354, 999.9999999999998863 ) ;
#3958 = CARTESIAN_POINT ( 'NONE',  ( -2.788856184059881116, -29.87015084902532180, 3.568582302158636921 ) ) ;
#3959 = CARTESIAN_POINT ( 'NONE',  ( -23.29769727715106598, 18.90019579719304943, -1.326985978096201224 ) ) ;
#3960 = VERTEX_POINT ( 'NONE', #2961 ) ;
#3961 = CARTESIAN_POINT ( 'NONE',  ( 25.54774941164093960, -1.750000000000003553, -3.500000000000000000 ) ) ;
#3962 = CARTESIAN_POINT ( 'NONE',  ( 28.04192216429296636, 10.66070360397170091, -1.499999999999988676 ) ) ;
#3963 = CARTESIAN_POINT ( 'NONE',  ( -27.24655351823340155, 11.11933935838269605, 0.2611184979201174317 ) ) ;
#3964 = CARTESIAN_POINT ( 'NONE',  ( -0.6497106976919876375, -29.49130512887304434, 3.949104833092013767 ) ) ;
#3965 = VECTOR ( 'NONE', #2792, 999.9999999999998863 ) ;
#3966 = CARTESIAN_POINT ( 'NONE',  ( -22.51666049839540662, 6.938893903907228378E-15, -3.500000000000000000 ) ) ;
#3967 = FACE_OUTER_BOUND ( 'NONE', #3719, .T. ) ;
#3968 = AXIS2_PLACEMENT_3D ( 'NONE', #956, #3039, #982 ) ;
#3969 = LINE ( 'NONE', #2865, #3311 ) ;
#3970 = ORIENTED_EDGE ( 'NONE', *, *, #3254, .F. ) ;
#3971 = CIRCLE ( 'NONE', #3968, 2.149999999999999911 ) ;
#3972 = CARTESIAN_POINT ( 'NONE',  ( 0.000000000000000000, 0.000000000000000000, 7.500000000000000888 ) ) ;
#3973 = CARTESIAN_POINT ( 'NONE',  ( 27.03230944554982429, 11.68050557059150663, 2.107266293186834893 ) ) ;
#3974 = CARTESIAN_POINT ( 'NONE',  ( 23.38976130795974484, 18.78614064442781739, 0.1487506911595777581 ) ) ;
#3975 = CARTESIAN_POINT ( 'NONE',  ( 3.079054424387932976, -29.29592480055115900, 2.553326851867902203 ) ) ;
#3976 = EDGE_CURVE ( 'NONE', #3014, #2591, #4447, .T. ) ;
#3977 = CARTESIAN_POINT ( 'NONE',  ( 12.50000000000000000, 1.530808498934191521E-15, 6.000000000000023093 ) ) ;
#3978 = ORIENTED_EDGE ( 'NONE', *, *, #4402, .T. ) ;
#3979 = ORIENTED_EDGE ( 'NONE', *, *, #4283, .T. ) ;
#3980 = CARTESIAN_POINT ( 'NONE',  ( -24.40757783061342678, 16.53290608891279945, 3.396291928700416740 ) ) ;
#3981 = CARTESIAN_POINT ( 'NONE',  ( 27.26619882990857491, 12.51468449343303391, 3.575362169402276802 ) ) ;
#3982 = EDGE_CURVE ( 'NONE', #4111, #3654, #1994, .T. ) ;
#3983 = EDGE_CURVE ( 'NONE', #409, #4338, #4335, .T. ) ;
#3984 = CARTESIAN_POINT ( 'NONE',  ( 2.091040312967917369, -29.92711063076338363, 4.003439226780340476 ) ) ;
#3985 = DIRECTION ( 'NONE',  ( -0.000000000000000000, -0.000000000000000000, -1.000000000000000000 ) ) ;
#3986 = EDGE_LOOP ( 'NONE', ( #3412, #931, #4041, #2187 ) ) ;
#3987 = CARTESIAN_POINT ( 'NONE',  ( 23.24876236258084461, 18.04148136187884788, 0.1301136084978152807 ) ) ;
#3988 = CARTESIAN_POINT ( 'NONE',  ( -19.97871376374796881, 19.61761953821683591, -3.500000000000000000 ) ) ;
#3989 = UNCERTAINTY_MEASURE_WITH_UNIT (LENGTH_MEASURE( 1.000000000000000082E-05 ), #4231, 'distance_accuracy_value', 'NONE');
#3990 = CARTESIAN_POINT ( 'NONE',  ( -26.69705274404056183, 12.48220942291871083, 3.091188998649880837 ) ) ;
#3991 = CARTESIAN_POINT ( 'NONE',  ( -26.93987586514298727, 9.530858125126311364, -2.924925291073420475 ) ) ;
#3992 = CARTESIAN_POINT ( 'NONE',  ( 27.42022585827124459, 10.69656784219200141, -2.076507038849178866 ) ) ;
#3993 = DIRECTION ( 'NONE',  ( -1.000000000000000000, 0.000000000000000000, 0.000000000000000000 ) ) ;
#3994 = PLANE ( 'NONE',  #2429 ) ;
#3995 = VERTEX_POINT ( 'NONE', #2613 ) ;
#3996 = CARTESIAN_POINT ( 'NONE',  ( -4.047308177162222798, -29.14865342403130910, -1.048185388733064771 ) ) ;
#3997 = CARTESIAN_POINT ( 'NONE',  ( 27.11710180636514522, 11.46347682658278266, 1.678604017737997056 ) ) ;
#3998 = CARTESIAN_POINT ( 'NONE',  ( 27.21278460371452113, 11.21070615849141738, 0.9085397457680207678 ) ) ;
#3999 = CARTESIAN_POINT ( 'NONE',  ( 3.650483747439934756, -29.21274848459131235, 1.635780322737355519 ) ) ;
#4000 = CARTESIAN_POINT ( 'NONE',  ( -4.000000000000000000, -38.49999999999999289, -0.5000000000000000000 ) ) ;
#4001 = ORIENTED_EDGE ( 'NONE', *, *, #3533, .F. ) ;
#4002 = ORIENTED_EDGE ( 'NONE', *, *, #4228, .F. ) ;
#4003 = CARTESIAN_POINT ( 'NONE',  ( -23.24876236258110396, 18.04148136187853524, 0.000000000000000000 ) ) ;
#4004 = CARTESIAN_POINT ( 'NONE',  ( 27.87582013483154242, 11.08785831331598892, 1.447905098115027656 ) ) ;
#4005 = CARTESIAN_POINT ( 'NONE',  ( -0.3019093868075389819, -29.99884884455523704, 4.492596208302335192 ) ) ;
#4006 = CARTESIAN_POINT ( 'NONE',  ( 0.000000000000000000, -22.49999999999998934, -2.149999999999999911 ) ) ;
#4007 = ORIENTED_EDGE ( 'NONE', *, *, #4455, .F. ) ;
#4008 = CARTESIAN_POINT ( 'NONE',  ( 0.000000000000000000, 0.000000000000000000, 6.500000000000000888 ) ) ;
#4009 = DIRECTION ( 'NONE',  ( -1.000000000000000000, 0.000000000000000000, 0.000000000000000000 ) ) ;
#4010 = EDGE_CURVE ( 'NONE', #4407, #1242, #2354, .T. ) ;
#4011 = CARTESIAN_POINT ( 'NONE',  ( -26.89141044449781859, 12.02778099686345747, 2.612924992386981948 ) ) ;
#4012 = CARTESIAN_POINT ( 'NONE',  ( -26.84990268843990791, 8.984923094061864290, -3.187690949429180964 ) ) ;
#4013 = CARTESIAN_POINT ( 'NONE',  ( 28.06923943866711113, 10.58861116904421706, -1.657955220034862842 ) ) ;
#4014 = CARTESIAN_POINT ( 'NONE',  ( 4.785879136108080800, -29.61580716513281430, -1.495832464347599089 ) ) ;
#4015 = CARTESIAN_POINT ( 'NONE',  ( -26.27399877003197659, 14.48100340846104750, 4.464123064730486590 ) ) ;
#4016 = ORIENTED_EDGE ( 'NONE', *, *, #3844, .T. ) ;
#4017 = CARTESIAN_POINT ( 'NONE',  ( -4.299702065659288586, -29.11536251643619977, -1.835127802831071131 ) ) ;
#4018 = CARTESIAN_POINT ( 'NONE',  ( 25.26509574500812860, 15.22644979377638208, 3.961594367563010088 ) ) ;
#4019 = CARTESIAN_POINT ( 'NONE',  ( -23.33001523772657748, 17.94362859040322178, 0.9972042274719711274 ) ) ;
#4020 = CARTESIAN_POINT ( 'NONE',  ( 0.2963085584469714040, -29.99891118559439462, 4.492994792882556432 ) ) ;
#4021 = EDGE_LOOP ( 'NONE', ( #4318, #1807, #1743, #3725 ) ) ;
#4022 = ORIENTED_EDGE ( 'NONE', *, *, #908, .T. ) ;
#4023 = CARTESIAN_POINT ( 'NONE',  ( -25.57890486052416534, 14.69605371746511224, 4.000048006208671403 ) ) ;
#4024 = CARTESIAN_POINT ( 'NONE',  ( 27.58696030184689363, 11.78813673325286970, 2.797567600276096744 ) ) ;
#4025 = AXIS2_PLACEMENT_3D ( 'NONE', #2735, #3770, #3492 ) ;
#4026 = CARTESIAN_POINT ( 'NONE',  ( 4.576270852109925791, -29.64890795266156331, 0.07443044381258684394 ) ) ;
#4027 = AXIS2_PLACEMENT_3D ( 'NONE', #1856, #1112, #1494 ) ;
#4028 = CARTESIAN_POINT ( 'NONE',  ( -23.15864779650327421, 10.88804538186323434, 0.000000000000000000 ) ) ;
#4029 = VERTEX_POINT ( 'NONE', #4406 ) ;
#4030 = CARTESIAN_POINT ( 'NONE',  ( 23.81738031860554727, 17.33281606307369316, 2.525432495336997540 ) ) ;
#4031 = CARTESIAN_POINT ( 'NONE',  ( 11.25833024919769088, 19.50000000000000000, -3.500000000000000000 ) ) ;
#4032 = CARTESIAN_POINT ( 'NONE',  ( -26.48307214693955558, 12.95418121244662935, 3.450941495258791125 ) ) ;
#4033 = EDGE_CURVE ( 'NONE', #3014, #884, #693, .T. ) ;
#4034 = CARTESIAN_POINT ( 'NONE',  ( -3.096628808948653333, -29.29357943536784958, 2.531977600081525281 ) ) ;
#4035 = CARTESIAN_POINT ( 'NONE',  ( 27.40619914623943743, 10.73113329165433960, -2.015027586981434915 ) ) ;
#4036 = AXIS2_PLACEMENT_3D ( 'NONE', #1491, #2887, #4286 ) ;
#4037 = CARTESIAN_POINT ( 'NONE',  ( -4.441992200947753489, -29.09552202776635355, -2.067353214814033002 ) ) ;
#4038 = AXIS2_PLACEMENT_3D ( 'NONE', #2679, #949, #3760 ) ;
#4039 = EDGE_CURVE ( 'NONE', #326, #4090, #2313, .T. ) ;
#4040 = CARTESIAN_POINT ( 'NONE',  ( -25.21093697170881143, 16.26128837350428569, 4.261680123727020764 ) ) ;
#4041 = ORIENTED_EDGE ( 'NONE', *, *, #3921, .T. ) ;
#4042 = CARTESIAN_POINT ( 'NONE',  ( -4.000000000000000000, -29.15475952416974437, -0.5000000000000000000 ) ) ;
#4043 = CARTESIAN_POINT ( 'NONE',  ( 23.50581601473533766, 17.72806486659111513, 1.743775970967326838 ) ) ;
#4044 = CARTESIAN_POINT ( 'NONE',  ( 0.7176213134722728704, -29.48897325529313562, 3.935240560406453536 ) ) ;
#4045 = AXIS2_PLACEMENT_3D ( 'NONE', #2536, #3278, #128 ) ;
#4046 = CARTESIAN_POINT ( 'NONE',  ( -3.025242423128596148, -29.84782719595511224, 3.389137044294350254 ) ) ;
#4047 = ORIENTED_EDGE ( 'NONE', *, *, #3808, .T. ) ;
#4048 = ORIENTED_EDGE ( 'NONE', *, *, #3192, .T. ) ;
#4049 = CARTESIAN_POINT ( 'NONE',  ( -26.79369166758204557, 12.25953886654825631, 2.876445759310579220 ) ) ;
#4050 = CARTESIAN_POINT ( 'NONE',  ( 27.40433518665526691, 12.20711442123871926, 3.285636237127313120 ) ) ;
#4051 = VECTOR ( 'NONE', #1960, 1000.000000000000000 ) ;
#4052 = CARTESIAN_POINT ( 'NONE',  ( -4.000000000000000000, -29.15475952416974437, -7.347880794884117764E-16 ) ) ;
#4053 = CARTESIAN_POINT ( 'NONE',  ( 30.00000000000000000, 3.673940397442059178E-15, 7.500000000000000888 ) ) ;
#4054 = VERTEX_POINT ( 'NONE', #2085 ) ;
#4055 = CARTESIAN_POINT ( 'NONE',  ( 23.51864332775532418, 17.71214058012979464, 1.785134967680704010 ) ) ;
#4056 = CARTESIAN_POINT ( 'NONE',  ( -4.648753091157129980, -29.63763267367558996, -1.095724121509504378 ) ) ;
#4057 = CARTESIAN_POINT ( 'NONE',  ( -25.01344310286635420, 15.63058275044569534, 3.867398505853231860 ) ) ;
#4058 = B_SPLINE_CURVE_WITH_KNOTS ( 'NONE', 3,
 ( #808, #2190, #746, #3532 ),
 .UNSPECIFIED., .F., .F.,
 ( 4, 4 ),
 ( 0.000000000000000000, 1.000000000000000000 ),
 .UNSPECIFIED. ) ;
#4059 = CARTESIAN_POINT ( 'NONE',  ( -3.738728250928012642, -29.19862220701744704, 1.422648225511821352 ) ) ;
#4060 = CARTESIAN_POINT ( 'NONE',  ( -4.000000000000000000, -25.49999999999998934, -0.5000000000000000000 ) ) ;
#4061 = CARTESIAN_POINT ( 'NONE',  ( 4.307769523542398282, -29.11402759628071735, -1.825544711075891557 ) ) ;
#4062 = EDGE_CURVE ( 'NONE', #4029, #3769, #3072, .T. ) ;
#4063 = CARTESIAN_POINT ( 'NONE',  ( 0.000000000000000000, 0.000000000000000000, -3.500000000000000000 ) ) ;
#4064 = ORIENTED_EDGE ( 'NONE', *, *, #628, .F. ) ;
#4065 = CARTESIAN_POINT ( 'NONE',  ( -31.34197804570108659, 22.71410161513745507, 0.000000000000000000 ) ) ;
#4066 = CARTESIAN_POINT ( 'NONE',  ( 24.22051005339778129, 16.79452136769138804, 3.176720891675084424 ) ) ;
#4067 = EDGE_CURVE ( 'NONE', #2039, #989, #678, .T. ) ;
#4068 = CARTESIAN_POINT ( 'NONE',  ( 1.405217020346616774, -29.45762802805173664, 3.745196832545924170 ) ) ;
#4069 = CARTESIAN_POINT ( 'NONE',  ( 1.185742763467975580, -29.97799119888372132, 4.356235852764678285 ) ) ;
#4070 = ORIENTED_EDGE ( 'NONE', *, *, #3921, .F. ) ;
#4071 = ORIENTED_EDGE ( 'NONE', *, *, #4262, .T. ) ;
#4072 = CARTESIAN_POINT ( 'NONE',  ( -24.87201450526022484, 15.84915799516234003, 3.786918966244814388 ) ) ;
#4073 = CARTESIAN_POINT ( 'NONE',  ( 27.81277080162904625, 11.24503536276568916, 1.859629679054775719 ) ) ;
#4074 = CARTESIAN_POINT ( 'NONE',  ( -3.193708189566220490, -29.28039291632746099, 2.408590809946521638 ) ) ;
#4075 =( LENGTH_UNIT ( ) NAMED_UNIT ( * ) SI_UNIT ( .MILLI., .METRE. ) );
#4076 = VERTEX_POINT ( 'NONE', #3419 ) ;
#4077 = CARTESIAN_POINT ( 'NONE',  ( 23.84080542061157360, 17.30240795900663997, 2.571797626804180670 ) ) ;
#4078 = CARTESIAN_POINT ( 'NONE',  ( -4.000012400970136106, -29.15475710163506307, -0.6459237886047382027 ) ) ;
#4079 = CARTESIAN_POINT ( 'NONE',  ( -28.05938110860087065, 10.61469757905894262, -1.604620627550518819 ) ) ;
#4080 = DIRECTION ( 'NONE',  ( 0.000000000000000000, 0.000000000000000000, -1.000000000000000000 ) ) ;
#4081 = DIRECTION ( 'NONE',  ( -1.000000000000000000, 0.000000000000000000, 0.000000000000000000 ) ) ;
#4082 = CARTESIAN_POINT ( 'NONE',  ( -23.97008374560505217, 18.04060445525474066, 2.745132400478476509 ) ) ;
#4083 = EDGE_LOOP ( 'NONE', ( #3673, #89, #753, #2119 ) ) ;
#4084 = CYLINDRICAL_SURFACE ( 'NONE', #2550, 4.000000000000000000 ) ;
#4085 = CARTESIAN_POINT ( 'NONE',  ( 23.37329550401842937, 17.89102765306205711, 1.227871584967699548 ) ) ;
#4086 = APPLICATION_CONTEXT ( 'automotive_design' ) ;
#4087 = CARTESIAN_POINT ( 'NONE',  ( -4.000000000000000000, -29.15475952416974437, -0.5000000000000000000 ) ) ;
#4088 = EDGE_CURVE ( 'NONE', #2002, #1140, #3025, .T. ) ;
#4089 = CARTESIAN_POINT ( 'NONE',  ( -4.576262964248414278, -29.64890920897622806, 0.2958845794225697934 ) ) ;
#4090 = VERTEX_POINT ( 'NONE', #1331 ) ;
#4091 = ORIENTED_EDGE ( 'NONE', *, *, #4144, .T. ) ;
#4092 = CARTESIAN_POINT ( 'NONE',  ( -27.08411422416251568, 11.54864334929548875, 1.861443104320285702 ) ) ;
#4093 = CARTESIAN_POINT ( 'NONE',  ( 25.36883054376545132, 16.01587896635825103, 4.356235899522958199 ) ) ;
#4094 = EDGE_CURVE ( 'NONE', #3764, #3381, #2399, .T. ) ;
#4095 = CARTESIAN_POINT ( 'NONE',  ( -2.001405333199437031, -29.41401735592429745, 3.463911230906844718 ) ) ;
#4096 = ORIENTED_EDGE ( 'NONE', *, *, #3507, .T. ) ;
#4097 = CARTESIAN_POINT ( 'NONE',  ( 24.22563498396869619, 16.78718158609944311, 3.181527761384621122 ) ) ;
#4098 = CARTESIAN_POINT ( 'NONE',  ( -4.837092738748370202, -29.60748565361985030, -1.604620627269466748 ) ) ;
#4099 = CARTESIAN_POINT ( 'NONE',  ( -27.97776737294796234, 10.82795503902478806, -0.9196224872514449089 ) ) ;
#4100 = DIRECTION ( 'NONE',  ( 0.000000000000000000, 0.000000000000000000, 1.000000000000000000 ) ) ;
#4101 = CONICAL_SURFACE ( 'NONE', #601, 12.50000000000000000, 0.7853981633974465026 ) ;
#4102 = CARTESIAN_POINT ( 'NONE',  ( 24.08364779650313281, 9.285898384862351307, -0.5000000000000000000 ) ) ;
#4103 = DIRECTION ( 'NONE',  ( 0.000000000000000000, 0.000000000000000000, 1.000000000000000000 ) ) ;
#4104 = ORIENTED_EDGE ( 'NONE', *, *, #4147, .T. ) ;
#4105 = CARTESIAN_POINT ( 'NONE',  ( -21.20181743549624187, 18.76212898533951545, -3.189668537803609816 ) ) ;
#4106 = CARTESIAN_POINT ( 'NONE',  ( 25.18022127276609368, 15.36474694402790853, 3.935913343382491103 ) ) ;
#4107 = DIRECTION ( 'NONE',  ( -0.000000000000000000, -1.000000000000000000, -0.000000000000000000 ) ) ;
#4108 = CIRCLE ( 'NONE', #827, 2.149999999999999911 ) ;
#4109 = CARTESIAN_POINT ( 'NONE',  ( 15.08502884254438925, -13.43502884254439067, 6.500000000000000888 ) ) ;
#4110 = EDGE_LOOP ( 'NONE', ( #1042, #655, #4022, #385 ) ) ;
#4111 = VERTEX_POINT ( 'NONE', #635 ) ;
#4112 = CARTESIAN_POINT ( 'NONE',  ( -25.41482352339471618, 14.97797048180998125, 3.993418921528832044 ) ) ;
#4113 = CARTESIAN_POINT ( 'NONE',  ( 25.59993470508079838, 15.64176552219827698, 4.442203963927731536 ) ) ;
#4114 = CIRCLE ( 'NONE', #2137, 12.50000000000000000 ) ;
#4115 = CARTESIAN_POINT ( 'NONE',  ( -3.007212701699857327, -29.30540925416732634, 2.638360111489900461 ) ) ;
#4116 = ORIENTED_EDGE ( 'NONE', *, *, #790, .T. ) ;
#4117 = FACE_OUTER_BOUND ( 'NONE', #3546, .T. ) ;
#4118 = ORIENTED_EDGE ( 'NONE', *, *, #1343, .F. ) ;
#4119 = CARTESIAN_POINT ( 'NONE',  ( 24.33098814287012246, 16.64071367410706515, 3.310059931038650927 ) ) ;
#4120 = B_SPLINE_CURVE_WITH_KNOTS ( 'NONE', 3,
 ( #3962, #4328, #2977, #833 ),
 .UNSPECIFIED., .F., .F.,
 ( 4, 4 ),
 ( 0.000000000000000000, 1.000000000000000000 ),
 .UNSPECIFIED. ) ;
#4121 = VECTOR ( 'NONE', #1738, 1000.000000000000000 ) ;
#4122 = CARTESIAN_POINT ( 'NONE',  ( -4.219379276851348060, -29.12596271497006128, -1.628446200182070980 ) ) ;
#4123 = EDGE_CURVE ( 'NONE', #2259, #989, #2509, .T. ) ;
#4124 = CARTESIAN_POINT ( 'NONE',  ( -27.28192480328969083, 11.03366438236393599, -1.214868938182991576 ) ) ;
#4125 = CYLINDRICAL_SURFACE ( 'NONE', #2645, 2.149999999999999911 ) ;
#4126 = CARTESIAN_POINT ( 'NONE',  ( -23.08276657050208769, 18.59484709018988369, -1.859244666400531765 ) ) ;
#4127 = DIRECTION ( 'NONE',  ( 0.5000000000000002220, -0.8660254037844385966, 0.000000000000000000 ) ) ;
#4128 = VERTEX_POINT ( 'NONE', #1379 ) ;
#4129 = CARTESIAN_POINT ( 'NONE',  ( 23.16678550301453399, 19.06045482702843330, -1.762523004444997765 ) ) ;
#4130 = CARTESIAN_POINT ( 'NONE',  ( 22.73784770876229189, 18.39049716987801020, -2.256217432120638744 ) ) ;
#4131 = CARTESIAN_POINT ( 'NONE',  ( -4.000000000000000000, -38.49999999999999289, 0.000000000000000000 ) ) ;
#4132 = EDGE_LOOP ( 'NONE', ( #1585, #627, #1862, #302 ) ) ;
#4133 = DIRECTION ( 'NONE',  ( -0.6123724356957944703, -0.3535533905932737309, -0.7071067811865474617 ) ) ;
#4134 = CARTESIAN_POINT ( 'NONE',  ( -27.24876225352366177, 11.11327831960306511, 0.06616039565728458471 ) ) ;
#4135 = CARTESIAN_POINT ( 'NONE',  ( 24.37515361730988062, 17.48871785815228463, 3.434282346961591514 ) ) ;
#4136 = CARTESIAN_POINT ( 'NONE',  ( -25.41584726652163440, 14.97622349589430257, 3.993558892191088727 ) ) ;
#4137 = CARTESIAN_POINT ( 'NONE',  ( 1.035138670845778819, -29.47734052944037231, 3.865938618839260155 ) ) ;
#4138 = VERTEX_POINT ( 'NONE', #1671 ) ;
#4139 = FACE_OUTER_BOUND ( 'NONE', #4083, .T. ) ;
#4140 = ORIENTED_EDGE ( 'NONE', *, *, #2102, .T. ) ;
#4141 = CARTESIAN_POINT ( 'NONE',  ( -25.21159740055556497, 16.25977552437836238, 4.260283808354746071 ) ) ;
#4142 = CARTESIAN_POINT ( 'NONE',  ( -21.00864779650331116, 14.61195461813634111, 2.632990618166809235E-16 ) ) ;
#4143 = CARTESIAN_POINT ( 'NONE',  ( -27.96484617264486161, 10.86127656592126378, -0.6216031612199642842 ) ) ;
#4144 = EDGE_CURVE ( 'NONE', #1634, #799, #4114, .T. ) ;
#4145 = CARTESIAN_POINT ( 'NONE',  ( 30.00000000000000000, 3.673940397442059178E-15, -1.499999999999988676 ) ) ;
#4146 = DIRECTION ( 'NONE',  ( -0.5000000000000002220, 0.8660254037844384856, 0.000000000000000000 ) ) ;
#4147 = EDGE_CURVE ( 'NONE', #4076, #3764, #259, .T. ) ;
#4148 = LINE ( 'NONE', #1018, #4121 ) ;
#4149 = ORIENTED_EDGE ( 'NONE', *, *, #996, .T. ) ;
#4150 = CARTESIAN_POINT ( 'NONE',  ( 23.24876236258084816, 18.04148136187885143, -0.5000000000000000000 ) ) ;
#4151 = LINE ( 'NONE', #3489, #1252 ) ;
#4152 = DIRECTION ( 'NONE',  ( 0.000000000000000000, 0.000000000000000000, 1.000000000000000000 ) ) ;
#4153 = ORIENTED_EDGE ( 'NONE', *, *, #3644, .F. ) ;
#4154 = CARTESIAN_POINT ( 'NONE',  ( -23.96044395066583377, 18.05263514450815521, 2.709664642974692228 ) ) ;
#4155 = CARTESIAN_POINT ( 'NONE',  ( 11.78502884254439920, 13.43502884254440488, 6.500000000000000888 ) ) ;
#4156 = CARTESIAN_POINT ( 'NONE',  ( 24.53024346720112803, 16.35719735210057735, 3.519646322389719639 ) ) ;
#4157 = CARTESIAN_POINT ( 'NONE',  ( 26.23925759285505421, 14.54327616115267574, 4.470916539440327853 ) ) ;
#4158 = CARTESIAN_POINT ( 'NONE',  ( -24.47530245499760682, 16.43637848312609506, 3.466644690580947596 ) ) ;
#4159 = CARTESIAN_POINT ( 'NONE',  ( 3.555823496235373860, -29.22751913834192194, 1.832266988639525973 ) ) ;
#4160 = ORIENTED_EDGE ( 'NONE', *, *, #2102, .F. ) ;
#4161 = VERTEX_POINT ( 'NONE', #2771 ) ;
#4162 = CARTESIAN_POINT ( 'NONE',  ( -27.73426601117443013, 11.43746518036643955, 2.256811398983477268 ) ) ;
#4163 = CARTESIAN_POINT ( 'NONE',  ( -18.58364779650334953, 18.81217782649088832, -3.500000000000000000 ) ) ;
#4164 = CARTESIAN_POINT ( 'NONE',  ( -25.11473670974871908, -1.499999999999994005, 3.500000000000000000 ) ) ;
#4165 = PLANE ( 'NONE',  #1831 ) ;
#4166 = CARTESIAN_POINT ( 'NONE',  ( 22.51666049839540307, -3.469446951953614189E-15, 3.500000000000000000 ) ) ;
#4167 = AXIS2_PLACEMENT_3D ( 'NONE', #3812, #2436, #1703 ) ;
#4168 = EDGE_CURVE ( 'NONE', #1855, #4138, #1356, .T. ) ;
#4169 = CARTESIAN_POINT ( 'NONE',  ( 27.41845729363557638, 10.70088289239974344, -2.067353244402696077 ) ) ;
#4170 = CARTESIAN_POINT ( 'NONE',  ( -27.64499325060733526, 10.69283869416723043, -1.859244661182603453 ) ) ;
#4171 = EDGE_LOOP ( 'NONE', ( #2546, #1996, #3681, #4517 ) ) ;
#4172 = VECTOR ( 'NONE', #536, 1000.000000000000000 ) ;
#4173 = CARTESIAN_POINT ( 'NONE',  ( 23.03952855442807035, 18.31355999625746733, -1.889546247209685115 ) ) ;
#4174 = DIRECTION ( 'NONE',  ( 1.000000000000000000, 0.000000000000000000, 0.000000000000000000 ) ) ;
#4175 = EDGE_CURVE ( 'NONE', #3905, #1577, #36, .T. ) ;
#4176 = EDGE_CURVE ( 'NONE', #1570, #2772, #2063, .T. ) ;
#4177 = AXIS2_PLACEMENT_3D ( 'NONE', #3913, #2835, #2444 ) ;
#4178 = CARTESIAN_POINT ( 'NONE',  ( -13.43502884254440133, 13.43502884254441199, 6.500000000000000888 ) ) ;
#4179 = VERTEX_POINT ( 'NONE', #2426 ) ;
#4180 = CARTESIAN_POINT ( 'NONE',  ( -23.42583715590621196, 18.74115851933127885, 0.7342899444021298017 ) ) ;
#4181 = DIRECTION ( 'NONE',  ( -0.000000000000000000, -0.000000000000000000, 1.000000000000000000 ) ) ;
#4182 = AXIS2_PLACEMENT_3D ( 'NONE', #1817, #3566, #2876 ) ;
#4183 = CARTESIAN_POINT ( 'NONE',  ( 26.69451790106699818, 12.48796672567331356, 3.096313970500836898 ) ) ;
#4184 = CARTESIAN_POINT ( 'NONE',  ( 24.87211789812376495, 16.77444936677030896, 4.003439269701310366 ) ) ;
#4185 = CARTESIAN_POINT ( 'NONE',  ( -24.06883249999396668, 17.00062924710857359, 2.961874449221812089 ) ) ;
#4186 = CARTESIAN_POINT ( 'NONE',  ( -1.412517510883125160, -29.45725038774933680, 3.742866073656847981 ) ) ;
#4187 = VERTEX_POINT ( 'NONE', #289 ) ;
#4188 = ORIENTED_EDGE ( 'NONE', *, *, #354, .T. ) ;
#4189 = CARTESIAN_POINT ( 'NONE',  ( -26.96315823518080634, 13.15266126231153265, 4.003439269701289049 ) ) ;
#4190 = CARTESIAN_POINT ( 'NONE',  ( -13.43502884254441021, -13.43502884254438179, 3.500000000000000000 ) ) ;
#4191 = AXIS2_PLACEMENT_3D ( 'NONE', #1064, #3116, #2420 ) ;
#4192 = CYLINDRICAL_SURFACE ( 'NONE', #1551, 12.50000000000000000 ) ;
#4193 = AXIS2_PLACEMENT_3D ( 'NONE', #18, #2775, #2471 ) ;
#4194 = FACE_OUTER_BOUND ( 'NONE', #4435, .T. ) ;
#4195 = FACE_OUTER_BOUND ( 'NONE', #135, .T. ) ;
#4196 = AXIS2_PLACEMENT_3D ( 'NONE', #1321, #626, #4440 ) ;
#4197 = DIRECTION ( 'NONE',  ( -1.000000000000000000, 0.000000000000000000, 0.000000000000000000 ) ) ;
#4198 = ORIENTED_EDGE ( 'NONE', *, *, #2324, .T. ) ;
#4199 = ADVANCED_FACE ( 'NONE', ( #2032, #2059 ), #1404, .T. ) ;
#4200 = DIRECTION ( 'NONE',  ( 0.000000000000000000, 0.000000000000000000, -1.000000000000000000 ) ) ;
#4201 = DIRECTION ( 'NONE',  ( 0.6123724356957939152, -0.3535533905932736198, -0.7071067811865481278 ) ) ;
#4202 = CARTESIAN_POINT ( 'NONE',  ( 0.000000000000000000, 0.000000000000000000, 7.500000000000000888 ) ) ;
#4203 = VERTEX_POINT ( 'NONE', #3438 ) ;
#4204 = CARTESIAN_POINT ( 'NONE',  ( -23.48546871718424356, 18.66640547263830996, 1.164819758673758088 ) ) ;
#4205 = EDGE_CURVE ( 'NONE', #1727, #1634, #3142, .T. ) ;
#4206 = DIRECTION ( 'NONE',  ( 1.000000000000000000, 0.000000000000000000, 0.000000000000000000 ) ) ;
#4207 = CARTESIAN_POINT ( 'NONE',  ( 25.77243624591513438, 14.35202893287631198, 3.974345968855667266 ) ) ;
#4208 = CARTESIAN_POINT ( 'NONE',  ( 26.58853182230458501, 13.89442766021774389, 4.326319471649580528 ) ) ;
#4209 = CARTESIAN_POINT ( 'NONE',  ( -24.77244507117359618, 16.00006314082353853, 3.720038667701660806 ) ) ;
#4210 = CARTESIAN_POINT ( 'NONE',  ( 3.585516778096301760, -29.22292764870335802, 1.773458886438664894 ) ) ;
#4211 =( NAMED_UNIT ( * ) PLANE_ANGLE_UNIT ( ) SI_UNIT ( $, .RADIAN. ) );
#4212 = ORIENTED_EDGE ( 'NONE', *, *, #3056, .F. ) ;
#4213 = CARTESIAN_POINT ( 'NONE',  ( -25.90429882289750552, 15.13240353553570650, 4.499888116829393603 ) ) ;
#4214 = LINE ( 'NONE', #1731, #3588 ) ;
#4215 = CARTESIAN_POINT ( 'NONE',  ( -4.576271100763338318, -29.64890795311554328, 0.000000000000000000 ) ) ;
#4216 = CARTESIAN_POINT ( 'NONE',  ( -22.08364779650329268, 12.74999999999978861, 0.000000000000000000 ) ) ;
#4217 = CARTESIAN_POINT ( 'NONE',  ( -3.499999999999943157, -6.062177826491102373, -0.5000000000000000000 ) ) ;
#4218 = CARTESIAN_POINT ( 'NONE',  ( 13.43502884254438889, -13.43502884254439067, 6.500000000000000888 ) ) ;
#4219 = ORIENTED_EDGE ( 'NONE', *, *, #1017, .F. ) ;
#4220 = CARTESIAN_POINT ( 'NONE',  ( 11.25833024919771042, -19.49999999999998934, -2.999999999999999556 ) ) ;
#4221 = DIRECTION ( 'NONE',  ( -1.000000000000000000, 0.000000000000000000, 0.000000000000000000 ) ) ;
#4222 = ORIENTED_EDGE ( 'NONE', *, *, #3476, .T. ) ;
#4223 = FACE_OUTER_BOUND ( 'NONE', #50, .T. ) ;
#4224 = CARTESIAN_POINT ( 'NONE',  ( -27.17340588513761190, 11.31580100041875525, 1.289729826948184055 ) ) ;
#4225 = CARTESIAN_POINT ( 'NONE',  ( 24.52335808322310484, 16.36714343844879238, 3.513102168593780661 ) ) ;
#4226 = CARTESIAN_POINT ( 'NONE',  ( 26.55490539546707396, 13.95859358832940700, 4.346100478203275941 ) ) ;
#4227 = CARTESIAN_POINT ( 'NONE',  ( -24.18684073340382668, 16.84040237936391549, 3.129933211334154475 ) ) ;
#4228 = EDGE_CURVE ( 'NONE', #326, #1357, #1695, .T. ) ;
#4229 = CARTESIAN_POINT ( 'NONE',  ( 0.7161505398483782869, -29.48908479035223706, 3.935913343385391450 ) ) ;
#4230 = EDGE_LOOP ( 'NONE', ( #3199, #3103, #4470, #3168 ) ) ;
#4231 =( LENGTH_UNIT ( ) NAMED_UNIT ( * ) SI_UNIT ( .MILLI., .METRE. ) );
#4232 = VERTEX_POINT ( 'NONE', #4494 ) ;
#4233 = CARTESIAN_POINT ( 'NONE',  ( -27.60518827672152042, 11.74575114839455736, 2.743507066181391174 ) ) ;
#4234 = DIRECTION ( 'NONE',  ( 1.000000000000000000, 2.312964634635742267E-15, 0.000000000000000000 ) ) ;
#4235 = EDGE_CURVE ( 'NONE', #966, #2180, #4148, .T. ) ;
#4236 = CARTESIAN_POINT ( 'NONE',  ( -3.489454586761574273, -29.79640941360702655, 2.912329528940819312 ) ) ;
#4237 = LINE ( 'NONE', #1734, #93 ) ;
#4238 = CARTESIAN_POINT ( 'NONE',  ( 13.85640646055102287, -20.99999999999998934, -3.000000000000000888 ) ) ;
#4239 = FACE_OUTER_BOUND ( 'NONE', #2938, .T. ) ;
#4240 = CARTESIAN_POINT ( 'NONE',  ( 0.000000000000000000, -25.49999999999998934, 4.000000000000000000 ) ) ;
#4241 = AXIS2_PLACEMENT_3D ( 'NONE', #1745, #4181, #4206 ) ;
#4242 = LINE ( 'NONE', #79, #3679 ) ;
#4243 = EDGE_LOOP ( 'NONE', ( #2321, #3457, #2682, #2918 ) ) ;
#4244 = LINE ( 'NONE', #3210, #1681 ) ;
#4245 = CARTESIAN_POINT ( 'NONE',  ( 26.44828749889149222, 13.02846730408065667, 3.497957637151687393 ) ) ;
#4246 = CARTESIAN_POINT ( 'NONE',  ( 26.67696204473618948, 12.52786105189251664, 3.131923029688148397 ) ) ;
#4247 = CARTESIAN_POINT ( 'NONE',  ( -24.75490946108385160, 16.02640466607766001, 3.707401976625197104 ) ) ;
#4248 = AXIS2_PLACEMENT_3D ( 'NONE', #436, #3316, #484 ) ;
#4249 = CARTESIAN_POINT ( 'NONE',  ( 4.000000000000001776, -29.15475493863545609, -0.7762142244325654916 ) ) ;
#4250 = EDGE_LOOP ( 'NONE', ( #1361, #3923, #875, #2020 ) ) ;
#4251 = CONICAL_SURFACE ( 'NONE', #383, 3.499999999999999556, 0.7853981633974473908 ) ;
#4252 = ORIENTED_EDGE ( 'NONE', *, *, #2398, .T. ) ;
#4253 = CARTESIAN_POINT ( 'NONE',  ( -27.90767292415172562, 11.00743939664204341, 1.171043916650465810 ) ) ;
#4254 = CARTESIAN_POINT ( 'NONE',  ( -11.25833024919770331, 19.50000000000000000, -2.999999999999999556 ) ) ;
#4255 = EDGE_CURVE ( 'NONE', #4296, #2912, #3803, .T. ) ;
#4256 = AXIS2_PLACEMENT_3D ( 'NONE', #275, #4384, #2298 ) ;
#4257 = CARTESIAN_POINT ( 'NONE',  ( -3.288535167974842466, -29.81926131063235275, 3.130236311295587548 ) ) ;
#4258 = CARTESIAN_POINT ( 'NONE',  ( -14.28941916244323806, -21.24999999999998934, -3.500000000000000000 ) ) ;
#4259 = DIRECTION ( 'NONE',  ( 1.000000000000000000, 0.000000000000000000, 0.000000000000000000 ) ) ;
#4260 = CIRCLE ( 'NONE', #1187, 12.99999999999996980 ) ;
#4261 = EDGE_CURVE ( 'NONE', #989, #3912, #179, .T. ) ;
#4262 = EDGE_CURVE ( 'NONE', #3632, #1207, #3027, .T. ) ;
#4263 = CARTESIAN_POINT ( 'NONE',  ( -27.14223174056651189, 11.39791392785757651, 1.519383315189016814 ) ) ;
#4264 = VECTOR ( 'NONE', #1273, 1000.000000000000000 ) ;
#4265 = CARTESIAN_POINT ( 'NONE',  ( -5.026751327930500501, -28.28569933636476819, -2.771772778021027062 ) ) ;
#4266 = FACE_OUTER_BOUND ( 'NONE', #1405, .T. ) ;
#4267 = CARTESIAN_POINT ( 'NONE',  ( 20.08364779650310439, 16.21410161513784587, 2.449293598294706414E-16 ) ) ;
#4268 = ORIENTED_EDGE ( 'NONE', *, *, #3366, .T. ) ;
#4269 = CARTESIAN_POINT ( 'NONE',  ( -11.25833024919769620, 22.50000000000000000, 3.500000000000000000 ) ) ;
#4270 = CARTESIAN_POINT ( 'NONE',  ( 27.07381819044438842, 11.57501534635714968, 1.913509573392754959 ) ) ;
#4271 = CARTESIAN_POINT ( 'NONE',  ( 26.44966826298531970, 13.02555404035949493, 3.496238721703777141 ) ) ;
#4272 = CARTESIAN_POINT ( 'NONE',  ( 3.008410711370722801, -29.30523329161188784, 2.636385785165431983 ) ) ;
#4273 = CARTESIAN_POINT ( 'NONE',  ( 4.038378128890464325, -29.14987280951295290, -1.051066853473418883 ) ) ;
#4274 = EDGE_LOOP ( 'NONE', ( #3750, #4275, #3405, #2276, #3389 ) ) ;
#4275 = ORIENTED_EDGE ( 'NONE', *, *, #2879, .T. ) ;
#4276 = CARTESIAN_POINT ( 'NONE',  ( -23.41434904096457714, 17.84086732144592702, 1.410952553774956320 ) ) ;
#4277 = CARTESIAN_POINT ( 'NONE',  ( -13.43502884254441021, -13.43502884254438179, 3.500000000000000000 ) ) ;
#4278 = CARTESIAN_POINT ( 'NONE',  ( -0.9687521871545340391, -29.98444585044453703, 4.398640594074453070 ) ) ;
#4279 = LINE ( 'NONE', #853, #2581 ) ;
#4280 = DIRECTION ( 'NONE',  ( -0.000000000000000000, -0.000000000000000000, -1.000000000000000000 ) ) ;
#4281 = DIRECTION ( 'NONE',  ( 0.000000000000000000, 0.000000000000000000, 1.000000000000000000 ) ) ;
#4282 = CARTESIAN_POINT ( 'NONE',  ( -26.95601061733130166, 11.87045855411563444, 2.403035489443010153 ) ) ;
#4283 = EDGE_CURVE ( 'NONE', #1431, #2002, #3097, .T. ) ;
#4284 = CARTESIAN_POINT ( 'NONE',  ( -1.278448071699592292, -29.46524223453532088, 3.792460258828741271 ) ) ;
#4285 = CARTESIAN_POINT ( 'NONE',  ( 27.96484305153149919, 10.86128689903780931, -0.5000000000000000000 ) ) ;
#4286 = DIRECTION ( 'NONE',  ( 0.5000000000000038858, -0.8660254037844364872, 0.000000000000000000 ) ) ;
#4287 = EDGE_CURVE ( 'NONE', #1152, #2007, #1504, .T. ) ;
#4288 = CARTESIAN_POINT ( 'NONE',  ( -23.46263127356992584, 18.69507435347527391, 1.022449987006565975 ) ) ;
#4289 = ORIENTED_EDGE ( 'NONE', *, *, #2151, .T. ) ;
#4290 = DIRECTION ( 'NONE',  ( 0.3319494838684025617, -0.9432971642910314980, 0.000000000000000000 ) ) ;
#4291 = CARTESIAN_POINT ( 'NONE',  ( 26.83757584905909255, 12.15645940543885395, 2.765871185658994591 ) ) ;
#4292 = CARTESIAN_POINT ( 'NONE',  ( 27.14929778279516626, 11.37941292460074472, 1.472232523106038471 ) ) ;
#4293 = CARTESIAN_POINT ( 'NONE',  ( 3.915493128995596983, -29.16927585592287642, 0.8185530376889117443 ) ) ;
#4294 = DIRECTION ( 'NONE',  ( 1.000000000000000000, 0.000000000000000000, 0.000000000000000000 ) ) ;
#4295 = ORIENTED_EDGE ( 'NONE', *, *, #1343, .T. ) ;
#4296 = VERTEX_POINT ( 'NONE', #1940 ) ;
#4297 = CARTESIAN_POINT ( 'NONE',  ( -23.87562250791475549, 17.25702720767961296, 2.638360111498005978 ) ) ;
#4298 = CYLINDRICAL_SURFACE ( 'NONE', #2642, 3.000000000000000888 ) ;
#4299 = CARTESIAN_POINT ( 'NONE',  ( 3.339082783857314052, -29.81363931294641745, 3.078067112225870261 ) ) ;
#4300 = CARTESIAN_POINT ( 'NONE',  ( -23.35922179797632126, 18.82410510745765464, -0.9785678902566626869 ) ) ;
#4301 = VERTEX_POINT ( 'NONE', #4028 ) ;
#4302 = FACE_OUTER_BOUND ( 'NONE', #738, .T. ) ;
#4303 = CARTESIAN_POINT ( 'NONE',  ( 11.25833024919769088, 19.50000000000000000, 3.500000000000000000 ) ) ;
#4304 = CARTESIAN_POINT ( 'NONE',  ( -1.090159711036741585, -29.47456555015105906, 3.849135990860706791 ) ) ;
#4305 = CARTESIAN_POINT ( 'NONE',  ( 0.000000000000000000, 0.000000000000000000, 3.500000000000000000 ) ) ;
#4306 = CARTESIAN_POINT ( 'NONE',  ( 4.384180733842232058, -29.48419181013360912, -0.5000000000000008882 ) ) ;
#4307 = ADVANCED_FACE ( 'NONE', ( #1526 ), #1213, .T. ) ;
#4308 = CARTESIAN_POINT ( 'NONE',  ( 6.699019827272483241, -27.18859616988604344, -3.499999999999999556 ) ) ;
#4309 = VERTEX_POINT ( 'NONE', #898 ) ;
#4310 = LINE ( 'NONE', #776, #3368 ) ;
#4311 = CARTESIAN_POINT ( 'NONE',  ( 27.12442495136658493, 11.44444020801858031, 1.634538409079494770 ) ) ;
#4312 = CARTESIAN_POINT ( 'NONE',  ( 27.20155863429283372, 11.24087511704584408, 1.035395348018571804 ) ) ;
#4313 = EDGE_CURVE ( 'NONE', #854, #3610, #2501, .T. ) ;
#4314 = EDGE_CURVE ( 'NONE', #409, #2224, #874, .T. ) ;
#4315 = CARTESIAN_POINT ( 'NONE',  ( 3.179326725896049144, -29.28240183875881186, 2.428189872052515685 ) ) ;
#4316 = VECTOR ( 'NONE', #2450, 1000.000000000000000 ) ;
#4317 = DIRECTION ( 'NONE',  ( -0.000000000000000000, -0.000000000000000000, 1.000000000000000000 ) ) ;
#4318 = ORIENTED_EDGE ( 'NONE', *, *, #3560, .F. ) ;
#4319 = ORIENTED_EDGE ( 'NONE', *, *, #2691, .F. ) ;
#4320 = CARTESIAN_POINT ( 'NONE',  ( -23.51397103848312042, 17.71795914443106668, 1.770911546708626272 ) ) ;
#4321 = CIRCLE ( 'NONE', #1899, 4.000000000000000000 ) ;
#4322 = CARTESIAN_POINT ( 'NONE',  ( 12.50000000000000000, 1.530808498934191521E-15, 3.999999999999998224 ) ) ;
#4323 = AXIS2_PLACEMENT_3D ( 'NONE', #3852, #3417, #997 ) ;
#4324 = CARTESIAN_POINT ( 'NONE',  ( -0.7471132935435145228, -29.99078710987369689, 4.440235887951494931 ) ) ;
#4325 = CARTESIAN_POINT ( 'NONE',  ( -23.12514834827069521, 19.11092655708961274, -1.863931144679093821 ) ) ;
#4326 = EDGE_LOOP ( 'NONE', ( #2798, #1716, #2646, #3820 ) ) ;
#4327 = DIRECTION ( 'NONE',  ( -1.000000000000000000, 0.000000000000000000, 0.000000000000000000 ) ) ;
#4328 = CARTESIAN_POINT ( 'NONE',  ( 27.99152544660301700, 10.79326716489290661, -1.184556775473813106 ) ) ;
#4329 = CIRCLE ( 'NONE', #683, 4.000000000000000000 ) ;
#4330 = CARTESIAN_POINT ( 'NONE',  ( -26.57677485039491216, 12.75089699367328144, 3.310059930907903514 ) ) ;
#4331 = B_SPLINE_CURVE_WITH_KNOTS ( 'NONE', 3,
 ( #2222, #3553, #3536, #104 ),
 .UNSPECIFIED., .F., .F.,
 ( 4, 4 ),
 ( 0.000000000000000000, 1.000000000000000000 ),
 .UNSPECIFIED. ) ;
#4332 = CARTESIAN_POINT ( 'NONE',  ( -2.427664553684375282, -29.37335992528685580, 3.179734705878094925 ) ) ;
#4333 = CARTESIAN_POINT ( 'NONE',  ( 27.43505413892417977, 10.65986980644796311, -2.136717353788444296 ) ) ;
#4334 = CARTESIAN_POINT ( 'NONE',  ( 27.29393985729799255, 10.49360555747390222, -2.258709684229311065 ) ) ;
#4335 = CIRCLE ( 'NONE', #2654, 2.149999999999999911 ) ;
#4336 = PRODUCT_DEFINITION ( 'Î´Öª', '', #3535, #2286 ) ;
#4337 = DIRECTION ( 'NONE',  ( -0.4999999999999919509, -0.8660254037844432595, 0.000000000000000000 ) ) ;
#4338 = VERTEX_POINT ( 'NONE', #4006 ) ;
#4339 = VECTOR ( 'NONE', #1124, 1000.000000000000000 ) ;
#4340 = DIRECTION ( 'NONE',  ( 0.8660254037844363761, 0.5000000000000039968, -0.000000000000000000 ) ) ;
#4341 = CARTESIAN_POINT ( 'NONE',  ( 27.10187355312668345, 11.50295064833902359, 1.767115287260207390 ) ) ;
#4342 = CARTESIAN_POINT ( 'NONE',  ( 26.13368677356669068, 13.67058832305288441, 3.807476277314390867 ) ) ;
#4343 = CARTESIAN_POINT ( 'NONE',  ( -23.24876236258110751, 18.04148136187853169, 0.000000000000000000 ) ) ;
#4344 = EDGE_CURVE ( 'NONE', #2968, #3796, #4279, .T. ) ;
#4345 = CARTESIAN_POINT ( 'NONE',  ( 4.000000000000000000, -29.15475952416974437, -0.5000000000000000000 ) ) ;
#4346 = EDGE_LOOP ( 'NONE', ( #235, #2, #67, #2763 ) ) ;
#4347 = ORIENTED_EDGE ( 'NONE', *, *, #2239, .T. ) ;
#4348 = CARTESIAN_POINT ( 'NONE',  ( -23.31514862947358324, 17.96160969528500928, 0.9085397457680209898 ) ) ;
#4349 = FACE_OUTER_BOUND ( 'NONE', #2719, .T. ) ;
#4350 = ADVANCED_FACE ( 'NONE', ( #2258 ), #559, .F. ) ;
#4351 = CARTESIAN_POINT ( 'NONE',  ( 0.3710181565999757791, -29.99779973972956171, 4.485800186585742644 ) ) ;
#4352 = CARTESIAN_POINT ( 'NONE',  ( -23.33285005904095044, 18.85678708840934448, -1.153961886646564627 ) ) ;
#4353 = ORIENTED_EDGE ( 'NONE', *, *, #4490, .F. ) ;
#4354 = LINE ( 'NONE', #1234, #3738 ) ;
#4355 = CARTESIAN_POINT ( 'NONE',  ( -26.31405690903861228, 13.30846295361435416, 3.652372141907676006 ) ) ;
#4356 = CARTESIAN_POINT ( 'NONE',  ( -27.00920245220367022, 9.789032948212975427, -2.772251257468023589 ) ) ;
#4357 = CARTESIAN_POINT ( 'NONE',  ( 27.25288061413877827, 11.10342904768980077, -0.7900249464014192924 ) ) ;
#4358 = CARTESIAN_POINT ( 'NONE',  ( 4.576271100763349864, -29.64890795311553973, -0.5000000000000000000 ) ) ;
#4359 = CARTESIAN_POINT ( 'NONE',  ( -27.48942010394105040, 12.01429011653453394, 3.079724934774293654 ) ) ;
#4360 = EDGE_LOOP ( 'NONE', ( #3425, #3234, #3742, #4188 ) ) ;
#4361 = CARTESIAN_POINT ( 'NONE',  ( -22.51666049839540662, 6.938893903907228378E-15, -3.500000000000000000 ) ) ;
#4362 = CARTESIAN_POINT ( 'NONE',  ( 24.40868766641302656, 16.53133057115249116, 3.397474508887337041 ) ) ;
#4363 = CARTESIAN_POINT ( 'NONE',  ( 3.264908863187612198, -29.27045855187962076, 2.311277583587006745 ) ) ;
#4364 = CARTESIAN_POINT ( 'NONE',  ( -3.638579843200393071, -29.77900368726732694, 2.745132371073387034 ) ) ;
#4365 = VERTEX_POINT ( 'NONE', #191 ) ;
#4366 = VERTEX_POINT ( 'NONE', #2925 ) ;
#4367 = CARTESIAN_POINT ( 'NONE',  ( -25.75587909845276258, 14.38188326939299344, 3.977722970770164235 ) ) ;
#4368 = CARTESIAN_POINT ( 'NONE',  ( 25.90741066314253871, 15.12708259565314961, 4.500111396151389442 ) ) ;
#4369 = ADVANCED_FACE ( 'NONE', ( #508 ), #3340, .F. ) ;
#4370 = CARTESIAN_POINT ( 'NONE',  ( -2.092603171567247067, -29.92700090860036610, 4.002645323800793520 ) ) ;
#4371 = DIRECTION ( 'NONE',  ( -0.000000000000000000, -0.000000000000000000, -1.000000000000000000 ) ) ;
#4372 = ORIENTED_EDGE ( 'NONE', *, *, #462, .F. ) ;
#4373 = CARTESIAN_POINT ( 'NONE',  ( 11.25833024919771042, -19.49999999999998934, -3.500000000000000000 ) ) ;
#4374 = CARTESIAN_POINT ( 'NONE',  ( 11.25833024919771042, -19.49999999999998934, -3.500000000000000000 ) ) ;
#4375 = CARTESIAN_POINT ( 'NONE',  ( -26.85667310133742802, 12.11093461056611176, 2.712587051988093023 ) ) ;
#4376 = ADVANCED_FACE ( 'NONE', ( #464 ), #1231, .F. ) ;
#4377 = CARTESIAN_POINT ( 'NONE',  ( -3.064320420656109434, -29.29789499375257122, 2.571330290166732535 ) ) ;
#4378 = CARTESIAN_POINT ( 'NONE',  ( 27.30082397559843699, 10.98807720180199610, -1.388812133156166695 ) ) ;
#4379 = CARTESIAN_POINT ( 'NONE',  ( 4.864613396953685331, -29.60298001304214210, -1.657955219946332326 ) ) ;
#4380 = CARTESIAN_POINT ( 'NONE',  ( -27.06131354636654152, 12.96133976763993623, 3.931926075432763845 ) ) ;
#4381 = ORIENTED_EDGE ( 'NONE', *, *, #940, .F. ) ;
#4382 = CARTESIAN_POINT ( 'NONE',  ( -4.576301260528939707, -29.64890329799422020, -0.8448164767270792685 ) ) ;
#4383 = CARTESIAN_POINT ( 'NONE',  ( 23.72531861701841649, 17.45161365270366005, 2.334248264991151345 ) ) ;
#4384 = DIRECTION ( 'NONE',  ( 0.8660254037844362651, 0.5000000000000039968, -0.000000000000000000 ) ) ;
#4385 = CARTESIAN_POINT ( 'NONE',  ( -1.042012050482824748, -29.98225912843845009, 4.384275944014197179 ) ) ;
#4386 = EDGE_LOOP ( 'NONE', ( #2962, #3867, #3209, #534 ) ) ;
#4387 = ORIENTED_EDGE ( 'NONE', *, *, #1211, .T. ) ;
#4388 = CARTESIAN_POINT ( 'NONE',  ( -25.07667550371868614, 15.53045023412037651, 3.895337839271860059 ) ) ;
#4389 = CARTESIAN_POINT ( 'NONE',  ( 27.48927843277807170, 12.01424682583328618, 3.077106713444741626 ) ) ;
#4390 = AXIS2_PLACEMENT_3D ( 'NONE', #1340, #3427, #2807 ) ;
#4391 = CARTESIAN_POINT ( 'NONE',  ( -3.776858909402116993, -29.19240395305357794, 1.317736006997923814 ) ) ;
#4392 = AXIS2_PLACEMENT_3D ( 'NONE', #2799, #4200, #2705 ) ;
#4393 = CARTESIAN_POINT ( 'NONE',  ( -23.09690526474410532, 18.23940735213465913, -1.694998943486597076 ) ) ;
#4394 = ORIENTED_EDGE ( 'NONE', *, *, #1265, .F. ) ;
#4395 = EDGE_CURVE ( 'NONE', #1500, #49, #4418, .T. ) ;
#4396 = CARTESIAN_POINT ( 'NONE',  ( 23.65932258410703426, 17.53550884793180487, 2.175818475067596847 ) ) ;
#4397 = CARTESIAN_POINT ( 'NONE',  ( 0.000000000000000000, -25.49999999999998934, -2.149999999999999911 ) ) ;
#4398 = CARTESIAN_POINT ( 'NONE',  ( -25.17957341118777492, 15.36566591938939297, 3.935303340465216237 ) ) ;
#4399 = CARTESIAN_POINT ( 'NONE',  ( -3.558131896569700636, -29.22716045354281533, 1.827561284547535303 ) ) ;
#4400 = ADVANCED_FACE ( 'NONE', ( #804 ), #2612, .T. ) ;
#4401 = LINE ( 'NONE', #4425, #537 ) ;
#4402 = EDGE_CURVE ( 'NONE', #2619, #1456, #1254, .T. ) ;
#4403 = AXIS2_PLACEMENT_3D ( 'NONE', #3512, #1698, #2753 ) ;
#4404 = CARTESIAN_POINT ( 'NONE',  ( 4.054599982591140517, -29.14770322119150237, -1.074281449384129505 ) ) ;
#4405 = AXIS2_PLACEMENT_3D ( 'NONE', #4166, #1038, #3508 ) ;
#4406 = CARTESIAN_POINT ( 'NONE',  ( -27.24876236258103646, 11.11327813160298916, -0.5000000000000000000 ) ) ;
#4407 = VERTEX_POINT ( 'NONE', #282 ) ;
#4408 = DIRECTION ( 'NONE',  ( 0.000000000000000000, 0.000000000000000000, 1.000000000000000000 ) ) ;
#4409 = AXIS2_PLACEMENT_3D ( 'NONE', #1168, #2558, #493 ) ;
#4410 = CARTESIAN_POINT ( 'NONE',  ( 24.47323258643109511, 16.43934562485995698, 3.464557497134841846 ) ) ;
#4411 = CARTESIAN_POINT ( 'NONE',  ( 1.029458285994366618, -29.47757832268899492, 3.867460733367393821 ) ) ;
#4412 = AXIS2_PLACEMENT_3D ( 'NONE', #4063, #930, #1652 ) ;
#4413 = CARTESIAN_POINT ( 'NONE',  ( 4.104142082621637044, -29.71802776836542392, 1.996199049541426573 ) ) ;
#4414 = ORIENTED_EDGE ( 'NONE', *, *, #3729, .T. ) ;
#4415 = ORIENTED_EDGE ( 'NONE', *, *, #1594, .F. ) ;
#4416 = CARTESIAN_POINT ( 'NONE',  ( -25.80336324693529448, 14.29565044309828714, 3.966024341733806580 ) ) ;
#4417 = CARTESIAN_POINT ( 'NONE',  ( 27.78853148114924565, 11.30480242953591308, 1.992275476639687737 ) ) ;
#4418 = CIRCLE ( 'NONE', #328, 1.650000000000000355 ) ;
#4419 = CARTESIAN_POINT ( 'NONE',  ( -3.719788218552992909, -29.20168806674009687, 1.472232523074474164 ) ) ;
#4420 = CARTESIAN_POINT ( 'NONE',  ( -22.94924512288084273, 18.42951893528566032, -2.136717353788439411 ) ) ;
#4421 = ORIENTED_EDGE ( 'NONE', *, *, #4283, .F. ) ;
#4422 = CARTESIAN_POINT ( 'NONE',  ( 23.50476558830040474, 17.72937007994364222, 1.740351565183277716 ) ) ;
#4423 = CARTESIAN_POINT ( 'NONE',  ( -4.085528746085762108, -29.14367216603974597, -1.214868923350667096 ) ) ;
#4424 = CARTESIAN_POINT ( 'NONE',  ( -3.344681986216781588, -29.25904345518256378, 2.193895217772126927 ) ) ;
#4425 = CARTESIAN_POINT ( 'NONE',  ( 4.000000000000000000, -29.15475952416974437, 0.000000000000000000 ) ) ;
#4426 = CARTESIAN_POINT ( 'NONE',  ( 4.648753091157161954, -29.63763267367558285, -1.095724121509562998 ) ) ;
#4427 = EDGE_CURVE ( 'NONE', #3854, #1676, #1123, .T. ) ;
#4428 = CARTESIAN_POINT ( 'NONE',  ( -24.76012836491934266, 16.93970045227667143, 3.898733074821472133 ) ) ;
#4429 = ORIENTED_EDGE ( 'NONE', *, *, #2296, .F. ) ;
#4430 = FACE_OUTER_BOUND ( 'NONE', #2453, .T. ) ;
#4431 = CARTESIAN_POINT ( 'NONE',  ( 25.51660828496766698, 14.80395455146650008, 4.000048006208671403 ) ) ;
#4432 = CYLINDRICAL_SURFACE ( 'NONE', #4256, 2.150000000000000799 ) ;
#4433 = ADVANCED_FACE ( 'NONE', ( #4117 ), #3795, .F. ) ;
#4434 = CARTESIAN_POINT ( 'NONE',  ( -2.290146715301309754, -29.91275039313719475, 3.898733033041670293 ) ) ;
#4435 = EDGE_LOOP ( 'NONE', ( #923, #2433, #317, #1977 ) ) ;
#4436 = ORIENTED_EDGE ( 'NONE', *, *, #2512, .F. ) ;
#4437 = CARTESIAN_POINT ( 'NONE',  ( -26.94677031059692141, 11.89350888367834180, 2.438672964128642651 ) ) ;
#4438 = CARTESIAN_POINT ( 'NONE',  ( 27.28731530413040929, 12.46618485679375432, 3.523413384687413608 ) ) ;
#4439 = CARTESIAN_POINT ( 'NONE',  ( -3.967723579170358672, -29.16034461223159013, 0.5236994333983266969 ) ) ;
#4440 = DIRECTION ( 'NONE',  ( 0.000000000000000000, 0.000000000000000000, 1.000000000000000000 ) ) ;
#4441 = ORIENTED_EDGE ( 'NONE', *, *, #1706, .T. ) ;
#4442 = CARTESIAN_POINT ( 'NONE',  ( 24.29458652807051777, 16.69159452361522611, 3.267192940853508976 ) ) ;
#4443 = DIRECTION ( 'NONE',  ( -0.000000000000000000, -0.000000000000000000, -1.000000000000000000 ) ) ;
#4444 = CARTESIAN_POINT ( 'NONE',  ( -3.168605090625247200, -29.28385636434708417, 2.441733172563749665 ) ) ;
#4445 = CARTESIAN_POINT ( 'NONE',  ( -25.98076211353316012, 3.432969181100342633E-15, 3.500000000000000000 ) ) ;
#4446 = CARTESIAN_POINT ( 'NONE',  ( -27.96484305153164485, 10.86128689903743982, 4.336808689942017736E-16 ) ) ;
#4447 = LINE ( 'NONE', #2246, #1192 ) ;
#4448 = ORIENTED_EDGE ( 'NONE', *, *, #1988, .T. ) ;
#4449 = DIRECTION ( 'NONE',  ( -0.000000000000000000, 1.000000000000000000, -0.000000000000000000 ) ) ;
#4450 = CARTESIAN_POINT ( 'NONE',  ( 23.28372678523477646, 17.99949547525141114, 0.6573916718078877119 ) ) ;
#4451 = FACE_OUTER_BOUND ( 'NONE', #685, .T. ) ;
#4452 = CARTESIAN_POINT ( 'NONE',  ( -4.788520881609825253, -29.61536877647122523, -1.500000000000001776 ) ) ;
#4453 = VERTEX_POINT ( 'NONE', #4053 ) ;
#4454 = EDGE_LOOP ( 'NONE', ( #129, #2495 ) ) ;
#4455 = EDGE_CURVE ( 'NONE', #2001, #3487, #3902, .T. ) ;
#4456 = CARTESIAN_POINT ( 'NONE',  ( -26.29554659606408507, 13.34645531239722693, 3.671252436493191329 ) ) ;
#4457 = EDGE_CURVE ( 'NONE', #1140, #679, #580, .T. ) ;
#4458 = CARTESIAN_POINT ( 'NONE',  ( 23.97474248000368391, 18.03387920896533103, 2.743568130641022229 ) ) ;
#4459 = CARTESIAN_POINT ( 'NONE',  ( 4.457590618926234427, -29.66699802861223745, 1.028757173013115978 ) ) ;
#4460 = CARTESIAN_POINT ( 'NONE',  ( -23.16636598330448393, 18.14916850621442634, -1.388812133156162698 ) ) ;
#4461 = ORIENTED_EDGE ( 'NONE', *, *, #3613, .F. ) ;
#4462 = CARTESIAN_POINT ( 'NONE',  ( 23.33516608721452457, 17.93742882058804966, 1.032360224976611063 ) ) ;
#4463 = CARTESIAN_POINT ( 'NONE',  ( -4.340243899245512793, -29.10959704970701267, -1.889546220277241062 ) ) ;
#4464 = VECTOR ( 'NONE', #1243, 1000.000000000000000 ) ;
#4465 = CARTESIAN_POINT ( 'NONE',  ( -28.09023083939966625, 10.53279735612129819, -1.762523004445024633 ) ) ;
#4466 = CYLINDRICAL_SURFACE ( 'NONE', #2790, 2.999999999999999112 ) ;
#4467 = CIRCLE ( 'NONE', #14, 1.650000000000000355 ) ;
#4468 = CARTESIAN_POINT ( 'NONE',  ( -22.97646507455837650, 18.39463910266716340, -2.067353244402692081 ) ) ;
#4469 = CARTESIAN_POINT ( 'NONE',  ( -27.96484305153164840, 10.86128689903744515, 3.500000000000000000 ) ) ;
#4470 = ORIENTED_EDGE ( 'NONE', *, *, #551, .F. ) ;
#4471 = CARTESIAN_POINT ( 'NONE',  ( -22.48801479620473032, 18.40896234194102732, -2.438638582490238793 ) ) ;
#4472 = CARTESIAN_POINT ( 'NONE',  ( 0.000000000000000000, 0.000000000000000000, -1.499999999999988676 ) ) ;
#4473 = CIRCLE ( 'NONE', #2793, 12.99999999999999822 ) ;
#4474 = CARTESIAN_POINT ( 'NONE',  ( -27.24876236258103646, 11.11327813160298916, 2.449293598294706414E-16 ) ) ;
#4475 = ORIENTED_EDGE ( 'NONE', *, *, #2073, .T. ) ;
#4476 = AXIS2_PLACEMENT_3D ( 'NONE', #489, #120, #1191 ) ;
#4477 = CARTESIAN_POINT ( 'NONE',  ( -23.77127927394105100, 18.30103206205514610, 2.250593263816738521 ) ) ;
#4478 = FACE_OUTER_BOUND ( 'NONE', #2098, .T. ) ;
#4479 = CARTESIAN_POINT ( 'NONE',  ( 24.08879652588107945, 17.88124599240065749, 2.970006411298545590 ) ) ;
#4480 = CARTESIAN_POINT ( 'NONE',  ( -26.51867830718830632, 12.87767080533410535, 3.400739088260642973 ) ) ;
#4481 = CIRCLE ( 'NONE', #3602, 1.650000000000000355 ) ;
#4482 = EDGE_CURVE ( 'NONE', #1615, #475, #2673, .T. ) ;
#4483 = CARTESIAN_POINT ( 'NONE',  ( 4.050730517113382945, -29.72527385464638527, 2.094123455780057430 ) ) ;
#4484 = ORIENTED_EDGE ( 'NONE', *, *, #1629, .T. ) ;
#4485 = CARTESIAN_POINT ( 'NONE',  ( -12.99038105676657651, 22.50000000000000000, 3.500000000000000000 ) ) ;
#4486 = ORIENTED_EDGE ( 'NONE', *, *, #745, .T. ) ;
#4487 = CARTESIAN_POINT ( 'NONE',  ( -25.32719323594611538, 16.07913017733773131, 4.326319471649564541 ) ) ;
#4488 = VECTOR ( 'NONE', #356, 1000.000000000000000 ) ;
#4489 = DIRECTION ( 'NONE',  ( 1.000000000000000000, 0.000000000000000000, 0.000000000000000000 ) ) ;
#4490 = EDGE_CURVE ( 'NONE', #4090, #3053, #981, .T. ) ;
#4491 = CARTESIAN_POINT ( 'NONE',  ( -4.000000000000000000, -29.15475952416974437, 0.000000000000000000 ) ) ;
#4492 = CARTESIAN_POINT ( 'NONE',  ( 0.000000000000000000, 0.000000000000000000, 3.500000000000000000 ) ) ;
#4493 = LINE ( 'NONE', #2794, #751 ) ;
#4494 = CARTESIAN_POINT ( 'NONE',  ( -11.25833024919769976, -22.99999999999998934, -3.500000000000000000 ) ) ;
#4495 = EDGE_LOOP ( 'NONE', ( #3257, #1384, #3877, #823, #1607 ) ) ;
#4496 = CARTESIAN_POINT ( 'NONE',  ( -20.43549593802107367, 19.20815039233833232, -3.455770537496453354 ) ) ;
#4497 = CARTESIAN_POINT ( 'NONE',  ( 0.000000000000000000, 0.000000000000000000, -1.499999999999988676 ) ) ;
#4498 = CARTESIAN_POINT ( 'NONE',  ( 25.11473670974871908, -1.500000000000004441, -3.000000000000000888 ) ) ;
#4499 = ORIENTED_EDGE ( 'NONE', *, *, #572, .T. ) ;
#4500 = CARTESIAN_POINT ( 'NONE',  ( -23.38857403591024209, 18.78761745037720488, 0.1488603169666850301 ) ) ;
#4501 = DIRECTION ( 'NONE',  ( 1.000000000000000000, 0.000000000000000000, 0.000000000000000000 ) ) ;
#4502 = CARTESIAN_POINT ( 'NONE',  ( 25.86598209811614169, 14.18058808115643288, 3.946602347501168229 ) ) ;
#4503 = CARTESIAN_POINT ( 'NONE',  ( 25.13844397090278804, 16.37264781423296611, 4.212988061983748977 ) ) ;
#4504 = CARTESIAN_POINT ( 'NONE',  ( -24.37274770495101706, 16.58204088709457480, 3.357652280511614684 ) ) ;
#4505 = CARTESIAN_POINT ( 'NONE',  ( 2.635140097577950868, -29.35071665894048110, 3.010038236058157679 ) ) ;
#4506 = EDGE_LOOP ( 'NONE', ( #2480, #4047 ) ) ;
#4507 = ORIENTED_EDGE ( 'NONE', *, *, #1401, .F. ) ;
#4508 = CARTESIAN_POINT ( 'NONE',  ( -26.65177586611122962, 13.77272472982627782, 4.285394508942261815 ) ) ;
#4509 = DIRECTION ( 'NONE',  ( 0.000000000000000000, -0.000000000000000000, -1.000000000000000000 ) ) ;
#4510 = EDGE_CURVE ( 'NONE', #3960, #2565, #911, .T. ) ;
#4511 = CARTESIAN_POINT ( 'NONE',  ( -4.356951758730976287, -29.68193245106430922, 1.376893953897081690 ) ) ;
#4512 = CARTESIAN_POINT ( 'NONE',  ( 27.96484305153149919, 10.86128689903780931, 0.000000000000000000 ) ) ;
#4513 = ADVANCED_FACE ( 'NONE', ( #2305, #602 ), #3064, .T. ) ;
#4514 = ADVANCED_FACE ( 'NONE', ( #4139 ), #1195, .F. ) ;
#4515 = DIRECTION ( 'NONE',  ( -0.000000000000000000, -0.000000000000000000, -1.000000000000000000 ) ) ;
#4516 = DIRECTION ( 'NONE',  ( 0.000000000000000000, 0.000000000000000000, 1.000000000000000000 ) ) ;
#4517 = ORIENTED_EDGE ( 'NONE', *, *, #1184, .T. ) ;
#4518 = CARTESIAN_POINT ( 'NONE',  ( 22.97361241377740626, 18.39832824967413671, -2.076507038849286335 ) ) ;
#4519 = CARTESIAN_POINT ( 'NONE',  ( 22.97646498088936795, 18.39463910104158018, -2.067353318540936957 ) ) ;
#4520 = CARTESIAN_POINT ( 'NONE',  ( 28.70000000000001705, 0.000000000000000000, 7.500000000000000888 ) ) ;
#4521 = ORIENTED_EDGE ( 'NONE', *, *, #4427, .T. ) ;
#4522 = LINE ( 'NONE', #2454, #2037 ) ;
#4523 = CARTESIAN_POINT ( 'NONE',  ( -27.20102123085093027, 11.24231361416203434, 1.040927932917497412 ) ) ;
#4524 = CARTESIAN_POINT ( 'NONE',  ( 26.68746767055755598, 12.50396108488192048, 3.110463895594406836 ) ) ;
#4525 = CARTESIAN_POINT ( 'NONE',  ( 24.79769601063851781, 16.88427292432274029, 3.933892510380208041 ) ) ;
#4526 = CARTESIAN_POINT ( 'NONE',  ( -23.68121843623789502, 17.50769691774512893, 2.228834986036726473 ) ) ;
ENDSEC;
END-ISO-10303-21;
