ISO-10303-21;
HEADER;
FILE_DESCRIPTION(('CATIA V5 STEP Exchange','CAx-IF Rec.Pracs.--- Model Styling and Organization---1.4--- 2014-01-23'),'2;1');

FILE_NAME('D:\\daily work\\A1_Youth_EVT2_Design_20250112\\output\\\X2\76F8673A652F67B6\X0\D435i\\40140.stp','2025-06-11T04:52:36+00:00',('none'),('none'),'CATIA Version 5-6 Release 2017','CATIA V5 STEP AP214','none');

FILE_SCHEMA(('AUTOMOTIVE_DESIGN { 1 0 10303 214 1 1 1 1 }'));

ENDSEC;
DATA;
#5=PRODUCT('\X2\629889D2\X0\ 40  \X2\4EF089D2\X0\140','\X2\629889D2\X0\ 40  \X2\4EF089D2\X0\140','',(#2)) ;
#2=PRODUCT_CONTEXT(' ',#1,'mechanical') ;
#1=APPLICATION_CONTEXT('automotive design') ;
#10=PRODUCT_DEFINITION('\X2\93C8\X0\',' ',#6,#3) ;
#3=PRODUCT_DEFINITION_CONTEXT('part definition',#1,' ') ;
#11=PRODUCT_DEFINITION_SHAPE(' ',' ',#10) ;
#4999=MECHANICAL_DESIGN_GEOMETRIC_PRESENTATION_REPRESENTATION(' ',(#116,#148,#161,#304,#1053,#1214,#1688,#2170,#2202,#2267,#2299,#2312,#2445,#2538,#2579,#2816,#2962,#3116,#3153,#3182,#3207,#3283,#3560,#3589,#3645,#4168,#4344,#4774,#4972,#29),#16) ;
#19=SHAPE_REPRESENTATION(' ',(#18),#16) ;
#18=AXIS2_PLACEMENT_3D(' ',#17,$,$) ;
#34=AXIS2_PLACEMENT_3D('Plane Axis2P3D',#31,#32,#33) ;
#38=AXIS2_PLACEMENT_3D('Circle Axis2P3D',#36,#37,$) ;
#47=AXIS2_PLACEMENT_3D('Circle Axis2P3D',#45,#46,$) ;
#120=AXIS2_PLACEMENT_3D('Cylinder Axis2P3D',#117,#118,#119) ;
#124=AXIS2_PLACEMENT_3D('Circle Axis2P3D',#122,#123,$) ;
#151=AXIS2_PLACEMENT_3D('Circle Axis2P3D',#149,#150,$) ;
#165=AXIS2_PLACEMENT_3D('Torus Axis2P3D',#162,#163,#164) ;
#169=AXIS2_PLACEMENT_3D('Circle Axis2P3D',#167,#168,$) ;
#176=AXIS2_PLACEMENT_3D('Circle Axis2P3D',#174,#175,$) ;
#183=AXIS2_PLACEMENT_3D('Circle Axis2P3D',#181,#182,$) ;
#196=AXIS2_PLACEMENT_3D('Torus Axis2P3D',#193,#194,#195) ;
#200=AXIS2_PLACEMENT_3D('Circle Axis2P3D',#198,#199,$) ;
#213=AXIS2_PLACEMENT_3D('Plane Axis2P3D',#210,#211,#212) ;
#287=AXIS2_PLACEMENT_3D('Circle Axis2P3D',#285,#286,$) ;
#296=AXIS2_PLACEMENT_3D('Circle Axis2P3D',#294,#295,$) ;
#308=AXIS2_PLACEMENT_3D('Cylinder Axis2P3D',#305,#306,#307) ;
#312=AXIS2_PLACEMENT_3D('Circle Axis2P3D',#310,#311,$) ;
#319=AXIS2_PLACEMENT_3D('Circle Axis2P3D',#317,#318,$) ;
#339=AXIS2_PLACEMENT_3D('Sphere Axis2P3D',#336,#337,#338) ;
#343=AXIS2_PLACEMENT_3D('Circle Axis2P3D',#341,#342,$) ;
#350=AXIS2_PLACEMENT_3D('Circle Axis2P3D',#348,#349,$) ;
#362=AXIS2_PLACEMENT_3D('Cylinder Axis2P3D',#359,#360,#361) ;
#366=AXIS2_PLACEMENT_3D('Circle Axis2P3D',#364,#365,$) ;
#386=AXIS2_PLACEMENT_3D('Cylinder Axis2P3D',#383,#384,#385) ;
#399=AXIS2_PLACEMENT_3D('Circle Axis2P3D',#397,#398,$) ;
#404=AXIS2_PLACEMENT_3D('Circle Axis2P3D',#402,#403,$) ;
#417=AXIS2_PLACEMENT_3D('Sphere Axis2P3D',#414,#415,#416) ;
#445=AXIS2_PLACEMENT_3D('Cylinder Axis2P3D',#442,#443,#444) ;
#458=AXIS2_PLACEMENT_3D('Circle Axis2P3D',#456,#457,$) ;
#477=AXIS2_PLACEMENT_3D('Cylinder Axis2P3D',#474,#475,#476) ;
#564=AXIS2_PLACEMENT_3D('Circle Axis2P3D',#562,#563,$) ;
#571=AXIS2_PLACEMENT_3D('Circle Axis2P3D',#569,#570,$) ;
#588=AXIS2_PLACEMENT_3D('Plane Axis2P3D',#585,#586,#587) ;
#604=AXIS2_PLACEMENT_3D('Cylinder Axis2P3D',#601,#602,#603) ;
#624=AXIS2_PLACEMENT_3D('Cylinder Axis2P3D',#621,#622,#623) ;
#628=AXIS2_PLACEMENT_3D('Circle Axis2P3D',#626,#627,$) ;
#943=AXIS2_PLACEMENT_3D('Cylinder Axis2P3D',#940,#941,#942) ;
#947=AXIS2_PLACEMENT_3D('Circle Axis2P3D',#945,#946,$) ;
#961=AXIS2_PLACEMENT_3D('Circle Axis2P3D',#959,#960,$) ;
#977=AXIS2_PLACEMENT_3D('Torus Axis2P3D',#974,#975,#976) ;
#981=AXIS2_PLACEMENT_3D('Circle Axis2P3D',#979,#980,$) ;
#988=AXIS2_PLACEMENT_3D('Circle Axis2P3D',#986,#987,$) ;
#1001=AXIS2_PLACEMENT_3D('Torus Axis2P3D',#998,#999,#1000) ;
#1005=AXIS2_PLACEMENT_3D('Circle Axis2P3D',#1003,#1004,$) ;
#1012=AXIS2_PLACEMENT_3D('Circle Axis2P3D',#1010,#1011,$) ;
#1025=AXIS2_PLACEMENT_3D('Plane Axis2P3D',#1022,#1023,#1024) ;
#1057=AXIS2_PLACEMENT_3D('Cylinder Axis2P3D',#1054,#1055,#1056) ;
#1061=AXIS2_PLACEMENT_3D('Circle Axis2P3D',#1059,#1060,$) ;
#1081=AXIS2_PLACEMENT_3D('Cylinder Axis2P3D',#1078,#1079,#1080) ;
#1092=AXIS2_PLACEMENT_3D('Circle Axis2P3D',#1090,#1091,$) ;
#1105=AXIS2_PLACEMENT_3D('Plane Axis2P3D',#1102,#1103,#1104) ;
#1218=AXIS2_PLACEMENT_3D('Cylinder Axis2P3D',#1215,#1216,#1217) ;
#1222=AXIS2_PLACEMENT_3D('Circle Axis2P3D',#1220,#1221,$) ;
#1236=AXIS2_PLACEMENT_3D('Circle Axis2P3D',#1234,#1235,$) ;
#1249=AXIS2_PLACEMENT_3D('Torus Axis2P3D',#1246,#1247,#1248) ;
#1253=AXIS2_PLACEMENT_3D('Circle Axis2P3D',#1251,#1252,$) ;
#1260=AXIS2_PLACEMENT_3D('Circle Axis2P3D',#1258,#1259,$) ;
#1267=AXIS2_PLACEMENT_3D('Circle Axis2P3D',#1265,#1266,$) ;
#1280=AXIS2_PLACEMENT_3D('Torus Axis2P3D',#1277,#1278,#1279) ;
#1284=AXIS2_PLACEMENT_3D('Circle Axis2P3D',#1282,#1283,$) ;
#1291=AXIS2_PLACEMENT_3D('Circle Axis2P3D',#1289,#1290,$) ;
#1298=AXIS2_PLACEMENT_3D('Circle Axis2P3D',#1296,#1297,$) ;
#1311=AXIS2_PLACEMENT_3D('Cylinder Axis2P3D',#1308,#1309,#1310) ;
#1315=AXIS2_PLACEMENT_3D('Circle Axis2P3D',#1313,#1314,$) ;
#1335=AXIS2_PLACEMENT_3D('Cylinder Axis2P3D',#1332,#1333,#1334) ;
#1339=AXIS2_PLACEMENT_3D('Circle Axis2P3D',#1337,#1338,$) ;
#1359=AXIS2_PLACEMENT_3D('Cylinder Axis2P3D',#1356,#1357,#1358) ;
#1363=AXIS2_PLACEMENT_3D('Circle Axis2P3D',#1361,#1362,$) ;
#1383=AXIS2_PLACEMENT_3D('Cylinder Axis2P3D',#1380,#1381,#1382) ;
#1394=AXIS2_PLACEMENT_3D('Circle Axis2P3D',#1392,#1393,$) ;
#1407=AXIS2_PLACEMENT_3D('Torus Axis2P3D',#1404,#1405,#1406) ;
#1411=AXIS2_PLACEMENT_3D('Circle Axis2P3D',#1409,#1410,$) ;
#1424=AXIS2_PLACEMENT_3D('Torus Axis2P3D',#1421,#1422,#1423) ;
#1428=AXIS2_PLACEMENT_3D('Circle Axis2P3D',#1426,#1427,$) ;
#1441=AXIS2_PLACEMENT_3D('Cylinder Axis2P3D',#1438,#1439,#1440) ;
#1588=AXIS2_PLACEMENT_3D('Torus Axis2P3D',#1585,#1586,#1587) ;
#1592=AXIS2_PLACEMENT_3D('Circle Axis2P3D',#1590,#1591,$) ;
#1599=AXIS2_PLACEMENT_3D('Circle Axis2P3D',#1597,#1598,$) ;
#1612=AXIS2_PLACEMENT_3D('Cylinder Axis2P3D',#1609,#1610,#1611) ;
#1623=AXIS2_PLACEMENT_3D('Circle Axis2P3D',#1621,#1622,$) ;
#1636=AXIS2_PLACEMENT_3D('Torus Axis2P3D',#1633,#1634,#1635) ;
#1640=AXIS2_PLACEMENT_3D('Circle Axis2P3D',#1638,#1639,$) ;
#1647=AXIS2_PLACEMENT_3D('Circle Axis2P3D',#1645,#1646,$) ;
#1660=AXIS2_PLACEMENT_3D('Cylinder Axis2P3D',#1657,#1658,#1659) ;
#1671=AXIS2_PLACEMENT_3D('Circle Axis2P3D',#1669,#1670,$) ;
#1692=AXIS2_PLACEMENT_3D('Plane Axis2P3D',#1689,#1690,#1691) ;
#1710=AXIS2_PLACEMENT_3D('Circle Axis2P3D',#1708,#1709,$) ;
#1724=AXIS2_PLACEMENT_3D('Circle Axis2P3D',#1722,#1723,$) ;
#1738=AXIS2_PLACEMENT_3D('Circle Axis2P3D',#1736,#1737,$) ;
#1752=AXIS2_PLACEMENT_3D('Circle Axis2P3D',#1750,#1751,$) ;
#1766=AXIS2_PLACEMENT_3D('Circle Axis2P3D',#1764,#1765,$) ;
#1780=AXIS2_PLACEMENT_3D('Circle Axis2P3D',#1778,#1779,$) ;
#1803=AXIS2_PLACEMENT_3D('Cylinder Axis2P3D',#1800,#1801,#1802) ;
#1807=AXIS2_PLACEMENT_3D('Circle Axis2P3D',#1805,#1806,$) ;
#1821=AXIS2_PLACEMENT_3D('Circle Axis2P3D',#1819,#1820,$) ;
#1834=AXIS2_PLACEMENT_3D('Plane Axis2P3D',#1831,#1832,#1833) ;
#1865=AXIS2_PLACEMENT_3D('Cylinder Axis2P3D',#1862,#1863,#1864) ;
#1869=AXIS2_PLACEMENT_3D('Circle Axis2P3D',#1867,#1868,$) ;
#1883=AXIS2_PLACEMENT_3D('Circle Axis2P3D',#1881,#1882,$) ;
#1896=AXIS2_PLACEMENT_3D('Torus Axis2P3D',#1893,#1894,#1895) ;
#1900=AXIS2_PLACEMENT_3D('Circle Axis2P3D',#1898,#1899,$) ;
#1909=AXIS2_PLACEMENT_3D('Circle Axis2P3D',#1907,#1908,$) ;
#1914=AXIS2_PLACEMENT_3D('Circle Axis2P3D',#1912,#1913,$) ;
#1927=AXIS2_PLACEMENT_3D('Cylinder Axis2P3D',#1924,#1925,#1926) ;
#1931=AXIS2_PLACEMENT_3D('Circle Axis2P3D',#1929,#1930,$) ;
#1951=AXIS2_PLACEMENT_3D('Plane Axis2P3D',#1948,#1949,#1950) ;
#1982=AXIS2_PLACEMENT_3D('Cylinder Axis2P3D',#1979,#1980,#1981) ;
#1986=AXIS2_PLACEMENT_3D('Circle Axis2P3D',#1984,#1985,$) ;
#1991=AXIS2_PLACEMENT_3D('Circle Axis2P3D',#1989,#1990,$) ;
#2004=AXIS2_PLACEMENT_3D('Torus Axis2P3D',#2001,#2002,#2003) ;
#2008=AXIS2_PLACEMENT_3D('Circle Axis2P3D',#2006,#2007,$) ;
#2015=AXIS2_PLACEMENT_3D('Circle Axis2P3D',#2013,#2014,$) ;
#2028=AXIS2_PLACEMENT_3D('Cylinder Axis2P3D',#2025,#2026,#2027) ;
#2032=AXIS2_PLACEMENT_3D('Circle Axis2P3D',#2030,#2031,$) ;
#2052=AXIS2_PLACEMENT_3D('Torus Axis2P3D',#2049,#2050,#2051) ;
#2056=AXIS2_PLACEMENT_3D('Circle Axis2P3D',#2054,#2055,$) ;
#2063=AXIS2_PLACEMENT_3D('Circle Axis2P3D',#2061,#2062,$) ;
#2076=AXIS2_PLACEMENT_3D('Cylinder Axis2P3D',#2073,#2074,#2075) ;
#2103=AXIS2_PLACEMENT_3D('Cylinder Axis2P3D',#2100,#2101,#2102) ;
#2126=AXIS2_PLACEMENT_3D('Plane Axis2P3D',#2123,#2124,#2125) ;
#2174=AXIS2_PLACEMENT_3D('Cylinder Axis2P3D',#2171,#2172,#2173) ;
#2178=AXIS2_PLACEMENT_3D('Circle Axis2P3D',#2176,#2177,$) ;
#2205=AXIS2_PLACEMENT_3D('Circle Axis2P3D',#2203,#2204,$) ;
#2271=AXIS2_PLACEMENT_3D('Cylinder Axis2P3D',#2268,#2269,#2270) ;
#2275=AXIS2_PLACEMENT_3D('Circle Axis2P3D',#2273,#2274,$) ;
#2302=AXIS2_PLACEMENT_3D('Circle Axis2P3D',#2300,#2301,$) ;
#2316=AXIS2_PLACEMENT_3D('Torus Axis2P3D',#2313,#2314,#2315) ;
#2320=AXIS2_PLACEMENT_3D('Circle Axis2P3D',#2318,#2319,$) ;
#2325=AXIS2_PLACEMENT_3D('Circle Axis2P3D',#2323,#2324,$) ;
#2338=AXIS2_PLACEMENT_3D('Torus Axis2P3D',#2335,#2336,#2337) ;
#2350=AXIS2_PLACEMENT_3D('Cylinder Axis2P3D',#2347,#2348,#2349) ;
#2354=AXIS2_PLACEMENT_3D('Circle Axis2P3D',#2352,#2353,$) ;
#2374=AXIS2_PLACEMENT_3D('Cylinder Axis2P3D',#2371,#2372,#2373) ;
#2387=AXIS2_PLACEMENT_3D('Circle Axis2P3D',#2385,#2386,$) ;
#2417=AXIS2_PLACEMENT_3D('Cylinder Axis2P3D',#2414,#2415,#2416) ;
#2428=AXIS2_PLACEMENT_3D('Circle Axis2P3D',#2426,#2427,$) ;
#2449=AXIS2_PLACEMENT_3D('Torus Axis2P3D',#2446,#2447,#2448) ;
#2461=AXIS2_PLACEMENT_3D('Cylinder Axis2P3D',#2458,#2459,#2460) ;
#2474=AXIS2_PLACEMENT_3D('Circle Axis2P3D',#2472,#2473,$) ;
#2486=AXIS2_PLACEMENT_3D('Circle Axis2P3D',#2484,#2485,$) ;
#2542=AXIS2_PLACEMENT_3D('Plane Axis2P3D',#2539,#2540,#2541) ;
#2583=AXIS2_PLACEMENT_3D('Cylinder Axis2P3D',#2580,#2581,#2582) ;
#2587=AXIS2_PLACEMENT_3D('Circle Axis2P3D',#2585,#2586,$) ;
#2592=AXIS2_PLACEMENT_3D('Circle Axis2P3D',#2590,#2591,$) ;
#2605=AXIS2_PLACEMENT_3D('Plane Axis2P3D',#2602,#2603,#2604) ;
#2609=AXIS2_PLACEMENT_3D('Circle Axis2P3D',#2607,#2608,$) ;
#2623=AXIS2_PLACEMENT_3D('Circle Axis2P3D',#2621,#2622,$) ;
#2637=AXIS2_PLACEMENT_3D('Circle Axis2P3D',#2635,#2636,$) ;
#2642=AXIS2_PLACEMENT_3D('Circle Axis2P3D',#2640,#2641,$) ;
#2672=AXIS2_PLACEMENT_3D('Cylinder Axis2P3D',#2669,#2670,#2671) ;
#2685=AXIS2_PLACEMENT_3D('Circle Axis2P3D',#2683,#2684,$) ;
#2699=AXIS2_PLACEMENT_3D('Circle Axis2P3D',#2697,#2698,$) ;
#2711=AXIS2_PLACEMENT_3D('Circle Axis2P3D',#2709,#2710,$) ;
#2716=AXIS2_PLACEMENT_3D('Circle Axis2P3D',#2714,#2715,$) ;
#2729=AXIS2_PLACEMENT_3D('Torus Axis2P3D',#2726,#2727,#2728) ;
#2733=AXIS2_PLACEMENT_3D('Circle Axis2P3D',#2731,#2732,$) ;
#2756=AXIS2_PLACEMENT_3D('Cylinder Axis2P3D',#2753,#2754,#2755) ;
#2760=AXIS2_PLACEMENT_3D('Circle Axis2P3D',#2758,#2759,$) ;
#2780=AXIS2_PLACEMENT_3D('Torus Axis2P3D',#2777,#2778,#2779) ;
#2799=AXIS2_PLACEMENT_3D('Circle Axis2P3D',#2797,#2798,$) ;
#2820=AXIS2_PLACEMENT_3D('Cylinder Axis2P3D',#2817,#2818,#2819) ;
#2824=AXIS2_PLACEMENT_3D('Circle Axis2P3D',#2822,#2823,$) ;
#2837=AXIS2_PLACEMENT_3D('Cylinder Axis2P3D',#2834,#2835,#2836) ;
#2841=AXIS2_PLACEMENT_3D('Circle Axis2P3D',#2839,#2840,$) ;
#2857=AXIS2_PLACEMENT_3D('Circle Axis2P3D',#2855,#2856,$) ;
#2877=AXIS2_PLACEMENT_3D('Plane Axis2P3D',#2874,#2875,#2876) ;
#2966=AXIS2_PLACEMENT_3D('Torus Axis2P3D',#2963,#2964,#2965) ;
#2970=AXIS2_PLACEMENT_3D('Circle Axis2P3D',#2968,#2969,$) ;
#2977=AXIS2_PLACEMENT_3D('Circle Axis2P3D',#2975,#2976,$) ;
#2984=AXIS2_PLACEMENT_3D('Circle Axis2P3D',#2982,#2983,$) ;
#2997=AXIS2_PLACEMENT_3D('Torus Axis2P3D',#2994,#2995,#2996) ;
#3001=AXIS2_PLACEMENT_3D('Circle Axis2P3D',#2999,#3000,$) ;
#3010=AXIS2_PLACEMENT_3D('Circle Axis2P3D',#3008,#3009,$) ;
#3015=AXIS2_PLACEMENT_3D('Circle Axis2P3D',#3013,#3014,$) ;
#3028=AXIS2_PLACEMENT_3D('Cylinder Axis2P3D',#3025,#3026,#3027) ;
#3032=AXIS2_PLACEMENT_3D('Circle Axis2P3D',#3030,#3031,$) ;
#3059=AXIS2_PLACEMENT_3D('Torus Axis2P3D',#3056,#3057,#3058) ;
#3063=AXIS2_PLACEMENT_3D('Circle Axis2P3D',#3061,#3062,$) ;
#3072=AXIS2_PLACEMENT_3D('Circle Axis2P3D',#3070,#3071,$) ;
#3077=AXIS2_PLACEMENT_3D('Circle Axis2P3D',#3075,#3076,$) ;
#3090=AXIS2_PLACEMENT_3D('Torus Axis2P3D',#3087,#3088,#3089) ;
#3094=AXIS2_PLACEMENT_3D('Circle Axis2P3D',#3092,#3093,$) ;
#3120=AXIS2_PLACEMENT_3D('Cylinder Axis2P3D',#3117,#3118,#3119) ;
#3136=AXIS2_PLACEMENT_3D('Circle Axis2P3D',#3134,#3135,$) ;
#3157=AXIS2_PLACEMENT_3D('Plane Axis2P3D',#3154,#3155,#3156) ;
#3186=AXIS2_PLACEMENT_3D('Plane Axis2P3D',#3183,#3184,#3185) ;
#3211=AXIS2_PLACEMENT_3D('Cylinder Axis2P3D',#3208,#3209,#3210) ;
#3215=AXIS2_PLACEMENT_3D('Circle Axis2P3D',#3213,#3214,$) ;
#3228=AXIS2_PLACEMENT_3D('Cylinder Axis2P3D',#3225,#3226,#3227) ;
#3240=AXIS2_PLACEMENT_3D('Cylinder Axis2P3D',#3237,#3238,#3239) ;
#3262=AXIS2_PLACEMENT_3D('Plane Axis2P3D',#3259,#3260,#3261) ;
#3287=AXIS2_PLACEMENT_3D('Cylinder Axis2P3D',#3284,#3285,#3286) ;
#3291=AXIS2_PLACEMENT_3D('Circle Axis2P3D',#3289,#3290,$) ;
#3305=AXIS2_PLACEMENT_3D('Circle Axis2P3D',#3303,#3304,$) ;
#3318=AXIS2_PLACEMENT_3D('Cylinder Axis2P3D',#3315,#3316,#3317) ;
#3329=AXIS2_PLACEMENT_3D('Circle Axis2P3D',#3327,#3328,$) ;
#3342=AXIS2_PLACEMENT_3D('Torus Axis2P3D',#3339,#3340,#3341) ;
#3346=AXIS2_PLACEMENT_3D('Circle Axis2P3D',#3344,#3345,$) ;
#3353=AXIS2_PLACEMENT_3D('Circle Axis2P3D',#3351,#3352,$) ;
#3366=AXIS2_PLACEMENT_3D('Torus Axis2P3D',#3363,#3364,#3365) ;
#3370=AXIS2_PLACEMENT_3D('Circle Axis2P3D',#3368,#3369,$) ;
#3383=AXIS2_PLACEMENT_3D('Cylinder Axis2P3D',#3380,#3381,#3382) ;
#3394=AXIS2_PLACEMENT_3D('Circle Axis2P3D',#3392,#3393,$) ;
#3407=AXIS2_PLACEMENT_3D('Cylinder Axis2P3D',#3404,#3405,#3406) ;
#3411=AXIS2_PLACEMENT_3D('Circle Axis2P3D',#3409,#3410,$) ;
#3425=AXIS2_PLACEMENT_3D('Circle Axis2P3D',#3423,#3424,$) ;
#3438=AXIS2_PLACEMENT_3D('Cylinder Axis2P3D',#3435,#3436,#3437) ;
#3442=AXIS2_PLACEMENT_3D('Circle Axis2P3D',#3440,#3441,$) ;
#3467=AXIS2_PLACEMENT_3D('Torus Axis2P3D',#3464,#3465,#3466) ;
#3471=AXIS2_PLACEMENT_3D('Circle Axis2P3D',#3469,#3470,$) ;
#3484=AXIS2_PLACEMENT_3D('Torus Axis2P3D',#3481,#3482,#3483) ;
#3488=AXIS2_PLACEMENT_3D('Circle Axis2P3D',#3486,#3487,$) ;
#3501=AXIS2_PLACEMENT_3D('Torus Axis2P3D',#3498,#3499,#3500) ;
#3505=AXIS2_PLACEMENT_3D('Circle Axis2P3D',#3503,#3504,$) ;
#3518=AXIS2_PLACEMENT_3D('Plane Axis2P3D',#3515,#3516,#3517) ;
#3539=AXIS2_PLACEMENT_3D('Circle Axis2P3D',#3537,#3538,$) ;
#3548=AXIS2_PLACEMENT_3D('Circle Axis2P3D',#3546,#3547,$) ;
#3564=AXIS2_PLACEMENT_3D('Plane Axis2P3D',#3561,#3562,#3563) ;
#3593=AXIS2_PLACEMENT_3D('Cylinder Axis2P3D',#3590,#3591,#3592) ;
#3597=AXIS2_PLACEMENT_3D('Circle Axis2P3D',#3595,#3596,$) ;
#3611=AXIS2_PLACEMENT_3D('Circle Axis2P3D',#3609,#3610,$) ;
#3624=AXIS2_PLACEMENT_3D('Plane Axis2P3D',#3621,#3622,#3623) ;
#3649=AXIS2_PLACEMENT_3D('Cylinder Axis2P3D',#3646,#3647,#3648) ;
#3653=AXIS2_PLACEMENT_3D('Circle Axis2P3D',#3651,#3652,$) ;
#3681=AXIS2_PLACEMENT_3D('Cylinder Axis2P3D',#3678,#3679,#3680) ;
#3685=AXIS2_PLACEMENT_3D('Circle Axis2P3D',#3683,#3684,$) ;
#3712=AXIS2_PLACEMENT_3D('Torus Axis2P3D',#3709,#3710,#3711) ;
#3716=AXIS2_PLACEMENT_3D('Circle Axis2P3D',#3714,#3715,$) ;
#3723=AXIS2_PLACEMENT_3D('Circle Axis2P3D',#3721,#3722,$) ;
#3730=AXIS2_PLACEMENT_3D('Circle Axis2P3D',#3728,#3729,$) ;
#3743=AXIS2_PLACEMENT_3D('Plane Axis2P3D',#3740,#3741,#3742) ;
#3767=AXIS2_PLACEMENT_3D('Cylinder Axis2P3D',#3764,#3765,#3766) ;
#3771=AXIS2_PLACEMENT_3D('Circle Axis2P3D',#3769,#3770,$) ;
#3791=AXIS2_PLACEMENT_3D('Cylinder Axis2P3D',#3788,#3789,#3790) ;
#3795=AXIS2_PLACEMENT_3D('Circle Axis2P3D',#3793,#3794,$) ;
#3815=AXIS2_PLACEMENT_3D('Torus Axis2P3D',#3812,#3813,#3814) ;
#3819=AXIS2_PLACEMENT_3D('Circle Axis2P3D',#3817,#3818,$) ;
#3826=AXIS2_PLACEMENT_3D('Circle Axis2P3D',#3824,#3825,$) ;
#3839=AXIS2_PLACEMENT_3D('Plane Axis2P3D',#3836,#3837,#3838) ;
#3863=AXIS2_PLACEMENT_3D('Cylinder Axis2P3D',#3860,#3861,#3862) ;
#3867=AXIS2_PLACEMENT_3D('Circle Axis2P3D',#3865,#3866,$) ;
#3887=AXIS2_PLACEMENT_3D('Cylinder Axis2P3D',#3884,#3885,#3886) ;
#3891=AXIS2_PLACEMENT_3D('Circle Axis2P3D',#3889,#3890,$) ;
#3911=AXIS2_PLACEMENT_3D('Torus Axis2P3D',#3908,#3909,#3910) ;
#3915=AXIS2_PLACEMENT_3D('Circle Axis2P3D',#3913,#3914,$) ;
#3922=AXIS2_PLACEMENT_3D('Circle Axis2P3D',#3920,#3921,$) ;
#3935=AXIS2_PLACEMENT_3D('Plane Axis2P3D',#3932,#3933,#3934) ;
#3959=AXIS2_PLACEMENT_3D('Cylinder Axis2P3D',#3956,#3957,#3958) ;
#3963=AXIS2_PLACEMENT_3D('Circle Axis2P3D',#3961,#3962,$) ;
#3983=AXIS2_PLACEMENT_3D('Cylinder Axis2P3D',#3980,#3981,#3982) ;
#3987=AXIS2_PLACEMENT_3D('Circle Axis2P3D',#3985,#3986,$) ;
#4007=AXIS2_PLACEMENT_3D('Torus Axis2P3D',#4004,#4005,#4006) ;
#4011=AXIS2_PLACEMENT_3D('Circle Axis2P3D',#4009,#4010,$) ;
#4018=AXIS2_PLACEMENT_3D('Circle Axis2P3D',#4016,#4017,$) ;
#4031=AXIS2_PLACEMENT_3D('Plane Axis2P3D',#4028,#4029,#4030) ;
#4048=AXIS2_PLACEMENT_3D('Cylinder Axis2P3D',#4045,#4046,#4047) ;
#4065=AXIS2_PLACEMENT_3D('Cylinder Axis2P3D',#4062,#4063,#4064) ;
#4069=AXIS2_PLACEMENT_3D('Circle Axis2P3D',#4067,#4068,$) ;
#4082=AXIS2_PLACEMENT_3D('Torus Axis2P3D',#4079,#4080,#4081) ;
#4086=AXIS2_PLACEMENT_3D('Circle Axis2P3D',#4084,#4085,$) ;
#4099=AXIS2_PLACEMENT_3D('Cylinder Axis2P3D',#4096,#4097,#4098) ;
#4110=AXIS2_PLACEMENT_3D('Circle Axis2P3D',#4108,#4109,$) ;
#4123=AXIS2_PLACEMENT_3D('Torus Axis2P3D',#4120,#4121,#4122) ;
#4127=AXIS2_PLACEMENT_3D('Circle Axis2P3D',#4125,#4126,$) ;
#4134=AXIS2_PLACEMENT_3D('Circle Axis2P3D',#4132,#4133,$) ;
#4147=AXIS2_PLACEMENT_3D('Plane Axis2P3D',#4144,#4145,#4146) ;
#4172=AXIS2_PLACEMENT_3D('Cylinder Axis2P3D',#4169,#4170,#4171) ;
#4176=AXIS2_PLACEMENT_3D('Circle Axis2P3D',#4174,#4175,$) ;
#4211=AXIS2_PLACEMENT_3D('Cylinder Axis2P3D',#4208,#4209,#4210) ;
#4222=AXIS2_PLACEMENT_3D('Circle Axis2P3D',#4220,#4221,$) ;
#4235=AXIS2_PLACEMENT_3D('Torus Axis2P3D',#4232,#4233,#4234) ;
#4239=AXIS2_PLACEMENT_3D('Circle Axis2P3D',#4237,#4238,$) ;
#4246=AXIS2_PLACEMENT_3D('Circle Axis2P3D',#4244,#4245,$) ;
#4259=AXIS2_PLACEMENT_3D('Cylinder Axis2P3D',#4256,#4257,#4258) ;
#4271=AXIS2_PLACEMENT_3D('Cylinder Axis2P3D',#4268,#4269,#4270) ;
#4282=AXIS2_PLACEMENT_3D('Circle Axis2P3D',#4280,#4281,$) ;
#4295=AXIS2_PLACEMENT_3D('Torus Axis2P3D',#4292,#4293,#4294) ;
#4299=AXIS2_PLACEMENT_3D('Circle Axis2P3D',#4297,#4298,$) ;
#4306=AXIS2_PLACEMENT_3D('Circle Axis2P3D',#4304,#4305,$) ;
#4319=AXIS2_PLACEMENT_3D('Plane Axis2P3D',#4316,#4317,#4318) ;
#4348=AXIS2_PLACEMENT_3D('Cylinder Axis2P3D',#4345,#4346,#4347) ;
#4365=AXIS2_PLACEMENT_3D('Plane Axis2P3D',#4362,#4363,#4364) ;
#4405=AXIS2_PLACEMENT_3D('Cylinder Axis2P3D',#4402,#4403,#4404) ;
#4409=AXIS2_PLACEMENT_3D('Circle Axis2P3D',#4407,#4408,$) ;
#4414=AXIS2_PLACEMENT_3D('Circle Axis2P3D',#4412,#4413,$) ;
#4576=AXIS2_PLACEMENT_3D('Cylinder Axis2P3D',#4573,#4574,#4575) ;
#4580=AXIS2_PLACEMENT_3D('Circle Axis2P3D',#4578,#4579,$) ;
#4593=AXIS2_PLACEMENT_3D('Cylinder Axis2P3D',#4590,#4591,#4592) ;
#4597=AXIS2_PLACEMENT_3D('Circle Axis2P3D',#4595,#4596,$) ;
#4611=AXIS2_PLACEMENT_3D('Circle Axis2P3D',#4609,#4610,$) ;
#4624=AXIS2_PLACEMENT_3D('Torus Axis2P3D',#4621,#4622,#4623) ;
#4628=AXIS2_PLACEMENT_3D('Circle Axis2P3D',#4626,#4627,$) ;
#4635=AXIS2_PLACEMENT_3D('Circle Axis2P3D',#4633,#4634,$) ;
#4648=AXIS2_PLACEMENT_3D('Cylinder Axis2P3D',#4645,#4646,#4647) ;
#4659=AXIS2_PLACEMENT_3D('Circle Axis2P3D',#4657,#4658,$) ;
#4678=AXIS2_PLACEMENT_3D('Circle Axis2P3D',#4676,#4677,$) ;
#4691=AXIS2_PLACEMENT_3D('Plane Axis2P3D',#4688,#4689,#4690) ;
#4722=AXIS2_PLACEMENT_3D('Cylinder Axis2P3D',#4719,#4720,#4721) ;
#4726=AXIS2_PLACEMENT_3D('Circle Axis2P3D',#4724,#4725,$) ;
#4746=AXIS2_PLACEMENT_3D('Plane Axis2P3D',#4743,#4744,#4745) ;
#4750=AXIS2_PLACEMENT_3D('Circle Axis2P3D',#4748,#4749,$) ;
#4866=AXIS2_PLACEMENT_3D('Torus Axis2P3D',#4863,#4864,#4865) ;
#4870=AXIS2_PLACEMENT_3D('Circle Axis2P3D',#4868,#4869,$) ;
#4877=AXIS2_PLACEMENT_3D('Circle Axis2P3D',#4875,#4876,$) ;
#4890=AXIS2_PLACEMENT_3D('Cylinder Axis2P3D',#4887,#4888,#4889) ;
#4976=AXIS2_PLACEMENT_3D('Cylinder Axis2P3D',#4973,#4974,#4975) ;
#17=CARTESIAN_POINT(' ',(0.,0.,0.)) ;
#31=CARTESIAN_POINT('Axis2P3D Location',(-2.5,-1.07106781187,52.)) ;
#36=CARTESIAN_POINT('Axis2P3D Location',(-2.5,-1.07106781187,68.)) ;
#40=CARTESIAN_POINT('Vertex',(0.5,-1.07106781187,68.)) ;
#42=CARTESIAN_POINT('Vertex',(-5.5,-1.07106781187,68.)) ;
#45=CARTESIAN_POINT('Axis2P3D Location',(-2.5,-1.07106781187,68.)) ;
#55=CARTESIAN_POINT('Control Point',(-2.5,-1.07106781187,69.5999999996)) ;
#56=CARTESIAN_POINT('Control Point',(-2.31410054001,-1.07106781187,69.5999999996)) ;
#57=CARTESIAN_POINT('Control Point',(-2.12820167661,-1.07106781187,69.5730010862)) ;
#58=CARTESIAN_POINT('Control Point',(-1.9475146682,-1.07106781187,69.5189888927)) ;
#59=CARTESIAN_POINT('Control Point',(-1.60707607483,-1.07106781187,69.3600780592)) ;
#60=CARTESIAN_POINT('Control Point',(-1.32590924482,-1.07106781187,69.1108903227)) ;
#61=CARTESIAN_POINT('Control Point',(-1.20450796744,-1.07106781187,68.9665752388)) ;
#62=CARTESIAN_POINT('Control Point',(-1.0071335488,-1.07106781187,68.6468966092)) ;
#63=CARTESIAN_POINT('Control Point',(-0.908852376542,-1.07106781187,68.2842809393)) ;
#64=CARTESIAN_POINT('Control Point',(-0.886570288364,-1.07106781187,68.0970147569)) ;
#65=CARTESIAN_POINT('Control Point',(-0.897021344672,-1.07106781187,67.7214593509)) ;
#66=CARTESIAN_POINT('Control Point',(-1.01387325385,-1.07106781187,67.3643950088)) ;
#67=CARTESIAN_POINT('Control Point',(-1.09802141737,-1.07106781187,67.195622382)) ;
#68=CARTESIAN_POINT('Control Point',(-1.3128688121,-1.07106781187,66.8874151687)) ;
#69=CARTESIAN_POINT('Control Point',(-1.60651306202,-1.07106781187,66.6530599481)) ;
#70=CARTESIAN_POINT('Control Point',(-1.76948128725,-1.07106781187,66.5581575305)) ;
#71=CARTESIAN_POINT('Control Point',(-2.0148677849,-1.07106781187,66.4598395455)) ;
#72=CARTESIAN_POINT('Control Point',(-2.27279884925,-1.07106781187,66.413495489)) ;
#73=CARTESIAN_POINT('Control Point',(-2.34858955003,-1.07106781187,66.4044775579)) ;
#74=CARTESIAN_POINT('Control Point',(-2.42429482449,-1.07106781187,66.4000000004)) ;
#75=CARTESIAN_POINT('Control Point',(-2.5,-1.07106781187,66.4000000004)) ;
#76=CARTESIAN_POINT('Vertex',(-2.5,-1.07106781187,69.6)) ;
#78=CARTESIAN_POINT('Vertex',(-2.5,-1.07106781187,66.4)) ;
#82=CARTESIAN_POINT('Control Point',(-2.5,-1.07106781187,66.4000000004)) ;
#83=CARTESIAN_POINT('Control Point',(-2.68589945999,-1.07106781187,66.4000000004)) ;
#84=CARTESIAN_POINT('Control Point',(-2.87179832339,-1.07106781187,66.4269989138)) ;
#85=CARTESIAN_POINT('Control Point',(-3.0524853318,-1.07106781187,66.4810111073)) ;
#86=CARTESIAN_POINT('Control Point',(-3.39292392517,-1.07106781187,66.6399219408)) ;
#87=CARTESIAN_POINT('Control Point',(-3.67409075518,-1.07106781187,66.8891096773)) ;
#88=CARTESIAN_POINT('Control Point',(-3.79549203256,-1.07106781187,67.0334247612)) ;
#89=CARTESIAN_POINT('Control Point',(-3.99286645121,-1.07106781187,67.3531033908)) ;
#90=CARTESIAN_POINT('Control Point',(-4.09114762346,-1.07106781187,67.7157190607)) ;
#91=CARTESIAN_POINT('Control Point',(-4.11342971164,-1.07106781187,67.9029852431)) ;
#92=CARTESIAN_POINT('Control Point',(-4.10297865533,-1.07106781187,68.2785406491)) ;
#93=CARTESIAN_POINT('Control Point',(-3.98612674615,-1.07106781187,68.6356049912)) ;
#94=CARTESIAN_POINT('Control Point',(-3.90197858263,-1.07106781187,68.804377618)) ;
#95=CARTESIAN_POINT('Control Point',(-3.68713118792,-1.07106781187,69.1125848313)) ;
#96=CARTESIAN_POINT('Control Point',(-3.39348693803,-1.07106781187,69.3469400518)) ;
#97=CARTESIAN_POINT('Control Point',(-3.23051871269,-1.07106781187,69.4418424695)) ;
#98=CARTESIAN_POINT('Control Point',(-2.98513221507,-1.07106781187,69.5401604545)) ;
#99=CARTESIAN_POINT('Control Point',(-2.72720115075,-1.07106781187,69.586504511)) ;
#100=CARTESIAN_POINT('Control Point',(-2.65141044997,-1.07106781187,69.5955224421)) ;
#101=CARTESIAN_POINT('Control Point',(-2.57570517551,-1.07106781187,69.5999999996)) ;
#102=CARTESIAN_POINT('Control Point',(-2.5,-1.07106781187,69.5999999996)) ;
#117=CARTESIAN_POINT('Axis2P3D Location',(-2.5,-10.0710678119,68.)) ;
#122=CARTESIAN_POINT('Axis2P3D Location',(-2.5,3.92893218813,68.)) ;
#126=CARTESIAN_POINT('Vertex',(-2.5,3.92893218813,69.6)) ;
#128=CARTESIAN_POINT('Vertex',(-2.5,3.92893218813,66.4)) ;
#131=CARTESIAN_POINT('Line Origine',(-2.5,-10.0710678119,66.4)) ;
#136=CARTESIAN_POINT('Line Origine',(-2.5,-10.0710678119,69.6)) ;
#149=CARTESIAN_POINT('Axis2P3D Location',(-2.5,3.92893218813,68.)) ;
#162=CARTESIAN_POINT('Axis2P3D Location',(-2.5,3.92893218813,68.)) ;
#167=CARTESIAN_POINT('Axis2P3D Location',(-2.5,3.92893218813,65.4)) ;
#171=CARTESIAN_POINT('Vertex',(-2.5,4.92893218813,65.4)) ;
#174=CARTESIAN_POINT('Axis2P3D Location',(-2.5,4.92893218813,68.)) ;
#178=CARTESIAN_POINT('Vertex',(-2.5,4.92893218813,70.6)) ;
#181=CARTESIAN_POINT('Axis2P3D Location',(-2.5,3.92893218813,70.6)) ;
#193=CARTESIAN_POINT('Axis2P3D Location',(-2.5,3.92893218813,68.)) ;
#198=CARTESIAN_POINT('Axis2P3D Location',(-2.5,4.92893218813,68.)) ;
#210=CARTESIAN_POINT('Axis2P3D Location',(3.5,4.92893218813,74.)) ;
#215=CARTESIAN_POINT('Line Origine',(-18.5,4.92893218813,73.)) ;
#219=CARTESIAN_POINT('Vertex',(7.,4.92893218813,73.)) ;
#221=CARTESIAN_POINT('Vertex',(-44.,4.92893218813,73.)) ;
#224=CARTESIAN_POINT('Line Origine',(7.,4.92893218813,57.5)) ;
#228=CARTESIAN_POINT('Vertex',(7.,4.92893218813,42.)) ;
#231=CARTESIAN_POINT('Line Origine',(-18.5,4.92893218813,42.)) ;
#235=CARTESIAN_POINT('Vertex',(-44.,4.92893218813,42.)) ;
#238=CARTESIAN_POINT('Line Origine',(-44.,4.92893218813,44.5192592862)) ;
#242=CARTESIAN_POINT('Vertex',(-44.,4.92893218813,47.0385177073)) ;
#245=CARTESIAN_POINT('Line Origine',(-25.25,4.92893218813,47.0385185725)) ;
#249=CARTESIAN_POINT('Vertex',(-6.5,4.92893218813,47.0385185725)) ;
#252=CARTESIAN_POINT('Line Origine',(-6.5,4.92893218813,60.000000003)) ;
#256=CARTESIAN_POINT('Vertex',(-6.5,4.92893218813,72.9614814335)) ;
#259=CARTESIAN_POINT('Line Origine',(-25.25,4.92893218813,72.9614814335)) ;
#263=CARTESIAN_POINT('Vertex',(-44.,4.92893218813,72.9614814335)) ;
#266=CARTESIAN_POINT('Line Origine',(-44.,4.92893218813,72.9807407167)) ;
#285=CARTESIAN_POINT('Axis2P3D Location',(-2.5,4.92893218813,52.)) ;
#289=CARTESIAN_POINT('Vertex',(-2.5,4.92893218813,54.6)) ;
#291=CARTESIAN_POINT('Vertex',(-2.5,4.92893218813,49.4)) ;
#294=CARTESIAN_POINT('Axis2P3D Location',(-2.5,4.92893218813,52.)) ;
#305=CARTESIAN_POINT('Axis2P3D Location',(7.,3.92893218813,58.)) ;
#310=CARTESIAN_POINT('Axis2P3D Location',(7.,3.92893218813,42.)) ;
#314=CARTESIAN_POINT('Vertex',(8.,3.92893218813,42.)) ;
#317=CARTESIAN_POINT('Axis2P3D Location',(7.,3.92893218813,73.)) ;
#321=CARTESIAN_POINT('Vertex',(8.,3.92893218813,73.)) ;
#324=CARTESIAN_POINT('Line Origine',(8.,3.92893218813,58.)) ;
#336=CARTESIAN_POINT('Axis2P3D Location',(7.,3.92893218813,73.)) ;
#341=CARTESIAN_POINT('Axis2P3D Location',(7.,3.92893218813,73.)) ;
#345=CARTESIAN_POINT('Vertex',(7.,3.92893218813,74.)) ;
#348=CARTESIAN_POINT('Axis2P3D Location',(7.,3.92893218813,73.)) ;
#359=CARTESIAN_POINT('Axis2P3D Location',(-20.9,3.92893218813,73.)) ;
#364=CARTESIAN_POINT('Axis2P3D Location',(-44.,3.92893218813,73.)) ;
#368=CARTESIAN_POINT('Vertex',(-44.,3.92893218813,74.)) ;
#371=CARTESIAN_POINT('Line Origine',(-20.9,3.92893218813,74.)) ;
#383=CARTESIAN_POINT('Axis2P3D Location',(-20.5,3.92893218813,42.)) ;
#388=CARTESIAN_POINT('Line Origine',(-20.5,3.92893218813,41.)) ;
#392=CARTESIAN_POINT('Vertex',(7.,3.92893218813,41.)) ;
#394=CARTESIAN_POINT('Vertex',(-44.,3.92893218813,41.)) ;
#397=CARTESIAN_POINT('Axis2P3D Location',(-44.,3.92893218813,42.)) ;
#402=CARTESIAN_POINT('Axis2P3D Location',(7.,3.92893218813,42.)) ;
#414=CARTESIAN_POINT('Axis2P3D Location',(7.,3.92893218813,42.)) ;
#420=CARTESIAN_POINT('Control Point',(7.,3.92893218813,41.)) ;
#421=CARTESIAN_POINT('Control Point',(7.11107207345,3.92893218813,41.)) ;
#422=CARTESIAN_POINT('Control Point',(7.22214414691,3.92893218813,41.0154212569)) ;
#423=CARTESIAN_POINT('Control Point',(7.32708547819,3.9291712611,41.0462585434)) ;
#424=CARTESIAN_POINT('Control Point',(7.51661992121,3.92869311517,41.1300893349)) ;
#425=CARTESIAN_POINT('Control Point',(7.66147253989,3.9291712611,41.242137949)) ;
#426=CARTESIAN_POINT('Control Point',(7.72230923824,3.92980144315,41.3013200024)) ;
#427=CARTESIAN_POINT('Control Point',(7.82518060161,3.92806293312,41.4230595016)) ;
#428=CARTESIAN_POINT('Control Point',(7.89331588226,3.92980144315,41.5431599177)) ;
#429=CARTESIAN_POINT('Control Point',(7.92098265993,3.92987529317,41.6027530035)) ;
#430=CARTESIAN_POINT('Control Point',(7.96469595176,3.9279890831,41.7200619042)) ;
#431=CARTESIAN_POINT('Control Point',(7.98835736559,3.92987529317,41.8327846373)) ;
#432=CARTESIAN_POINT('Control Point',(7.99614468578,3.92893218813,41.8889279265)) ;
#433=CARTESIAN_POINT('Control Point',(8.,3.92893218813,41.9444639633)) ;
#434=CARTESIAN_POINT('Control Point',(8.,3.92893218813,42.)) ;
#442=CARTESIAN_POINT('Axis2P3D Location',(-19.9644660941,3.92893218813,72.9614814335)) ;
#447=CARTESIAN_POINT('Line Origine',(-19.9644660941,4.82723727232,72.5221091816)) ;
#451=CARTESIAN_POINT('Vertex',(-44.,4.82723727232,72.5221091816)) ;
#453=CARTESIAN_POINT('Vertex',(-6.93937141271,4.82723727232,72.5221091816)) ;
#456=CARTESIAN_POINT('Axis2P3D Location',(-44.,3.92893218813,72.9614814335)) ;
#462=CARTESIAN_POINT('Control Point',(-6.93937141271,4.82723727232,72.5221091816)) ;
#463=CARTESIAN_POINT('Control Point',(-6.79848321175,4.89614740756,72.6629972886)) ;
#464=CARTESIAN_POINT('Control Point',(-6.64907640759,4.92893218813,72.8124050259)) ;
#465=CARTESIAN_POINT('Control Point',(-6.5,4.92893218813,72.9614814335)) ;
#474=CARTESIAN_POINT('Axis2P3D Location',(-27.6399999995,30.4289321717,60.000000003)) ;
#480=CARTESIAN_POINT('Control Point',(-7.5,3.92893218813,49.5119114796)) ;
#481=CARTESIAN_POINT('Control Point',(-7.5,3.9903378698,49.3567592267)) ;
#482=CARTESIAN_POINT('Control Point',(-7.49528664828,4.05287902531,49.2020563924)) ;
#483=CARTESIAN_POINT('Control Point',(-7.48551295863,4.11644054716,49.0480867759)) ;
#484=CARTESIAN_POINT('Control Point',(-7.45670330165,4.23757857997,48.7606357652)) ;
#485=CARTESIAN_POINT('Control Point',(-7.40497354445,4.36139950567,48.4776370636)) ;
#486=CARTESIAN_POINT('Control Point',(-7.37522973524,4.41954361192,48.3470070651)) ;
#487=CARTESIAN_POINT('Control Point',(-7.30064784393,4.53980698636,48.081339053)) ;
#488=CARTESIAN_POINT('Control Point',(-7.19144506025,4.65871457052,47.8272188978)) ;
#489=CARTESIAN_POINT('Control Point',(-7.12463488305,4.71813466701,47.7022796126)) ;
#490=CARTESIAN_POINT('Control Point',(-7.0429209431,4.77659033829,47.5814394625)) ;
#491=CARTESIAN_POINT('Control Point',(-6.9393714127,4.82723727232,47.4778908244)) ;
#492=CARTESIAN_POINT('Vertex',(-6.9393714127,4.82723727232,47.4778908244)) ;
#494=CARTESIAN_POINT('Vertex',(-7.5,3.92893218813,49.5119114796)) ;
#497=CARTESIAN_POINT('Line Origine',(-27.6399999995,4.82723727232,47.4778908244)) ;
#501=CARTESIAN_POINT('Vertex',(-44.0000000035,4.82723766181,47.477890028)) ;
#505=CARTESIAN_POINT('Control Point',(-47.8729833505,1.92893217166,60.000000003)) ;
#506=CARTESIAN_POINT('Control Point',(-47.8729833505,1.92893217166,59.0437695924)) ;
#507=CARTESIAN_POINT('Control Point',(-47.8622651525,1.96903640842,58.0875392004)) ;
#508=CARTESIAN_POINT('Control Point',(-47.8407477105,2.04925770636,57.1339954263)) ;
#509=CARTESIAN_POINT('Control Point',(-47.7794622181,2.2500193018,55.5486903956)) ;
#510=CARTESIAN_POINT('Control Point',(-47.6474553348,2.55830381785,53.9926239905)) ;
#511=CARTESIAN_POINT('Control Point',(-47.5798029071,2.69914166991,53.3733206592)) ;
#512=CARTESIAN_POINT('Control Point',(-47.3868500848,3.04966541921,52.0095406972)) ;
#513=CARTESIAN_POINT('Control Point',(-47.0652461932,3.4724323976,50.7022626743)) ;
#514=CARTESIAN_POINT('Control Point',(-46.8364098869,3.72247250465,50.0082148092)) ;
#515=CARTESIAN_POINT('Control Point',(-46.3980020473,4.10944680081,49.0419617275)) ;
#516=CARTESIAN_POINT('Control Point',(-45.7297608198,4.458914545,48.2564676385)) ;
#517=CARTESIAN_POINT('Control Point',(-45.4964288582,4.56099179598,48.0345635104)) ;
#518=CARTESIAN_POINT('Control Point',(-45.0725003888,4.70445269102,47.7305463945)) ;
#519=CARTESIAN_POINT('Control Point',(-44.5859394177,4.79215436631,47.5496059872)) ;
#520=CARTESIAN_POINT('Control Point',(-44.393336343,4.81555830833,47.5017686907)) ;
#521=CARTESIAN_POINT('Control Point',(-44.1966789678,4.82723788819,47.4778895652)) ;
#522=CARTESIAN_POINT('Control Point',(-44.0000000035,4.82723766181,47.477890028)) ;
#523=CARTESIAN_POINT('Vertex',(-47.8729833505,1.92893217166,60.000000003)) ;
#527=CARTESIAN_POINT('Control Point',(-44.,4.82723727232,72.5221091816)) ;
#528=CARTESIAN_POINT('Control Point',(-44.277540216,4.82723727232,72.5221091816)) ;
#529=CARTESIAN_POINT('Control Point',(-44.5550796561,4.80398182437,72.4745629676)) ;
#530=CARTESIAN_POINT('Control Point',(-44.820479833,4.75738479643,72.3793171921)) ;
#531=CARTESIAN_POINT('Control Point',(-45.4223700147,4.60345253106,72.0584991452)) ;
#532=CARTESIAN_POINT('Control Point',(-45.9048861396,4.37987866776,71.5699117432)) ;
#533=CARTESIAN_POINT('Control Point',(-46.1478134432,4.2378821666,71.2465342458)) ;
#534=CARTESIAN_POINT('Control Point',(-46.6568447099,3.88628618505,70.4069260348)) ;
#535=CARTESIAN_POINT('Control Point',(-47.0026606409,3.53658507022,69.4652260628)) ;
#536=CARTESIAN_POINT('Control Point',(-47.1652083285,3.34216216705,68.8947395994)) ;
#537=CARTESIAN_POINT('Control Point',(-47.4310456736,2.97432839611,67.7118940686)) ;
#538=CARTESIAN_POINT('Control Point',(-47.5968583508,2.66553922305,66.4853938445)) ;
#539=CARTESIAN_POINT('Control Point',(-47.6619785073,2.52656122429,65.8591912963)) ;
#540=CARTESIAN_POINT('Control Point',(-47.7852297287,2.23169104279,64.3268120338)) ;
#541=CARTESIAN_POINT('Control Point',(-47.8429427023,2.04110933928,62.7674209749)) ;
#542=CARTESIAN_POINT('Control Point',(-47.862990948,1.96632070248,61.8465736069)) ;
#543=CARTESIAN_POINT('Control Point',(-47.8729833505,1.92893217166,60.9232867963)) ;
#544=CARTESIAN_POINT('Control Point',(-47.8729833505,1.92893217166,60.000000003)) ;
#547=CARTESIAN_POINT('Control Point',(-7.5,3.92893218813,70.4880885263)) ;
#548=CARTESIAN_POINT('Control Point',(-7.5,3.9903378698,70.6432407792)) ;
#549=CARTESIAN_POINT('Control Point',(-7.49528664827,4.05287902532,70.7979436135)) ;
#550=CARTESIAN_POINT('Control Point',(-7.48551295864,4.11644054716,70.9519132301)) ;
#551=CARTESIAN_POINT('Control Point',(-7.45670330165,4.23757857997,71.2393642407)) ;
#552=CARTESIAN_POINT('Control Point',(-7.40497354445,4.36139950567,71.5223629424)) ;
#553=CARTESIAN_POINT('Control Point',(-7.37522973524,4.41954361192,71.6529929409)) ;
#554=CARTESIAN_POINT('Control Point',(-7.30064784393,4.53980698636,71.9186609529)) ;
#555=CARTESIAN_POINT('Control Point',(-7.19144506025,4.65871457052,72.1727811082)) ;
#556=CARTESIAN_POINT('Control Point',(-7.12463488304,4.71813466701,72.2977203934)) ;
#557=CARTESIAN_POINT('Control Point',(-7.04292094309,4.7765903383,72.4185605434)) ;
#558=CARTESIAN_POINT('Control Point',(-6.93937141271,4.82723727232,72.5221091816)) ;
#559=CARTESIAN_POINT('Vertex',(-7.5,3.92893218813,70.4880885263)) ;
#562=CARTESIAN_POINT('Axis2P3D Location',(-7.5,30.4289321717,60.000000003)) ;
#566=CARTESIAN_POINT('Vertex',(-7.5,1.92893217166,60.000000003)) ;
#569=CARTESIAN_POINT('Axis2P3D Location',(-7.5,30.4289321717,60.000000003)) ;
#585=CARTESIAN_POINT('Axis2P3D Location',(-7.5,48.1789321717,60.0000000048)) ;
#590=CARTESIAN_POINT('Line Origine',(-7.5,3.92893218813,60.000000003)) ;
#601=CARTESIAN_POINT('Axis2P3D Location',(-6.5,3.92893218813,57.5)) ;
#607=CARTESIAN_POINT('Control Point',(-6.93937201545,4.82723738797,47.4778913281)) ;
#608=CARTESIAN_POINT('Control Point',(-6.79848381449,4.8961475232,47.3370032211)) ;
#609=CARTESIAN_POINT('Control Point',(-6.64907640759,4.92893218813,47.1875949801)) ;
#610=CARTESIAN_POINT('Control Point',(-6.5,4.92893218813,47.0385185725)) ;
#621=CARTESIAN_POINT('Axis2P3D Location',(-19.9644660941,3.92893218813,47.0385185725)) ;
#626=CARTESIAN_POINT('Axis2P3D Location',(-44.,3.92893218813,47.0385185725)) ;
#639=CARTESIAN_POINT('Control Point',(-47.8729833505,1.92893217166,60.000000003)) ;
#640=CARTESIAN_POINT('Control Point',(-48.1366065656,1.92893217166,60.000000003)) ;
#641=CARTESIAN_POINT('Control Point',(-48.4002297808,1.84206067218,60.000000003)) ;
#642=CARTESIAN_POINT('Control Point',(-48.6253046149,1.66771845463,60.000000003)) ;
#643=CARTESIAN_POINT('Control Point',(-48.7753233854,1.43418424834,60.000000003)) ;
#644=CARTESIAN_POINT('Control Point',(-48.8412291881,1.17893216754,60.000000003)) ;
#645=CARTESIAN_POINT('Control Point',(-47.8729833505,1.92893217166,58.3993657163)) ;
#646=CARTESIAN_POINT('Control Point',(-48.1366065656,1.92893217166,58.3955428838)) ;
#647=CARTESIAN_POINT('Control Point',(-48.4002297808,1.84206067218,58.3868411215)) ;
#648=CARTESIAN_POINT('Control Point',(-48.6253046149,1.66771845463,58.3737857704)) ;
#649=CARTESIAN_POINT('Control Point',(-48.7753233854,1.43418424834,58.3584944401)) ;
#650=CARTESIAN_POINT('Control Point',(-48.8412291881,1.17893216754,58.3432031098)) ;
#651=CARTESIAN_POINT('Control Point',(-47.8436761305,2.0416269035,56.7980656841)) ;
#652=CARTESIAN_POINT('Control Point',(-48.101463629,2.04217384528,56.7904415335)) ;
#653=CARTESIAN_POINT('Control Point',(-48.3592511275,1.96001499104,56.7730533896)) ;
#654=CARTESIAN_POINT('Control Point',(-48.5810764335,1.79455006506,56.7469330045)) ;
#655=CARTESIAN_POINT('Control Point',(-48.7327090377,1.57127914171,56.716325108)) ;
#656=CARTESIAN_POINT('Control Point',(-48.8045952439,1.32474333193,56.6857172037)) ;
#657=CARTESIAN_POINT('Control Point',(-47.7802710818,2.26461994472,55.2145162101)) ;
#658=CARTESIAN_POINT('Control Point',(-48.0261379238,2.26617443505,55.2011349396)) ;
#659=CARTESIAN_POINT('Control Point',(-48.2720047658,2.19336632648,55.1742527968)) ;
#660=CARTESIAN_POINT('Control Point',(-48.4871008511,2.04559001491,55.1356816982)) ;
#661=CARTESIAN_POINT('Control Point',(-48.6417667328,1.8426882851,55.091143114)) ;
#662=CARTESIAN_POINT('Control Point',(-48.7253392939,1.61326541898,55.046604529)) ;
#663=CARTESIAN_POINT('Control Point',(-47.6355722722,2.67056985592,53.3316807352)) ;
#664=CARTESIAN_POINT('Control Point',(-47.8606150425,2.67558202878,53.3073563687)) ;
#665=CARTESIAN_POINT('Control Point',(-48.0856578127,2.6196243442,53.2676189871)) ;
#666=CARTESIAN_POINT('Control Point',(-48.2876433023,2.50182900299,53.215248254)) ;
#667=CARTESIAN_POINT('Control Point',(-48.4440817998,2.33483288567,53.156476434)) ;
#668=CARTESIAN_POINT('Control Point',(-48.5444652494,2.13850716186,53.0977046142)) ;
#669=CARTESIAN_POINT('Control Point',(-47.2587251735,3.20813287832,51.5484545816)) ;
#670=CARTESIAN_POINT('Control Point',(-47.4510704837,3.22014124436,51.5096238967)) ;
#671=CARTESIAN_POINT('Control Point',(-47.643415794,3.18609171116,51.4564492319)) ;
#672=CARTESIAN_POINT('Control Point',(-47.8202856593,3.10490240887,51.3920444107)) ;
#673=CARTESIAN_POINT('Control Point',(-47.9664628072,2.98352807528,51.3219767701)) ;
#674=CARTESIAN_POINT('Control Point',(-48.0734064855,2.83403836139,51.2519091295)) ;
#675=CARTESIAN_POINT('Control Point',(-47.1866363827,3.30337114675,51.2478107455)) ;
#676=CARTESIAN_POINT('Control Point',(-47.3730279775,3.31667910487,51.2064088061)) ;
#677=CARTESIAN_POINT('Control Point',(-47.5594195723,3.28650067584,51.1509316282)) ;
#678=CARTESIAN_POINT('Control Point',(-47.7316128833,3.21172041637,51.0845293419)) ;
#679=CARTESIAN_POINT('Control Point',(-47.8756224811,3.09838053628,51.0126228646)) ;
#680=CARTESIAN_POINT('Control Point',(-47.9832955041,2.95726332507,50.9407163872)) ;
#681=CARTESIAN_POINT('Control Point',(-46.9926921633,3.53949386771,50.5364703636)) ;
#682=CARTESIAN_POINT('Control Point',(-47.1638372159,3.5561775247,50.4887007461)) ;
#683=CARTESIAN_POINT('Control Point',(-47.3349822686,3.53556928558,50.4276982062)) ;
#684=CARTESIAN_POINT('Control Point',(-47.4949264515,3.47648640366,50.3566412452)) ;
#685=CARTESIAN_POINT('Control Point',(-47.6325892217,3.38294140695,50.2805289674)) ;
#686=CARTESIAN_POINT('Control Point',(-47.740865168,3.26277291997,50.2044166898)) ;
#687=CARTESIAN_POINT('Control Point',(-46.7385499776,3.7912299247,49.8536079823)) ;
#688=CARTESIAN_POINT('Control Point',(-46.8917767796,3.81189141735,49.7990796872)) ;
#689=CARTESIAN_POINT('Control Point',(-47.0450035817,3.80141703295,49.7326053602)) ;
#690=CARTESIAN_POINT('Control Point',(-47.189800835,3.75860128567,49.6572427645)) ;
#691=CARTESIAN_POINT('Control Point',(-47.3178028301,3.68584934218,49.5774184974)) ;
#692=CARTESIAN_POINT('Control Point',(-47.4231875227,3.58848413881,49.4975942303)) ;
#693=CARTESIAN_POINT('Control Point',(-46.5659136687,3.94132633884,49.4689069265)) ;
#694=CARTESIAN_POINT('Control Point',(-46.7076557047,3.96449182884,49.4103659195)) ;
#695=CARTESIAN_POINT('Control Point',(-46.8493977407,3.96003522763,49.3407607492)) ;
#696=CARTESIAN_POINT('Control Point',(-46.9842131198,3.92675873347,49.2630243273)) ;
#697=CARTESIAN_POINT('Control Point',(-47.1052167388,3.86629491408,49.1812096049)) ;
#698=CARTESIAN_POINT('Control Point',(-47.2073921117,3.7826878886,49.0993948826)) ;
#699=CARTESIAN_POINT('Control Point',(-46.2064994122,4.20966142748,48.8167144798)) ;
#700=CARTESIAN_POINT('Control Point',(-46.3256713424,4.23754327042,48.7510490599)) ;
#701=CARTESIAN_POINT('Control Point',(-46.4448432726,4.24379883023,48.6760693483)) ;
#702=CARTESIAN_POINT('Control Point',(-46.5594908156,4.2272934265,48.5943898373)) ;
#703=CARTESIAN_POINT('Control Point',(-46.6651050967,4.1885955352,48.5093541693)) ;
#704=CARTESIAN_POINT('Control Point',(-46.7581242452,4.12987563694,48.4243185012)) ;
#705=CARTESIAN_POINT('Control Point',(-45.7296651551,4.45891405951,48.2564657371)) ;
#706=CARTESIAN_POINT('Control Point',(-45.8214417237,4.49151133352,48.1842654415)) ;
#707=CARTESIAN_POINT('Control Point',(-45.9132182923,4.5076549737,48.1045895895)) ;
#708=CARTESIAN_POINT('Control Point',(-46.0023014983,4.50634538234,48.0196277106)) ;
#709=CARTESIAN_POINT('Control Point',(-46.0860037147,4.48758274634,47.932019805)) ;
#710=CARTESIAN_POINT('Control Point',(-46.1620814594,4.45237371134,47.8444118995)) ;
#711=CARTESIAN_POINT('Control Point',(-45.4965159133,4.56092927184,48.0346815694)) ;
#712=CARTESIAN_POINT('Control Point',(-45.5753101536,4.59551635391,47.9598243195)) ;
#713=CARTESIAN_POINT('Control Point',(-45.6541043939,4.61569554575,47.8782775506)) ;
#714=CARTESIAN_POINT('Control Point',(-45.7308836504,4.62053797608,47.7920339736)) ;
#715=CARTESIAN_POINT('Control Point',(-45.8036363271,4.60988338129,47.7034398988)) ;
#716=CARTESIAN_POINT('Control Point',(-45.8706447358,4.58436714209,47.6148458241)) ;
#717=CARTESIAN_POINT('Control Point',(-45.0724471015,4.70449096267,47.7304741293)) ;
#718=CARTESIAN_POINT('Control Point',(-45.1283243947,4.74194685711,47.6519009476)) ;
#719=CARTESIAN_POINT('Control Point',(-45.1842016879,4.76779309081,47.5677771205)) ;
#720=CARTESIAN_POINT('Control Point',(-45.2389376485,4.78121923124,47.4797935688)) ;
#721=CARTESIAN_POINT('Control Point',(-45.291392161,4.78191618218,47.3898790125)) ;
#722=CARTESIAN_POINT('Control Point',(-45.3405589722,4.77011561141,47.2999644562)) ;
#723=CARTESIAN_POINT('Control Point',(-44.5859720354,4.79213093985,47.5496502214)) ;
#724=CARTESIAN_POINT('Control Point',(-44.6163481497,4.8313803136,47.4688230464)) ;
#725=CARTESIAN_POINT('Control Point',(-44.646724264,4.86067826048,47.3831606445)) ;
#726=CARTESIAN_POINT('Control Point',(-44.6765557213,4.87929866979,47.2941542245)) ;
#727=CARTESIAN_POINT('Control Point',(-44.7052983374,4.88688929175,47.2034750317)) ;
#728=CARTESIAN_POINT('Control Point',(-44.7324649859,4.88350956983,47.1127958391)) ;
#729=CARTESIAN_POINT('Control Point',(-44.3933927151,4.8155678433,47.5017522656)) ;
#730=CARTESIAN_POINT('Control Point',(-44.413757266,4.85530109093,47.4203239063)) ;
#731=CARTESIAN_POINT('Control Point',(-44.4341218168,4.88552138933,47.3342534035)) ;
#732=CARTESIAN_POINT('Control Point',(-44.4541352487,4.90552641493,47.244977081)) ;
#733=CARTESIAN_POINT('Control Point',(-44.4734467259,4.91495689599,47.1540971711)) ;
#734=CARTESIAN_POINT('Control Point',(-44.4917409748,4.91383353654,47.0632172611)) ;
#735=CARTESIAN_POINT('Control Point',(-44.1966789678,4.82723776795,47.4778895024)) ;
#736=CARTESIAN_POINT('Control Point',(-44.2068604433,4.86721189424,47.3961617533)) ;
#737=CARTESIAN_POINT('Control Point',(-44.2170419187,4.89789152351,47.3098879489)) ;
#738=CARTESIAN_POINT('Control Point',(-44.227047793,4.91858613601,47.2204771287)) ;
#739=CARTESIAN_POINT('Control Point',(-44.2367026075,4.92893283903,47.1294971661)) ;
#740=CARTESIAN_POINT('Control Point',(-44.2458486776,4.92893283621,47.0385172036)) ;
#741=CARTESIAN_POINT('Control Point',(-44.0000000035,4.82723758611,47.4778899885)) ;
#742=CARTESIAN_POINT('Control Point',(-43.9999999989,4.86721168956,47.3961622394)) ;
#743=CARTESIAN_POINT('Control Point',(-43.9999999942,4.89789130079,47.3098884376)) ;
#744=CARTESIAN_POINT('Control Point',(-43.9999999897,4.91858590082,47.2204776218)) ;
#745=CARTESIAN_POINT('Control Point',(-43.9999999853,4.92893259735,47.1294976645)) ;
#746=CARTESIAN_POINT('Control Point',(-43.9999999811,4.92893259402,47.0385177073)) ;
#748=CARTESIAN_POINT('Control Point',(-47.8729833505,1.92893217166,60.000000003)) ;
#749=CARTESIAN_POINT('Control Point',(-48.2025123694,1.92893217166,60.000000003)) ;
#750=CARTESIAN_POINT('Control Point',(-48.5343238685,1.78271910545,60.000000003)) ;
#751=CARTESIAN_POINT('Control Point',(-48.7588469347,1.49799726854,60.000000003)) ;
#752=CARTESIAN_POINT('Control Point',(-48.8412291881,1.17893216754,60.000000003)) ;
#753=CARTESIAN_POINT('Vertex',(-48.8412291881,1.17893216754,60.000000003)) ;
#757=CARTESIAN_POINT('Control Point',(-48.8412291881,1.17893216754,60.000000003)) ;
#758=CARTESIAN_POINT('Control Point',(-48.8412291881,1.17893216754,59.0102176482)) ;
#759=CARTESIAN_POINT('Control Point',(-48.8278314406,1.23082142124,58.0204353632)) ;
#760=CARTESIAN_POINT('Control Point',(-48.8009348028,1.33461658184,57.0334339095)) ;
#761=CARTESIAN_POINT('Control Point',(-48.7243276616,1.59437380852,55.3925040617)) ;
#762=CARTESIAN_POINT('Control Point',(-48.5593192433,1.99325077218,53.7818388887)) ;
#763=CARTESIAN_POINT('Control Point',(-48.4747537673,2.17547527365,53.14080561)) ;
#764=CARTESIAN_POINT('Control Point',(-48.3110916178,2.48322022694,52.1829323733)) ;
#765=CARTESIAN_POINT('Control Point',(-48.0733846347,2.83400397499,51.251987764)) ;
#766=CARTESIAN_POINT('Control Point',(-47.9834120806,2.95714530342,50.9409654059)) ;
#767=CARTESIAN_POINT('Control Point',(-47.8125503607,3.17241562676,50.4222086011)) ;
#768=CARTESIAN_POINT('Control Point',(-47.6047307191,3.39736023214,49.9187716398)) ;
#769=CARTESIAN_POINT('Control Point',(-47.5128268797,3.49083357883,49.7155517391)) ;
#770=CARTESIAN_POINT('Control Point',(-47.3115695557,3.68211654936,49.311077196)) ;
#771=CARTESIAN_POINT('Control Point',(-47.0759813633,3.87547327407,48.9234722348)) ;
#772=CARTESIAN_POINT('Control Point',(-46.9467325797,3.97352096474,48.731971597)) ;
#773=CARTESIAN_POINT('Control Point',(-46.6909288347,4.15112387247,48.3934669196)) ;
#774=CARTESIAN_POINT('Control Point',(-46.3953251622,4.32200420893,48.0808823322)) ;
#775=CARTESIAN_POINT('Control Point',(-46.2527938663,4.39726760443,47.9456558266)) ;
#776=CARTESIAN_POINT('Control Point',(-45.9718613912,4.53090151607,47.7094191411)) ;
#777=CARTESIAN_POINT('Control Point',(-45.6578349235,4.64995283115,47.5045281326)) ;
#778=CARTESIAN_POINT('Control Point',(-45.5063167293,4.70082987591,47.4179897964)) ;
#779=CARTESIAN_POINT('Control Point',(-45.2078595379,4.78745550004,47.2720458218)) ;
#780=CARTESIAN_POINT('Control Point',(-44.886856419,4.85330545453,47.1627885626)) ;
#781=CARTESIAN_POINT('Control Point',(-44.7318102645,4.87892697188,47.1205463172)) ;
#782=CARTESIAN_POINT('Control Point',(-44.4926245472,4.90857293775,47.0718412106)) ;
#783=CARTESIAN_POINT('Control Point',(-44.2484639098,4.92377984235,47.0469457917)) ;
#784=CARTESIAN_POINT('Control Point',(-44.1657710061,4.9272150429,47.0413269631)) ;
#785=CARTESIAN_POINT('Control Point',(-44.0828870244,4.92893267567,47.0385175375)) ;
#786=CARTESIAN_POINT('Control Point',(-43.9999999811,4.92893259402,47.0385177073)) ;
#796=CARTESIAN_POINT('Control Point',(-44.,4.82723727232,72.5221091816)) ;
#797=CARTESIAN_POINT('Control Point',(-44.,4.86721133694,72.6038369314)) ;
#798=CARTESIAN_POINT('Control Point',(-44.,4.89789091853,72.6901107291)) ;
#799=CARTESIAN_POINT('Control Point',(-44.,4.91858549947,72.7795215375)) ;
#800=CARTESIAN_POINT('Control Point',(-44.,4.92893218813,72.8705014855)) ;
#801=CARTESIAN_POINT('Control Point',(-44.,4.92893218813,72.9614814335)) ;
#802=CARTESIAN_POINT('Control Point',(-44.277540216,4.82723727232,72.5221091816)) ;
#803=CARTESIAN_POINT('Control Point',(-44.2919076426,4.86721133694,72.6038369314)) ;
#804=CARTESIAN_POINT('Control Point',(-44.3062750693,4.89789091853,72.6901107292)) ;
#805=CARTESIAN_POINT('Control Point',(-44.3203946994,4.91858549946,72.7795215375)) ;
#806=CARTESIAN_POINT('Control Point',(-44.3340189376,4.92893218813,72.8705014855)) ;
#807=CARTESIAN_POINT('Control Point',(-44.34692527,4.92893218813,72.9614814335)) ;
#808=CARTESIAN_POINT('Control Point',(-44.5551392054,4.80399730345,72.4745934763)) ;
#809=CARTESIAN_POINT('Control Point',(-44.5838754934,4.84349221398,72.5557248876)) ;
#810=CARTESIAN_POINT('Control Point',(-44.6126117814,4.87325738668,72.6415938222)) ;
#811=CARTESIAN_POINT('Control Point',(-44.6408532208,4.89257875911,72.7307368691)) ;
#812=CARTESIAN_POINT('Control Point',(-44.668105364,4.90110062717,72.8215176926)) ;
#813=CARTESIAN_POINT('Control Point',(-44.693924,4.89886300411,72.912298516)) ;
#814=CARTESIAN_POINT('Control Point',(-44.8204570622,4.75736084842,72.3792748191)) ;
#815=CARTESIAN_POINT('Control Point',(-44.8630520941,4.79589222846,72.4592100664)) ;
#816=CARTESIAN_POINT('Control Point',(-44.9056471261,4.82382161757,72.5442669176)) ;
#817=CARTESIAN_POINT('Control Point',(-44.9474472306,4.84038768145,72.6328727886)) ;
#818=CARTESIAN_POINT('Control Point',(-44.9876582082,4.84524869854,72.72325406)) ;
#819=CARTESIAN_POINT('Control Point',(-45.0255713731,4.83852181162,72.8136353315)) ;
#820=CARTESIAN_POINT('Control Point',(-45.4224030828,4.60348730879,72.0585606801)) ;
#821=CARTESIAN_POINT('Control Point',(-45.4969576314,4.63889986412,72.1345275809)) ;
#822=CARTESIAN_POINT('Control Point',(-45.57151218,4.66076406661,72.2168595623)) ;
#823=CARTESIAN_POINT('Control Point',(-45.6443259402,4.66817918591,72.3036438538)) ;
#824=CARTESIAN_POINT('Control Point',(-45.7136603428,4.66091124923,72.3926559684)) ;
#825=CARTESIAN_POINT('Control Point',(-45.7780037877,4.63943127128,72.481668083)) ;
#826=CARTESIAN_POINT('Control Point',(-45.9048381174,4.37982816291,71.5698223811)) ;
#827=CARTESIAN_POINT('Control Point',(-46.0064179544,4.41089469404,71.6399600446)) ;
#828=CARTESIAN_POINT('Control Point',(-46.1079977913,4.42390667627,71.718173992)) ;
#829=CARTESIAN_POINT('Control Point',(-46.2063479448,4.41781268839,71.8021273215)) ;
#830=CARTESIAN_POINT('Control Point',(-46.2982468341,4.39275392719,71.8889541834)) ;
#831=CARTESIAN_POINT('Control Point',(-46.3810477424,4.35004740248,71.9757810455)) ;
#832=CARTESIAN_POINT('Control Point',(-46.1476882437,4.2379225974,71.2466283661)) ;
#833=CARTESIAN_POINT('Control Point',(-46.2635212056,4.26634096735,71.3130339498)) ;
#834=CARTESIAN_POINT('Control Point',(-46.3793541675,4.27371760155,71.3885448248)) ;
#835=CARTESIAN_POINT('Control Point',(-46.4908680723,4.25893366254,71.4705951231)) ;
#836=CARTESIAN_POINT('Control Point',(-46.593758266,4.22249459958,71.555921013)) ;
#837=CARTESIAN_POINT('Control Point',(-46.6846102788,4.16644165674,71.6412469031)) ;
#838=CARTESIAN_POINT('Control Point',(-46.6570225903,3.88622874195,70.406792311)) ;
#839=CARTESIAN_POINT('Control Point',(-46.804141247,3.90836479049,70.4638811611)) ;
#840=CARTESIAN_POINT('Control Point',(-46.9512599037,3.90171964186,70.5324410073)) ;
#841=CARTESIAN_POINT('Control Point',(-47.0910294243,3.86507124129,70.6094497398)) ;
#842=CARTESIAN_POINT('Control Point',(-47.2161433077,3.80018902485,70.6906963306)) ;
#843=CARTESIAN_POINT('Control Point',(-47.3212782745,3.71139929635,70.7719429212)) ;
#844=CARTESIAN_POINT('Control Point',(-47.0024079129,3.53666668395,69.4654160542)) ;
#845=CARTESIAN_POINT('Control Point',(-47.173985851,3.55324725712,69.5131176281)) ;
#846=CARTESIAN_POINT('Control Point',(-47.3455637891,3.53253648568,69.5741156407)) ;
#847=CARTESIAN_POINT('Control Point',(-47.5059753268,3.4733421354,69.6452064424)) ;
#848=CARTESIAN_POINT('Control Point',(-47.644170244,3.37961228291,69.7213711769)) ;
#849=CARTESIAN_POINT('Control Point',(-47.7530098391,3.25911487274,69.7975359115)) ;
#850=CARTESIAN_POINT('Control Point',(-47.1652484533,3.34214529067,68.8946428536)) ;
#851=CARTESIAN_POINT('Control Point',(-47.3494619504,3.35589609976,68.9370921177)) ;
#852=CARTESIAN_POINT('Control Point',(-47.5336754476,3.32730875394,68.99361198)) ;
#853=CARTESIAN_POINT('Control Point',(-47.704305299,3.25524675334,69.0610036819)) ;
#854=CARTESIAN_POINT('Control Point',(-47.8479497837,3.14524744675,69.1338696396)) ;
#855=CARTESIAN_POINT('Control Point',(-47.9565604802,3.00743153652,69.2067355966)) ;
#856=CARTESIAN_POINT('Control Point',(-47.4310047132,2.97434562391,67.7119928289)) ;
#857=CARTESIAN_POINT('Control Point',(-47.6377951583,2.98319698998,67.7445108648)) ;
#858=CARTESIAN_POINT('Control Point',(-47.8445856033,2.93963832793,67.7920197766)) ;
#859=CARTESIAN_POINT('Control Point',(-48.0327279682,2.84267609147,67.851507653)) ;
#860=CARTESIAN_POINT('Control Point',(-48.1839459508,2.7015513232,67.9170483546)) ;
#861=CARTESIAN_POINT('Control Point',(-48.2887559798,2.53155051266,67.9825890567)) ;
#862=CARTESIAN_POINT('Control Point',(-47.5969001641,2.66552163652,66.4852930276)) ;
#863=CARTESIAN_POINT('Control Point',(-47.8210902106,2.67102429824,66.5094888949)) ;
#864=CARTESIAN_POINT('Control Point',(-48.0452802571,2.61476815897,66.5482649527)) ;
#865=CARTESIAN_POINT('Control Point',(-48.2457358909,2.49591611277,66.5990607052)) ;
#866=CARTESIAN_POINT('Control Point',(-48.399389619,2.32804933388,66.6559539433)) ;
#867=CARTESIAN_POINT('Control Point',(-48.496125115,2.13197549018,66.7128471808)) ;
#868=CARTESIAN_POINT('Control Point',(-47.6619785073,2.52656122429,65.8591912963)) ;
#869=CARTESIAN_POINT('Control Point',(-47.8938047894,2.53073418797,65.8796528584)) ;
#870=CARTESIAN_POINT('Control Point',(-48.1256310716,2.46873810375,65.9141454215)) ;
#871=CARTESIAN_POINT('Control Point',(-48.3312434566,2.33980380755,65.9603774764)) ;
#872=CARTESIAN_POINT('Control Point',(-48.4852685137,2.15976716087,66.0125772279)) ;
#873=CARTESIAN_POINT('Control Point',(-48.5774730607,1.95218025823,66.0647769777)) ;
#874=CARTESIAN_POINT('Control Point',(-47.7852297287,2.23169104279,64.3268120338)) ;
#875=CARTESIAN_POINT('Control Point',(-48.0330052759,2.23335243233,64.3393289714)) ;
#876=CARTESIAN_POINT('Control Point',(-48.2807808231,2.15913632847,64.3637769638)) ;
#877=CARTESIAN_POINT('Control Point',(-48.496746548,2.00839982083,64.3985462629)) ;
#878=CARTESIAN_POINT('Control Point',(-48.650385654,1.80230452603,64.4385881146)) ;
#879=CARTESIAN_POINT('Control Point',(-48.7315372651,1.57065969074,64.4786299686)) ;
#880=CARTESIAN_POINT('Control Point',(-47.8429427023,2.04110933928,62.7674209749)) ;
#881=CARTESIAN_POINT('Control Point',(-48.1006978285,2.04164226031,62.774393134)) ;
#882=CARTESIAN_POINT('Control Point',(-48.3584529548,1.9594659285,62.7895935726)) ;
#883=CARTESIAN_POINT('Control Point',(-48.5802457079,1.79397991266,62.8120793076)) ;
#884=CARTESIAN_POINT('Control Point',(-48.731844993,1.57067112134,62.8383014102)) ;
#885=CARTESIAN_POINT('Control Point',(-48.8036782299,1.32407362654,62.8645235095)) ;
#886=CARTESIAN_POINT('Control Point',(-47.862990948,1.96632070248,61.8465736069)) ;
#887=CARTESIAN_POINT('Control Point',(-48.1246603539,1.96649896486,61.8509829233)) ;
#888=CARTESIAN_POINT('Control Point',(-48.3863297598,1.88119201022,61.8610210403)) ;
#889=CARTESIAN_POINT('Control Point',(-48.6103115638,1.70979972333,61.8760825376)) ;
#890=CARTESIAN_POINT('Control Point',(-48.7608565633,1.4796732475,61.893724126)) ;
#891=CARTESIAN_POINT('Control Point',(-48.828738685,1.22730767891,61.9113657103)) ;
#892=CARTESIAN_POINT('Control Point',(-47.8729833505,1.92893217166,60.9232867963)) ;
#893=CARTESIAN_POINT('Control Point',(-48.1366065656,1.92893217166,60.9254919038)) ;
#894=CARTESIAN_POINT('Control Point',(-48.4002297808,1.84206067218,60.9305113029)) ;
#895=CARTESIAN_POINT('Control Point',(-48.6253046149,1.66771845463,60.9380419633)) ;
#896=CARTESIAN_POINT('Control Point',(-48.7753233854,1.43418424834,60.9468623937)) ;
#897=CARTESIAN_POINT('Control Point',(-48.8412291881,1.17893216754,60.9556828241)) ;
#898=CARTESIAN_POINT('Control Point',(-47.8729833505,1.92893217166,60.000000003)) ;
#899=CARTESIAN_POINT('Control Point',(-48.1366065656,1.92893217166,60.000000003)) ;
#900=CARTESIAN_POINT('Control Point',(-48.4002297808,1.84206067218,60.000000003)) ;
#901=CARTESIAN_POINT('Control Point',(-48.6253046149,1.66771845463,60.000000003)) ;
#902=CARTESIAN_POINT('Control Point',(-48.7753233854,1.43418424834,60.000000003)) ;
#903=CARTESIAN_POINT('Control Point',(-48.8412291881,1.17893216754,60.000000003)) ;
#905=CARTESIAN_POINT('Control Point',(-44.,4.92893218813,72.9614814335)) ;
#906=CARTESIAN_POINT('Control Point',(-44.1358900808,4.92893218813,72.9614814335)) ;
#907=CARTESIAN_POINT('Control Point',(-44.2717800488,4.92431565962,72.9539305679)) ;
#908=CARTESIAN_POINT('Control Point',(-44.4067554695,4.91508389713,72.9388317368)) ;
#909=CARTESIAN_POINT('Control Point',(-44.747090852,4.88024211421,72.8816985533)) ;
#910=CARTESIAN_POINT('Control Point',(-45.0721843528,4.81874205807,72.7799848312)) ;
#911=CARTESIAN_POINT('Control Point',(-45.2621458721,4.77262706352,72.7031623131)) ;
#912=CARTESIAN_POINT('Control Point',(-45.6408729909,4.66160768431,72.5161124202)) ;
#913=CARTESIAN_POINT('Control Point',(-45.979274634,4.52623694067,72.2821325183)) ;
#914=CARTESIAN_POINT('Control Point',(-46.1450661706,4.45058178288,72.1493286791)) ;
#915=CARTESIAN_POINT('Control Point',(-46.4829539409,4.27843147409,71.8416932267)) ;
#916=CARTESIAN_POINT('Control Point',(-46.7738802898,4.09491446081,71.5002186762)) ;
#917=CARTESIAN_POINT('Control Point',(-46.9186974917,3.99398554201,71.3078238528)) ;
#918=CARTESIAN_POINT('Control Point',(-47.2154788477,3.76829898801,70.8662832208)) ;
#919=CARTESIAN_POINT('Control Point',(-47.4619437912,3.5432167788,70.3986807121)) ;
#920=CARTESIAN_POINT('Control Point',(-47.5841944887,3.42104257749,70.135633593)) ;
#921=CARTESIAN_POINT('Control Point',(-47.8221450572,3.16324006349,69.5592524783)) ;
#922=CARTESIAN_POINT('Control Point',(-48.0126540448,2.91852758197,68.9633826712)) ;
#923=CARTESIAN_POINT('Control Point',(-48.1029167782,2.79232134838,68.6405774684)) ;
#924=CARTESIAN_POINT('Control Point',(-48.3365343226,2.43952837372,67.6901506025)) ;
#925=CARTESIAN_POINT('Control Point',(-48.4960728055,2.13199819813,66.7129515394)) ;
#926=CARTESIAN_POINT('Control Point',(-48.5774730607,1.95218025823,66.0647769777)) ;
#927=CARTESIAN_POINT('Control Point',(-48.7315372651,1.57065969074,64.4786299686)) ;
#928=CARTESIAN_POINT('Control Point',(-48.8036782299,1.32407362654,62.8645235095)) ;
#929=CARTESIAN_POINT('Control Point',(-48.828738685,1.22730767891,61.9113657103)) ;
#930=CARTESIAN_POINT('Control Point',(-48.8412291881,1.17893216754,60.9556828241)) ;
#931=CARTESIAN_POINT('Control Point',(-48.8412291881,1.17893216754,60.000000003)) ;
#940=CARTESIAN_POINT('Axis2P3D Location',(-44.,-0.0710678118655,57.4999999997)) ;
#945=CARTESIAN_POINT('Axis2P3D Location',(-44.,-0.0710678118655,42.)) ;
#949=CARTESIAN_POINT('Vertex',(-49.,-0.0710678118655,42.)) ;
#952=CARTESIAN_POINT('Line Origine',(-49.,-0.0710678118655,57.4999999997)) ;
#956=CARTESIAN_POINT('Vertex',(-49.,-0.0710678118655,73.)) ;
#959=CARTESIAN_POINT('Axis2P3D Location',(-44.,-0.0710678118655,73.)) ;
#974=CARTESIAN_POINT('Axis2P3D Location',(-44.,-0.0710678118655,73.)) ;
#979=CARTESIAN_POINT('Axis2P3D Location',(-48.,-0.0710678118655,73.)) ;
#983=CARTESIAN_POINT('Vertex',(-48.,-0.0710678118655,74.)) ;
#986=CARTESIAN_POINT('Axis2P3D Location',(-44.,-0.0710678118655,74.)) ;
#998=CARTESIAN_POINT('Axis2P3D Location',(-44.,-0.0710678118655,42.)) ;
#1003=CARTESIAN_POINT('Axis2P3D Location',(-44.,-0.0710678118655,41.)) ;
#1007=CARTESIAN_POINT('Vertex',(-48.,-0.0710678118655,41.)) ;
#1010=CARTESIAN_POINT('Axis2P3D Location',(-48.,-0.0710678118655,42.)) ;
#1022=CARTESIAN_POINT('Axis2P3D Location',(-49.,-36.8972454837,74.)) ;
#1027=CARTESIAN_POINT('Line Origine',(-49.,-17.5742310621,73.)) ;
#1031=CARTESIAN_POINT('Vertex',(-49.,-35.0773943124,73.)) ;
#1034=CARTESIAN_POINT('Line Origine',(-49.,-17.5742310621,42.)) ;
#1038=CARTESIAN_POINT('Vertex',(-49.,-35.0773943124,42.)) ;
#1041=CARTESIAN_POINT('Line Origine',(-49.,-35.0773943124,57.5)) ;
#1054=CARTESIAN_POINT('Axis2P3D Location',(-48.,-29.3899344024,73.)) ;
#1059=CARTESIAN_POINT('Axis2P3D Location',(-48.,-35.0773943124,73.)) ;
#1063=CARTESIAN_POINT('Vertex',(-48.,-35.0773943124,74.)) ;
#1066=CARTESIAN_POINT('Line Origine',(-48.,-29.3899344024,74.)) ;
#1078=CARTESIAN_POINT('Axis2P3D Location',(-48.,-22.1125121927,42.)) ;
#1083=CARTESIAN_POINT('Line Origine',(-48.,-22.1125121927,41.)) ;
#1087=CARTESIAN_POINT('Vertex',(-48.,-35.0773943124,41.)) ;
#1090=CARTESIAN_POINT('Axis2P3D Location',(-48.,-35.0773943124,42.)) ;
#1102=CARTESIAN_POINT('Axis2P3D Location',(-49.,-24.392245945,41.)) ;
#1108=CARTESIAN_POINT('Control Point',(-35.5279636391,-45.173974082,41.)) ;
#1109=CARTESIAN_POINT('Control Point',(-38.5921414116,-47.7451245208,41.)) ;
#1110=CARTESIAN_POINT('Vertex',(-38.5921414116,-47.7451245208,41.)) ;
#1112=CARTESIAN_POINT('Vertex',(-35.5279636391,-45.173974082,41.)) ;
#1116=CARTESIAN_POINT('Control Point',(-47.0641777725,-37.6485447511,41.)) ;
#1117=CARTESIAN_POINT('Control Point',(-38.5921414116,-47.7451245208,41.)) ;
#1118=CARTESIAN_POINT('Vertex',(-47.0641777725,-37.6485447511,41.)) ;
#1122=CARTESIAN_POINT('Control Point',(-48.,-35.0773943124,41.)) ;
#1123=CARTESIAN_POINT('Control Point',(-48.,-35.7755260132,41.)) ;
#1124=CARTESIAN_POINT('Control Point',(-47.8374039281,-36.4740951191,41.)) ;
#1125=CARTESIAN_POINT('Control Point',(-47.5129281797,-37.1137448411,41.)) ;
#1126=CARTESIAN_POINT('Control Point',(-47.0641777725,-37.6485447511,41.)) ;
#1128=CARTESIAN_POINT('Line Origine',(7.,-48.5755980483,41.)) ;
#1132=CARTESIAN_POINT('Vertex',(7.,3.,41.)) ;
#1136=CARTESIAN_POINT('Control Point',(5.82842712475,0.171572875254,41.)) ;
#1137=CARTESIAN_POINT('Control Point',(6.38378749202,0.726933242524,41.)) ;
#1138=CARTESIAN_POINT('Control Point',(6.79411429598,1.42842640141,41.)) ;
#1139=CARTESIAN_POINT('Control Point',(7.,2.2146018366,41.)) ;
#1140=CARTESIAN_POINT('Control Point',(7.,3.,41.)) ;
#1141=CARTESIAN_POINT('Vertex',(5.82842712475,0.171572875254,41.)) ;
#1145=CARTESIAN_POINT('Control Point',(5.82842712475,0.171572875254,41.)) ;
#1146=CARTESIAN_POINT('Control Point',(4.75735931288,-0.899494936612,41.)) ;
#1147=CARTESIAN_POINT('Vertex',(4.75735931288,-0.899494936612,41.)) ;
#1151=CARTESIAN_POINT('Control Point',(1.92893218813,-2.07106781187,41.)) ;
#1152=CARTESIAN_POINT('Control Point',(2.71433035153,-2.07106781187,41.)) ;
#1153=CARTESIAN_POINT('Control Point',(3.50050578672,-1.86518210785,41.)) ;
#1154=CARTESIAN_POINT('Control Point',(4.20199894561,-1.45485530388,41.)) ;
#1155=CARTESIAN_POINT('Control Point',(4.75735931288,-0.899494936612,41.)) ;
#1156=CARTESIAN_POINT('Vertex',(1.92893218813,-2.07106781187,41.)) ;
#1159=CARTESIAN_POINT('Line Origine',(-35.9397518588,-2.07106781187,41.)) ;
#1163=CARTESIAN_POINT('Vertex',(-38.,-2.07106781187,41.)) ;
#1167=CARTESIAN_POINT('Control Point',(-38.,-2.07106781187,41.)) ;
#1168=CARTESIAN_POINT('Control Point',(-39.8849555922,-2.07106781187,41.)) ;
#1169=CARTESIAN_POINT('Control Point',(-41.7716698602,-2.80915783614,41.)) ;
#1170=CARTESIAN_POINT('Control Point',(-43.2619099757,-4.29939795169,41.)) ;
#1171=CARTESIAN_POINT('Control Point',(-44.,-6.18611221971,41.)) ;
#1172=CARTESIAN_POINT('Control Point',(-44.,-8.07106781187,41.)) ;
#1173=CARTESIAN_POINT('Vertex',(-44.,-8.07106781187,41.)) ;
#1176=CARTESIAN_POINT('Line Origine',(-44.,-48.5755980483,41.)) ;
#1180=CARTESIAN_POINT('Vertex',(-44.,-33.257543141,41.)) ;
#1184=CARTESIAN_POINT('Control Point',(-44.,-33.257543141,41.)) ;
#1185=CARTESIAN_POINT('Control Point',(-44.,-34.130207767,41.)) ;
#1186=CARTESIAN_POINT('Control Point',(-43.7967549102,-35.0034191494,41.)) ;
#1187=CARTESIAN_POINT('Control Point',(-43.3911602246,-35.802981302,41.)) ;
#1188=CARTESIAN_POINT('Control Point',(-42.8302222156,-36.4714811895,41.)) ;
#1189=CARTESIAN_POINT('Vertex',(-42.8302222161,-36.4714811888,41.)) ;
#1193=CARTESIAN_POINT('Control Point',(-35.5279636391,-45.173974082,41.)) ;
#1194=CARTESIAN_POINT('Control Point',(-42.8302222161,-36.4714811888,41.)) ;
#1215=CARTESIAN_POINT('Axis2P3D Location',(-17.0021067088,-29.6289343646,40.)) ;
#1220=CARTESIAN_POINT('Axis2P3D Location',(-35.5279636391,-45.173974082,40.)) ;
#1224=CARTESIAN_POINT('Vertex',(-34.8851760294,-45.9400185252,40.)) ;
#1227=CARTESIAN_POINT('Line Origine',(-16.3593190991,-30.3949788077,40.)) ;
#1231=CARTESIAN_POINT('Vertex',(-37.9493538019,-48.5111689639,40.)) ;
#1234=CARTESIAN_POINT('Axis2P3D Location',(-38.5921414116,-47.7451245208,40.)) ;
#1246=CARTESIAN_POINT('Axis2P3D Location',(-39.,-33.257543141,42.)) ;
#1251=CARTESIAN_POINT('Axis2P3D Location',(-42.8302222156,-36.4714811895,42.)) ;
#1255=CARTESIAN_POINT('Vertex',(-42.0641777725,-35.8286935798,42.)) ;
#1258=CARTESIAN_POINT('Axis2P3D Location',(-44.,-33.257543141,42.)) ;
#1262=CARTESIAN_POINT('Vertex',(-43.,-33.257543141,42.)) ;
#1265=CARTESIAN_POINT('Axis2P3D Location',(-39.,-33.257543141,42.)) ;
#1277=CARTESIAN_POINT('Axis2P3D Location',(1.92893218813,1.92893218813,42.)) ;
#1282=CARTESIAN_POINT('Axis2P3D Location',(1.92893218813,-2.07106781187,42.)) ;
#1286=CARTESIAN_POINT('Vertex',(1.92893218813,-3.07106781187,42.)) ;
#1289=CARTESIAN_POINT('Axis2P3D Location',(4.75735931288,-0.899494936612,42.)) ;
#1293=CARTESIAN_POINT('Vertex',(5.46446609407,-1.6066017178,42.)) ;
#1296=CARTESIAN_POINT('Axis2P3D Location',(1.92893218813,1.92893218813,42.)) ;
#1308=CARTESIAN_POINT('Axis2P3D Location',(-20.5,-2.07106781187,42.)) ;
#1313=CARTESIAN_POINT('Axis2P3D Location',(-38.,-2.07106781187,42.)) ;
#1317=CARTESIAN_POINT('Vertex',(-38.,-3.07106781187,42.)) ;
#1320=CARTESIAN_POINT('Line Origine',(-20.5,-3.07106781187,42.)) ;
#1332=CARTESIAN_POINT('Axis2P3D Location',(-44.,-22.1125121927,42.)) ;
#1337=CARTESIAN_POINT('Axis2P3D Location',(-44.,-8.07106781187,42.)) ;
#1341=CARTESIAN_POINT('Vertex',(-43.,-8.07106781187,42.)) ;
#1344=CARTESIAN_POINT('Line Origine',(-43.,-22.1125121927,42.)) ;
#1356=CARTESIAN_POINT('Axis2P3D Location',(-17.4568400382,-23.1136942877,42.)) ;
#1361=CARTESIAN_POINT('Axis2P3D Location',(5.82842712475,0.171572875254,42.)) ;
#1365=CARTESIAN_POINT('Vertex',(6.53553390593,-0.535533905933,42.)) ;
#1368=CARTESIAN_POINT('Line Origine',(-16.749733257,-23.8208010689,42.)) ;
#1380=CARTESIAN_POINT('Axis2P3D Location',(7.,-22.1125121927,42.)) ;
#1385=CARTESIAN_POINT('Line Origine',(8.,-22.1125121927,42.)) ;
#1389=CARTESIAN_POINT('Vertex',(8.,3.,42.)) ;
#1392=CARTESIAN_POINT('Axis2P3D Location',(7.,3.,42.)) ;
#1404=CARTESIAN_POINT('Axis2P3D Location',(3.,3.,42.)) ;
#1409=CARTESIAN_POINT('Axis2P3D Location',(3.,3.,42.)) ;
#1421=CARTESIAN_POINT('Axis2P3D Location',(-38.,-8.07106781187,42.)) ;
#1426=CARTESIAN_POINT('Axis2P3D Location',(-38.,-8.07106781187,42.)) ;
#1438=CARTESIAN_POINT('Axis2P3D Location',(-37.9776143824,-42.2545940082,42.)) ;
#1443=CARTESIAN_POINT('Line Origine',(-37.2115699392,-41.6118063985,42.)) ;
#1447=CARTESIAN_POINT('Vertex',(-33.4763439766,-46.0632753586,42.)) ;
#1451=CARTESIAN_POINT('Control Point',(-33.4763439766,-46.0632753586,42.)) ;
#1452=CARTESIAN_POINT('Control Point',(-33.62156514,-45.8902075154,41.8870366324)) ;
#1453=CARTESIAN_POINT('Control Point',(-33.7790054041,-45.727392715,41.7740732648)) ;
#1454=CARTESIAN_POINT('Control Point',(-33.9479856297,-45.5759684794,41.6617673965)) ;
#1455=CARTESIAN_POINT('Control Point',(-34.2300259346,-45.3592939141,41.4881310503)) ;
#1456=CARTESIAN_POINT('Control Point',(-34.5459262709,-45.1910587418,41.3221643632)) ;
#1457=CARTESIAN_POINT('Control Point',(-34.6637651371,-45.1385303663,41.2641717666)) ;
#1458=CARTESIAN_POINT('Control Point',(-34.8359187654,-45.0782721997,41.185763203)) ;
#1459=CARTESIAN_POINT('Control Point',(-35.0182404537,-45.0496224474,41.1161923497)) ;
#1460=CARTESIAN_POINT('Control Point',(-35.0705614201,-45.0444807962,41.0974072835)) ;
#1461=CARTESIAN_POINT('Control Point',(-35.1972408589,-45.0407473757,41.0552636723)) ;
#1462=CARTESIAN_POINT('Control Point',(-35.3253318878,-45.0624428196,41.0224053474)) ;
#1463=CARTESIAN_POINT('Control Point',(-35.3997153949,-45.0859224188,41.0074924476)) ;
#1464=CARTESIAN_POINT('Control Point',(-35.4686559753,-45.1242090432,41.)) ;
#1465=CARTESIAN_POINT('Control Point',(-35.5279636391,-45.173974082,41.)) ;
#1475=CARTESIAN_POINT('Control Point',(-33.4763439766,-46.0632753586,42.)) ;
#1476=CARTESIAN_POINT('Control Point',(-33.4763439766,-46.0632753586,42.)) ;
#1477=CARTESIAN_POINT('Control Point',(-33.4763439766,-46.0632753586,42.)) ;
#1478=CARTESIAN_POINT('Control Point',(-33.4763439766,-46.0632753586,42.)) ;
#1479=CARTESIAN_POINT('Control Point',(-33.4763439766,-46.0632753586,42.)) ;
#1480=CARTESIAN_POINT('Control Point',(-33.4763439766,-46.0632753586,42.)) ;
#1481=CARTESIAN_POINT('Control Point',(-33.5489554297,-45.9767403985,41.7740759759)) ;
#1482=CARTESIAN_POINT('Control Point',(-33.5634773717,-45.9594338219,41.7966681072)) ;
#1483=CARTESIAN_POINT('Control Point',(-33.5779993168,-45.9421272418,41.8192602385)) ;
#1484=CARTESIAN_POINT('Control Point',(-33.5925212559,-45.9248206687,41.8418523653)) ;
#1485=CARTESIAN_POINT('Control Point',(-33.607043198,-45.907514092,41.8644445011)) ;
#1486=CARTESIAN_POINT('Control Point',(-33.62156514,-45.8902075154,41.8870366324)) ;
#1487=CARTESIAN_POINT('Control Point',(-33.6337869975,-45.9004097756,41.5480670129)) ;
#1488=CARTESIAN_POINT('Control Point',(-33.6677692857,-45.8699353812,41.5932596111)) ;
#1489=CARTESIAN_POINT('Control Point',(-33.6992973144,-45.8373879216,41.6384522092)) ;
#1490=CARTESIAN_POINT('Control Point',(-33.7283489563,-45.802765523,41.6836485406)) ;
#1491=CARTESIAN_POINT('Control Point',(-33.754923287,-45.766069287,41.7288471676)) ;
#1492=CARTESIAN_POINT('Control Point',(-33.779036614,-45.7273080233,41.7740353022)) ;
#1493=CARTESIAN_POINT('Control Point',(-33.7304599479,-45.8350234549,41.3236136625)) ;
#1494=CARTESIAN_POINT('Control Point',(-33.7868781316,-45.7972411672,41.3924892155)) ;
#1495=CARTESIAN_POINT('Control Point',(-33.8371748192,-45.7519916959,41.4613647685)) ;
#1496=CARTESIAN_POINT('Control Point',(-33.8810389785,-45.6997164265,41.5296052862)) ;
#1497=CARTESIAN_POINT('Control Point',(-33.9180770373,-45.6408843999,41.5965984792)) ;
#1498=CARTESIAN_POINT('Control Point',(-33.9478459848,-45.5759528645,41.6618062998)) ;
#1499=CARTESIAN_POINT('Control Point',(-33.9010666817,-45.7514341481,40.9762179675)) ;
#1500=CARTESIAN_POINT('Control Point',(-33.9950281249,-45.7144322264,41.0853684264)) ;
#1501=CARTESIAN_POINT('Control Point',(-34.0776175645,-45.6544353478,41.1945188853)) ;
#1502=CARTESIAN_POINT('Control Point',(-34.1456246758,-45.5733876286,41.3003191687)) ;
#1503=CARTESIAN_POINT('Control Point',(-34.1968624615,-45.4738954306,41.3993669129)) ;
#1504=CARTESIAN_POINT('Control Point',(-34.2301040756,-45.3593026518,41.4881092812)) ;
#1505=CARTESIAN_POINT('Control Point',(-34.1101862407,-45.710296489,40.6443534218)) ;
#1506=CARTESIAN_POINT('Control Point',(-34.2293898555,-45.6936821489,40.8041291149)) ;
#1507=CARTESIAN_POINT('Control Point',(-34.3410665299,-45.6283266201,40.9639048079)) ;
#1508=CARTESIAN_POINT('Control Point',(-34.4356027083,-45.5156627899,41.1109769931)) ;
#1509=CARTESIAN_POINT('Control Point',(-34.504951297,-45.365280811,41.2328266151)) ;
#1510=CARTESIAN_POINT('Control Point',(-34.5458825455,-45.1910538524,41.3221765445)) ;
#1511=CARTESIAN_POINT('Control Point',(-34.1907602518,-45.7025925306,40.5289662177)) ;
#1512=CARTESIAN_POINT('Control Point',(-34.3163192787,-45.6950244241,40.7080305203)) ;
#1513=CARTESIAN_POINT('Control Point',(-34.437355146,-45.6285817464,40.8870948229)) ;
#1514=CARTESIAN_POINT('Control Point',(-34.5416053043,-45.5043412458,41.0492792781)) ;
#1515=CARTESIAN_POINT('Control Point',(-34.6183954943,-45.3350240089,41.1779776864)) ;
#1516=CARTESIAN_POINT('Control Point',(-34.6635413223,-45.1391539913,41.264482994)) ;
#1517=CARTESIAN_POINT('Control Point',(-34.3604092726,-45.7015751253,40.3093104393)) ;
#1518=CARTESIAN_POINT('Control Point',(-34.4887021684,-45.7185228786,40.5322042682)) ;
#1519=CARTESIAN_POINT('Control Point',(-34.6239584914,-45.6539812085,40.7550980972)) ;
#1520=CARTESIAN_POINT('Control Point',(-34.748461325,-45.5056045092,40.948790122)) ;
#1521=CARTESIAN_POINT('Control Point',(-34.8441436115,-45.2949242619,41.0851729902)) ;
#1522=CARTESIAN_POINT('Control Point',(-34.9037864928,-45.054003371,41.1546553278)) ;
#1523=CARTESIAN_POINT('Control Point',(-34.5607232899,-45.7502068709,40.1263002795)) ;
#1524=CARTESIAN_POINT('Control Point',(-34.6597328838,-45.7848382949,40.3972300689)) ;
#1525=CARTESIAN_POINT('Control Point',(-34.7900883202,-45.7196307605,40.6681598584)) ;
#1526=CARTESIAN_POINT('Control Point',(-34.9341591996,-45.5479337724,40.8922943582)) ;
#1527=CARTESIAN_POINT('Control Point',(-35.0639222486,-45.3031441672,41.0260370944)) ;
#1528=CARTESIAN_POINT('Control Point',(-35.1629187067,-45.0325383194,41.0631500379)) ;
#1529=CARTESIAN_POINT('Control Point',(-34.6660952829,-45.7862940614,40.0461252671)) ;
#1530=CARTESIAN_POINT('Control Point',(-34.7403473743,-45.8287385942,40.3432896269)) ;
#1531=CARTESIAN_POINT('Control Point',(-34.8619504832,-45.7633722281,40.6404539867)) ;
#1532=CARTESIAN_POINT('Control Point',(-35.0156771139,-45.5801679637,40.8796101689)) ;
#1533=CARTESIAN_POINT('Control Point',(-35.1675177035,-45.3196568198,41.0078486861)) ;
#1534=CARTESIAN_POINT('Control Point',(-35.2940585076,-45.0379166324,41.0230626182)) ;
#1535=CARTESIAN_POINT('Control Point',(-34.7832343005,-45.854479258,40.)) ;
#1536=CARTESIAN_POINT('Control Point',(-34.8152602392,-45.8813522113,40.3141592654)) ;
#1537=CARTESIAN_POINT('Control Point',(-34.9140104185,-45.8031652813,40.6283185307)) ;
#1538=CARTESIAN_POINT('Control Point',(-35.0736219189,-45.6129477022,40.876629945)) ;
#1539=CARTESIAN_POINT('Control Point',(-35.2561101656,-45.3559677277,41.)) ;
#1540=CARTESIAN_POINT('Control Point',(-35.4260219102,-45.0884348149,41.)) ;
#1541=CARTESIAN_POINT('Control Point',(-34.8851760294,-45.9400185252,40.)) ;
#1542=CARTESIAN_POINT('Control Point',(-34.8851760294,-45.9400185252,40.3141592654)) ;
#1543=CARTESIAN_POINT('Control Point',(-34.9644767722,-45.8455115801,40.6283185307)) ;
#1544=CARTESIAN_POINT('Control Point',(-35.1240882726,-45.655294001,40.876629945)) ;
#1545=CARTESIAN_POINT('Control Point',(-35.3260259559,-45.4146340415,41.)) ;
#1546=CARTESIAN_POINT('Control Point',(-35.5279636391,-45.173974082,41.)) ;
#1548=CARTESIAN_POINT('Control Point',(-33.4763439766,-46.0632753586,42.)) ;
#1549=CARTESIAN_POINT('Control Point',(-33.477434827,-46.0619753338,41.996605917)) ;
#1550=CARTESIAN_POINT('Control Point',(-33.4785256773,-46.0606753089,41.9932118339)) ;
#1551=CARTESIAN_POINT('Control Point',(-33.4796247937,-46.0593822632,41.9898176946)) ;
#1552=CARTESIAN_POINT('Control Point',(-33.4809713608,-46.0577980471,41.9856594216)) ;
#1553=CARTESIAN_POINT('Control Point',(-33.482322058,-46.0562173337,41.9815012052)) ;
#1554=CARTESIAN_POINT('Control Point',(-33.4825704098,-46.0559269743,41.9807370739)) ;
#1555=CARTESIAN_POINT('Control Point',(-33.5300950375,-46.0004168536,41.8345941501)) ;
#1556=CARTESIAN_POINT('Control Point',(-33.582724316,-45.9492080515,41.6884790273)) ;
#1557=CARTESIAN_POINT('Control Point',(-33.6400583686,-45.90265768,41.543452563)) ;
#1558=CARTESIAN_POINT('Control Point',(-33.7352720142,-45.8388368266,41.3232685989)) ;
#1559=CARTESIAN_POINT('Control Point',(-33.8433750318,-45.787718503,41.1059764544)) ;
#1560=CARTESIAN_POINT('Control Point',(-33.8822241762,-45.7717230522,41.0315265473)) ;
#1561=CARTESIAN_POINT('Control Point',(-33.958751905,-45.7448628503,40.8919919478)) ;
#1562=CARTESIAN_POINT('Control Point',(-34.0417838818,-45.7251390902,40.7550297475)) ;
#1563=CARTESIAN_POINT('Control Point',(-34.0823575255,-45.7176101186,40.6913342946)) ;
#1564=CARTESIAN_POINT('Control Point',(-34.1610680899,-45.7072319362,40.5742453325)) ;
#1565=CARTESIAN_POINT('Control Point',(-34.2461408525,-45.7048840399,40.4612809812)) ;
#1566=CARTESIAN_POINT('Control Point',(-34.2869620514,-45.7057455732,40.4101223145)) ;
#1567=CARTESIAN_POINT('Control Point',(-34.3655565282,-45.7115096764,40.3179138871)) ;
#1568=CARTESIAN_POINT('Control Point',(-34.4501399558,-45.7266582566,40.2323848692)) ;
#1569=CARTESIAN_POINT('Control Point',(-34.4903861982,-45.7359067013,40.194814867)) ;
#1570=CARTESIAN_POINT('Control Point',(-34.5677203265,-45.7580773659,40.1293628999)) ;
#1571=CARTESIAN_POINT('Control Point',(-34.6495052654,-45.7912916688,40.0751099506)) ;
#1572=CARTESIAN_POINT('Control Point',(-34.6882239264,-45.8093320308,40.0529736307)) ;
#1573=CARTESIAN_POINT('Control Point',(-34.7518184666,-45.8434638518,40.0235107031)) ;
#1574=CARTESIAN_POINT('Control Point',(-34.8149268306,-45.8854014834,40.0066325494)) ;
#1575=CARTESIAN_POINT('Control Point',(-34.8389031288,-45.9026340543,40.002210962)) ;
#1576=CARTESIAN_POINT('Control Point',(-34.8623949337,-45.9209029162,40.)) ;
#1577=CARTESIAN_POINT('Control Point',(-34.8851760294,-45.9400185252,40.)) ;
#1585=CARTESIAN_POINT('Axis2P3D Location',(-44.,-35.0773943124,42.)) ;
#1590=CARTESIAN_POINT('Axis2P3D Location',(-47.0641777725,-37.6485447511,42.)) ;
#1594=CARTESIAN_POINT('Vertex',(-47.8302222156,-38.2913323608,42.)) ;
#1597=CARTESIAN_POINT('Axis2P3D Location',(-44.,-35.0773943124,42.)) ;
#1609=CARTESIAN_POINT('Axis2P3D Location',(-38.9543015727,-47.3135188477,42.)) ;
#1614=CARTESIAN_POINT('Line Origine',(-39.7203460158,-47.9563064574,42.)) ;
#1618=CARTESIAN_POINT('Vertex',(-39.3581858547,-48.3879121305,42.)) ;
#1621=CARTESIAN_POINT('Axis2P3D Location',(-38.5921414116,-47.7451245208,42.)) ;
#1633=CARTESIAN_POINT('Axis2P3D Location',(-38.5921414116,-47.7451245208,40.)) ;
#1638=CARTESIAN_POINT('Axis2P3D Location',(-37.3065661922,-49.277213407,40.)) ;
#1642=CARTESIAN_POINT('Vertex',(-38.0726106353,-49.9200010167,40.)) ;
#1645=CARTESIAN_POINT('Axis2P3D Location',(-39.3581858547,-48.3879121305,40.)) ;
#1657=CARTESIAN_POINT('Axis2P3D Location',(-39.,-33.257543141,74.)) ;
#1662=CARTESIAN_POINT('Line Origine',(-43.,-33.257543141,74.)) ;
#1666=CARTESIAN_POINT('Vertex',(-43.,-33.2575431412,57.)) ;
#1669=CARTESIAN_POINT('Axis2P3D Location',(-39.,-33.257543141,57.)) ;
#1673=CARTESIAN_POINT('Vertex',(-42.064177773,-35.8286935791,57.)) ;
#1676=CARTESIAN_POINT('Line Origine',(-42.0641777725,-35.8286935798,74.)) ;
#1689=CARTESIAN_POINT('Axis2P3D Location',(0.,0.,57.)) ;
#1694=CARTESIAN_POINT('Line Origine',(-40.1796774726,-38.0745535824,57.)) ;
#1698=CARTESIAN_POINT('Vertex',(-38.2951771721,-40.3204135858,57.)) ;
#1701=CARTESIAN_POINT('Line Origine',(-43.,-20.6643054765,57.)) ;
#1705=CARTESIAN_POINT('Vertex',(-43.,-8.07106781187,57.)) ;
#1708=CARTESIAN_POINT('Axis2P3D Location',(-38.,-8.07106781187,57.)) ;
#1712=CARTESIAN_POINT('Vertex',(-38.,-3.07106781187,57.)) ;
#1715=CARTESIAN_POINT('Line Origine',(-18.0355339059,-3.07106781187,57.)) ;
#1719=CARTESIAN_POINT('Vertex',(1.92893218813,-3.07106781187,57.)) ;
#1722=CARTESIAN_POINT('Axis2P3D Location',(1.92893218813,1.92893218813,57.)) ;
#1726=CARTESIAN_POINT('Vertex',(2.63603896932,-3.02081528017,57.)) ;
#1729=CARTESIAN_POINT('Line Origine',(0.196699141101,-5.46015510839,57.)) ;
#1733=CARTESIAN_POINT('Vertex',(-2.24264068712,-7.89949493661,57.)) ;
#1736=CARTESIAN_POINT('Axis2P3D Location',(-5.07106781187,-5.07106781187,57.)) ;
#1740=CARTESIAN_POINT('Vertex',(-5.07106781187,-9.07106781187,57.)) ;
#1743=CARTESIAN_POINT('Line Origine',(-12.6665348176,-9.07106781187,57.)) ;
#1747=CARTESIAN_POINT('Vertex',(-20.2620018234,-9.07106781187,57.)) ;
#1750=CARTESIAN_POINT('Axis2P3D Location',(-20.2620018234,-15.0710678119,57.)) ;
#1754=CARTESIAN_POINT('Vertex',(-24.5046425105,-10.8284271247,57.)) ;
#1757=CARTESIAN_POINT('Line Origine',(-30.5401764165,-16.8639610307,57.)) ;
#1761=CARTESIAN_POINT('Vertex',(-36.5757103224,-22.8994949366,57.)) ;
#1764=CARTESIAN_POINT('Axis2P3D Location',(-32.3330696353,-27.1421356237,57.)) ;
#1768=CARTESIAN_POINT('Vertex',(-38.3330696353,-27.1421356237,57.)) ;
#1771=CARTESIAN_POINT('Line Origine',(-38.3330696353,-33.3946465758,57.)) ;
#1775=CARTESIAN_POINT('Vertex',(-38.3330696353,-39.6471575279,57.)) ;
#1778=CARTESIAN_POINT('Axis2P3D Location',(-32.3330696353,-39.6471575279,57.)) ;
#1800=CARTESIAN_POINT('Axis2P3D Location',(-38.3330696353,-22.2338486471,58.)) ;
#1805=CARTESIAN_POINT('Axis2P3D Location',(-38.3330696353,-27.1421356237,58.)) ;
#1809=CARTESIAN_POINT('Vertex',(-37.3330696353,-27.1421356237,58.)) ;
#1812=CARTESIAN_POINT('Line Origine',(-37.3330696353,-22.2338486471,58.)) ;
#1816=CARTESIAN_POINT('Vertex',(-37.3330696353,-39.6471575279,58.)) ;
#1819=CARTESIAN_POINT('Axis2P3D Location',(-38.3330696353,-39.6471575279,58.)) ;
#1831=CARTESIAN_POINT('Axis2P3D Location',(-37.3330696353,-41.4670086992,60.)) ;
#1836=CARTESIAN_POINT('Line Origine',(-37.3330696353,-33.3946465758,62.)) ;
#1840=CARTESIAN_POINT('Vertex',(-37.3330696353,-27.1421356237,62.)) ;
#1842=CARTESIAN_POINT('Vertex',(-37.3330696353,-39.6471575279,62.)) ;
#1845=CARTESIAN_POINT('Line Origine',(-37.3330696353,-39.6471575279,60.)) ;
#1850=CARTESIAN_POINT('Line Origine',(-37.3330696353,-27.1421356237,60.)) ;
#1862=CARTESIAN_POINT('Axis2P3D Location',(-38.3330696353,-22.2338486471,62.)) ;
#1867=CARTESIAN_POINT('Axis2P3D Location',(-38.3330696353,-27.1421356237,62.)) ;
#1871=CARTESIAN_POINT('Vertex',(-38.3330696353,-27.1421356237,63.)) ;
#1874=CARTESIAN_POINT('Line Origine',(-38.3330696353,-22.2338486471,63.)) ;
#1878=CARTESIAN_POINT('Vertex',(-38.3330696353,-39.6471575279,63.)) ;
#1881=CARTESIAN_POINT('Axis2P3D Location',(-38.3330696353,-39.6471575279,62.)) ;
#1893=CARTESIAN_POINT('Axis2P3D Location',(-32.3330696353,-27.1421356237,62.)) ;
#1898=CARTESIAN_POINT('Axis2P3D Location',(-36.5757103224,-22.8994949366,62.)) ;
#1902=CARTESIAN_POINT('Vertex',(-35.8686035412,-23.6066017178,62.)) ;
#1904=CARTESIAN_POINT('Vertex',(-36.5757103224,-22.8994949366,63.)) ;
#1907=CARTESIAN_POINT('Axis2P3D Location',(-32.3330696353,-27.1421356237,63.)) ;
#1912=CARTESIAN_POINT('Axis2P3D Location',(-32.3330696353,-27.1421356237,62.)) ;
#1924=CARTESIAN_POINT('Axis2P3D Location',(-32.3330696353,-27.1421356237,60.)) ;
#1929=CARTESIAN_POINT('Axis2P3D Location',(-32.3330696353,-27.1421356237,58.)) ;
#1933=CARTESIAN_POINT('Vertex',(-35.8686035412,-23.6066017178,58.)) ;
#1936=CARTESIAN_POINT('Line Origine',(-35.8686035412,-23.6066017178,60.)) ;
#1948=CARTESIAN_POINT('Axis2P3D Location',(-37.3330696353,-25.0710678119,60.)) ;
#1953=CARTESIAN_POINT('Line Origine',(-29.8330696353,-17.5710678119,58.)) ;
#1957=CARTESIAN_POINT('Vertex',(-23.7975357294,-11.5355339059,58.)) ;
#1960=CARTESIAN_POINT('Line Origine',(-23.7975357294,-11.5355339059,60.)) ;
#1964=CARTESIAN_POINT('Vertex',(-23.7975357294,-11.5355339059,62.)) ;
#1967=CARTESIAN_POINT('Line Origine',(-29.8330696353,-17.5710678119,62.)) ;
#1979=CARTESIAN_POINT('Axis2P3D Location',(-29.8624057754,-16.1861903896,58.)) ;
#1984=CARTESIAN_POINT('Axis2P3D Location',(-24.5046425105,-10.8284271247,58.)) ;
#1989=CARTESIAN_POINT('Axis2P3D Location',(-36.5757103224,-22.8994949366,58.)) ;
#2001=CARTESIAN_POINT('Axis2P3D Location',(-20.2620018234,-15.0710678119,58.)) ;
#2006=CARTESIAN_POINT('Axis2P3D Location',(-20.2620018234,-9.07106781187,58.)) ;
#2010=CARTESIAN_POINT('Vertex',(-20.2620018234,-10.0710678119,58.)) ;
#2013=CARTESIAN_POINT('Axis2P3D Location',(-20.2620018234,-15.0710678119,58.)) ;
#2025=CARTESIAN_POINT('Axis2P3D Location',(-18.767766953,-9.07106781187,58.)) ;
#2030=CARTESIAN_POINT('Axis2P3D Location',(-5.07106781187,-9.07106781187,58.)) ;
#2034=CARTESIAN_POINT('Vertex',(-5.07106781187,-10.0710678119,58.)) ;
#2037=CARTESIAN_POINT('Line Origine',(-18.767766953,-10.0710678119,58.)) ;
#2049=CARTESIAN_POINT('Axis2P3D Location',(-5.07106781187,-5.07106781187,58.)) ;
#2054=CARTESIAN_POINT('Axis2P3D Location',(-2.24264068712,-7.89949493661,58.)) ;
#2058=CARTESIAN_POINT('Vertex',(-1.53553390593,-8.6066017178,58.)) ;
#2061=CARTESIAN_POINT('Axis2P3D Location',(-5.07106781187,-5.07106781187,58.)) ;
#2073=CARTESIAN_POINT('Axis2P3D Location',(-16.5769943976,-22.2338486471,58.)) ;
#2078=CARTESIAN_POINT('Line Origine',(-15.8698876164,-22.9409554282,58.)) ;
#2082=CARTESIAN_POINT('Vertex',(5.46446609407,-1.6066017178,58.)) ;
#2086=CARTESIAN_POINT('Control Point',(2.63603896932,-3.02081528017,57.)) ;
#2087=CARTESIAN_POINT('Control Point',(3.30786483198,-2.92484015693,57.)) ;
#2088=CARTESIAN_POINT('Control Point',(3.95846566355,-2.71332207874,57.2045327564)) ;
#2089=CARTESIAN_POINT('Control Point',(4.51756289759,-2.41465263128,57.4436430793)) ;
#2090=CARTESIAN_POINT('Control Point',(5.02640159443,-2.04466621744,57.7229436838)) ;
#2091=CARTESIAN_POINT('Control Point',(5.46446609407,-1.6066017178,58.)) ;
#2100=CARTESIAN_POINT('Axis2P3D Location',(1.92893218813,1.92893218813,57.4999999997)) ;
#2105=CARTESIAN_POINT('Line Origine',(5.46446609407,-1.6066017178,57.4999999997)) ;
#2110=CARTESIAN_POINT('Line Origine',(1.92893218813,-3.07106781187,57.4999999997)) ;
#2123=CARTESIAN_POINT('Axis2P3D Location',(-4.07106781187,-3.07106781187,74.)) ;
#2128=CARTESIAN_POINT('Line Origine',(-38.,-3.07106781187,57.5)) ;
#2140=CARTESIAN_POINT('Control Point',(0.5,-3.07106781187,52.)) ;
#2141=CARTESIAN_POINT('Control Point',(0.500000000003,-3.07106781187,51.0575222039)) ;
#2142=CARTESIAN_POINT('Control Point',(0.129889834965,-3.07106781187,50.1150444079)) ;
#2143=CARTESIAN_POINT('Control Point',(-0.615044407838,-3.07106781187,49.370110165)) ;
#2144=CARTESIAN_POINT('Control Point',(-2.49999999999,-3.07106781187,48.629889835)) ;
#2145=CARTESIAN_POINT('Control Point',(-4.38495559215,-3.07106781187,49.370110165)) ;
#2146=CARTESIAN_POINT('Control Point',(-5.12988983495,-3.07106781187,50.1150444078)) ;
#2147=CARTESIAN_POINT('Control Point',(-5.5,-3.07106781187,51.0575222039)) ;
#2148=CARTESIAN_POINT('Control Point',(-5.5,-3.07106781187,52.)) ;
#2149=CARTESIAN_POINT('Vertex',(-5.5,-3.07106781187,52.)) ;
#2151=CARTESIAN_POINT('Vertex',(0.5,-3.07106781187,52.)) ;
#2155=CARTESIAN_POINT('Control Point',(-5.5,-3.07106781187,52.)) ;
#2156=CARTESIAN_POINT('Control Point',(-5.5,-3.07106781187,52.9424777961)) ;
#2157=CARTESIAN_POINT('Control Point',(-5.12988983497,-3.07106781187,53.8849555921)) ;
#2158=CARTESIAN_POINT('Control Point',(-4.38495559216,-3.07106781187,54.629889835)) ;
#2159=CARTESIAN_POINT('Control Point',(-2.50000000001,-3.07106781187,55.370110165)) ;
#2160=CARTESIAN_POINT('Control Point',(-0.615044407854,-3.07106781187,54.629889835)) ;
#2161=CARTESIAN_POINT('Control Point',(0.129889834953,-3.07106781187,53.8849555922)) ;
#2162=CARTESIAN_POINT('Control Point',(0.499999999997,-3.07106781187,52.9424777961)) ;
#2163=CARTESIAN_POINT('Control Point',(0.5,-3.07106781187,52.)) ;
#2171=CARTESIAN_POINT('Axis2P3D Location',(-2.5,-1.07106781187,52.)) ;
#2176=CARTESIAN_POINT('Axis2P3D Location',(-2.5,-1.07106781187,52.)) ;
#2180=CARTESIAN_POINT('Vertex',(0.5,-1.07106781187,52.)) ;
#2182=CARTESIAN_POINT('Vertex',(-5.5,-1.07106781187,52.)) ;
#2185=CARTESIAN_POINT('Line Origine',(0.5,-1.07106781192,52.)) ;
#2190=CARTESIAN_POINT('Line Origine',(-5.5,-1.07106781192,52.)) ;
#2203=CARTESIAN_POINT('Axis2P3D Location',(-2.5,-1.07106781187,52.)) ;
#2213=CARTESIAN_POINT('Control Point',(-2.5,-1.07106781187,53.5999999996)) ;
#2214=CARTESIAN_POINT('Control Point',(-2.31410054,-1.07106781187,53.5999999996)) ;
#2215=CARTESIAN_POINT('Control Point',(-2.12820167659,-1.07106781187,53.5730010862)) ;
#2216=CARTESIAN_POINT('Control Point',(-1.94751466821,-1.07106781187,53.5189888927)) ;
#2217=CARTESIAN_POINT('Control Point',(-1.60707607483,-1.07106781187,53.3600780592)) ;
#2218=CARTESIAN_POINT('Control Point',(-1.32590924481,-1.07106781187,53.1108903227)) ;
#2219=CARTESIAN_POINT('Control Point',(-1.20450796745,-1.07106781187,52.9665752388)) ;
#2220=CARTESIAN_POINT('Control Point',(-1.0071335488,-1.07106781187,52.6468966092)) ;
#2221=CARTESIAN_POINT('Control Point',(-0.908852376543,-1.07106781187,52.2842809393)) ;
#2222=CARTESIAN_POINT('Control Point',(-0.886570288364,-1.07106781187,52.0970147569)) ;
#2223=CARTESIAN_POINT('Control Point',(-0.897021344672,-1.07106781187,51.7214593509)) ;
#2224=CARTESIAN_POINT('Control Point',(-1.01387325385,-1.07106781187,51.3643950088)) ;
#2225=CARTESIAN_POINT('Control Point',(-1.09802141737,-1.07106781187,51.195622382)) ;
#2226=CARTESIAN_POINT('Control Point',(-1.31286881208,-1.07106781187,50.8874151687)) ;
#2227=CARTESIAN_POINT('Control Point',(-1.60651306198,-1.07106781187,50.6530599482)) ;
#2228=CARTESIAN_POINT('Control Point',(-1.7694812873,-1.07106781187,50.5581575305)) ;
#2229=CARTESIAN_POINT('Control Point',(-2.01486778493,-1.07106781187,50.4598395455)) ;
#2230=CARTESIAN_POINT('Control Point',(-2.27279884925,-1.07106781187,50.413495489)) ;
#2231=CARTESIAN_POINT('Control Point',(-2.34858955003,-1.07106781187,50.4044775579)) ;
#2232=CARTESIAN_POINT('Control Point',(-2.42429482449,-1.07106781187,50.4000000004)) ;
#2233=CARTESIAN_POINT('Control Point',(-2.5,-1.07106781187,50.4000000004)) ;
#2234=CARTESIAN_POINT('Vertex',(-2.5,-1.07106781187,53.6)) ;
#2236=CARTESIAN_POINT('Vertex',(-2.5,-1.07106781187,50.4)) ;
#2240=CARTESIAN_POINT('Control Point',(-2.5,-1.07106781187,50.4000000004)) ;
#2241=CARTESIAN_POINT('Control Point',(-2.68589946,-1.07106781187,50.4000000004)) ;
#2242=CARTESIAN_POINT('Control Point',(-2.87179832341,-1.07106781187,50.4269989138)) ;
#2243=CARTESIAN_POINT('Control Point',(-3.05248533179,-1.07106781187,50.4810111073)) ;
#2244=CARTESIAN_POINT('Control Point',(-3.39292392517,-1.07106781187,50.6399219408)) ;
#2245=CARTESIAN_POINT('Control Point',(-3.67409075519,-1.07106781187,50.8891096773)) ;
#2246=CARTESIAN_POINT('Control Point',(-3.79549203255,-1.07106781187,51.0334247612)) ;
#2247=CARTESIAN_POINT('Control Point',(-3.9928664512,-1.07106781187,51.3531033908)) ;
#2248=CARTESIAN_POINT('Control Point',(-4.09114762346,-1.07106781187,51.7157190607)) ;
#2249=CARTESIAN_POINT('Control Point',(-4.11342971164,-1.07106781187,51.9029852431)) ;
#2250=CARTESIAN_POINT('Control Point',(-4.10297865533,-1.07106781187,52.2785406491)) ;
#2251=CARTESIAN_POINT('Control Point',(-3.98612674615,-1.07106781187,52.6356049912)) ;
#2252=CARTESIAN_POINT('Control Point',(-3.90197858263,-1.07106781187,52.804377618)) ;
#2253=CARTESIAN_POINT('Control Point',(-3.68713118792,-1.07106781187,53.1125848313)) ;
#2254=CARTESIAN_POINT('Control Point',(-3.39348693802,-1.07106781187,53.3469400518)) ;
#2255=CARTESIAN_POINT('Control Point',(-3.2305187127,-1.07106781187,53.4418424695)) ;
#2256=CARTESIAN_POINT('Control Point',(-2.98513221507,-1.07106781187,53.5401604545)) ;
#2257=CARTESIAN_POINT('Control Point',(-2.72720115075,-1.07106781187,53.586504511)) ;
#2258=CARTESIAN_POINT('Control Point',(-2.65141044997,-1.07106781187,53.5955224421)) ;
#2259=CARTESIAN_POINT('Control Point',(-2.57570517551,-1.07106781187,53.5999999996)) ;
#2260=CARTESIAN_POINT('Control Point',(-2.5,-1.07106781187,53.5999999996)) ;
#2268=CARTESIAN_POINT('Axis2P3D Location',(-2.5,-10.0710678119,52.)) ;
#2273=CARTESIAN_POINT('Axis2P3D Location',(-2.5,3.92893218813,52.)) ;
#2277=CARTESIAN_POINT('Vertex',(-2.5,3.92893218813,50.4)) ;
#2279=CARTESIAN_POINT('Vertex',(-2.5,3.92893218813,53.6)) ;
#2282=CARTESIAN_POINT('Line Origine',(-2.5,-10.0710678119,53.6)) ;
#2287=CARTESIAN_POINT('Line Origine',(-2.5,-10.0710678119,50.4)) ;
#2300=CARTESIAN_POINT('Axis2P3D Location',(-2.5,3.92893218813,52.)) ;
#2313=CARTESIAN_POINT('Axis2P3D Location',(-2.5,3.92893218813,52.)) ;
#2318=CARTESIAN_POINT('Axis2P3D Location',(-2.5,3.92893218813,54.6)) ;
#2323=CARTESIAN_POINT('Axis2P3D Location',(-2.5,3.92893218813,49.4)) ;
#2335=CARTESIAN_POINT('Axis2P3D Location',(-2.5,3.92893218813,52.)) ;
#2347=CARTESIAN_POINT('Axis2P3D Location',(-20.2620018234,-15.0710678119,60.)) ;
#2352=CARTESIAN_POINT('Axis2P3D Location',(-20.2620018234,-15.0710678119,62.)) ;
#2356=CARTESIAN_POINT('Vertex',(-20.2620018234,-10.0710678119,62.)) ;
#2359=CARTESIAN_POINT('Line Origine',(-20.2620018234,-10.0710678119,60.)) ;
#2371=CARTESIAN_POINT('Axis2P3D Location',(-16.5769943976,-22.2338486471,62.)) ;
#2376=CARTESIAN_POINT('Line Origine',(-16.5769943976,-22.2338486471,63.)) ;
#2380=CARTESIAN_POINT('Vertex',(2.63603896932,-3.02081528017,63.)) ;
#2382=CARTESIAN_POINT('Vertex',(-2.24264068712,-7.89949493661,63.)) ;
#2385=CARTESIAN_POINT('Axis2P3D Location',(-2.24264068712,-7.89949493661,62.)) ;
#2389=CARTESIAN_POINT('Vertex',(-1.53553390593,-8.6066017178,62.)) ;
#2392=CARTESIAN_POINT('Line Origine',(-15.8698876164,-22.9409554282,62.)) ;
#2396=CARTESIAN_POINT('Vertex',(5.46446609407,-1.6066017178,62.)) ;
#2400=CARTESIAN_POINT('Control Point',(2.63603896932,-3.02081528017,63.)) ;
#2401=CARTESIAN_POINT('Control Point',(3.30786483199,-2.92484015693,63.)) ;
#2402=CARTESIAN_POINT('Control Point',(3.95846566356,-2.71332207874,62.7954672436)) ;
#2403=CARTESIAN_POINT('Control Point',(4.51756289757,-2.41465263128,62.5563569207)) ;
#2404=CARTESIAN_POINT('Control Point',(5.02640159443,-2.04466621744,62.2770563162)) ;
#2405=CARTESIAN_POINT('Control Point',(5.46446609407,-1.6066017178,62.)) ;
#2414=CARTESIAN_POINT('Axis2P3D Location',(-2.5,-1.07106781187,68.)) ;
#2419=CARTESIAN_POINT('Line Origine',(-5.5,-1.07106781192,68.)) ;
#2423=CARTESIAN_POINT('Vertex',(-5.5,-3.07106781187,68.)) ;
#2426=CARTESIAN_POINT('Axis2P3D Location',(-2.5,-3.07106781187,68.)) ;
#2430=CARTESIAN_POINT('Vertex',(0.5,-3.07106781187,68.)) ;
#2433=CARTESIAN_POINT('Line Origine',(0.5,-1.07106781192,68.)) ;
#2446=CARTESIAN_POINT('Axis2P3D Location',(-32.3330696353,-27.1421356237,58.)) ;
#2458=CARTESIAN_POINT('Axis2P3D Location',(1.92893218813,1.92893218813,57.4999999997)) ;
#2463=CARTESIAN_POINT('Line Origine',(1.92893218813,-3.07106781187,57.4999999997)) ;
#2467=CARTESIAN_POINT('Vertex',(1.92893218813,-3.07106781187,73.)) ;
#2469=CARTESIAN_POINT('Vertex',(1.92893218813,-3.07106781187,63.)) ;
#2472=CARTESIAN_POINT('Axis2P3D Location',(1.92893218813,1.92893218813,63.)) ;
#2477=CARTESIAN_POINT('Line Origine',(5.46446609407,-1.6066017178,57.4999999997)) ;
#2481=CARTESIAN_POINT('Vertex',(5.46446609407,-1.6066017178,73.)) ;
#2484=CARTESIAN_POINT('Axis2P3D Location',(1.92893218813,1.92893218813,73.)) ;
#2497=CARTESIAN_POINT('Line Origine',(-19.49,-3.07106781187,73.)) ;
#2501=CARTESIAN_POINT('Vertex',(-38.,-3.07106781187,73.)) ;
#2504=CARTESIAN_POINT('Line Origine',(-38.,-3.07106781187,57.5)) ;
#2508=CARTESIAN_POINT('Vertex',(-38.,-3.07106781187,63.)) ;
#2511=CARTESIAN_POINT('Line Origine',(-19.49,-3.07106781187,63.)) ;
#2523=CARTESIAN_POINT('Control Point',(-5.5,-3.07106781187,68.)) ;
#2524=CARTESIAN_POINT('Control Point',(-5.5,-3.07106781187,68.9424777961)) ;
#2525=CARTESIAN_POINT('Control Point',(-5.12988983497,-3.07106781187,69.8849555921)) ;
#2526=CARTESIAN_POINT('Control Point',(-4.38495559216,-3.07106781187,70.629889835)) ;
#2527=CARTESIAN_POINT('Control Point',(-2.50000000001,-3.07106781187,71.370110165)) ;
#2528=CARTESIAN_POINT('Control Point',(-0.615044407855,-3.07106781187,70.629889835)) ;
#2529=CARTESIAN_POINT('Control Point',(0.129889834953,-3.07106781187,69.8849555922)) ;
#2530=CARTESIAN_POINT('Control Point',(0.499999999997,-3.07106781187,68.9424777961)) ;
#2531=CARTESIAN_POINT('Control Point',(0.5,-3.07106781187,68.)) ;
#2539=CARTESIAN_POINT('Axis2P3D Location',(-43.,-14.0710678119,74.)) ;
#2544=CARTESIAN_POINT('Line Origine',(-43.,-20.6643054764,73.)) ;
#2548=CARTESIAN_POINT('Vertex',(-43.,-8.07106781187,73.)) ;
#2550=CARTESIAN_POINT('Vertex',(-43.,-33.257543141,73.)) ;
#2553=CARTESIAN_POINT('Line Origine',(-43.,-33.257543141,68.)) ;
#2557=CARTESIAN_POINT('Vertex',(-43.,-33.257543141,63.)) ;
#2560=CARTESIAN_POINT('Line Origine',(-43.,-20.6643054765,63.)) ;
#2564=CARTESIAN_POINT('Vertex',(-43.,-8.07106781187,63.)) ;
#2567=CARTESIAN_POINT('Line Origine',(-43.,-8.07106781187,68.)) ;
#2580=CARTESIAN_POINT('Axis2P3D Location',(-38.,-8.07106781187,68.5)) ;
#2585=CARTESIAN_POINT('Axis2P3D Location',(-38.,-8.07106781187,73.)) ;
#2590=CARTESIAN_POINT('Axis2P3D Location',(-38.,-8.07106781187,63.)) ;
#2602=CARTESIAN_POINT('Axis2P3D Location',(0.,0.,63.)) ;
#2607=CARTESIAN_POINT('Axis2P3D Location',(-32.3330696353,-39.6471575279,63.)) ;
#2611=CARTESIAN_POINT('Vertex',(-38.2951771721,-40.3204135858,63.)) ;
#2614=CARTESIAN_POINT('Line Origine',(-30.5401764165,-16.8639610307,63.)) ;
#2618=CARTESIAN_POINT('Vertex',(-24.5046425105,-10.8284271247,63.)) ;
#2621=CARTESIAN_POINT('Axis2P3D Location',(-20.2620018234,-15.0710678119,63.)) ;
#2625=CARTESIAN_POINT('Vertex',(-20.2620018234,-9.07106781187,63.)) ;
#2628=CARTESIAN_POINT('Line Origine',(-12.6665348176,-9.07106781187,63.)) ;
#2632=CARTESIAN_POINT('Vertex',(-5.07106781187,-9.07106781187,63.)) ;
#2635=CARTESIAN_POINT('Axis2P3D Location',(-5.07106781187,-5.07106781187,63.)) ;
#2640=CARTESIAN_POINT('Axis2P3D Location',(-39.,-33.257543141,63.)) ;
#2644=CARTESIAN_POINT('Vertex',(-42.064177773,-35.8286935791,63.)) ;
#2647=CARTESIAN_POINT('Line Origine',(-40.1796774726,-38.0745535824,63.)) ;
#2669=CARTESIAN_POINT('Axis2P3D Location',(-31.0019469103,-58.346489913,50.0007341794)) ;
#2674=CARTESIAN_POINT('Line Origine',(-13.5706341063,-41.5006893763,50.0007341794)) ;
#2678=CARTESIAN_POINT('Vertex',(-27.4984191881,-53.1874887016,50.0007341794)) ;
#2680=CARTESIAN_POINT('Vertex',(-30.5625969606,-55.7586391403,50.0007341794)) ;
#2683=CARTESIAN_POINT('Axis2P3D Location',(-29.4698580241,-57.0609146936,50.0007341794)) ;
#2687=CARTESIAN_POINT('Vertex',(-28.3771190876,-58.3631902469,50.0007341794)) ;
#2690=CARTESIAN_POINT('Line Origine',(-11.3851562333,-44.1052404829,50.0007341794)) ;
#2694=CARTESIAN_POINT('Vertex',(-25.3129413151,-55.7920398082,50.0007341794)) ;
#2697=CARTESIAN_POINT('Axis2P3D Location',(-26.4056802516,-54.4897642549,50.0007341794)) ;
#2709=CARTESIAN_POINT('Axis2P3D Location',(-26.4056802516,-54.4897642549,50.0007341794)) ;
#2714=CARTESIAN_POINT('Axis2P3D Location',(-29.4698580241,-57.0609146936,50.0007341794)) ;
#2726=CARTESIAN_POINT('Axis2P3D Location',(-32.3330696353,-39.6471575279,58.)) ;
#2731=CARTESIAN_POINT('Axis2P3D Location',(-32.3330696353,-39.6471575279,58.)) ;
#2735=CARTESIAN_POINT('Vertex',(-36.1632918509,-42.8610955763,58.)) ;
#2739=CARTESIAN_POINT('Control Point',(-38.2951771721,-40.3204135858,57.)) ;
#2740=CARTESIAN_POINT('Control Point',(-37.8222103529,-40.8840734918,57.)) ;
#2741=CARTESIAN_POINT('Control Point',(-37.3661531921,-41.4275868935,57.2044107302)) ;
#2742=CARTESIAN_POINT('Control Point',(-36.9587864196,-41.9130606949,57.4459904584)) ;
#2743=CARTESIAN_POINT('Control Point',(-36.5601967887,-42.3880826908,57.7238570227)) ;
#2744=CARTESIAN_POINT('Control Point',(-36.1632918509,-42.8610955763,58.)) ;
#2753=CARTESIAN_POINT('Axis2P3D Location',(-32.3330696353,-39.6471575279,33.)) ;
#2758=CARTESIAN_POINT('Axis2P3D Location',(-32.3330696353,-39.6471575279,62.)) ;
#2762=CARTESIAN_POINT('Vertex',(-36.1632918509,-42.8610955763,62.)) ;
#2765=CARTESIAN_POINT('Line Origine',(-36.1632918509,-42.8610955763,33.)) ;
#2777=CARTESIAN_POINT('Axis2P3D Location',(-32.3330696353,-39.6471575279,62.)) ;
#2783=CARTESIAN_POINT('Control Point',(-38.2951771721,-40.3204135858,63.)) ;
#2784=CARTESIAN_POINT('Control Point',(-37.8222103529,-40.8840734918,63.)) ;
#2785=CARTESIAN_POINT('Control Point',(-37.3661531921,-41.4275868935,62.7955892698)) ;
#2786=CARTESIAN_POINT('Control Point',(-36.9587864196,-41.9130606949,62.5540095416)) ;
#2787=CARTESIAN_POINT('Control Point',(-36.5601967887,-42.3880826908,62.2761429773)) ;
#2788=CARTESIAN_POINT('Control Point',(-36.1632918509,-42.8610955763,62.)) ;
#2797=CARTESIAN_POINT('Axis2P3D Location',(-39.,-33.257543141,73.)) ;
#2801=CARTESIAN_POINT('Vertex',(-42.064177773,-35.8286935791,73.)) ;
#2804=CARTESIAN_POINT('Line Origine',(-42.0641777725,-35.8286935798,74.)) ;
#2817=CARTESIAN_POINT('Axis2P3D Location',(-29.8624057754,-16.1861903896,62.)) ;
#2822=CARTESIAN_POINT('Axis2P3D Location',(-24.5046425105,-10.8284271247,62.)) ;
#2834=CARTESIAN_POINT('Axis2P3D Location',(-31.1442478065,-50.3982831744,-7.)) ;
#2839=CARTESIAN_POINT('Axis2P3D Location',(-22.6722114454,-60.4948629444,-7.)) ;
#2843=CARTESIAN_POINT('Vertex',(-21.9061670023,-59.8520753347,-7.)) ;
#2845=CARTESIAN_POINT('Vertex',(-22.6722114454,-60.4948629444,-8.)) ;
#2848=CARTESIAN_POINT('Line Origine',(-31.1442478065,-50.3982831744,-8.)) ;
#2852=CARTESIAN_POINT('Vertex',(-31.671237981,-49.7702407408,-8.)) ;
#2855=CARTESIAN_POINT('Axis2P3D Location',(-31.671237981,-49.7702407408,-7.)) ;
#2859=CARTESIAN_POINT('Vertex',(-30.9051935379,-49.1274531311,-7.)) ;
#2862=CARTESIAN_POINT('Line Origine',(-30.3782033634,-49.7554955647,-7.)) ;
#2874=CARTESIAN_POINT('Axis2P3D Location',(-47.4679111138,-35.6116702643,74.)) ;
#2880=CARTESIAN_POINT('Control Point',(-32.683796091,-53.2306924561,44.)) ;
#2881=CARTESIAN_POINT('Control Point',(-33.6934845072,-52.0273926586,44.)) ;
#2882=CARTESIAN_POINT('Control Point',(-34.7041149693,-50.8229701747,44.6150750202)) ;
#2883=CARTESIAN_POINT('Control Point',(-35.5023715374,-49.8716450418,45.8569417832)) ;
#2884=CARTESIAN_POINT('Control Point',(-35.8977341394,-49.4004702405,47.4292036732)) ;
#2885=CARTESIAN_POINT('Control Point',(-35.8977341394,-49.4004702405,49.)) ;
#2886=CARTESIAN_POINT('Vertex',(-35.8977341394,-49.4004702405,49.)) ;
#2888=CARTESIAN_POINT('Vertex',(-32.683796091,-53.2306924561,44.)) ;
#2891=CARTESIAN_POINT('Line Origine',(-29.4698580425,-57.0609146716,44.)) ;
#2895=CARTESIAN_POINT('Vertex',(-26.2559199941,-60.8911368872,44.)) ;
#2899=CARTESIAN_POINT('Control Point',(-23.0419819457,-64.7213591028,49.)) ;
#2900=CARTESIAN_POINT('Control Point',(-23.0419819457,-64.7213591028,47.4292036732)) ;
#2901=CARTESIAN_POINT('Control Point',(-23.4373445477,-64.2501843015,45.8569417832)) ;
#2902=CARTESIAN_POINT('Control Point',(-24.2356011158,-63.2988591686,44.6150750202)) ;
#2903=CARTESIAN_POINT('Control Point',(-25.2462315779,-62.0944366847,44.)) ;
#2904=CARTESIAN_POINT('Control Point',(-26.2559199941,-60.8911368872,44.)) ;
#2905=CARTESIAN_POINT('Vertex',(-23.0419819457,-64.7213591028,49.)) ;
#2908=CARTESIAN_POINT('Line Origine',(-23.0419819457,-64.7213591028,32.5)) ;
#2912=CARTESIAN_POINT('Vertex',(-23.0419819457,-64.7213591028,66.)) ;
#2916=CARTESIAN_POINT('Control Point',(-26.2559199941,-60.8911368872,71.)) ;
#2917=CARTESIAN_POINT('Control Point',(-25.2462315779,-62.0944366847,71.)) ;
#2918=CARTESIAN_POINT('Control Point',(-24.2356011158,-63.2988591686,70.3849249798)) ;
#2919=CARTESIAN_POINT('Control Point',(-23.4373445477,-64.2501843015,69.1430582168)) ;
#2920=CARTESIAN_POINT('Control Point',(-23.0419819457,-64.7213591028,67.5707963268)) ;
#2921=CARTESIAN_POINT('Control Point',(-23.0419819457,-64.7213591028,66.)) ;
#2922=CARTESIAN_POINT('Vertex',(-26.2559199941,-60.8911368872,71.)) ;
#2925=CARTESIAN_POINT('Line Origine',(-29.4698580425,-57.0609146716,71.)) ;
#2929=CARTESIAN_POINT('Vertex',(-32.683796091,-53.2306924561,71.)) ;
#2933=CARTESIAN_POINT('Control Point',(-35.8977341394,-49.4004702405,66.)) ;
#2934=CARTESIAN_POINT('Control Point',(-35.8977341394,-49.4004702405,67.5707963268)) ;
#2935=CARTESIAN_POINT('Control Point',(-35.5023715374,-49.8716450418,69.1430582168)) ;
#2936=CARTESIAN_POINT('Control Point',(-34.7041149693,-50.8229701747,70.3849249798)) ;
#2937=CARTESIAN_POINT('Control Point',(-33.6934845072,-52.0273926586,71.)) ;
#2938=CARTESIAN_POINT('Control Point',(-32.683796091,-53.2306924561,71.)) ;
#2939=CARTESIAN_POINT('Vertex',(-35.8977341394,-49.4004702405,66.)) ;
#2942=CARTESIAN_POINT('Line Origine',(-35.8977341394,-49.4004702405,32.5)) ;
#2963=CARTESIAN_POINT('Axis2P3D Location',(-31.671237981,-49.7702407408,-3.)) ;
#2968=CARTESIAN_POINT('Axis2P3D Location',(-31.671237981,-49.7702407408,-3.)) ;
#2972=CARTESIAN_POINT('Vertex',(-34.8851760294,-45.9400185252,-3.)) ;
#2975=CARTESIAN_POINT('Axis2P3D Location',(-34.2423884197,-46.7060629683,-3.)) ;
#2979=CARTESIAN_POINT('Vertex',(-33.4763439766,-46.0632753586,-3.)) ;
#2982=CARTESIAN_POINT('Axis2P3D Location',(-30.9051935379,-49.1274531311,-3.)) ;
#2994=CARTESIAN_POINT('Axis2P3D Location',(-22.6722114454,-60.4948629444,-3.)) ;
#2999=CARTESIAN_POINT('Axis2P3D Location',(-20.1010610066,-63.5590407169,-3.)) ;
#3003=CARTESIAN_POINT('Vertex',(-19.3350165635,-62.9162531072,-3.)) ;
#3005=CARTESIAN_POINT('Vertex',(-19.4582733969,-64.32508516,-3.)) ;
#3008=CARTESIAN_POINT('Axis2P3D Location',(-22.6722114454,-60.4948629444,-3.)) ;
#3013=CARTESIAN_POINT('Axis2P3D Location',(-21.9061670023,-59.8520753347,-3.)) ;
#3025=CARTESIAN_POINT('Axis2P3D Location',(-20.1010610066,-63.5590407169,33.)) ;
#3030=CARTESIAN_POINT('Axis2P3D Location',(-20.1010610066,-63.5590407169,69.)) ;
#3034=CARTESIAN_POINT('Vertex',(-19.3350165635,-62.9162531072,69.)) ;
#3036=CARTESIAN_POINT('Vertex',(-19.4582733969,-64.32508516,69.)) ;
#3039=CARTESIAN_POINT('Line Origine',(-19.4582733969,-64.32508516,33.)) ;
#3044=CARTESIAN_POINT('Line Origine',(-19.3350165635,-62.9162531072,33.)) ;
#3056=CARTESIAN_POINT('Axis2P3D Location',(-22.6722114454,-60.4948629444,69.)) ;
#3061=CARTESIAN_POINT('Axis2P3D Location',(-22.6722114454,-60.4948629444,73.)) ;
#3065=CARTESIAN_POINT('Vertex',(-21.9061670023,-59.8520753347,73.)) ;
#3067=CARTESIAN_POINT('Vertex',(-22.6722114454,-60.4948629444,74.)) ;
#3070=CARTESIAN_POINT('Axis2P3D Location',(-22.6722114454,-60.4948629444,69.)) ;
#3075=CARTESIAN_POINT('Axis2P3D Location',(-21.9061670023,-59.8520753347,69.)) ;
#3087=CARTESIAN_POINT('Axis2P3D Location',(-20.2620018234,-15.0710678119,62.)) ;
#3092=CARTESIAN_POINT('Axis2P3D Location',(-20.2620018234,-9.07106781187,62.)) ;
#3104=CARTESIAN_POINT('Line Origine',(-43.,-8.07106781187,49.5)) ;
#3117=CARTESIAN_POINT('Axis2P3D Location',(-5.07106781187,-5.07106781187,57.4999999997)) ;
#3122=CARTESIAN_POINT('Line Origine',(-5.07106781187,-10.0710678119,57.4999999997)) ;
#3126=CARTESIAN_POINT('Vertex',(-5.07106781187,-10.0710678119,62.)) ;
#3129=CARTESIAN_POINT('Line Origine',(-1.53553390593,-8.6066017178,57.4999999997)) ;
#3134=CARTESIAN_POINT('Axis2P3D Location',(-5.07106781187,-5.07106781187,62.)) ;
#3154=CARTESIAN_POINT('Axis2P3D Location',(3.53553390593,-3.53553390593,74.)) ;
#3159=CARTESIAN_POINT('Line Origine',(6.53553390593,-0.535533905933,57.5)) ;
#3163=CARTESIAN_POINT('Vertex',(6.53553390593,-0.535533905933,73.)) ;
#3166=CARTESIAN_POINT('Line Origine',(6.,-1.07106781187,73.)) ;
#3183=CARTESIAN_POINT('Axis2P3D Location',(8.,4.92893218813,74.)) ;
#3188=CARTESIAN_POINT('Line Origine',(8.,2.92893218813,73.)) ;
#3192=CARTESIAN_POINT('Vertex',(8.,3.,73.)) ;
#3195=CARTESIAN_POINT('Line Origine',(8.,3.,60.)) ;
#3208=CARTESIAN_POINT('Axis2P3D Location',(3.,3.,57.4999999997)) ;
#3213=CARTESIAN_POINT('Axis2P3D Location',(3.,3.,73.)) ;
#3225=CARTESIAN_POINT('Axis2P3D Location',(-38.,-8.07106781187,49.)) ;
#3237=CARTESIAN_POINT('Axis2P3D Location',(-34.2423884197,-46.7060629683,33.)) ;
#3242=CARTESIAN_POINT('Line Origine',(-33.4763439766,-46.0632753586,33.)) ;
#3247=CARTESIAN_POINT('Line Origine',(-34.8851760294,-45.9400185252,33.)) ;
#3259=CARTESIAN_POINT('Axis2P3D Location',(-37.3330696353,-10.0710678119,60.)) ;
#3264=CARTESIAN_POINT('Line Origine',(-12.6665348176,-10.0710678119,62.)) ;
#3284=CARTESIAN_POINT('Axis2P3D Location',(-22.5,-28.1568542495,73.)) ;
#3289=CARTESIAN_POINT('Axis2P3D Location',(5.82842712475,0.171572875254,73.)) ;
#3293=CARTESIAN_POINT('Vertex',(5.82842712475,0.171572875254,74.)) ;
#3296=CARTESIAN_POINT('Line Origine',(-22.5,-28.1568542495,74.)) ;
#3300=CARTESIAN_POINT('Vertex',(4.75735931288,-0.899494936612,74.)) ;
#3303=CARTESIAN_POINT('Axis2P3D Location',(4.75735931288,-0.899494936612,73.)) ;
#3315=CARTESIAN_POINT('Axis2P3D Location',(7.,-30.6755096217,73.)) ;
#3320=CARTESIAN_POINT('Line Origine',(7.,-30.6755096217,74.)) ;
#3324=CARTESIAN_POINT('Vertex',(7.,3.,74.)) ;
#3327=CARTESIAN_POINT('Axis2P3D Location',(7.,3.,73.)) ;
#3339=CARTESIAN_POINT('Axis2P3D Location',(1.92893218813,1.92893218813,73.)) ;
#3344=CARTESIAN_POINT('Axis2P3D Location',(1.92893218813,1.92893218813,74.)) ;
#3348=CARTESIAN_POINT('Vertex',(1.92893218813,-2.07106781187,74.)) ;
#3351=CARTESIAN_POINT('Axis2P3D Location',(1.92893218813,-2.07106781187,73.)) ;
#3363=CARTESIAN_POINT('Axis2P3D Location',(3.,3.,73.)) ;
#3368=CARTESIAN_POINT('Axis2P3D Location',(3.,3.,74.)) ;
#3380=CARTESIAN_POINT('Axis2P3D Location',(-22.5,-2.07106781187,73.)) ;
#3385=CARTESIAN_POINT('Line Origine',(-22.5,-2.07106781187,74.)) ;
#3389=CARTESIAN_POINT('Vertex',(-38.,-2.07106781187,74.)) ;
#3392=CARTESIAN_POINT('Axis2P3D Location',(-38.,-2.07106781187,73.)) ;
#3404=CARTESIAN_POINT('Axis2P3D Location',(-44.,-30.6755096217,73.)) ;
#3409=CARTESIAN_POINT('Axis2P3D Location',(-44.,-8.07106781187,73.)) ;
#3413=CARTESIAN_POINT('Vertex',(-44.,-8.07106781187,74.)) ;
#3416=CARTESIAN_POINT('Line Origine',(-44.,-30.6755096217,74.)) ;
#3420=CARTESIAN_POINT('Vertex',(-44.,-33.257543141,74.)) ;
#3423=CARTESIAN_POINT('Axis2P3D Location',(-44.,-33.257543141,73.)) ;
#3435=CARTESIAN_POINT('Axis2P3D Location',(-35.5338381165,-45.1669731525,73.)) ;
#3440=CARTESIAN_POINT('Axis2P3D Location',(-42.8302222161,-36.4714811888,73.)) ;
#3444=CARTESIAN_POINT('Vertex',(-42.8302222156,-36.4714811895,74.)) ;
#3447=CARTESIAN_POINT('Line Origine',(-35.5338381165,-45.1669731525,74.)) ;
#3452=CARTESIAN_POINT('Line Origine',(-34.7677936734,-44.5241855428,73.)) ;
#3464=CARTESIAN_POINT('Axis2P3D Location',(-39.,-33.257543141,73.)) ;
#3469=CARTESIAN_POINT('Axis2P3D Location',(-39.,-33.257543141,74.)) ;
#3481=CARTESIAN_POINT('Axis2P3D Location',(-38.,-8.07106781187,73.)) ;
#3486=CARTESIAN_POINT('Axis2P3D Location',(-38.,-8.07106781187,74.)) ;
#3498=CARTESIAN_POINT('Axis2P3D Location',(-5.07106781187,-5.07106781187,62.)) ;
#3503=CARTESIAN_POINT('Axis2P3D Location',(-5.07106781187,-9.07106781187,62.)) ;
#3515=CARTESIAN_POINT('Axis2P3D Location',(-43.,-34.7134240781,74.)) ;
#3537=CARTESIAN_POINT('Axis2P3D Location',(-26.4056802516,-54.4897642549,5.00073417945)) ;
#3541=CARTESIAN_POINT('Vertex',(-25.3129413151,-55.7920398082,5.00073417945)) ;
#3543=CARTESIAN_POINT('Vertex',(-27.4984191881,-53.1874887016,5.00073417945)) ;
#3546=CARTESIAN_POINT('Axis2P3D Location',(-26.4056802516,-54.4897642549,5.00073417945)) ;
#3561=CARTESIAN_POINT('Axis2P3D Location',(-38.,-14.0710678119,-8.)) ;
#3567=CARTESIAN_POINT('Control Point',(-34.7354157535,-52.3413911795,-8.)) ;
#3568=CARTESIAN_POINT('Control Point',(-31.671237981,-49.7702407408,-8.)) ;
#3569=CARTESIAN_POINT('Vertex',(-34.7354157535,-52.3413911795,-8.)) ;
#3573=CARTESIAN_POINT('Control Point',(-22.6722114454,-60.4948629444,-8.)) ;
#3574=CARTESIAN_POINT('Control Point',(-25.7363892179,-63.0660133832,-8.)) ;
#3575=CARTESIAN_POINT('Vertex',(-25.7363892179,-63.0660133832,-8.)) ;
#3579=CARTESIAN_POINT('Control Point',(-34.7354157535,-52.3413911795,-8.)) ;
#3580=CARTESIAN_POINT('Control Point',(-25.7363892179,-63.0660133832,-8.)) ;
#3590=CARTESIAN_POINT('Axis2P3D Location',(-34.7493550112,-52.324779019,-7.)) ;
#3595=CARTESIAN_POINT('Axis2P3D Location',(-25.7363892179,-63.0660133832,-7.)) ;
#3599=CARTESIAN_POINT('Vertex',(-26.5024431654,-63.708789666,-6.99999984836)) ;
#3602=CARTESIAN_POINT('Line Origine',(-35.5153994543,-52.9675666287,-7.)) ;
#3606=CARTESIAN_POINT('Vertex',(-35.5014601968,-52.984178789,-7.)) ;
#3609=CARTESIAN_POINT('Axis2P3D Location',(-34.7354157535,-52.3413911795,-7.)) ;
#3621=CARTESIAN_POINT('Axis2P3D Location',(-53.8035283797,-61.8144010048,0.)) ;
#3626=CARTESIAN_POINT('Line Origine',(-37.9493538019,-48.5111689639,18.5)) ;
#3630=CARTESIAN_POINT('Vertex',(-37.9493538019,-48.5111689639,-3.)) ;
#3633=CARTESIAN_POINT('Line Origine',(-36.4172649157,-47.2255937445,-3.)) ;
#3646=CARTESIAN_POINT('Axis2P3D Location',(-37.3065661922,-49.277213407,32.931611221)) ;
#3651=CARTESIAN_POINT('Axis2P3D Location',(-37.3065661922,-49.277213407,-3.)) ;
#3655=CARTESIAN_POINT('Vertex',(-38.0726105379,-49.9200011329,-2.99998521424)) ;
#3658=CARTESIAN_POINT('Line Origine',(-38.0726106353,-49.9200010167,32.931611221)) ;
#3662=CARTESIAN_POINT('Vertex',(-38.0726106353,-49.9200010167,35.9999999999)) ;
#3665=CARTESIAN_POINT('Line Origine',(-38.0726106353,-49.9200010167,32.931611221)) ;
#3678=CARTESIAN_POINT('Axis2P3D Location',(-33.9013349904,-54.2523288975,66.)) ;
#3683=CARTESIAN_POINT('Axis2P3D Location',(-33.4498405341,-53.8734800657,66.)) ;
#3687=CARTESIAN_POINT('Vertex',(-36.6637785825,-50.0432578501,66.)) ;
#3689=CARTESIAN_POINT('Vertex',(-33.4498405341,-53.8734800657,71.)) ;
#3692=CARTESIAN_POINT('Line Origine',(-37.1152730388,-50.4221066819,66.)) ;
#3697=CARTESIAN_POINT('Line Origine',(-33.9013349904,-54.2523288975,71.)) ;
#3709=CARTESIAN_POINT('Axis2P3D Location',(-33.4498405341,-53.8734800657,66.)) ;
#3714=CARTESIAN_POINT('Axis2P3D Location',(-37.3065661922,-49.277213407,66.)) ;
#3718=CARTESIAN_POINT('Vertex',(-38.0726106353,-49.9200010167,66.)) ;
#3721=CARTESIAN_POINT('Axis2P3D Location',(-33.4498405341,-53.8734800657,72.)) ;
#3725=CARTESIAN_POINT('Vertex',(-34.2158849772,-54.5162676754,72.)) ;
#3728=CARTESIAN_POINT('Axis2P3D Location',(-34.2158849772,-54.5162676754,66.)) ;
#3740=CARTESIAN_POINT('Axis2P3D Location',(-37.4298230256,-50.6860454598,-3.0000000001)) ;
#3745=CARTESIAN_POINT('Line Origine',(-36.280756361,-49.7218640453,49.)) ;
#3749=CARTESIAN_POINT('Vertex',(-36.6637785825,-50.0432578501,49.)) ;
#3752=CARTESIAN_POINT('Line Origine',(-36.6637785825,-50.0432578501,57.5)) ;
#3764=CARTESIAN_POINT('Axis2P3D Location',(-37.3065661922,-49.277213407,54.4999999999)) ;
#3769=CARTESIAN_POINT('Axis2P3D Location',(-37.3065661922,-49.277213407,49.)) ;
#3773=CARTESIAN_POINT('Vertex',(-38.0726106353,-49.9200010167,49.)) ;
#3776=CARTESIAN_POINT('Line Origine',(-38.0726106353,-49.9200010167,54.4999999999)) ;
#3788=CARTESIAN_POINT('Axis2P3D Location',(-33.9013349904,-54.2523288975,49.)) ;
#3793=CARTESIAN_POINT('Axis2P3D Location',(-33.4498405341,-53.8734800657,49.)) ;
#3797=CARTESIAN_POINT('Vertex',(-33.4498405341,-53.8734800657,44.)) ;
#3800=CARTESIAN_POINT('Line Origine',(-33.9013349904,-54.2523288975,44.)) ;
#3812=CARTESIAN_POINT('Axis2P3D Location',(-33.4498405341,-53.8734800657,49.)) ;
#3817=CARTESIAN_POINT('Axis2P3D Location',(-33.4498405341,-53.8734800657,43.)) ;
#3821=CARTESIAN_POINT('Vertex',(-34.2158849772,-54.5162676754,43.)) ;
#3824=CARTESIAN_POINT('Axis2P3D Location',(-34.2158849772,-54.5162676754,49.)) ;
#3836=CARTESIAN_POINT('Axis2P3D Location',(0.,0.,44.)) ;
#3841=CARTESIAN_POINT('Line Origine',(-30.2359024857,-57.7037022813,44.)) ;
#3845=CARTESIAN_POINT('Vertex',(-27.0219644372,-61.5339244969,44.)) ;
#3848=CARTESIAN_POINT('Line Origine',(-26.6389422157,-61.2125306921,44.)) ;
#3860=CARTESIAN_POINT('Axis2P3D Location',(-35.1147082758,-51.8893679534,43.)) ;
#3865=CARTESIAN_POINT('Axis2P3D Location',(-27.0219644372,-61.5339244969,43.)) ;
#3869=CARTESIAN_POINT('Vertex',(-27.7880088803,-62.1767121066,43.)) ;
#3872=CARTESIAN_POINT('Line Origine',(-35.8807527189,-52.5321555631,43.)) ;
#3884=CARTESIAN_POINT('Axis2P3D Location',(-29.7697220572,-63.8395669024,49.)) ;
#3889=CARTESIAN_POINT('Axis2P3D Location',(-27.0219644372,-61.5339244969,49.)) ;
#3893=CARTESIAN_POINT('Vertex',(-23.8080263888,-65.3641467125,49.)) ;
#3896=CARTESIAN_POINT('Line Origine',(-26.5557840087,-67.669789118,49.)) ;
#3908=CARTESIAN_POINT('Axis2P3D Location',(-27.0219644372,-61.5339244969,49.)) ;
#3913=CARTESIAN_POINT('Axis2P3D Location',(-23.1652387791,-66.1301911556,49.)) ;
#3917=CARTESIAN_POINT('Vertex',(-23.9312832222,-66.7729787653,49.)) ;
#3920=CARTESIAN_POINT('Axis2P3D Location',(-27.7880088803,-62.1767121066,49.)) ;
#3932=CARTESIAN_POINT('Axis2P3D Location',(-24.5740708319,-66.0069343222,39.)) ;
#3937=CARTESIAN_POINT('Line Origine',(-23.4250041672,-65.0427529077,66.)) ;
#3941=CARTESIAN_POINT('Vertex',(-23.8080263888,-65.3641467125,66.)) ;
#3944=CARTESIAN_POINT('Line Origine',(-23.8080263888,-65.3641467125,57.5)) ;
#3956=CARTESIAN_POINT('Axis2P3D Location',(-23.1652387791,-66.1301911556,54.4999999999)) ;
#3961=CARTESIAN_POINT('Axis2P3D Location',(-23.1652387791,-66.1301911556,66.)) ;
#3965=CARTESIAN_POINT('Vertex',(-23.9312832222,-66.7729787653,66.)) ;
#3968=CARTESIAN_POINT('Line Origine',(-23.9312832222,-66.7729787653,54.4999999999)) ;
#3980=CARTESIAN_POINT('Axis2P3D Location',(-29.7697220572,-63.8395669024,66.)) ;
#3985=CARTESIAN_POINT('Axis2P3D Location',(-27.0219644372,-61.5339244969,66.)) ;
#3989=CARTESIAN_POINT('Vertex',(-27.0219644372,-61.5339244969,71.)) ;
#3992=CARTESIAN_POINT('Line Origine',(-29.7697220572,-63.8395669024,71.)) ;
#4004=CARTESIAN_POINT('Axis2P3D Location',(-27.0219644372,-61.5339244969,66.)) ;
#4009=CARTESIAN_POINT('Axis2P3D Location',(-27.0219644372,-61.5339244969,72.)) ;
#4013=CARTESIAN_POINT('Vertex',(-27.7880088803,-62.1767121066,72.)) ;
#4016=CARTESIAN_POINT('Axis2P3D Location',(-27.7880088803,-62.1767121066,66.)) ;
#4028=CARTESIAN_POINT('Axis2P3D Location',(0.,0.,71.)) ;
#4033=CARTESIAN_POINT('Line Origine',(-30.2359024857,-57.7037022813,71.)) ;
#4045=CARTESIAN_POINT('Axis2P3D Location',(-35.1147082758,-51.8893679534,72.)) ;
#4050=CARTESIAN_POINT('Line Origine',(-35.8807527189,-52.5321555631,72.)) ;
#4062=CARTESIAN_POINT('Axis2P3D Location',(-32.0146729943,-50.0584169337,-3.)) ;
#4067=CARTESIAN_POINT('Axis2P3D Location',(-34.7354157535,-52.3413911795,-3.)) ;
#4079=CARTESIAN_POINT('Axis2P3D Location',(-34.7354157535,-52.3413911795,-3.)) ;
#4084=CARTESIAN_POINT('Axis2P3D Location',(-35.5014601966,-52.9841787892,-3.)) ;
#4096=CARTESIAN_POINT('Axis2P3D Location',(-25.5280285083,-62.8911779886,-3.)) ;
#4101=CARTESIAN_POINT('Line Origine',(-22.3140904599,-66.7214002042,-3.)) ;
#4105=CARTESIAN_POINT('Vertex',(-22.5224511694,-66.8962355988,-3.)) ;
#4108=CARTESIAN_POINT('Axis2P3D Location',(-25.7363892179,-63.0660133832,-3.)) ;
#4120=CARTESIAN_POINT('Axis2P3D Location',(-25.7363892179,-63.0660133832,-3.)) ;
#4125=CARTESIAN_POINT('Axis2P3D Location',(-23.1652387791,-66.1301911556,-3.)) ;
#4129=CARTESIAN_POINT('Vertex',(-23.9312832222,-66.7729787653,-3.)) ;
#4132=CARTESIAN_POINT('Axis2P3D Location',(-26.502433661,-63.7088009929,-3.)) ;
#4144=CARTESIAN_POINT('Axis2P3D Location',(-23.2884956125,-67.5390232084,74.)) ;
#4149=CARTESIAN_POINT('Line Origine',(-22.5224511694,-66.8962355988,33.)) ;
#4153=CARTESIAN_POINT('Vertex',(-22.5224511694,-66.8962355988,69.)) ;
#4156=CARTESIAN_POINT('Line Origine',(-20.9903622832,-65.6106603794,69.)) ;
#4169=CARTESIAN_POINT('Axis2P3D Location',(-23.1652387791,-66.1301911556,32.931611221)) ;
#4174=CARTESIAN_POINT('Axis2P3D Location',(-23.1652387791,-66.1301911556,69.)) ;
#4178=CARTESIAN_POINT('Vertex',(-23.9312832222,-66.7729787653,69.)) ;
#4181=CARTESIAN_POINT('Line Origine',(-23.9312832222,-66.7729787653,32.931611221)) ;
#4186=CARTESIAN_POINT('Line Origine',(-23.9312832222,-66.7729787653,32.931611221)) ;
#4190=CARTESIAN_POINT('Vertex',(-23.9312832222,-66.7729787653,36.)) ;
#4193=CARTESIAN_POINT('Line Origine',(-23.9312832222,-66.7729787653,32.931611221)) ;
#4208=CARTESIAN_POINT('Axis2P3D Location',(-15.9084586561,-54.8194004736,69.)) ;
#4213=CARTESIAN_POINT('Line Origine',(-15.9084586561,-54.8194004736,74.)) ;
#4217=CARTESIAN_POINT('Vertex',(-25.7363892179,-63.0660133832,74.)) ;
#4220=CARTESIAN_POINT('Axis2P3D Location',(-25.7363892179,-63.0660133832,69.)) ;
#4232=CARTESIAN_POINT('Axis2P3D Location',(-25.7363892179,-63.0660133832,69.)) ;
#4237=CARTESIAN_POINT('Axis2P3D Location',(-25.7363892179,-63.0660133832,73.)) ;
#4241=CARTESIAN_POINT('Vertex',(-26.502433661,-63.7088009929,73.)) ;
#4244=CARTESIAN_POINT('Axis2P3D Location',(-26.502433661,-63.7088009929,69.)) ;
#4256=CARTESIAN_POINT('Axis2P3D Location',(-18.767766953,-9.07106781187,62.)) ;
#4268=CARTESIAN_POINT('Axis2P3D Location',(-44.,-35.0773943124,59.)) ;
#4273=CARTESIAN_POINT('Line Origine',(-47.8302222156,-38.2913323608,59.)) ;
#4277=CARTESIAN_POINT('Vertex',(-47.8302222156,-38.2913323608,73.)) ;
#4280=CARTESIAN_POINT('Axis2P3D Location',(-44.,-35.0773943124,73.)) ;
#4292=CARTESIAN_POINT('Axis2P3D Location',(-44.,-35.0773943124,73.)) ;
#4297=CARTESIAN_POINT('Axis2P3D Location',(-47.0641777725,-37.6485447511,73.)) ;
#4301=CARTESIAN_POINT('Vertex',(-47.0641777725,-37.6485447511,74.)) ;
#4304=CARTESIAN_POINT('Axis2P3D Location',(-44.,-35.0773943124,74.)) ;
#4316=CARTESIAN_POINT('Axis2P3D Location',(-38.,-14.0710678119,74.)) ;
#4321=CARTESIAN_POINT('Line Origine',(-36.4002834952,-50.3572790671,74.)) ;
#4345=CARTESIAN_POINT('Axis2P3D Location',(-36.9391235261,-49.7151145244,73.)) ;
#4350=CARTESIAN_POINT('Line Origine',(-37.7051679692,-50.3579021341,73.)) ;
#4362=CARTESIAN_POINT('Axis2P3D Location',(-26.5024336612,-63.7088009926,-6.)) ;
#4367=CARTESIAN_POINT('Line Origine',(-25.3533669965,-62.7446195781,-6.)) ;
#4371=CARTESIAN_POINT('Vertex',(-24.970344775,-62.4232257732,-6.)) ;
#4373=CARTESIAN_POINT('Vertex',(-25.7363892181,-63.0660133829,-6.)) ;
#4376=CARTESIAN_POINT('Line Origine',(-29.4698580427,-57.0609146714,-6.)) ;
#4380=CARTESIAN_POINT('Vertex',(-33.9693713105,-51.6986035696,-6.)) ;
#4383=CARTESIAN_POINT('Line Origine',(-34.3523935321,-52.0199973744,-6.)) ;
#4387=CARTESIAN_POINT('Vertex',(-34.7354157536,-52.3413911793,-6.)) ;
#4390=CARTESIAN_POINT('Line Origine',(-30.2359024857,-57.7037022812,-6.)) ;
#4402=CARTESIAN_POINT('Axis2P3D Location',(-35.1147082758,-51.8893679534,-7.)) ;
#4407=CARTESIAN_POINT('Axis2P3D Location',(-25.7363892179,-63.0660133832,-7.)) ;
#4412=CARTESIAN_POINT('Axis2P3D Location',(-34.7354157536,-52.3413911793,-7.)) ;
#4425=CARTESIAN_POINT('Control Point',(-24.5740708319,-66.0069343222,-3.)) ;
#4426=CARTESIAN_POINT('Control Point',(-24.5740708319,-66.0069343222,-3.45501269288)) ;
#4427=CARTESIAN_POINT('Control Point',(-24.6292558755,-65.9411673483,-3.9088762322)) ;
#4428=CARTESIAN_POINT('Control Point',(-24.7401311746,-65.8090313122,-4.34211662805)) ;
#4429=CARTESIAN_POINT('Control Point',(-25.0215393733,-65.4736620805,-5.0237566297)) ;
#4430=CARTESIAN_POINT('Control Point',(-25.4259412147,-64.9917147331,-5.52426600508)) ;
#4431=CARTESIAN_POINT('Control Point',(-25.617990496,-64.7628393122,-5.69892339332)) ;
#4432=CARTESIAN_POINT('Control Point',(-25.9111897483,-64.4134180498,-5.88416625783)) ;
#4433=CARTESIAN_POINT('Control Point',(-26.2199343027,-64.0454706179,-5.97316605969)) ;
#4434=CARTESIAN_POINT('Control Point',(-26.3137243628,-63.9336959769,-5.99105763188)) ;
#4435=CARTESIAN_POINT('Control Point',(-26.4080405427,-63.8212943307,-6.)) ;
#4436=CARTESIAN_POINT('Control Point',(-26.5024336612,-63.7088009926,-6.)) ;
#4440=CARTESIAN_POINT('Line Origine',(-40.6286921233,-79.4783611265,-3.)) ;
#4444=CARTESIAN_POINT('Vertex',(-23.0419819457,-64.7213591028,-3.)) ;
#4446=CARTESIAN_POINT('Vertex',(-23.8080263888,-65.3641467125,-3.)) ;
#4450=CARTESIAN_POINT('Control Point',(-23.0419819457,-64.7213591028,-3.)) ;
#4451=CARTESIAN_POINT('Control Point',(-23.0419819457,-64.7213591028,-3.94334714723)) ;
#4452=CARTESIAN_POINT('Control Point',(-23.2784651016,-64.4395294522,-4.88465016901)) ;
#4453=CARTESIAN_POINT('Control Point',(-23.7602943544,-63.8653077092,-5.63262417063)) ;
#4454=CARTESIAN_POINT('Control Point',(-24.3639729169,-63.1458716135,-6.)) ;
#4455=CARTESIAN_POINT('Control Point',(-24.970344775,-62.4232257732,-6.)) ;
#4458=CARTESIAN_POINT('Control Point',(-23.8080263888,-65.3641467125,-3.)) ;
#4459=CARTESIAN_POINT('Control Point',(-23.8080263888,-65.3641467125,-3.45501269288)) ;
#4460=CARTESIAN_POINT('Control Point',(-23.8632114324,-65.2983797386,-3.9088762322)) ;
#4461=CARTESIAN_POINT('Control Point',(-23.9740867315,-65.1662437026,-4.34211662805)) ;
#4462=CARTESIAN_POINT('Control Point',(-24.2554949302,-64.8308744708,-5.0237566297)) ;
#4463=CARTESIAN_POINT('Control Point',(-24.6598967716,-64.3489271234,-5.52426600508)) ;
#4464=CARTESIAN_POINT('Control Point',(-24.8519460529,-64.1200517025,-5.69892339332)) ;
#4465=CARTESIAN_POINT('Control Point',(-25.1451453052,-63.7706304401,-5.88416625783)) ;
#4466=CARTESIAN_POINT('Control Point',(-25.4538898596,-63.4026830082,-5.97316605969)) ;
#4467=CARTESIAN_POINT('Control Point',(-25.5476799197,-63.2909083672,-5.99105763188)) ;
#4468=CARTESIAN_POINT('Control Point',(-25.6419960996,-63.178506721,-6.)) ;
#4469=CARTESIAN_POINT('Control Point',(-25.7363892181,-63.0660133829,-6.)) ;
#4479=CARTESIAN_POINT('Control Point',(-23.8080263888,-65.3641467125,-3.)) ;
#4480=CARTESIAN_POINT('Control Point',(-24.0486863483,-65.5660843958,-3.)) ;
#4481=CARTESIAN_POINT('Control Point',(-24.210045565,-65.8625290241,-3.)) ;
#4482=CARTESIAN_POINT('Control Point',(-24.2406516436,-66.2123581036,-3.)) ;
#4483=CARTESIAN_POINT('Control Point',(-24.1332209055,-66.5323188058,-3.)) ;
#4484=CARTESIAN_POINT('Control Point',(-23.9312832222,-66.7729787653,-3.)) ;
#4485=CARTESIAN_POINT('Control Point',(-23.8080263888,-65.3641467125,-3.66424997436)) ;
#4486=CARTESIAN_POINT('Control Point',(-24.0486863483,-65.5660843958,-3.66424997436)) ;
#4487=CARTESIAN_POINT('Control Point',(-24.210045565,-65.862529024,-3.69143552617)) ;
#4488=CARTESIAN_POINT('Control Point',(-24.2406516436,-66.2123581036,-3.74615288052)) ;
#4489=CARTESIAN_POINT('Control Point',(-24.1332209055,-66.5323188058,-3.81538032109)) ;
#4490=CARTESIAN_POINT('Control Point',(-23.9312832222,-66.7729787653,-3.88460776167)) ;
#4491=CARTESIAN_POINT('Control Point',(-23.9256507183,-65.2239674952,-4.32660398295)) ;
#4492=CARTESIAN_POINT('Control Point',(-24.1663107449,-65.4259050975,-4.32660401596)) ;
#4493=CARTESIAN_POINT('Control Point',(-24.3325103612,-65.7165811612,-4.38136361315)) ;
#4494=CARTESIAN_POINT('Control Point',(-24.3728588067,-66.0547997397,-4.49158021067)) ;
#4495=CARTESIAN_POINT('Control Point',(-24.2777539005,-66.3600710882,-4.6310243064)) ;
#4496=CARTESIAN_POINT('Control Point',(-24.0881420227,-66.5860417263,-4.77046838919)) ;
#4497=CARTESIAN_POINT('Control Point',(-24.1624064968,-64.9418129457,-4.92291746228)) ;
#4498=CARTESIAN_POINT('Control Point',(-24.4030659934,-65.1437511735,-4.92291729283)) ;
#4499=CARTESIAN_POINT('Control Point',(-24.5789008907,-65.4229443505,-5.00198233334)) ;
#4500=CARTESIAN_POINT('Control Point',(-24.6386429147,-65.73805056,-5.161119635)) ;
#4501=CARTESIAN_POINT('Control Point',(-24.5680748973,-66.0140799878,-5.36245747472)) ;
#4502=CARTESIAN_POINT('Control Point',(-24.4030001179,-66.2108084602,-5.56379538388)) ;
#4503=CARTESIAN_POINT('Control Point',(-24.6292333153,-64.3854704076,-5.578495838)) ;
#4504=CARTESIAN_POINT('Control Point',(-24.8698934694,-64.5874078619,-5.57849590923)) ;
#4505=CARTESIAN_POINT('Control Point',(-25.0650191441,-64.8436111956,-5.68449760384)) ;
#4506=CARTESIAN_POINT('Control Point',(-25.1635881145,-65.1124452556,-5.89785099691)) ;
#4507=CARTESIAN_POINT('Control Point',(-25.1421426593,-65.3299326856,-6.16778194064)) ;
#4508=CARTESIAN_POINT('Control Point',(-25.0261901821,-65.4681194623,-6.43771285518)) ;
#4509=CARTESIAN_POINT('Control Point',(-25.2018297444,-63.7030765561,-5.90300857877)) ;
#4510=CARTESIAN_POINT('Control Point',(-25.4424896221,-63.9050143356,-5.90300854882)) ;
#4511=CARTESIAN_POINT('Control Point',(-25.6611442116,-64.1331769963,-6.022381364)) ;
#4512=CARTESIAN_POINT('Control Point',(-25.8070708177,-64.3455724224,-6.26264742501)) ;
#4513=CARTESIAN_POINT('Control Point',(-25.8455416732,-64.4916543772,-6.56662786813)) ;
#4514=CARTESIAN_POINT('Control Point',(-25.789505616,-64.5584355517,-6.87060832353)) ;
#4515=CARTESIAN_POINT('Control Point',(-25.3776600728,-63.4935301306,-5.96766065376)) ;
#4516=CARTESIAN_POINT('Control Point',(-25.6183201863,-63.6954676355,-5.96766064989)) ;
#4517=CARTESIAN_POINT('Control Point',(-25.8443476239,-63.9148436845,-6.08970565526)) ;
#4518=CARTESIAN_POINT('Control Point',(-26.0051138502,-64.1095539423,-6.33535009707)) ;
#4519=CARTESIAN_POINT('Control Point',(-26.0623592587,-64.233261251,-6.64613515705)) ;
#4520=CARTESIAN_POINT('Control Point',(-26.0250976608,-64.2776678859,-6.95692021647)) ;
#4521=CARTESIAN_POINT('Control Point',(-25.55690005,-63.2799202438,-6.00000248838)) ;
#4522=CARTESIAN_POINT('Control Point',(-25.7975598779,-63.4818580807,-6.00000249132)) ;
#4523=CARTESIAN_POINT('Control Point',(-26.0308124774,-63.6926235087,-6.12337370999)) ;
#4524=CARTESIAN_POINT('Control Point',(-26.2061209892,-63.8700029426,-6.37168746384)) ;
#4525=CARTESIAN_POINT('Control Point',(-26.2817653929,-63.9717831892,-6.68584968777)) ;
#4526=CARTESIAN_POINT('Control Point',(-26.2629029038,-63.9942626332,-7.00001191176)) ;
#4527=CARTESIAN_POINT('Control Point',(-25.7363905256,-63.0660118247,-5.99999998277)) ;
#4528=CARTESIAN_POINT('Control Point',(-25.977050487,-63.2679495057,-5.99999998273)) ;
#4529=CARTESIAN_POINT('Control Point',(-26.2177114589,-63.4698859824,-6.12337002114)) ;
#4530=CARTESIAN_POINT('Control Point',(-26.4079310733,-63.6294950572,-6.37168140204)) ;
#4531=CARTESIAN_POINT('Control Point',(-26.5024405923,-63.7087927325,-6.6858406252)) ;
#4532=CARTESIAN_POINT('Control Point',(-26.5024431654,-63.708789666,-6.99999984836)) ;
#4534=CARTESIAN_POINT('Control Point',(-23.8080263888,-65.3641467125,-3.)) ;
#4535=CARTESIAN_POINT('Control Point',(-24.1088513381,-65.6165688166,-3.)) ;
#4536=CARTESIAN_POINT('Control Point',(-24.2788230804,-66.0327651534,-3.)) ;
#4537=CARTESIAN_POINT('Control Point',(-24.1837053263,-66.472153816,-3.)) ;
#4538=CARTESIAN_POINT('Control Point',(-23.9312832222,-66.7729787653,-3.)) ;
#4547=CARTESIAN_POINT('Line Origine',(-23.4250041672,-65.0427529077,36.)) ;
#4551=CARTESIAN_POINT('Vertex',(-23.8080263888,-65.3641467125,36.)) ;
#4553=CARTESIAN_POINT('Vertex',(-23.0419819457,-64.7213591028,36.)) ;
#4556=CARTESIAN_POINT('Line Origine',(-23.0419819457,-64.7213591028,16.5)) ;
#4561=CARTESIAN_POINT('Line Origine',(-23.8080263888,-65.3641467125,16.5)) ;
#4573=CARTESIAN_POINT('Axis2P3D Location',(-23.1652387791,-66.1301911556,33.)) ;
#4578=CARTESIAN_POINT('Axis2P3D Location',(-23.1652387791,-66.1301911556,36.)) ;
#4590=CARTESIAN_POINT('Axis2P3D Location',(-28.5540533235,-62.8194997163,36.)) ;
#4595=CARTESIAN_POINT('Axis2P3D Location',(-27.0219644372,-61.5339244969,36.)) ;
#4599=CARTESIAN_POINT('Vertex',(-27.0219644372,-61.5339244969,41.)) ;
#4602=CARTESIAN_POINT('Line Origine',(-28.5540533235,-62.8194997163,41.)) ;
#4606=CARTESIAN_POINT('Vertex',(-26.2559199941,-60.8911368872,41.)) ;
#4609=CARTESIAN_POINT('Axis2P3D Location',(-26.2559199941,-60.8911368872,36.)) ;
#4621=CARTESIAN_POINT('Axis2P3D Location',(-27.0219644372,-61.5339244969,36.)) ;
#4626=CARTESIAN_POINT('Axis2P3D Location',(-27.0219644372,-61.5339244969,42.)) ;
#4630=CARTESIAN_POINT('Vertex',(-27.7880088804,-62.1767121066,42.)) ;
#4633=CARTESIAN_POINT('Axis2P3D Location',(-27.7880088803,-62.1767121066,36.)) ;
#4645=CARTESIAN_POINT('Axis2P3D Location',(-31.0019469103,-58.346489913,5.00073417945)) ;
#4650=CARTESIAN_POINT('Line Origine',(-13.5706341063,-41.5006893763,5.00073417945)) ;
#4654=CARTESIAN_POINT('Vertex',(-30.5625969606,-55.7586391403,5.00073417945)) ;
#4657=CARTESIAN_POINT('Axis2P3D Location',(-29.4698580241,-57.0609146936,5.00073417945)) ;
#4661=CARTESIAN_POINT('Vertex',(-28.3771190876,-58.3631902469,5.00073417945)) ;
#4664=CARTESIAN_POINT('Line Origine',(-11.3851562333,-44.1052404829,5.00073417945)) ;
#4676=CARTESIAN_POINT('Axis2P3D Location',(-29.4698580241,-57.0609146936,5.00073417945)) ;
#4688=CARTESIAN_POINT('Axis2P3D Location',(-37.4298230256,-50.6860454598,40.9999999999)) ;
#4693=CARTESIAN_POINT('Line Origine',(-36.130996085,-56.1232366996,40.9999999999)) ;
#4697=CARTESIAN_POINT('Vertex',(-33.4498405341,-53.8734800657,40.9999999999)) ;
#4699=CARTESIAN_POINT('Vertex',(-32.683796091,-53.230692456,40.9999999999)) ;
#4702=CARTESIAN_POINT('Line Origine',(-29.4698580425,-57.0609146716,40.9999999999)) ;
#4707=CARTESIAN_POINT('Line Origine',(-30.2359024857,-57.7037022813,40.9999999999)) ;
#4719=CARTESIAN_POINT('Axis2P3D Location',(-35.1147082758,-51.8893679534,41.9999999999)) ;
#4724=CARTESIAN_POINT('Axis2P3D Location',(-33.4498405341,-53.8734800657,41.9999999999)) ;
#4728=CARTESIAN_POINT('Vertex',(-34.2158849772,-54.5162676754,41.9999999999)) ;
#4731=CARTESIAN_POINT('Line Origine',(-35.8807527189,-52.5321555631,41.9999999999)) ;
#4743=CARTESIAN_POINT('Axis2P3D Location',(-49.,-36.8972454837,74.)) ;
#4748=CARTESIAN_POINT('Axis2P3D Location',(-34.2158849772,-54.5162676754,35.9999999999)) ;
#4776=CARTESIAN_POINT('Control Point',(-34.7354157536,-52.3413911793,-6.)) ;
#4777=CARTESIAN_POINT('Control Point',(-34.9760757131,-52.5433288626,-6.)) ;
#4778=CARTESIAN_POINT('Control Point',(-35.2167356725,-52.7452665459,-6.12337005501)) ;
#4779=CARTESIAN_POINT('Control Point',(-35.4069532515,-52.9048780464,-6.37168146928)) ;
#4780=CARTESIAN_POINT('Control Point',(-35.5014601966,-52.9841787892,-6.68584073464)) ;
#4781=CARTESIAN_POINT('Control Point',(-35.5014601966,-52.9841787892,-7.)) ;
#4782=CARTESIAN_POINT('Control Point',(-35.1623874067,-51.8325461778,-6.)) ;
#4783=CARTESIAN_POINT('Control Point',(-35.4030473661,-52.0344838611,-6.00000000002)) ;
#4784=CARTESIAN_POINT('Control Point',(-35.6611818614,-52.2155962035,-6.12337005498)) ;
#4785=CARTESIAN_POINT('Control Point',(-35.8865710778,-52.3332917788,-6.37168146931)) ;
#4786=CARTESIAN_POINT('Control Point',(-36.025576564,-52.3595612254,-6.68584073465)) ;
#4787=CARTESIAN_POINT('Control Point',(-36.070075105,-52.3065299292,-7.)) ;
#4788=CARTESIAN_POINT('Control Point',(-35.5881403568,-51.3251535699,-5.81700902785)) ;
#4789=CARTESIAN_POINT('Control Point',(-35.8288003371,-51.5270912274,-5.81700892264)) ;
#4790=CARTESIAN_POINT('Control Point',(-36.1046590868,-51.687080625,-5.93284865191)) ;
#4791=CARTESIAN_POINT('Control Point',(-36.3657225291,-51.7622613131,-6.1660036336)) ;
#4792=CARTESIAN_POINT('Control Point',(-36.5498624116,-51.7347416814,-6.46098730913)) ;
#4793=CARTESIAN_POINT('Control Point',(-36.6394953411,-51.6279213172,-6.75597102639)) ;
#4794=CARTESIAN_POINT('Control Point',(-35.9714432729,-50.8683509427,-5.44868242194)) ;
#4795=CARTESIAN_POINT('Control Point',(-36.21210312,-51.0702887528,-5.44868313657)) ;
#4796=CARTESIAN_POINT('Control Point',(-36.5035851044,-51.2116590983,-5.54953302505)) ;
#4797=CARTESIAN_POINT('Control Point',(-36.796094168,-51.2493643521,-5.75251695302)) ;
#4798=CARTESIAN_POINT('Control Point',(-37.0200185845,-51.1744313638,-6.00932800958)) ;
#4799=CARTESIAN_POINT('Control Point',(-37.1494361033,-51.0201975819,-6.2661387855)) ;
#4800=CARTESIAN_POINT('Control Point',(-36.3928409298,-50.3661487712,-4.72242881746)) ;
#4801=CARTESIAN_POINT('Control Point',(-36.6335009365,-50.568086401,-4.72242851704)) ;
#4802=CARTESIAN_POINT('Control Point',(-36.9422974734,-50.6888220764,-4.79326729108)) ;
#4803=CARTESIAN_POINT('Control Point',(-37.2696559705,-50.684995396,-4.93584721595)) ;
#4804=CARTESIAN_POINT('Control Point',(-37.5376711806,-50.5575170384,-5.11623712605)) ;
#4805=CARTESIAN_POINT('Control Point',(-37.7111794256,-50.3507379593,-5.29662715413)) ;
#4806=CARTESIAN_POINT('Control Point',(-36.6014336987,-50.1175575894,-3.83162690988)) ;
#4807=CARTESIAN_POINT('Control Point',(-36.8420936383,-50.3194952951,-3.83162703618)) ;
#4808=CARTESIAN_POINT('Control Point',(-37.1594849637,-50.4299880961,-3.86586131357)) ;
#4809=CARTESIAN_POINT('Control Point',(-37.5041425896,-50.4055451154,-3.93476583517)) ;
#4810=CARTESIAN_POINT('Control Point',(-37.7940443976,-50.2519833293,-4.02194251568)) ;
#4811=CARTESIAN_POINT('Control Point',(-37.9894392689,-50.0191207915,-4.1091191466)) ;
#4812=CARTESIAN_POINT('Control Point',(-36.6429912515,-50.0680312266,-3.55808347857)) ;
#4813=CARTESIAN_POINT('Control Point',(-36.883651211,-50.269968915,-3.55808324296)) ;
#4814=CARTESIAN_POINT('Control Point',(-37.2027601904,-50.3784147022,-3.58084740992)) ;
#4815=CARTESIAN_POINT('Control Point',(-37.550874974,-50.3498516438,-3.62666558264)) ;
#4816=CARTESIAN_POINT('Control Point',(-37.8451507028,-50.1910772167,-3.68463423967)) ;
#4817=CARTESIAN_POINT('Control Point',(-38.0449194842,-49.9530020455,-3.74260298913)) ;
#4818=CARTESIAN_POINT('Control Point',(-36.663780182,-50.0432559439,-3.27923557534)) ;
#4819=CARTESIAN_POINT('Control Point',(-36.9044401419,-50.2451936236,-3.27923577772)) ;
#4820=CARTESIAN_POINT('Control Point',(-37.2244015906,-50.3526234691,-3.29075958172)) ;
#4821=CARTESIAN_POINT('Control Point',(-37.5742321734,-50.3220155978,-3.31395397209)) ;
#4822=CARTESIAN_POINT('Control Point',(-37.8706787047,-50.1606541157,-3.343298879)) ;
#4823=CARTESIAN_POINT('Control Point',(-38.0726182921,-49.9199918918,-3.37264370648)) ;
#4824=CARTESIAN_POINT('Control Point',(-36.6637785714,-50.0432578633,-2.99999796602)) ;
#4825=CARTESIAN_POINT('Control Point',(-36.9044385309,-50.2451955466,-2.99999796302)) ;
#4826=CARTESIAN_POINT('Control Point',(-37.2243992225,-50.3526262975,-2.99999638802)) ;
#4827=CARTESIAN_POINT('Control Point',(-37.5742282806,-50.3220202445,-2.9999932216)) ;
#4828=CARTESIAN_POINT('Control Point',(-37.8706728818,-50.1606610601,-2.99998921733)) ;
#4829=CARTESIAN_POINT('Control Point',(-38.0726105379,-49.9200011329,-2.99998521424)) ;
#4831=CARTESIAN_POINT('Control Point',(-34.7354157536,-52.3413911793,-6.)) ;
#4832=CARTESIAN_POINT('Control Point',(-34.9060007117,-52.1380959426,-6.)) ;
#4833=CARTESIAN_POINT('Control Point',(-35.0763002537,-51.9351408516,-5.97079526011)) ;
#4834=CARTESIAN_POINT('Control Point',(-35.243945346,-51.7353492107,-5.91221960573)) ;
#4835=CARTESIAN_POINT('Control Point',(-35.6496126099,-51.2518937915,-5.69464208313)) ;
#4836=CARTESIAN_POINT('Control Point',(-36.0049463073,-50.8284235811,-5.31106577496)) ;
#4837=CARTESIAN_POINT('Control Point',(-36.1916200926,-50.6059544268,-5.02709053402)) ;
#4838=CARTESIAN_POINT('Control Point',(-36.4507466474,-50.2971394242,-4.47358470598)) ;
#4839=CARTESIAN_POINT('Control Point',(-36.6004907971,-50.1186812957,-3.835547129)) ;
#4840=CARTESIAN_POINT('Control Point',(-36.6420602576,-50.0691407419,-3.5641862536)) ;
#4841=CARTESIAN_POINT('Control Point',(-36.6633105694,-50.0438156064,-3.28547808133)) ;
#4842=CARTESIAN_POINT('Control Point',(-36.6637751223,-50.0432619739,-3.00624081168)) ;
#4843=CARTESIAN_POINT('Control Point',(-36.6637774308,-50.0432592228,-3.00416065632)) ;
#4844=CARTESIAN_POINT('Control Point',(-36.6637785826,-50.0432578501,-3.00208070781)) ;
#4845=CARTESIAN_POINT('Control Point',(-36.6637785715,-50.0432578633,-3.0000000001)) ;
#4846=CARTESIAN_POINT('Vertex',(-36.6637785825,-50.0432578501,-3.0000000001)) ;
#4850=CARTESIAN_POINT('Control Point',(-36.6637785714,-50.0432578633,-2.99999796602)) ;
#4851=CARTESIAN_POINT('Control Point',(-36.9646035208,-50.2956799675,-2.99999796227)) ;
#4852=CARTESIAN_POINT('Control Point',(-37.4039921653,-50.3907977432,-2.9999952881)) ;
#4853=CARTESIAN_POINT('Control Point',(-37.8201884678,-50.2208260419,-2.99999021811)) ;
#4854=CARTESIAN_POINT('Control Point',(-38.0726105379,-49.9200011329,-2.99998521424)) ;
#4863=CARTESIAN_POINT('Axis2P3D Location',(-33.4498405341,-53.8734800657,35.9999999999)) ;
#4868=CARTESIAN_POINT('Axis2P3D Location',(-37.3065661922,-49.277213407,35.9999999999)) ;
#4872=CARTESIAN_POINT('Vertex',(-36.6637785825,-50.0432578501,35.9999999999)) ;
#4875=CARTESIAN_POINT('Axis2P3D Location',(-33.4498405341,-53.8734800657,35.9999999999)) ;
#4887=CARTESIAN_POINT('Axis2P3D Location',(-37.3065661922,-49.277213407,33.)) ;
#4892=CARTESIAN_POINT('Line Origine',(-36.6637785825,-50.0432578501,33.)) ;
#4905=CARTESIAN_POINT('Control Point',(-35.5014601968,-52.984178789,-6.)) ;
#4906=CARTESIAN_POINT('Control Point',(-35.7939367178,-52.6356188442,-6.)) ;
#4907=CARTESIAN_POINT('Control Point',(-36.0856745773,-52.2879392021,-5.91414731287)) ;
#4908=CARTESIAN_POINT('Control Point',(-36.3641561361,-51.956057804,-5.74165596806)) ;
#4909=CARTESIAN_POINT('Control Point',(-36.8023058833,-51.4338912686,-5.30386252824)) ;
#4910=CARTESIAN_POINT('Control Point',(-37.1240271083,-51.0504788429,-4.67472494791)) ;
#4911=CARTESIAN_POINT('Control Point',(-37.2362947134,-50.9166835213,-4.37594930518)) ;
#4912=CARTESIAN_POINT('Control Point',(-37.3553665314,-50.7747792543,-3.91981224231)) ;
#4913=CARTESIAN_POINT('Control Point',(-37.4125745013,-50.7066014507,-3.43949098276)) ;
#4914=CARTESIAN_POINT('Control Point',(-37.4240749822,-50.6928957112,-3.29357955169)) ;
#4915=CARTESIAN_POINT('Control Point',(-37.4298230256,-50.6860454598,-3.14684962349)) ;
#4916=CARTESIAN_POINT('Control Point',(-37.4298230256,-50.6860454598,-3.0000000001)) ;
#4921=CARTESIAN_POINT('Control Point',(-33.9693713105,-51.6986035696,-6.)) ;
#4922=CARTESIAN_POINT('Control Point',(-34.5757431681,-50.9759577299,-6.)) ;
#4923=CARTESIAN_POINT('Control Point',(-35.180801088,-50.2548777801,-5.63209751925)) ;
#4924=CARTESIAN_POINT('Control Point',(-35.661589508,-49.6818964532,-4.88250427094)) ;
#4925=CARTESIAN_POINT('Control Point',(-35.8977341394,-49.4004702405,-3.94334714704)) ;
#4926=CARTESIAN_POINT('Control Point',(-35.8977341394,-49.4004702405,-3.0000000001)) ;
#4927=CARTESIAN_POINT('Vertex',(-35.8977341394,-49.4004702405,-3.0000000001)) ;
#4930=CARTESIAN_POINT('Line Origine',(-53.4844443171,-64.1574722642,-3.0000000001)) ;
#4943=CARTESIAN_POINT('Control Point',(-35.8977341394,-49.4004702405,35.9999999999)) ;
#4944=CARTESIAN_POINT('Control Point',(-35.8977341394,-49.4004702405,37.5707963267)) ;
#4945=CARTESIAN_POINT('Control Point',(-35.5023715374,-49.8716450418,39.1430582167)) ;
#4946=CARTESIAN_POINT('Control Point',(-34.7041149693,-50.8229701746,40.3849249797)) ;
#4947=CARTESIAN_POINT('Control Point',(-33.6934845072,-52.0273926586,40.9999999999)) ;
#4948=CARTESIAN_POINT('Control Point',(-32.683796091,-53.230692456,40.9999999999)) ;
#4949=CARTESIAN_POINT('Vertex',(-35.8977341394,-49.4004702405,35.9999999999)) ;
#4952=CARTESIAN_POINT('Line Origine',(-35.8977341394,-49.4004702405,32.5)) ;
#4973=CARTESIAN_POINT('Axis2P3D Location',(-34.9819294203,-55.1590552851,35.9999999999)) ;
#4978=CARTESIAN_POINT('Line Origine',(-38.1958674688,-51.3288330695,35.9999999999)) ;
#32=DIRECTION('Axis2P3D Direction',(2.48933078797E-016,-1.,0.)) ;
#33=DIRECTION('Axis2P3D XDirection',(1.,2.48933078797E-016,0.)) ;
#37=DIRECTION('Axis2P3D Direction',(2.48933078797E-016,-1.,0.)) ;
#46=DIRECTION('Axis2P3D Direction',(2.48933078797E-016,-1.,0.)) ;
#118=DIRECTION('Axis2P3D Direction',(-0.,1.,0.)) ;
#119=DIRECTION('Axis2P3D XDirection',(0.,0.,1.)) ;
#123=DIRECTION('Axis2P3D Direction',(-0.,1.,0.)) ;
#132=DIRECTION('Vector Direction',(0.,1.,0.)) ;
#137=DIRECTION('Vector Direction',(0.,1.,0.)) ;
#150=DIRECTION('Axis2P3D Direction',(-0.,1.,0.)) ;
#163=DIRECTION('Axis2P3D Direction',(0.,-1.,0.)) ;
#164=DIRECTION('Axis2P3D XDirection',(-1.38777878078E-015,0.,1.)) ;
#168=DIRECTION('Axis2P3D Direction',(-1.,0.,1.88737914186E-015)) ;
#175=DIRECTION('Axis2P3D Direction',(0.,-1.,0.)) ;
#182=DIRECTION('Axis2P3D Direction',(1.,0.,1.83186799063E-015)) ;
#194=DIRECTION('Axis2P3D Direction',(0.,-1.,-0.)) ;
#195=DIRECTION('Axis2P3D XDirection',(5.55111512313E-016,0.,-1.)) ;
#199=DIRECTION('Axis2P3D Direction',(0.,-1.,-0.)) ;
#211=DIRECTION('Axis2P3D Direction',(0.,-1.,0.)) ;
#212=DIRECTION('Axis2P3D XDirection',(0.,0.,-1.)) ;
#216=DIRECTION('Vector Direction',(1.,0.,0.)) ;
#225=DIRECTION('Vector Direction',(0.,0.,1.)) ;
#232=DIRECTION('Vector Direction',(1.,0.,0.)) ;
#239=DIRECTION('Vector Direction',(0.,0.,-1.)) ;
#246=DIRECTION('Vector Direction',(-1.,0.,0.)) ;
#253=DIRECTION('Vector Direction',(0.,0.,-1.)) ;
#260=DIRECTION('Vector Direction',(1.,0.,0.)) ;
#267=DIRECTION('Vector Direction',(0.,0.,-1.)) ;
#286=DIRECTION('Axis2P3D Direction',(0.,-1.,0.)) ;
#295=DIRECTION('Axis2P3D Direction',(0.,-1.,0.)) ;
#306=DIRECTION('Axis2P3D Direction',(0.,-0.,1.)) ;
#307=DIRECTION('Axis2P3D XDirection',(1.,-1.83697019872E-016,-0.)) ;
#311=DIRECTION('Axis2P3D Direction',(0.,-0.,1.)) ;
#318=DIRECTION('Axis2P3D Direction',(0.,-0.,1.)) ;
#325=DIRECTION('Vector Direction',(0.,0.,1.)) ;
#337=DIRECTION('Axis2P3D Direction',(0.,1.,0.)) ;
#338=DIRECTION('Axis2P3D XDirection',(-0.258819045103,0.,0.965925826289)) ;
#342=DIRECTION('Axis2P3D Direction',(-1.,0.,-1.66533453694E-016)) ;
#349=DIRECTION('Axis2P3D Direction',(0.,1.,0.)) ;
#360=DIRECTION('Axis2P3D Direction',(1.,0.,0.)) ;
#361=DIRECTION('Axis2P3D XDirection',(0.,1.,0.)) ;
#365=DIRECTION('Axis2P3D Direction',(1.,0.,0.)) ;
#372=DIRECTION('Vector Direction',(1.,0.,0.)) ;
#384=DIRECTION('Axis2P3D Direction',(1.,0.,0.)) ;
#385=DIRECTION('Axis2P3D XDirection',(0.,0.,-1.)) ;
#389=DIRECTION('Vector Direction',(1.,0.,0.)) ;
#398=DIRECTION('Axis2P3D Direction',(1.,0.,0.)) ;
#403=DIRECTION('Axis2P3D Direction',(1.,0.,0.)) ;
#415=DIRECTION('Axis2P3D Direction',(0.707106781187,-0.707106781187,0.)) ;
#416=DIRECTION('Axis2P3D XDirection',(0.,0.,-1.)) ;
#443=DIRECTION('Axis2P3D Direction',(1.,7.14816583809E-015,-1.5572072194E-015)) ;
#444=DIRECTION('Axis2P3D XDirection',(-7.1054273576E-015,0.898305084187,-0.439372251881)) ;
#448=DIRECTION('Vector Direction',(1.,7.15243532112E-015,-1.50577585708E-015)) ;
#457=DIRECTION('Axis2P3D Direction',(1.,7.14816583809E-015,-1.5572072194E-015)) ;
#475=DIRECTION('Axis2P3D Direction',(-1.,-3.9650822308E-015,0.)) ;
#476=DIRECTION('Axis2P3D XDirection',(-3.9650822308E-015,1.,9.86713480538E-016)) ;
#498=DIRECTION('Vector Direction',(-1.,-3.99181312215E-015,0.)) ;
#563=DIRECTION('Axis2P3D Direction',(-1.,-3.9650822308E-015,0.)) ;
#570=DIRECTION('Axis2P3D Direction',(-1.,-3.9650822308E-015,0.)) ;
#586=DIRECTION('Axis2P3D Direction',(1.,-5.33129698079E-016,6.98581258087E-017)) ;
#587=DIRECTION('Axis2P3D XDirection',(6.98581258636E-017,1.03068019293E-010,-1.)) ;
#591=DIRECTION('Vector Direction',(8.46844892399E-017,0.,-1.)) ;
#602=DIRECTION('Axis2P3D Direction',(8.18597621843E-017,0.,-1.)) ;
#603=DIRECTION('Axis2P3D XDirection',(-1.,-1.83697019872E-016,-8.18597621843E-017)) ;
#622=DIRECTION('Axis2P3D Direction',(-1.,-3.95674507776E-015,3.75658994757E-018)) ;
#623=DIRECTION('Axis2P3D XDirection',(-3.5527136788E-015,0.898305084187,0.439372251881)) ;
#627=DIRECTION('Axis2P3D Direction',(-1.,-3.95674507776E-015,3.75658994757E-018)) ;
#941=DIRECTION('Axis2P3D Direction',(0.,0.,-1.)) ;
#942=DIRECTION('Axis2P3D XDirection',(-1.,-3.73641069867E-015,-0.)) ;
#946=DIRECTION('Axis2P3D Direction',(0.,0.,-1.)) ;
#953=DIRECTION('Vector Direction',(0.,0.,-1.)) ;
#960=DIRECTION('Axis2P3D Direction',(0.,0.,-1.)) ;
#975=DIRECTION('Axis2P3D Direction',(0.,0.,-1.)) ;
#976=DIRECTION('Axis2P3D XDirection',(-1.,-3.79904441239E-015,0.)) ;
#980=DIRECTION('Axis2P3D Direction',(4.68582145833E-015,-1.,0.)) ;
#987=DIRECTION('Axis2P3D Direction',(0.,0.,-1.)) ;
#999=DIRECTION('Axis2P3D Direction',(0.,0.,1.)) ;
#1000=DIRECTION('Axis2P3D XDirection',(3.5527136788E-015,1.,0.)) ;
#1004=DIRECTION('Axis2P3D Direction',(0.,0.,1.)) ;
#1011=DIRECTION('Axis2P3D Direction',(-3.69064118886E-015,1.,0.)) ;
#1023=DIRECTION('Axis2P3D Direction',(1.,3.9650822308E-015,-0.)) ;
#1024=DIRECTION('Axis2P3D XDirection',(-3.9650822308E-015,1.,0.)) ;
#1028=DIRECTION('Vector Direction',(-4.05951041878E-015,1.,0.)) ;
#1035=DIRECTION('Vector Direction',(4.05951041878E-015,-1.,0.)) ;
#1042=DIRECTION('Vector Direction',(0.,0.,1.)) ;
#1055=DIRECTION('Axis2P3D Direction',(0.,1.,-0.)) ;
#1056=DIRECTION('Axis2P3D XDirection',(-1.,0.,0.)) ;
#1060=DIRECTION('Axis2P3D Direction',(0.,1.,-0.)) ;
#1067=DIRECTION('Vector Direction',(0.,1.,0.)) ;
#1079=DIRECTION('Axis2P3D Direction',(3.94140966965E-015,-1.,0.)) ;
#1080=DIRECTION('Axis2P3D XDirection',(-1.,-3.94140966965E-015,1.83697019872E-016)) ;
#1084=DIRECTION('Vector Direction',(3.94140966965E-015,-1.,0.)) ;
#1091=DIRECTION('Axis2P3D Direction',(3.94140966965E-015,-1.,0.)) ;
#1103=DIRECTION('Axis2P3D Direction',(0.,0.,1.)) ;
#1104=DIRECTION('Axis2P3D XDirection',(1.,0.,0.)) ;
#1129=DIRECTION('Vector Direction',(0.,1.,0.)) ;
#1160=DIRECTION('Vector Direction',(1.,0.,0.)) ;
#1177=DIRECTION('Vector Direction',(0.,1.,0.)) ;
#1216=DIRECTION('Axis2P3D Direction',(-0.766044443119,-0.642787609687,0.)) ;
#1217=DIRECTION('Axis2P3D XDirection',(0.642787609687,-0.766044443119,0.)) ;
#1221=DIRECTION('Axis2P3D Direction',(-0.766044443119,-0.642787609687,0.)) ;
#1228=DIRECTION('Vector Direction',(-0.766044443119,-0.642787609687,0.)) ;
#1235=DIRECTION('Axis2P3D Direction',(-0.766044443119,-0.642787609687,0.)) ;
#1247=DIRECTION('Axis2P3D Direction',(0.,-0.,1.)) ;
#1248=DIRECTION('Axis2P3D XDirection',(-1.,0.,0.)) ;
#1252=DIRECTION('Axis2P3D Direction',(-0.642787609687,0.766044443119,0.)) ;
#1259=DIRECTION('Axis2P3D Direction',(-5.55111512313E-017,1.,0.)) ;
#1266=DIRECTION('Axis2P3D Direction',(0.,-0.,1.)) ;
#1278=DIRECTION('Axis2P3D Direction',(0.,-0.,1.)) ;
#1279=DIRECTION('Axis2P3D XDirection',(8.881784197E-015,-1.,0.)) ;
#1283=DIRECTION('Axis2P3D Direction',(-1.,-4.99600361081E-016,0.)) ;
#1290=DIRECTION('Axis2P3D Direction',(-0.707106781187,-0.707106781187,0.)) ;
#1297=DIRECTION('Axis2P3D Direction',(0.,-0.,1.)) ;
#1309=DIRECTION('Axis2P3D Direction',(-1.,-2.00340996925E-016,-0.)) ;
#1310=DIRECTION('Axis2P3D XDirection',(0.,0.,-1.)) ;
#1314=DIRECTION('Axis2P3D Direction',(-1.,-2.00340996925E-016,-0.)) ;
#1321=DIRECTION('Vector Direction',(-1.,-2.00340996925E-016,0.)) ;
#1333=DIRECTION('Axis2P3D Direction',(3.7537234949E-015,-1.,0.)) ;
#1334=DIRECTION('Axis2P3D XDirection',(0.,0.,-1.)) ;
#1338=DIRECTION('Axis2P3D Direction',(3.7537234949E-015,-1.,0.)) ;
#1345=DIRECTION('Vector Direction',(3.7537234949E-015,-1.,0.)) ;
#1357=DIRECTION('Axis2P3D Direction',(-0.707106781187,-0.707106781187,-0.)) ;
#1358=DIRECTION('Axis2P3D XDirection',(0.,0.,-1.)) ;
#1362=DIRECTION('Axis2P3D Direction',(-0.707106781187,-0.707106781187,-0.)) ;
#1369=DIRECTION('Vector Direction',(-0.707106781187,-0.707106781187,0.)) ;
#1381=DIRECTION('Axis2P3D Direction',(0.,1.,0.)) ;
#1382=DIRECTION('Axis2P3D XDirection',(1.,-0.,1.83697019872E-016)) ;
#1386=DIRECTION('Vector Direction',(0.,1.,0.)) ;
#1393=DIRECTION('Axis2P3D Direction',(0.,1.,0.)) ;
#1405=DIRECTION('Axis2P3D Direction',(0.,-0.,1.)) ;
#1406=DIRECTION('Axis2P3D XDirection',(0.707106781187,-0.707106781187,0.)) ;
#1410=DIRECTION('Axis2P3D Direction',(0.,-0.,1.)) ;
#1422=DIRECTION('Axis2P3D Direction',(-0.,0.,1.)) ;
#1423=DIRECTION('Axis2P3D XDirection',(-1.42108547152E-015,1.,0.)) ;
#1427=DIRECTION('Axis2P3D Direction',(-0.,0.,1.)) ;
#1439=DIRECTION('Axis2P3D Direction',(-0.642787609687,0.766044443119,0.)) ;
#1440=DIRECTION('Axis2P3D XDirection',(0.766044443119,0.642787609687,1.83697019872E-016)) ;
#1444=DIRECTION('Vector Direction',(-0.642787609687,0.766044443119,0.)) ;
#1586=DIRECTION('Axis2P3D Direction',(0.,0.,1.)) ;
#1587=DIRECTION('Axis2P3D XDirection',(-1.,-5.3290705182E-015,0.)) ;
#1591=DIRECTION('Axis2P3D Direction',(-0.642787609687,0.766044443119,0.)) ;
#1598=DIRECTION('Axis2P3D Direction',(0.,0.,1.)) ;
#1610=DIRECTION('Axis2P3D Direction',(0.642787609687,-0.766044443119,0.)) ;
#1611=DIRECTION('Axis2P3D XDirection',(-0.766044443119,-0.642787609687,1.83697019872E-016)) ;
#1615=DIRECTION('Vector Direction',(0.642787609687,-0.766044443119,0.)) ;
#1622=DIRECTION('Axis2P3D Direction',(0.642787609687,-0.766044443119,0.)) ;
#1634=DIRECTION('Axis2P3D Direction',(0.766044443119,0.642787609687,8.32667268469E-017)) ;
#1635=DIRECTION('Axis2P3D XDirection',(-0.198632295169,0.236720751373,0.951056516294)) ;
#1639=DIRECTION('Axis2P3D Direction',(1.36023741074E-014,-1.63402182412E-014,1.)) ;
#1646=DIRECTION('Axis2P3D Direction',(0.766044443119,0.642787609687,8.32667268469E-017)) ;
#1658=DIRECTION('Axis2P3D Direction',(0.,0.,1.)) ;
#1659=DIRECTION('Axis2P3D XDirection',(-1.,1.22464679915E-016,0.)) ;
#1663=DIRECTION('Vector Direction',(0.,0.,1.)) ;
#1670=DIRECTION('Axis2P3D Direction',(0.,0.,1.)) ;
#1677=DIRECTION('Vector Direction',(0.,0.,1.)) ;
#1690=DIRECTION('Axis2P3D Direction',(0.,0.,-1.)) ;
#1691=DIRECTION('Axis2P3D XDirection',(1.,0.,0.)) ;
#1695=DIRECTION('Vector Direction',(0.642787609687,-0.766044443119,0.)) ;
#1702=DIRECTION('Vector Direction',(0.,-1.,0.)) ;
#1709=DIRECTION('Axis2P3D Direction',(0.,0.,-1.)) ;
#1716=DIRECTION('Vector Direction',(1.,0.,0.)) ;
#1723=DIRECTION('Axis2P3D Direction',(0.,0.,-1.)) ;
#1730=DIRECTION('Vector Direction',(-0.707106781187,-0.707106781187,0.)) ;
#1737=DIRECTION('Axis2P3D Direction',(0.,0.,-1.)) ;
#1744=DIRECTION('Vector Direction',(1.,0.,0.)) ;
#1751=DIRECTION('Axis2P3D Direction',(0.,0.,-1.)) ;
#1758=DIRECTION('Vector Direction',(-0.707106781187,-0.707106781187,0.)) ;
#1765=DIRECTION('Axis2P3D Direction',(0.,0.,-1.)) ;
#1772=DIRECTION('Vector Direction',(0.,1.,0.)) ;
#1779=DIRECTION('Axis2P3D Direction',(0.,0.,-1.)) ;
#1801=DIRECTION('Axis2P3D Direction',(-0.,1.,0.)) ;
#1802=DIRECTION('Axis2P3D XDirection',(1.,0.,0.)) ;
#1806=DIRECTION('Axis2P3D Direction',(-0.,1.,0.)) ;
#1813=DIRECTION('Vector Direction',(0.,1.,0.)) ;
#1820=DIRECTION('Axis2P3D Direction',(-0.,1.,0.)) ;
#1832=DIRECTION('Axis2P3D Direction',(-1.,0.,0.)) ;
#1833=DIRECTION('Axis2P3D XDirection',(0.,1.,0.)) ;
#1837=DIRECTION('Vector Direction',(0.,1.,0.)) ;
#1846=DIRECTION('Vector Direction',(0.,0.,-1.)) ;
#1851=DIRECTION('Vector Direction',(0.,0.,-1.)) ;
#1863=DIRECTION('Axis2P3D Direction',(0.,1.,0.)) ;
#1864=DIRECTION('Axis2P3D XDirection',(0.,0.,1.)) ;
#1868=DIRECTION('Axis2P3D Direction',(0.,1.,0.)) ;
#1875=DIRECTION('Vector Direction',(0.,1.,0.)) ;
#1882=DIRECTION('Axis2P3D Direction',(0.,1.,0.)) ;
#1894=DIRECTION('Axis2P3D Direction',(0.,0.,-1.)) ;
#1895=DIRECTION('Axis2P3D XDirection',(-1.,-2.13162820728E-015,0.)) ;
#1899=DIRECTION('Axis2P3D Direction',(-0.707106781187,-0.707106781187,-0.)) ;
#1908=DIRECTION('Axis2P3D Direction',(0.,0.,-1.)) ;
#1913=DIRECTION('Axis2P3D Direction',(0.,0.,-1.)) ;
#1925=DIRECTION('Axis2P3D Direction',(0.,0.,-1.)) ;
#1926=DIRECTION('Axis2P3D XDirection',(-1.,-2.22044604925E-016,0.)) ;
#1930=DIRECTION('Axis2P3D Direction',(0.,0.,-1.)) ;
#1937=DIRECTION('Vector Direction',(0.,0.,-1.)) ;
#1949=DIRECTION('Axis2P3D Direction',(0.707106781187,-0.707106781187,0.)) ;
#1950=DIRECTION('Axis2P3D XDirection',(0.,0.,-1.)) ;
#1954=DIRECTION('Vector Direction',(0.707106781187,0.707106781187,0.)) ;
#1961=DIRECTION('Vector Direction',(0.,0.,-1.)) ;
#1968=DIRECTION('Vector Direction',(0.707106781187,0.707106781187,0.)) ;
#1980=DIRECTION('Axis2P3D Direction',(-0.707106781187,-0.707106781187,0.)) ;
#1981=DIRECTION('Axis2P3D XDirection',(-1.29893408435E-016,1.29893408435E-016,-1.)) ;
#1985=DIRECTION('Axis2P3D Direction',(-0.707106781187,-0.707106781187,0.)) ;
#1990=DIRECTION('Axis2P3D Direction',(-0.707106781187,-0.707106781187,0.)) ;
#2002=DIRECTION('Axis2P3D Direction',(0.,0.,-1.)) ;
#2003=DIRECTION('Axis2P3D XDirection',(-0.707106781187,0.707106781187,0.)) ;
#2007=DIRECTION('Axis2P3D Direction',(-1.,0.,0.)) ;
#2014=DIRECTION('Axis2P3D Direction',(0.,0.,-1.)) ;
#2026=DIRECTION('Axis2P3D Direction',(1.,0.,0.)) ;
#2027=DIRECTION('Axis2P3D XDirection',(0.,-1.,0.)) ;
#2031=DIRECTION('Axis2P3D Direction',(1.,0.,0.)) ;
#2038=DIRECTION('Vector Direction',(1.,0.,0.)) ;
#2050=DIRECTION('Axis2P3D Direction',(-0.,0.,-1.)) ;
#2051=DIRECTION('Axis2P3D XDirection',(0.707106781187,-0.707106781187,0.)) ;
#2055=DIRECTION('Axis2P3D Direction',(0.707106781187,0.707106781187,0.)) ;
#2062=DIRECTION('Axis2P3D Direction',(-0.,0.,-1.)) ;
#2074=DIRECTION('Axis2P3D Direction',(-0.707106781187,-0.707106781187,0.)) ;
#2075=DIRECTION('Axis2P3D XDirection',(-1.29893408435E-016,1.29893408435E-016,-1.)) ;
#2079=DIRECTION('Vector Direction',(-0.707106781187,-0.707106781187,0.)) ;
#2101=DIRECTION('Axis2P3D Direction',(0.,0.,-1.)) ;
#2102=DIRECTION('Axis2P3D XDirection',(0.707106781187,-0.707106781187,0.)) ;
#2106=DIRECTION('Vector Direction',(0.,0.,-1.)) ;
#2111=DIRECTION('Vector Direction',(0.,0.,-1.)) ;
#2124=DIRECTION('Axis2P3D Direction',(-2.04512593129E-016,1.,0.)) ;
#2125=DIRECTION('Axis2P3D XDirection',(-1.,-2.04512593129E-016,0.)) ;
#2129=DIRECTION('Vector Direction',(0.,0.,1.)) ;
#2172=DIRECTION('Axis2P3D Direction',(2.16840434497E-016,-1.,-0.)) ;
#2173=DIRECTION('Axis2P3D XDirection',(1.,2.16840434497E-016,3.14059889206E-012)) ;
#2177=DIRECTION('Axis2P3D Direction',(2.16840434497E-016,-1.,-0.)) ;
#2186=DIRECTION('Vector Direction',(2.16840412293E-016,-1.,0.)) ;
#2191=DIRECTION('Vector Direction',(2.16840412293E-016,-1.,0.)) ;
#2204=DIRECTION('Axis2P3D Direction',(2.48933078797E-016,-1.,0.)) ;
#2269=DIRECTION('Axis2P3D Direction',(-0.,1.,0.)) ;
#2270=DIRECTION('Axis2P3D XDirection',(0.,0.,1.)) ;
#2274=DIRECTION('Axis2P3D Direction',(-0.,1.,0.)) ;
#2283=DIRECTION('Vector Direction',(0.,1.,0.)) ;
#2288=DIRECTION('Vector Direction',(0.,1.,0.)) ;
#2301=DIRECTION('Axis2P3D Direction',(-0.,1.,0.)) ;
#2314=DIRECTION('Axis2P3D Direction',(0.,-1.,-0.)) ;
#2315=DIRECTION('Axis2P3D XDirection',(-5.55111512313E-016,0.,-1.)) ;
#2319=DIRECTION('Axis2P3D Direction',(1.,0.,-1.55431223448E-015)) ;
#2324=DIRECTION('Axis2P3D Direction',(-1.,-0.,9.99200722163E-016)) ;
#2336=DIRECTION('Axis2P3D Direction',(0.,-1.,0.)) ;
#2337=DIRECTION('Axis2P3D XDirection',(5.55111512313E-016,0.,1.)) ;
#2348=DIRECTION('Axis2P3D Direction',(0.,0.,-1.)) ;
#2349=DIRECTION('Axis2P3D XDirection',(-0.707106781187,0.707106781187,0.)) ;
#2353=DIRECTION('Axis2P3D Direction',(0.,0.,-1.)) ;
#2360=DIRECTION('Vector Direction',(0.,0.,-1.)) ;
#2372=DIRECTION('Axis2P3D Direction',(-0.707106781187,-0.707106781187,0.)) ;
#2373=DIRECTION('Axis2P3D XDirection',(0.707106781187,-0.707106781187,-1.83697019872E-016)) ;
#2377=DIRECTION('Vector Direction',(-0.707106781187,-0.707106781187,0.)) ;
#2386=DIRECTION('Axis2P3D Direction',(-0.707106781187,-0.707106781187,0.)) ;
#2393=DIRECTION('Vector Direction',(-0.707106781187,-0.707106781187,0.)) ;
#2415=DIRECTION('Axis2P3D Direction',(2.16840434497E-016,-1.,-0.)) ;
#2416=DIRECTION('Axis2P3D XDirection',(1.,2.16840434497E-016,3.14000677311E-012)) ;
#2420=DIRECTION('Vector Direction',(2.16840412293E-016,-1.,0.)) ;
#2427=DIRECTION('Axis2P3D Direction',(2.16840434497E-016,-1.,-0.)) ;
#2434=DIRECTION('Vector Direction',(2.16840412293E-016,-1.,0.)) ;
#2447=DIRECTION('Axis2P3D Direction',(0.,0.,-1.)) ;
#2448=DIRECTION('Axis2P3D XDirection',(-1.,-1.18423789293E-015,0.)) ;
#2459=DIRECTION('Axis2P3D Direction',(0.,0.,-1.)) ;
#2460=DIRECTION('Axis2P3D XDirection',(0.707106781187,-0.707106781187,0.)) ;
#2464=DIRECTION('Vector Direction',(0.,0.,-1.)) ;
#2473=DIRECTION('Axis2P3D Direction',(0.,0.,-1.)) ;
#2478=DIRECTION('Vector Direction',(0.,0.,-1.)) ;
#2485=DIRECTION('Axis2P3D Direction',(0.,0.,-1.)) ;
#2498=DIRECTION('Vector Direction',(-1.,-2.07783126684E-016,0.)) ;
#2505=DIRECTION('Vector Direction',(0.,0.,1.)) ;
#2512=DIRECTION('Vector Direction',(-1.,-2.07783126684E-016,0.)) ;
#2540=DIRECTION('Axis2P3D Direction',(-1.,-3.69763179932E-015,0.)) ;
#2541=DIRECTION('Axis2P3D XDirection',(3.69763179932E-015,-1.,0.)) ;
#2545=DIRECTION('Vector Direction',(3.66746654472E-015,-1.,0.)) ;
#2554=DIRECTION('Vector Direction',(0.,0.,-1.)) ;
#2561=DIRECTION('Vector Direction',(3.6674665447E-015,-1.,0.)) ;
#2568=DIRECTION('Vector Direction',(0.,0.,-1.)) ;
#2581=DIRECTION('Axis2P3D Direction',(-0.,0.,-1.)) ;
#2582=DIRECTION('Axis2P3D XDirection',(-1.,-3.5527136788E-015,0.)) ;
#2586=DIRECTION('Axis2P3D Direction',(-0.,0.,-1.)) ;
#2591=DIRECTION('Axis2P3D Direction',(-0.,0.,-1.)) ;
#2603=DIRECTION('Axis2P3D Direction',(0.,0.,-1.)) ;
#2604=DIRECTION('Axis2P3D XDirection',(1.,0.,0.)) ;
#2608=DIRECTION('Axis2P3D Direction',(0.,0.,-1.)) ;
#2615=DIRECTION('Vector Direction',(-0.707106781187,-0.707106781187,0.)) ;
#2622=DIRECTION('Axis2P3D Direction',(0.,0.,-1.)) ;
#2629=DIRECTION('Vector Direction',(1.,0.,0.)) ;
#2636=DIRECTION('Axis2P3D Direction',(0.,0.,-1.)) ;
#2641=DIRECTION('Axis2P3D Direction',(0.,0.,-1.)) ;
#2648=DIRECTION('Vector Direction',(0.642787609687,-0.766044443119,0.)) ;
#2670=DIRECTION('Axis2P3D Direction',(0.766044443119,0.642787609687,0.)) ;
#2671=DIRECTION('Axis2P3D XDirection',(0.642787609687,-0.766044443119,-9.92669998488E-015)) ;
#2675=DIRECTION('Vector Direction',(0.766044443119,0.642787609687,0.)) ;
#2684=DIRECTION('Axis2P3D Direction',(0.766044443119,0.642787609687,0.)) ;
#2691=DIRECTION('Vector Direction',(0.766044443119,0.642787609687,0.)) ;
#2698=DIRECTION('Axis2P3D Direction',(0.766044443119,0.642787609687,0.)) ;
#2710=DIRECTION('Axis2P3D Direction',(0.766044443119,0.642787609687,0.)) ;
#2715=DIRECTION('Axis2P3D Direction',(0.766044443119,0.642787609687,0.)) ;
#2727=DIRECTION('Axis2P3D Direction',(0.,0.,-1.)) ;
#2728=DIRECTION('Axis2P3D XDirection',(-0.766044443119,-0.642787609687,0.)) ;
#2732=DIRECTION('Axis2P3D Direction',(0.,0.,-1.)) ;
#2754=DIRECTION('Axis2P3D Direction',(-0.,0.,-1.)) ;
#2755=DIRECTION('Axis2P3D XDirection',(-0.766044443119,-0.642787609687,0.)) ;
#2759=DIRECTION('Axis2P3D Direction',(-0.,0.,-1.)) ;
#2766=DIRECTION('Vector Direction',(0.,0.,-1.)) ;
#2778=DIRECTION('Axis2P3D Direction',(0.,0.,-1.)) ;
#2779=DIRECTION('Axis2P3D XDirection',(-0.766044443119,-0.642787609687,0.)) ;
#2798=DIRECTION('Axis2P3D Direction',(0.,0.,1.)) ;
#2805=DIRECTION('Vector Direction',(0.,0.,1.)) ;
#2818=DIRECTION('Axis2P3D Direction',(-0.707106781187,-0.707106781187,0.)) ;
#2819=DIRECTION('Axis2P3D XDirection',(0.707106781187,-0.707106781187,-1.83697019872E-016)) ;
#2823=DIRECTION('Axis2P3D Direction',(-0.707106781187,-0.707106781187,0.)) ;
#2835=DIRECTION('Axis2P3D Direction',(-0.642787609687,0.766044443119,0.)) ;
#2836=DIRECTION('Axis2P3D XDirection',(0.766044443119,0.642787609687,1.83697019872E-016)) ;
#2840=DIRECTION('Axis2P3D Direction',(-0.642787609687,0.766044443119,0.)) ;
#2849=DIRECTION('Vector Direction',(-0.642787609687,0.766044443119,0.)) ;
#2856=DIRECTION('Axis2P3D Direction',(-0.642787609687,0.766044443119,0.)) ;
#2863=DIRECTION('Vector Direction',(-0.642787609687,0.766044443119,0.)) ;
#2875=DIRECTION('Axis2P3D Direction',(0.766044443119,0.642787609687,-0.)) ;
#2876=DIRECTION('Axis2P3D XDirection',(-0.642787609687,0.766044443119,0.)) ;
#2892=DIRECTION('Vector Direction',(-0.642787609687,0.766044443119,0.)) ;
#2909=DIRECTION('Vector Direction',(0.,0.,1.)) ;
#2926=DIRECTION('Vector Direction',(-0.642787609687,0.766044443119,0.)) ;
#2943=DIRECTION('Vector Direction',(0.,0.,1.)) ;
#2964=DIRECTION('Axis2P3D Direction',(-0.766044443119,-0.642787609687,-7.88860905221E-031)) ;
#2965=DIRECTION('Axis2P3D XDirection',(-0.642787609687,0.766044443119,-3.5527136788E-015)) ;
#2969=DIRECTION('Axis2P3D Direction',(-0.766044443119,-0.642787609687,-7.88860905221E-031)) ;
#2976=DIRECTION('Axis2P3D Direction',(-6.28001091712E-016,7.484225572E-016,1.)) ;
#2983=DIRECTION('Axis2P3D Direction',(-0.766044443119,-0.642787609687,-7.88860905221E-031)) ;
#2995=DIRECTION('Axis2P3D Direction',(-0.766044443119,-0.642787609687,0.)) ;
#2996=DIRECTION('Axis2P3D XDirection',(8.881784197E-016,-1.7763568394E-015,-1.)) ;
#3000=DIRECTION('Axis2P3D Direction',(3.88823173094E-016,-4.63381413419E-016,-1.)) ;
#3009=DIRECTION('Axis2P3D Direction',(-0.766044443119,-0.642787609687,0.)) ;
#3014=DIRECTION('Axis2P3D Direction',(-0.766044443119,-0.642787609687,0.)) ;
#3026=DIRECTION('Axis2P3D Direction',(0.,0.,1.)) ;
#3027=DIRECTION('Axis2P3D XDirection',(0.642787609687,-0.766044443119,0.)) ;
#3031=DIRECTION('Axis2P3D Direction',(0.,0.,1.)) ;
#3040=DIRECTION('Vector Direction',(0.,0.,1.)) ;
#3045=DIRECTION('Vector Direction',(0.,0.,1.)) ;
#3057=DIRECTION('Axis2P3D Direction',(-0.766044443119,-0.642787609687,9.86076131526E-032)) ;
#3058=DIRECTION('Axis2P3D XDirection',(0.642787609687,-0.766044443119,0.)) ;
#3062=DIRECTION('Axis2P3D Direction',(0.642787609687,-0.766044443119,-1.17145536458E-015)) ;
#3071=DIRECTION('Axis2P3D Direction',(-0.766044443119,-0.642787609687,9.86076131526E-032)) ;
#3076=DIRECTION('Axis2P3D Direction',(-0.766044443119,-0.642787609687,9.86076131526E-032)) ;
#3088=DIRECTION('Axis2P3D Direction',(0.,0.,-1.)) ;
#3089=DIRECTION('Axis2P3D XDirection',(-0.707106781187,0.707106781187,0.)) ;
#3093=DIRECTION('Axis2P3D Direction',(-1.,5.55111512313E-016,0.)) ;
#3105=DIRECTION('Vector Direction',(0.,0.,-1.)) ;
#3118=DIRECTION('Axis2P3D Direction',(0.,0.,-1.)) ;
#3119=DIRECTION('Axis2P3D XDirection',(0.707106781187,-0.707106781187,0.)) ;
#3123=DIRECTION('Vector Direction',(0.,0.,-1.)) ;
#3130=DIRECTION('Vector Direction',(0.,0.,-1.)) ;
#3135=DIRECTION('Axis2P3D Direction',(0.,0.,-1.)) ;
#3155=DIRECTION('Axis2P3D Direction',(-0.707106781187,0.707106781187,0.)) ;
#3156=DIRECTION('Axis2P3D XDirection',(-0.707106781187,-0.707106781187,0.)) ;
#3160=DIRECTION('Vector Direction',(0.,0.,1.)) ;
#3167=DIRECTION('Vector Direction',(-0.707106781187,-0.707106781187,0.)) ;
#3184=DIRECTION('Axis2P3D Direction',(-1.,0.,0.)) ;
#3185=DIRECTION('Axis2P3D XDirection',(0.,0.,1.)) ;
#3189=DIRECTION('Vector Direction',(0.,1.,0.)) ;
#3196=DIRECTION('Vector Direction',(0.,0.,1.)) ;
#3209=DIRECTION('Axis2P3D Direction',(0.,0.,1.)) ;
#3210=DIRECTION('Axis2P3D XDirection',(0.707106781187,-0.707106781187,0.)) ;
#3214=DIRECTION('Axis2P3D Direction',(0.,0.,1.)) ;
#3226=DIRECTION('Axis2P3D Direction',(-0.,0.,-1.)) ;
#3227=DIRECTION('Axis2P3D XDirection',(-1.,-3.5527136788E-015,0.)) ;
#3238=DIRECTION('Axis2P3D Direction',(-4.926557518E-017,-4.13387259633E-017,1.)) ;
#3239=DIRECTION('Axis2P3D XDirection',(0.766044443119,0.642787609687,6.43116409532E-017)) ;
#3243=DIRECTION('Vector Direction',(0.,0.,1.)) ;
#3248=DIRECTION('Vector Direction',(0.,0.,1.)) ;
#3260=DIRECTION('Axis2P3D Direction',(-0.,1.,0.)) ;
#3261=DIRECTION('Axis2P3D XDirection',(1.,0.,0.)) ;
#3265=DIRECTION('Vector Direction',(1.,0.,0.)) ;
#3285=DIRECTION('Axis2P3D Direction',(-0.707106781187,-0.707106781187,0.)) ;
#3286=DIRECTION('Axis2P3D XDirection',(0.707106781187,-0.707106781187,-1.83697019872E-016)) ;
#3290=DIRECTION('Axis2P3D Direction',(-0.707106781187,-0.707106781187,0.)) ;
#3297=DIRECTION('Vector Direction',(-0.707106781187,-0.707106781187,0.)) ;
#3304=DIRECTION('Axis2P3D Direction',(-0.707106781187,-0.707106781187,0.)) ;
#3316=DIRECTION('Axis2P3D Direction',(0.,1.,0.)) ;
#3317=DIRECTION('Axis2P3D XDirection',(0.,0.,1.)) ;
#3321=DIRECTION('Vector Direction',(0.,1.,0.)) ;
#3328=DIRECTION('Axis2P3D Direction',(0.,1.,0.)) ;
#3340=DIRECTION('Axis2P3D Direction',(-0.,0.,-1.)) ;
#3341=DIRECTION('Axis2P3D XDirection',(0.707106781187,-0.707106781187,0.)) ;
#3345=DIRECTION('Axis2P3D Direction',(-0.,0.,-1.)) ;
#3352=DIRECTION('Axis2P3D Direction',(1.,5.55111512313E-016,0.)) ;
#3364=DIRECTION('Axis2P3D Direction',(-0.,0.,-1.)) ;
#3365=DIRECTION('Axis2P3D XDirection',(1.,0.,0.)) ;
#3369=DIRECTION('Axis2P3D Direction',(-0.,0.,-1.)) ;
#3381=DIRECTION('Axis2P3D Direction',(-1.,-1.9760409806E-016,0.)) ;
#3382=DIRECTION('Axis2P3D XDirection',(1.9760409806E-016,-1.,-1.83697019872E-016)) ;
#3386=DIRECTION('Vector Direction',(-1.,-1.9760409806E-016,0.)) ;
#3393=DIRECTION('Axis2P3D Direction',(-1.,-1.9760409806E-016,0.)) ;
#3405=DIRECTION('Axis2P3D Direction',(3.70622118852E-015,-1.,0.)) ;
#3406=DIRECTION('Axis2P3D XDirection',(1.,3.70622118852E-015,-1.83697019872E-016)) ;
#3410=DIRECTION('Axis2P3D Direction',(3.70622118852E-015,-1.,0.)) ;
#3417=DIRECTION('Vector Direction',(3.70622118852E-015,-1.,0.)) ;
#3424=DIRECTION('Axis2P3D Direction',(3.70622118852E-015,-1.,0.)) ;
#3436=DIRECTION('Axis2P3D Direction',(0.642787609687,-0.766044443119,0.)) ;
#3437=DIRECTION('Axis2P3D XDirection',(0.766044443119,0.642787609687,-1.83697019872E-016)) ;
#3441=DIRECTION('Axis2P3D Direction',(0.642787609687,-0.766044443119,0.)) ;
#3448=DIRECTION('Vector Direction',(0.642787609687,-0.766044443119,0.)) ;
#3453=DIRECTION('Vector Direction',(0.642787609687,-0.766044443119,0.)) ;
#3465=DIRECTION('Axis2P3D Direction',(0.,0.,-1.)) ;
#3466=DIRECTION('Axis2P3D XDirection',(-0.766044443119,-0.642787609687,0.)) ;
#3470=DIRECTION('Axis2P3D Direction',(0.,0.,-1.)) ;
#3482=DIRECTION('Axis2P3D Direction',(0.,0.,-1.)) ;
#3483=DIRECTION('Axis2P3D XDirection',(-1.,-3.90798504668E-015,0.)) ;
#3487=DIRECTION('Axis2P3D Direction',(0.,0.,-1.)) ;
#3499=DIRECTION('Axis2P3D Direction',(-0.,0.,-1.)) ;
#3500=DIRECTION('Axis2P3D XDirection',(0.707106781187,-0.707106781187,0.)) ;
#3504=DIRECTION('Axis2P3D Direction',(1.,1.11022302463E-016,0.)) ;
#3516=DIRECTION('Axis2P3D Direction',(-0.766044443119,-0.642787609687,0.)) ;
#3517=DIRECTION('Axis2P3D XDirection',(0.642787609687,-0.766044443119,0.)) ;
#3538=DIRECTION('Axis2P3D Direction',(-0.766044443119,-0.642787609687,0.)) ;
#3547=DIRECTION('Axis2P3D Direction',(-0.766044443119,-0.642787609687,0.)) ;
#3562=DIRECTION('Axis2P3D Direction',(0.,0.,-1.)) ;
#3563=DIRECTION('Axis2P3D XDirection',(-1.,0.,0.)) ;
#3591=DIRECTION('Axis2P3D Direction',(0.642787609687,-0.766044443119,0.)) ;
#3592=DIRECTION('Axis2P3D XDirection',(-0.766044443119,-0.642787609687,0.)) ;
#3596=DIRECTION('Axis2P3D Direction',(0.642787609687,-0.766044443119,0.)) ;
#3603=DIRECTION('Vector Direction',(0.642787609687,-0.766044443119,0.)) ;
#3610=DIRECTION('Axis2P3D Direction',(0.642787609687,-0.766044443119,0.)) ;
#3622=DIRECTION('Axis2P3D Direction',(0.642787609687,-0.766044443119,-2.12516003105E-016)) ;
#3623=DIRECTION('Axis2P3D XDirection',(0.766044443119,0.642787609687,0.)) ;
#3627=DIRECTION('Vector Direction',(-1.65242496688E-016,3.30484993377E-016,-1.)) ;
#3634=DIRECTION('Vector Direction',(0.766044443119,0.642787609687,0.)) ;
#3647=DIRECTION('Axis2P3D Direction',(-1.72765332382E-016,2.05893705542E-016,-1.)) ;
#3648=DIRECTION('Axis2P3D XDirection',(-0.766044443119,-0.642787609687,0.)) ;
#3652=DIRECTION('Axis2P3D Direction',(-1.72765332382E-016,2.05893705542E-016,-1.)) ;
#3659=DIRECTION('Vector Direction',(-1.23581796275E-016,2.4716359255E-016,-1.)) ;
#3666=DIRECTION('Vector Direction',(-1.23581796275E-016,2.4716359255E-016,-1.)) ;
#3679=DIRECTION('Axis2P3D Direction',(-0.766044443119,-0.642787609687,0.)) ;
#3680=DIRECTION('Axis2P3D XDirection',(0.,0.,1.)) ;
#3684=DIRECTION('Axis2P3D Direction',(-0.766044443119,-0.642787609687,0.)) ;
#3693=DIRECTION('Vector Direction',(-0.766044443119,-0.642787609687,0.)) ;
#3698=DIRECTION('Vector Direction',(-0.766044443119,-0.642787609687,0.)) ;
#3710=DIRECTION('Axis2P3D Direction',(0.766044443119,0.642787609687,-0.)) ;
#3711=DIRECTION('Axis2P3D XDirection',(-0.642787609687,0.766044443119,0.)) ;
#3715=DIRECTION('Axis2P3D Direction',(-0.,0.,-1.)) ;
#3722=DIRECTION('Axis2P3D Direction',(-0.642787609687,0.766044443119,-9.49410759657E-016)) ;
#3729=DIRECTION('Axis2P3D Direction',(0.766044443119,0.642787609687,-0.)) ;
#3741=DIRECTION('Axis2P3D Direction',(0.642787609687,-0.766044443119,0.)) ;
#3742=DIRECTION('Axis2P3D XDirection',(0.,0.,1.)) ;
#3746=DIRECTION('Vector Direction',(-0.766044443119,-0.642787609687,0.)) ;
#3753=DIRECTION('Vector Direction',(0.,0.,1.)) ;
#3765=DIRECTION('Axis2P3D Direction',(0.,0.,1.)) ;
#3766=DIRECTION('Axis2P3D XDirection',(-0.766044443119,-0.642787609687,0.)) ;
#3770=DIRECTION('Axis2P3D Direction',(0.,0.,1.)) ;
#3777=DIRECTION('Vector Direction',(0.,0.,1.)) ;
#3789=DIRECTION('Axis2P3D Direction',(-0.766044443119,-0.642787609687,0.)) ;
#3790=DIRECTION('Axis2P3D XDirection',(-0.642787609687,0.766044443119,0.)) ;
#3794=DIRECTION('Axis2P3D Direction',(-0.766044443119,-0.642787609687,0.)) ;
#3801=DIRECTION('Vector Direction',(-0.766044443119,-0.642787609687,0.)) ;
#3813=DIRECTION('Axis2P3D Direction',(0.766044443119,0.642787609687,2.46519032882E-031)) ;
#3814=DIRECTION('Axis2P3D XDirection',(0.,0.,-1.)) ;
#3818=DIRECTION('Axis2P3D Direction',(0.642787609687,-0.766044443119,-5.60000002767E-032)) ;
#3825=DIRECTION('Axis2P3D Direction',(0.766044443119,0.642787609687,2.46519032882E-031)) ;
#3837=DIRECTION('Axis2P3D Direction',(0.,0.,-1.)) ;
#3838=DIRECTION('Axis2P3D XDirection',(1.,0.,0.)) ;
#3842=DIRECTION('Vector Direction',(-0.642787609687,0.766044443119,0.)) ;
#3849=DIRECTION('Vector Direction',(-0.766044443119,-0.642787609687,0.)) ;
#3861=DIRECTION('Axis2P3D Direction',(-0.642787609687,0.766044443119,0.)) ;
#3862=DIRECTION('Axis2P3D XDirection',(-0.766044443119,-0.642787609687,-1.83697019872E-016)) ;
#3866=DIRECTION('Axis2P3D Direction',(-0.642787609687,0.766044443119,0.)) ;
#3873=DIRECTION('Vector Direction',(-0.642787609687,0.766044443119,0.)) ;
#3885=DIRECTION('Axis2P3D Direction',(-0.766044443119,-0.642787609687,-0.)) ;
#3886=DIRECTION('Axis2P3D XDirection',(0.,0.,-1.)) ;
#3890=DIRECTION('Axis2P3D Direction',(-0.766044443119,-0.642787609687,-0.)) ;
#3897=DIRECTION('Vector Direction',(-0.766044443119,-0.642787609687,0.)) ;
#3909=DIRECTION('Axis2P3D Direction',(0.766044443119,0.642787609687,0.)) ;
#3910=DIRECTION('Axis2P3D XDirection',(0.642787609687,-0.766044443119,2.84217094304E-015)) ;
#3914=DIRECTION('Axis2P3D Direction',(-1.87016780787E-015,2.22877920378E-015,1.)) ;
#3921=DIRECTION('Axis2P3D Direction',(0.766044443119,0.642787609687,0.)) ;
#3933=DIRECTION('Axis2P3D Direction',(-0.642787609687,0.766044443119,1.614869854E-016)) ;
#3934=DIRECTION('Axis2P3D XDirection',(-1.03801833341E-016,1.23706207802E-016,-1.)) ;
#3938=DIRECTION('Vector Direction',(-0.766044443119,-0.642787609687,0.)) ;
#3945=DIRECTION('Vector Direction',(-2.08983157577E-016,0.,-1.)) ;
#3957=DIRECTION('Axis2P3D Direction',(0.,0.,-1.)) ;
#3958=DIRECTION('Axis2P3D XDirection',(-0.766044443119,-0.642787609687,0.)) ;
#3962=DIRECTION('Axis2P3D Direction',(0.,0.,-1.)) ;
#3969=DIRECTION('Vector Direction',(0.,0.,-1.)) ;
#3981=DIRECTION('Axis2P3D Direction',(-0.766044443119,-0.642787609687,0.)) ;
#3982=DIRECTION('Axis2P3D XDirection',(0.642787609687,-0.766044443119,0.)) ;
#3986=DIRECTION('Axis2P3D Direction',(-0.766044443119,-0.642787609687,0.)) ;
#3993=DIRECTION('Vector Direction',(-0.766044443119,-0.642787609687,0.)) ;
#4005=DIRECTION('Axis2P3D Direction',(0.766044443119,0.642787609687,0.)) ;
#4006=DIRECTION('Axis2P3D XDirection',(7.1054273576E-016,-1.42108547152E-015,1.)) ;
#4010=DIRECTION('Axis2P3D Direction',(-0.642787609687,0.766044443119,-4.56728066699E-016)) ;
#4017=DIRECTION('Axis2P3D Direction',(0.766044443119,0.642787609687,0.)) ;
#4029=DIRECTION('Axis2P3D Direction',(0.,0.,1.)) ;
#4030=DIRECTION('Axis2P3D XDirection',(1.,0.,0.)) ;
#4034=DIRECTION('Vector Direction',(0.642787609687,-0.766044443119,0.)) ;
#4046=DIRECTION('Axis2P3D Direction',(0.642787609687,-0.766044443119,0.)) ;
#4047=DIRECTION('Axis2P3D XDirection',(-0.766044443119,-0.642787609687,1.83697019872E-016)) ;
#4051=DIRECTION('Vector Direction',(0.642787609687,-0.766044443119,0.)) ;
#4063=DIRECTION('Axis2P3D Direction',(0.766044443119,0.642787609687,1.23259516441E-031)) ;
#4064=DIRECTION('Axis2P3D XDirection',(3.89615163529E-018,-4.64325270865E-018,-1.)) ;
#4068=DIRECTION('Axis2P3D Direction',(0.766044443119,0.642787609687,1.23259516441E-031)) ;
#4080=DIRECTION('Axis2P3D Direction',(0.766044443119,0.642787609687,9.86076131526E-032)) ;
#4081=DIRECTION('Axis2P3D XDirection',(-1.7763568394E-015,1.7763568394E-015,-1.)) ;
#4085=DIRECTION('Axis2P3D Direction',(0.766044443119,0.642787609687,9.86076131526E-032)) ;
#4097=DIRECTION('Axis2P3D Direction',(-0.766044443119,-0.642787609687,0.)) ;
#4098=DIRECTION('Axis2P3D XDirection',(-1.1807816831E-016,1.40720081291E-016,-1.)) ;
#4102=DIRECTION('Vector Direction',(-0.766044443119,-0.642787609687,0.)) ;
#4109=DIRECTION('Axis2P3D Direction',(-0.766044443119,-0.642787609687,0.)) ;
#4121=DIRECTION('Axis2P3D Direction',(0.766044443119,0.642787609687,0.)) ;
#4122=DIRECTION('Axis2P3D XDirection',(0.642787609687,-0.766044443119,0.)) ;
#4126=DIRECTION('Axis2P3D Direction',(1.14182016675E-015,-1.36076828582E-015,1.)) ;
#4133=DIRECTION('Axis2P3D Direction',(0.766044443119,0.642787609687,0.)) ;
#4145=DIRECTION('Axis2P3D Direction',(-0.642787609687,0.766044443119,0.)) ;
#4146=DIRECTION('Axis2P3D XDirection',(-0.766044443119,-0.642787609687,0.)) ;
#4150=DIRECTION('Vector Direction',(0.,0.,-1.)) ;
#4157=DIRECTION('Vector Direction',(-0.766044443119,-0.642787609687,0.)) ;
#4170=DIRECTION('Axis2P3D Direction',(-0.,0.,-1.)) ;
#4171=DIRECTION('Axis2P3D XDirection',(0.642787609687,-0.766044443119,0.)) ;
#4175=DIRECTION('Axis2P3D Direction',(-0.,0.,-1.)) ;
#4182=DIRECTION('Vector Direction',(0.,0.,-1.)) ;
#4187=DIRECTION('Vector Direction',(0.,0.,-1.)) ;
#4194=DIRECTION('Vector Direction',(0.,0.,-1.)) ;
#4209=DIRECTION('Axis2P3D Direction',(-0.766044443119,-0.642787609687,0.)) ;
#4210=DIRECTION('Axis2P3D XDirection',(0.642787609687,-0.766044443119,-1.83697019872E-016)) ;
#4214=DIRECTION('Vector Direction',(-0.766044443119,-0.642787609687,0.)) ;
#4221=DIRECTION('Axis2P3D Direction',(-0.766044443119,-0.642787609687,0.)) ;
#4233=DIRECTION('Axis2P3D Direction',(0.766044443119,0.642787609687,0.)) ;
#4234=DIRECTION('Axis2P3D XDirection',(8.881784197E-016,-1.7763568394E-015,1.)) ;
#4238=DIRECTION('Axis2P3D Direction',(-0.642787609687,0.766044443119,3.1734450207E-015)) ;
#4245=DIRECTION('Axis2P3D Direction',(0.766044443119,0.642787609687,0.)) ;
#4257=DIRECTION('Axis2P3D Direction',(1.,0.,-0.)) ;
#4258=DIRECTION('Axis2P3D XDirection',(0.,0.,1.)) ;
#4269=DIRECTION('Axis2P3D Direction',(0.,0.,1.)) ;
#4270=DIRECTION('Axis2P3D XDirection',(-1.,-4.05231403988E-015,0.)) ;
#4274=DIRECTION('Vector Direction',(0.,0.,1.)) ;
#4281=DIRECTION('Axis2P3D Direction',(0.,0.,1.)) ;
#4293=DIRECTION('Axis2P3D Direction',(0.,0.,-1.)) ;
#4294=DIRECTION('Axis2P3D XDirection',(-0.766044443119,-0.642787609687,0.)) ;
#4298=DIRECTION('Axis2P3D Direction',(0.642787609687,-0.766044443119,0.)) ;
#4305=DIRECTION('Axis2P3D Direction',(0.,0.,-1.)) ;
#4317=DIRECTION('Axis2P3D Direction',(0.,0.,-1.)) ;
#4318=DIRECTION('Axis2P3D XDirection',(-1.,0.,0.)) ;
#4322=DIRECTION('Vector Direction',(-0.642787609687,0.766044443119,0.)) ;
#4346=DIRECTION('Axis2P3D Direction',(-0.642787609687,0.766044443119,0.)) ;
#4347=DIRECTION('Axis2P3D XDirection',(-0.766044443119,-0.642787609687,0.)) ;
#4351=DIRECTION('Vector Direction',(-0.642787609687,0.766044443119,0.)) ;
#4363=DIRECTION('Axis2P3D Direction',(-4.07792916698E-017,4.85988673509E-017,1.)) ;
#4364=DIRECTION('Axis2P3D XDirection',(-0.642787609687,0.766044443119,-6.34413156932E-017)) ;
#4368=DIRECTION('Vector Direction',(-0.766044443119,-0.642787609687,0.)) ;
#4377=DIRECTION('Vector Direction',(-0.642787609687,0.766044443119,-6.34413156932E-017)) ;
#4384=DIRECTION('Vector Direction',(-0.766044443119,-0.642787609687,0.)) ;
#4391=DIRECTION('Vector Direction',(-0.642787609687,0.766044443119,-6.34413156916E-017)) ;
#4403=DIRECTION('Axis2P3D Direction',(-0.642787609687,0.766044443119,0.)) ;
#4404=DIRECTION('Axis2P3D XDirection',(-0.766044443119,-0.642787609687,-1.83697019872E-016)) ;
#4408=DIRECTION('Axis2P3D Direction',(-0.642787609687,0.766044443119,0.)) ;
#4413=DIRECTION('Axis2P3D Direction',(-0.642787609687,0.766044443119,0.)) ;
#4437=DIRECTION('Vector Direction',(-0.766044443119,-0.642787609687,0.)) ;
#4441=DIRECTION('Vector Direction',(-0.766044443119,-0.642787609687,0.)) ;
#4548=DIRECTION('Vector Direction',(-0.766044443119,-0.642787609687,0.)) ;
#4557=DIRECTION('Vector Direction',(-9.10952225334E-017,0.,-1.)) ;
#4562=DIRECTION('Vector Direction',(-9.10952225334E-017,0.,-1.)) ;
#4574=DIRECTION('Axis2P3D Direction',(8.77261068354E-017,7.36109438902E-017,-1.)) ;
#4575=DIRECTION('Axis2P3D XDirection',(-0.766044443119,-0.642787609687,-1.14518299328E-016)) ;
#4579=DIRECTION('Axis2P3D Direction',(8.77261068354E-017,7.36109438902E-017,-1.)) ;
#4591=DIRECTION('Axis2P3D Direction',(-0.766044443119,-0.642787609687,0.)) ;
#4592=DIRECTION('Axis2P3D XDirection',(0.642787609687,-0.766044443119,0.)) ;
#4596=DIRECTION('Axis2P3D Direction',(-0.766044443119,-0.642787609687,0.)) ;
#4603=DIRECTION('Vector Direction',(-0.766044443119,-0.642787609687,0.)) ;
#4610=DIRECTION('Axis2P3D Direction',(-0.766044443119,-0.642787609687,0.)) ;
#4622=DIRECTION('Axis2P3D Direction',(0.766044443119,0.642787609687,0.)) ;
#4623=DIRECTION('Axis2P3D XDirection',(-3.86961573895E-012,4.61142235508E-012,1.)) ;
#4627=DIRECTION('Axis2P3D Direction',(-0.642787609687,0.766044443119,-6.01824584177E-012)) ;
#4634=DIRECTION('Axis2P3D Direction',(0.766044443119,0.642787609687,0.)) ;
#4646=DIRECTION('Axis2P3D Direction',(0.766044443119,0.642787609687,0.)) ;
#4647=DIRECTION('Axis2P3D XDirection',(0.642787609687,-0.766044443119,-9.92669998488E-015)) ;
#4651=DIRECTION('Vector Direction',(0.766044443119,0.642787609687,0.)) ;
#4658=DIRECTION('Axis2P3D Direction',(0.766044443119,0.642787609687,0.)) ;
#4665=DIRECTION('Vector Direction',(0.766044443119,0.642787609687,0.)) ;
#4677=DIRECTION('Axis2P3D Direction',(0.766044443119,0.642787609687,0.)) ;
#4689=DIRECTION('Axis2P3D Direction',(3.87191218545E-012,-4.61436525722E-012,-1.)) ;
#4690=DIRECTION('Axis2P3D XDirection',(0.642787609687,-0.766044443119,6.02362604242E-012)) ;
#4694=DIRECTION('Vector Direction',(-0.766044443119,-0.642787609687,0.)) ;
#4703=DIRECTION('Vector Direction',(0.642787609687,-0.766044443119,6.02362604241E-012)) ;
#4708=DIRECTION('Vector Direction',(0.642787609687,-0.766044443119,6.02362604241E-012)) ;
#4720=DIRECTION('Axis2P3D Direction',(0.642787609687,-0.766044443119,6.02444397007E-012)) ;
#4721=DIRECTION('Axis2P3D XDirection',(-0.766044443119,-0.642787609687,1.57627146989E-016)) ;
#4725=DIRECTION('Axis2P3D Direction',(0.642787609687,-0.766044443119,6.02444397007E-012)) ;
#4732=DIRECTION('Vector Direction',(0.642787609687,-0.766044443119,6.02454614088E-012)) ;
#4744=DIRECTION('Axis2P3D Direction',(0.766044443119,0.642787609687,-0.)) ;
#4745=DIRECTION('Axis2P3D XDirection',(-0.642787609687,0.766044443119,0.)) ;
#4749=DIRECTION('Axis2P3D Direction',(0.766044443119,0.642787609687,-0.)) ;
#4864=DIRECTION('Axis2P3D Direction',(0.766044443119,0.642787609687,0.)) ;
#4865=DIRECTION('Axis2P3D XDirection',(-0.642787609687,0.766044443119,1.42108547152E-015)) ;
#4869=DIRECTION('Axis2P3D Direction',(-9.13456133399E-016,1.08861462866E-015,-1.)) ;
#4876=DIRECTION('Axis2P3D Direction',(0.766044443119,0.642787609687,0.)) ;
#4888=DIRECTION('Axis2P3D Direction',(0.,0.,1.)) ;
#4889=DIRECTION('Axis2P3D XDirection',(-0.766044443119,-0.642787609687,0.)) ;
#4893=DIRECTION('Vector Direction',(0.,0.,1.)) ;
#4917=DIRECTION('Vector Direction',(-0.766044443119,-0.642787609687,0.)) ;
#4931=DIRECTION('Vector Direction',(-0.766044443119,-0.642787609687,0.)) ;
#4953=DIRECTION('Vector Direction',(0.,0.,1.)) ;
#4974=DIRECTION('Axis2P3D Direction',(-0.766044443119,-0.642787609687,6.15093747464E-017)) ;
#4975=DIRECTION('Axis2P3D XDirection',(-3.87174736716E-012,4.61426452603E-012,1.)) ;
#4979=DIRECTION('Vector Direction',(-0.766044443119,-0.642787609687,0.)) ;
#8=PRODUCT_RELATED_PRODUCT_CATEGORY('part',$,(#5)) ;
#7=PRODUCT_CATEGORY('part','specification') ;
#29=STYLED_ITEM(' ',(#28),#21) ;
#28=PRESENTATION_STYLE_ASSIGNMENT((#27)) ;
#115=PRESENTATION_STYLE_ASSIGNMENT((#114)) ;
#27=SURFACE_STYLE_USAGE(.BOTH.,#26) ;
#114=SURFACE_STYLE_USAGE(.BOTH.,#113) ;
#26=SURFACE_SIDE_STYLE(' ',(#25)) ;
#113=SURFACE_SIDE_STYLE(' ',(#112)) ;
#25=SURFACE_STYLE_FILL_AREA(#24) ;
#112=SURFACE_STYLE_FILL_AREA(#111) ;
#24=FILL_AREA_STYLE(' ',(#23)) ;
#111=FILL_AREA_STYLE(' ',(#110)) ;
#23=FILL_AREA_STYLE_COLOUR(' ',#22) ;
#110=FILL_AREA_STYLE_COLOUR(' ',#109) ;
#133=VECTOR('Line Direction',#132,1.) ;
#138=VECTOR('Line Direction',#137,1.) ;
#217=VECTOR('Line Direction',#216,1.) ;
#226=VECTOR('Line Direction',#225,1.) ;
#233=VECTOR('Line Direction',#232,1.) ;
#240=VECTOR('Line Direction',#239,1.) ;
#247=VECTOR('Line Direction',#246,1.) ;
#254=VECTOR('Line Direction',#253,1.) ;
#261=VECTOR('Line Direction',#260,1.) ;
#268=VECTOR('Line Direction',#267,1.) ;
#326=VECTOR('Line Direction',#325,1.) ;
#373=VECTOR('Line Direction',#372,1.) ;
#390=VECTOR('Line Direction',#389,1.) ;
#449=VECTOR('Line Direction',#448,1.) ;
#499=VECTOR('Line Direction',#498,1.) ;
#592=VECTOR('Line Direction',#591,1.) ;
#954=VECTOR('Line Direction',#953,1.) ;
#1029=VECTOR('Line Direction',#1028,1.) ;
#1036=VECTOR('Line Direction',#1035,1.) ;
#1043=VECTOR('Line Direction',#1042,1.) ;
#1068=VECTOR('Line Direction',#1067,1.) ;
#1085=VECTOR('Line Direction',#1084,1.) ;
#1130=VECTOR('Line Direction',#1129,1.) ;
#1161=VECTOR('Line Direction',#1160,1.) ;
#1178=VECTOR('Line Direction',#1177,1.) ;
#1229=VECTOR('Line Direction',#1228,1.) ;
#1322=VECTOR('Line Direction',#1321,1.) ;
#1346=VECTOR('Line Direction',#1345,1.) ;
#1370=VECTOR('Line Direction',#1369,1.) ;
#1387=VECTOR('Line Direction',#1386,1.) ;
#1445=VECTOR('Line Direction',#1444,1.) ;
#1616=VECTOR('Line Direction',#1615,1.) ;
#1664=VECTOR('Line Direction',#1663,1.) ;
#1678=VECTOR('Line Direction',#1677,1.) ;
#1696=VECTOR('Line Direction',#1695,1.) ;
#1703=VECTOR('Line Direction',#1702,1.) ;
#1717=VECTOR('Line Direction',#1716,1.) ;
#1731=VECTOR('Line Direction',#1730,1.) ;
#1745=VECTOR('Line Direction',#1744,1.) ;
#1759=VECTOR('Line Direction',#1758,1.) ;
#1773=VECTOR('Line Direction',#1772,1.) ;
#1814=VECTOR('Line Direction',#1813,1.) ;
#1838=VECTOR('Line Direction',#1837,1.) ;
#1847=VECTOR('Line Direction',#1846,1.) ;
#1852=VECTOR('Line Direction',#1851,1.) ;
#1876=VECTOR('Line Direction',#1875,1.) ;
#1938=VECTOR('Line Direction',#1937,1.) ;
#1955=VECTOR('Line Direction',#1954,1.) ;
#1962=VECTOR('Line Direction',#1961,1.) ;
#1969=VECTOR('Line Direction',#1968,1.) ;
#2039=VECTOR('Line Direction',#2038,1.) ;
#2080=VECTOR('Line Direction',#2079,1.) ;
#2107=VECTOR('Line Direction',#2106,1.) ;
#2112=VECTOR('Line Direction',#2111,1.) ;
#2130=VECTOR('Line Direction',#2129,1.) ;
#2187=VECTOR('Line Direction',#2186,1.) ;
#2192=VECTOR('Line Direction',#2191,1.) ;
#2284=VECTOR('Line Direction',#2283,1.) ;
#2289=VECTOR('Line Direction',#2288,1.) ;
#2361=VECTOR('Line Direction',#2360,1.) ;
#2378=VECTOR('Line Direction',#2377,1.) ;
#2394=VECTOR('Line Direction',#2393,1.) ;
#2421=VECTOR('Line Direction',#2420,1.) ;
#2435=VECTOR('Line Direction',#2434,1.) ;
#2465=VECTOR('Line Direction',#2464,1.) ;
#2479=VECTOR('Line Direction',#2478,1.) ;
#2499=VECTOR('Line Direction',#2498,1.) ;
#2506=VECTOR('Line Direction',#2505,1.) ;
#2513=VECTOR('Line Direction',#2512,1.) ;
#2546=VECTOR('Line Direction',#2545,1.) ;
#2555=VECTOR('Line Direction',#2554,1.) ;
#2562=VECTOR('Line Direction',#2561,1.) ;
#2569=VECTOR('Line Direction',#2568,1.) ;
#2616=VECTOR('Line Direction',#2615,1.) ;
#2630=VECTOR('Line Direction',#2629,1.) ;
#2649=VECTOR('Line Direction',#2648,1.) ;
#2676=VECTOR('Line Direction',#2675,1.) ;
#2692=VECTOR('Line Direction',#2691,1.) ;
#2767=VECTOR('Line Direction',#2766,1.) ;
#2806=VECTOR('Line Direction',#2805,1.) ;
#2850=VECTOR('Line Direction',#2849,1.) ;
#2864=VECTOR('Line Direction',#2863,1.) ;
#2893=VECTOR('Line Direction',#2892,1.) ;
#2910=VECTOR('Line Direction',#2909,1.) ;
#2927=VECTOR('Line Direction',#2926,1.) ;
#2944=VECTOR('Line Direction',#2943,1.) ;
#3041=VECTOR('Line Direction',#3040,1.) ;
#3046=VECTOR('Line Direction',#3045,1.) ;
#3106=VECTOR('Line Direction',#3105,1.) ;
#3124=VECTOR('Line Direction',#3123,1.) ;
#3131=VECTOR('Line Direction',#3130,1.) ;
#3161=VECTOR('Line Direction',#3160,1.) ;
#3168=VECTOR('Line Direction',#3167,1.) ;
#3190=VECTOR('Line Direction',#3189,1.) ;
#3197=VECTOR('Line Direction',#3196,1.) ;
#3244=VECTOR('Line Direction',#3243,1.) ;
#3249=VECTOR('Line Direction',#3248,1.) ;
#3266=VECTOR('Line Direction',#3265,1.) ;
#3298=VECTOR('Line Direction',#3297,1.) ;
#3322=VECTOR('Line Direction',#3321,1.) ;
#3387=VECTOR('Line Direction',#3386,1.) ;
#3418=VECTOR('Line Direction',#3417,1.) ;
#3449=VECTOR('Line Direction',#3448,1.) ;
#3454=VECTOR('Line Direction',#3453,1.) ;
#3604=VECTOR('Line Direction',#3603,1.) ;
#3628=VECTOR('Line Direction',#3627,1.) ;
#3635=VECTOR('Line Direction',#3634,1.) ;
#3660=VECTOR('Line Direction',#3659,1.) ;
#3667=VECTOR('Line Direction',#3666,1.) ;
#3694=VECTOR('Line Direction',#3693,1.) ;
#3699=VECTOR('Line Direction',#3698,1.) ;
#3747=VECTOR('Line Direction',#3746,1.) ;
#3754=VECTOR('Line Direction',#3753,1.) ;
#3778=VECTOR('Line Direction',#3777,1.) ;
#3802=VECTOR('Line Direction',#3801,1.) ;
#3843=VECTOR('Line Direction',#3842,1.) ;
#3850=VECTOR('Line Direction',#3849,1.) ;
#3874=VECTOR('Line Direction',#3873,1.) ;
#3898=VECTOR('Line Direction',#3897,1.) ;
#3939=VECTOR('Line Direction',#3938,1.) ;
#3946=VECTOR('Line Direction',#3945,1.) ;
#3970=VECTOR('Line Direction',#3969,1.) ;
#3994=VECTOR('Line Direction',#3993,1.) ;
#4035=VECTOR('Line Direction',#4034,1.) ;
#4052=VECTOR('Line Direction',#4051,1.) ;
#4103=VECTOR('Line Direction',#4102,1.) ;
#4151=VECTOR('Line Direction',#4150,1.) ;
#4158=VECTOR('Line Direction',#4157,1.) ;
#4183=VECTOR('Line Direction',#4182,1.) ;
#4188=VECTOR('Line Direction',#4187,1.) ;
#4195=VECTOR('Line Direction',#4194,1.) ;
#4215=VECTOR('Line Direction',#4214,1.) ;
#4275=VECTOR('Line Direction',#4274,1.) ;
#4323=VECTOR('Line Direction',#4322,1.) ;
#4352=VECTOR('Line Direction',#4351,1.) ;
#4369=VECTOR('Line Direction',#4368,1.) ;
#4378=VECTOR('Line Direction',#4377,1.) ;
#4385=VECTOR('Line Direction',#4384,1.) ;
#4392=VECTOR('Line Direction',#4391,1.) ;
#4438=VECTOR('Extrusion Surface Vector',#4437,1.) ;
#4442=VECTOR('Line Direction',#4441,1.) ;
#4549=VECTOR('Line Direction',#4548,1.) ;
#4558=VECTOR('Line Direction',#4557,1.) ;
#4563=VECTOR('Line Direction',#4562,1.) ;
#4604=VECTOR('Line Direction',#4603,1.) ;
#4652=VECTOR('Line Direction',#4651,1.) ;
#4666=VECTOR('Line Direction',#4665,1.) ;
#4695=VECTOR('Line Direction',#4694,1.) ;
#4704=VECTOR('Line Direction',#4703,1.) ;
#4709=VECTOR('Line Direction',#4708,1.) ;
#4733=VECTOR('Line Direction',#4732,1.) ;
#4894=VECTOR('Line Direction',#4893,1.) ;
#4918=VECTOR('Extrusion Surface Vector',#4917,1.) ;
#4932=VECTOR('Line Direction',#4931,1.) ;
#4954=VECTOR('Line Direction',#4953,1.) ;
#4980=VECTOR('Line Direction',#4979,1.) ;
#15=UNCERTAINTY_MEASURE_WITH_UNIT(LENGTH_MEASURE(0.005),#12,'distance_accuracy_value','CONFUSED CURVE UNCERTAINTY') ;
#4998=SHAPE_REPRESENTATION_RELATIONSHIP(' ',' ',#19,#4997) ;
#51=ORIENTED_EDGE('',*,*,#44,.T.) ;
#52=ORIENTED_EDGE('',*,*,#49,.T.) ;
#105=ORIENTED_EDGE('',*,*,#80,.T.) ;
#106=ORIENTED_EDGE('',*,*,#103,.T.) ;
#142=ORIENTED_EDGE('',*,*,#130,.T.) ;
#143=ORIENTED_EDGE('',*,*,#135,.F.) ;
#144=ORIENTED_EDGE('',*,*,#80,.F.) ;
#145=ORIENTED_EDGE('',*,*,#140,.T.) ;
#155=ORIENTED_EDGE('',*,*,#153,.T.) ;
#156=ORIENTED_EDGE('',*,*,#140,.F.) ;
#157=ORIENTED_EDGE('',*,*,#103,.F.) ;
#158=ORIENTED_EDGE('',*,*,#135,.T.) ;
#187=ORIENTED_EDGE('',*,*,#173,.T.) ;
#188=ORIENTED_EDGE('',*,*,#180,.T.) ;
#189=ORIENTED_EDGE('',*,*,#185,.F.) ;
#190=ORIENTED_EDGE('',*,*,#153,.F.) ;
#204=ORIENTED_EDGE('',*,*,#185,.T.) ;
#205=ORIENTED_EDGE('',*,*,#202,.T.) ;
#206=ORIENTED_EDGE('',*,*,#173,.F.) ;
#207=ORIENTED_EDGE('',*,*,#130,.F.) ;
#272=ORIENTED_EDGE('',*,*,#223,.F.) ;
#273=ORIENTED_EDGE('',*,*,#230,.F.) ;
#274=ORIENTED_EDGE('',*,*,#237,.T.) ;
#275=ORIENTED_EDGE('',*,*,#244,.F.) ;
#276=ORIENTED_EDGE('',*,*,#251,.T.) ;
#277=ORIENTED_EDGE('',*,*,#258,.F.) ;
#278=ORIENTED_EDGE('',*,*,#265,.T.) ;
#279=ORIENTED_EDGE('',*,*,#270,.F.) ;
#282=ORIENTED_EDGE('',*,*,#180,.F.) ;
#283=ORIENTED_EDGE('',*,*,#202,.F.) ;
#300=ORIENTED_EDGE('',*,*,#293,.F.) ;
#301=ORIENTED_EDGE('',*,*,#298,.F.) ;
#330=ORIENTED_EDGE('',*,*,#316,.T.) ;
#331=ORIENTED_EDGE('',*,*,#230,.T.) ;
#332=ORIENTED_EDGE('',*,*,#323,.F.) ;
#333=ORIENTED_EDGE('',*,*,#328,.F.) ;
#354=ORIENTED_EDGE('',*,*,#323,.T.) ;
#355=ORIENTED_EDGE('',*,*,#347,.F.) ;
#356=ORIENTED_EDGE('',*,*,#352,.F.) ;
#377=ORIENTED_EDGE('',*,*,#347,.T.) ;
#378=ORIENTED_EDGE('',*,*,#223,.T.) ;
#379=ORIENTED_EDGE('',*,*,#370,.F.) ;
#380=ORIENTED_EDGE('',*,*,#375,.F.) ;
#408=ORIENTED_EDGE('',*,*,#396,.T.) ;
#409=ORIENTED_EDGE('',*,*,#401,.F.) ;
#410=ORIENTED_EDGE('',*,*,#237,.F.) ;
#411=ORIENTED_EDGE('',*,*,#406,.F.) ;
#437=ORIENTED_EDGE('',*,*,#406,.T.) ;
#438=ORIENTED_EDGE('',*,*,#316,.F.) ;
#439=ORIENTED_EDGE('',*,*,#435,.F.) ;
#468=ORIENTED_EDGE('',*,*,#455,.F.) ;
#469=ORIENTED_EDGE('',*,*,#460,.F.) ;
#470=ORIENTED_EDGE('',*,*,#265,.F.) ;
#471=ORIENTED_EDGE('',*,*,#466,.F.) ;
#575=ORIENTED_EDGE('',*,*,#496,.F.) ;
#576=ORIENTED_EDGE('',*,*,#503,.T.) ;
#577=ORIENTED_EDGE('',*,*,#525,.F.) ;
#578=ORIENTED_EDGE('',*,*,#545,.F.) ;
#579=ORIENTED_EDGE('',*,*,#455,.T.) ;
#580=ORIENTED_EDGE('',*,*,#561,.F.) ;
#581=ORIENTED_EDGE('',*,*,#568,.T.) ;
#582=ORIENTED_EDGE('',*,*,#573,.T.) ;
#596=ORIENTED_EDGE('',*,*,#594,.T.) ;
#597=ORIENTED_EDGE('',*,*,#573,.F.) ;
#598=ORIENTED_EDGE('',*,*,#568,.F.) ;
#613=ORIENTED_EDGE('',*,*,#611,.T.) ;
#614=ORIENTED_EDGE('',*,*,#496,.T.) ;
#615=ORIENTED_EDGE('',*,*,#594,.F.) ;
#616=ORIENTED_EDGE('',*,*,#561,.T.) ;
#617=ORIENTED_EDGE('',*,*,#466,.T.) ;
#618=ORIENTED_EDGE('',*,*,#258,.T.) ;
#632=ORIENTED_EDGE('',*,*,#251,.F.) ;
#633=ORIENTED_EDGE('',*,*,#630,.T.) ;
#634=ORIENTED_EDGE('',*,*,#503,.F.) ;
#635=ORIENTED_EDGE('',*,*,#611,.F.) ;
#789=ORIENTED_EDGE('',*,*,#755,.T.) ;
#790=ORIENTED_EDGE('',*,*,#525,.T.) ;
#791=ORIENTED_EDGE('',*,*,#630,.F.) ;
#792=ORIENTED_EDGE('',*,*,#787,.F.) ;
#934=ORIENTED_EDGE('',*,*,#545,.T.) ;
#935=ORIENTED_EDGE('',*,*,#755,.F.) ;
#936=ORIENTED_EDGE('',*,*,#932,.F.) ;
#937=ORIENTED_EDGE('',*,*,#460,.T.) ;
#965=ORIENTED_EDGE('',*,*,#270,.T.) ;
#966=ORIENTED_EDGE('',*,*,#932,.T.) ;
#967=ORIENTED_EDGE('',*,*,#787,.T.) ;
#968=ORIENTED_EDGE('',*,*,#244,.T.) ;
#969=ORIENTED_EDGE('',*,*,#951,.T.) ;
#970=ORIENTED_EDGE('',*,*,#958,.F.) ;
#971=ORIENTED_EDGE('',*,*,#963,.F.) ;
#992=ORIENTED_EDGE('',*,*,#370,.T.) ;
#993=ORIENTED_EDGE('',*,*,#963,.T.) ;
#994=ORIENTED_EDGE('',*,*,#985,.F.) ;
#995=ORIENTED_EDGE('',*,*,#990,.F.) ;
#1016=ORIENTED_EDGE('',*,*,#401,.T.) ;
#1017=ORIENTED_EDGE('',*,*,#1009,.T.) ;
#1018=ORIENTED_EDGE('',*,*,#1014,.F.) ;
#1019=ORIENTED_EDGE('',*,*,#951,.F.) ;
#1047=ORIENTED_EDGE('',*,*,#1033,.F.) ;
#1048=ORIENTED_EDGE('',*,*,#958,.T.) ;
#1049=ORIENTED_EDGE('',*,*,#1040,.T.) ;
#1050=ORIENTED_EDGE('',*,*,#1045,.T.) ;
#1072=ORIENTED_EDGE('',*,*,#985,.T.) ;
#1073=ORIENTED_EDGE('',*,*,#1033,.T.) ;
#1074=ORIENTED_EDGE('',*,*,#1065,.F.) ;
#1075=ORIENTED_EDGE('',*,*,#1070,.F.) ;
#1096=ORIENTED_EDGE('',*,*,#1014,.T.) ;
#1097=ORIENTED_EDGE('',*,*,#1089,.T.) ;
#1098=ORIENTED_EDGE('',*,*,#1094,.F.) ;
#1099=ORIENTED_EDGE('',*,*,#1040,.F.) ;
#1197=ORIENTED_EDGE('',*,*,#1114,.F.) ;
#1198=ORIENTED_EDGE('',*,*,#1120,.F.) ;
#1199=ORIENTED_EDGE('',*,*,#1127,.F.) ;
#1200=ORIENTED_EDGE('',*,*,#1089,.F.) ;
#1201=ORIENTED_EDGE('',*,*,#1009,.F.) ;
#1202=ORIENTED_EDGE('',*,*,#396,.F.) ;
#1203=ORIENTED_EDGE('',*,*,#1134,.F.) ;
#1204=ORIENTED_EDGE('',*,*,#1143,.F.) ;
#1205=ORIENTED_EDGE('',*,*,#1149,.F.) ;
#1206=ORIENTED_EDGE('',*,*,#1158,.F.) ;
#1207=ORIENTED_EDGE('',*,*,#1165,.F.) ;
#1208=ORIENTED_EDGE('',*,*,#1175,.F.) ;
#1209=ORIENTED_EDGE('',*,*,#1182,.F.) ;
#1210=ORIENTED_EDGE('',*,*,#1191,.F.) ;
#1211=ORIENTED_EDGE('',*,*,#1195,.F.) ;
#1240=ORIENTED_EDGE('',*,*,#1114,.T.) ;
#1241=ORIENTED_EDGE('',*,*,#1226,.T.) ;
#1242=ORIENTED_EDGE('',*,*,#1233,.F.) ;
#1243=ORIENTED_EDGE('',*,*,#1238,.T.) ;
#1271=ORIENTED_EDGE('',*,*,#1257,.T.) ;
#1272=ORIENTED_EDGE('',*,*,#1191,.T.) ;
#1273=ORIENTED_EDGE('',*,*,#1264,.F.) ;
#1274=ORIENTED_EDGE('',*,*,#1269,.F.) ;
#1302=ORIENTED_EDGE('',*,*,#1288,.T.) ;
#1303=ORIENTED_EDGE('',*,*,#1158,.T.) ;
#1304=ORIENTED_EDGE('',*,*,#1295,.F.) ;
#1305=ORIENTED_EDGE('',*,*,#1300,.F.) ;
#1326=ORIENTED_EDGE('',*,*,#1319,.T.) ;
#1327=ORIENTED_EDGE('',*,*,#1165,.T.) ;
#1328=ORIENTED_EDGE('',*,*,#1288,.F.) ;
#1329=ORIENTED_EDGE('',*,*,#1324,.F.) ;
#1350=ORIENTED_EDGE('',*,*,#1264,.T.) ;
#1351=ORIENTED_EDGE('',*,*,#1182,.T.) ;
#1352=ORIENTED_EDGE('',*,*,#1343,.F.) ;
#1353=ORIENTED_EDGE('',*,*,#1348,.F.) ;
#1374=ORIENTED_EDGE('',*,*,#1295,.T.) ;
#1375=ORIENTED_EDGE('',*,*,#1149,.T.) ;
#1376=ORIENTED_EDGE('',*,*,#1367,.F.) ;
#1377=ORIENTED_EDGE('',*,*,#1372,.F.) ;
#1398=ORIENTED_EDGE('',*,*,#1391,.F.) ;
#1399=ORIENTED_EDGE('',*,*,#1396,.T.) ;
#1400=ORIENTED_EDGE('',*,*,#1134,.T.) ;
#1401=ORIENTED_EDGE('',*,*,#435,.T.) ;
#1415=ORIENTED_EDGE('',*,*,#1367,.T.) ;
#1416=ORIENTED_EDGE('',*,*,#1143,.T.) ;
#1417=ORIENTED_EDGE('',*,*,#1396,.F.) ;
#1418=ORIENTED_EDGE('',*,*,#1413,.F.) ;
#1432=ORIENTED_EDGE('',*,*,#1343,.T.) ;
#1433=ORIENTED_EDGE('',*,*,#1175,.T.) ;
#1434=ORIENTED_EDGE('',*,*,#1319,.F.) ;
#1435=ORIENTED_EDGE('',*,*,#1430,.F.) ;
#1468=ORIENTED_EDGE('',*,*,#1195,.T.) ;
#1469=ORIENTED_EDGE('',*,*,#1257,.F.) ;
#1470=ORIENTED_EDGE('',*,*,#1449,.F.) ;
#1471=ORIENTED_EDGE('',*,*,#1466,.F.) ;
#1580=ORIENTED_EDGE('',*,*,#1466,.T.) ;
#1581=ORIENTED_EDGE('',*,*,#1578,.F.) ;
#1582=ORIENTED_EDGE('',*,*,#1226,.F.) ;
#1603=ORIENTED_EDGE('',*,*,#1094,.T.) ;
#1604=ORIENTED_EDGE('',*,*,#1127,.T.) ;
#1605=ORIENTED_EDGE('',*,*,#1596,.F.) ;
#1606=ORIENTED_EDGE('',*,*,#1601,.F.) ;
#1627=ORIENTED_EDGE('',*,*,#1620,.F.) ;
#1628=ORIENTED_EDGE('',*,*,#1596,.T.) ;
#1629=ORIENTED_EDGE('',*,*,#1120,.T.) ;
#1630=ORIENTED_EDGE('',*,*,#1625,.F.) ;
#1651=ORIENTED_EDGE('',*,*,#1644,.T.) ;
#1652=ORIENTED_EDGE('',*,*,#1649,.T.) ;
#1653=ORIENTED_EDGE('',*,*,#1625,.T.) ;
#1654=ORIENTED_EDGE('',*,*,#1238,.F.) ;
#1682=ORIENTED_EDGE('',*,*,#1269,.T.) ;
#1683=ORIENTED_EDGE('',*,*,#1668,.F.) ;
#1684=ORIENTED_EDGE('',*,*,#1675,.F.) ;
#1685=ORIENTED_EDGE('',*,*,#1680,.F.) ;
#1784=ORIENTED_EDGE('',*,*,#1700,.F.) ;
#1785=ORIENTED_EDGE('',*,*,#1675,.T.) ;
#1786=ORIENTED_EDGE('',*,*,#1707,.F.) ;
#1787=ORIENTED_EDGE('',*,*,#1714,.T.) ;
#1788=ORIENTED_EDGE('',*,*,#1721,.T.) ;
#1789=ORIENTED_EDGE('',*,*,#1728,.F.) ;
#1790=ORIENTED_EDGE('',*,*,#1735,.T.) ;
#1791=ORIENTED_EDGE('',*,*,#1742,.T.) ;
#1792=ORIENTED_EDGE('',*,*,#1749,.T.) ;
#1793=ORIENTED_EDGE('',*,*,#1756,.T.) ;
#1794=ORIENTED_EDGE('',*,*,#1763,.T.) ;
#1795=ORIENTED_EDGE('',*,*,#1770,.T.) ;
#1796=ORIENTED_EDGE('',*,*,#1777,.T.) ;
#1797=ORIENTED_EDGE('',*,*,#1782,.T.) ;
#1825=ORIENTED_EDGE('',*,*,#1811,.T.) ;
#1826=ORIENTED_EDGE('',*,*,#1818,.T.) ;
#1827=ORIENTED_EDGE('',*,*,#1823,.F.) ;
#1828=ORIENTED_EDGE('',*,*,#1777,.F.) ;
#1856=ORIENTED_EDGE('',*,*,#1844,.T.) ;
#1857=ORIENTED_EDGE('',*,*,#1849,.F.) ;
#1858=ORIENTED_EDGE('',*,*,#1818,.F.) ;
#1859=ORIENTED_EDGE('',*,*,#1854,.F.) ;
#1887=ORIENTED_EDGE('',*,*,#1873,.T.) ;
#1888=ORIENTED_EDGE('',*,*,#1880,.T.) ;
#1889=ORIENTED_EDGE('',*,*,#1885,.F.) ;
#1890=ORIENTED_EDGE('',*,*,#1844,.F.) ;
#1918=ORIENTED_EDGE('',*,*,#1906,.T.) ;
#1919=ORIENTED_EDGE('',*,*,#1911,.T.) ;
#1920=ORIENTED_EDGE('',*,*,#1873,.F.) ;
#1921=ORIENTED_EDGE('',*,*,#1916,.F.) ;
#1942=ORIENTED_EDGE('',*,*,#1916,.T.) ;
#1943=ORIENTED_EDGE('',*,*,#1854,.T.) ;
#1944=ORIENTED_EDGE('',*,*,#1935,.F.) ;
#1945=ORIENTED_EDGE('',*,*,#1940,.F.) ;
#1973=ORIENTED_EDGE('',*,*,#1940,.T.) ;
#1974=ORIENTED_EDGE('',*,*,#1959,.F.) ;
#1975=ORIENTED_EDGE('',*,*,#1966,.F.) ;
#1976=ORIENTED_EDGE('',*,*,#1971,.T.) ;
#1995=ORIENTED_EDGE('',*,*,#1988,.T.) ;
#1996=ORIENTED_EDGE('',*,*,#1959,.T.) ;
#1997=ORIENTED_EDGE('',*,*,#1993,.F.) ;
#1998=ORIENTED_EDGE('',*,*,#1763,.F.) ;
#2019=ORIENTED_EDGE('',*,*,#2012,.T.) ;
#2020=ORIENTED_EDGE('',*,*,#2017,.T.) ;
#2021=ORIENTED_EDGE('',*,*,#1988,.F.) ;
#2022=ORIENTED_EDGE('',*,*,#1756,.F.) ;
#2043=ORIENTED_EDGE('',*,*,#2036,.T.) ;
#2044=ORIENTED_EDGE('',*,*,#2041,.T.) ;
#2045=ORIENTED_EDGE('',*,*,#2012,.F.) ;
#2046=ORIENTED_EDGE('',*,*,#1749,.F.) ;
#2067=ORIENTED_EDGE('',*,*,#2060,.T.) ;
#2068=ORIENTED_EDGE('',*,*,#2065,.T.) ;
#2069=ORIENTED_EDGE('',*,*,#2036,.F.) ;
#2070=ORIENTED_EDGE('',*,*,#1742,.F.) ;
#2094=ORIENTED_EDGE('',*,*,#2084,.T.) ;
#2095=ORIENTED_EDGE('',*,*,#2060,.F.) ;
#2096=ORIENTED_EDGE('',*,*,#1735,.F.) ;
#2097=ORIENTED_EDGE('',*,*,#2092,.T.) ;
#2116=ORIENTED_EDGE('',*,*,#2109,.F.) ;
#2117=ORIENTED_EDGE('',*,*,#2092,.F.) ;
#2118=ORIENTED_EDGE('',*,*,#1728,.T.) ;
#2119=ORIENTED_EDGE('',*,*,#2114,.T.) ;
#2120=ORIENTED_EDGE('',*,*,#1300,.T.) ;
#2134=ORIENTED_EDGE('',*,*,#1324,.T.) ;
#2135=ORIENTED_EDGE('',*,*,#2114,.F.) ;
#2136=ORIENTED_EDGE('',*,*,#1721,.F.) ;
#2137=ORIENTED_EDGE('',*,*,#2132,.T.) ;
#2166=ORIENTED_EDGE('',*,*,#2153,.F.) ;
#2167=ORIENTED_EDGE('',*,*,#2164,.F.) ;
#2196=ORIENTED_EDGE('',*,*,#2184,.F.) ;
#2197=ORIENTED_EDGE('',*,*,#2189,.T.) ;
#2198=ORIENTED_EDGE('',*,*,#2164,.T.) ;
#2199=ORIENTED_EDGE('',*,*,#2194,.F.) ;
#2209=ORIENTED_EDGE('',*,*,#2184,.T.) ;
#2210=ORIENTED_EDGE('',*,*,#2207,.T.) ;
#2263=ORIENTED_EDGE('',*,*,#2238,.T.) ;
#2264=ORIENTED_EDGE('',*,*,#2261,.T.) ;
#2293=ORIENTED_EDGE('',*,*,#2281,.T.) ;
#2294=ORIENTED_EDGE('',*,*,#2286,.F.) ;
#2295=ORIENTED_EDGE('',*,*,#2261,.F.) ;
#2296=ORIENTED_EDGE('',*,*,#2291,.T.) ;
#2306=ORIENTED_EDGE('',*,*,#2304,.T.) ;
#2307=ORIENTED_EDGE('',*,*,#2291,.F.) ;
#2308=ORIENTED_EDGE('',*,*,#2238,.F.) ;
#2309=ORIENTED_EDGE('',*,*,#2286,.T.) ;
#2329=ORIENTED_EDGE('',*,*,#2322,.T.) ;
#2330=ORIENTED_EDGE('',*,*,#293,.T.) ;
#2331=ORIENTED_EDGE('',*,*,#2327,.F.) ;
#2332=ORIENTED_EDGE('',*,*,#2304,.F.) ;
#2341=ORIENTED_EDGE('',*,*,#2327,.T.) ;
#2342=ORIENTED_EDGE('',*,*,#298,.T.) ;
#2343=ORIENTED_EDGE('',*,*,#2322,.F.) ;
#2344=ORIENTED_EDGE('',*,*,#2281,.F.) ;
#2365=ORIENTED_EDGE('',*,*,#2358,.T.) ;
#2366=ORIENTED_EDGE('',*,*,#1966,.T.) ;
#2367=ORIENTED_EDGE('',*,*,#2017,.F.) ;
#2368=ORIENTED_EDGE('',*,*,#2363,.F.) ;
#2408=ORIENTED_EDGE('',*,*,#2384,.T.) ;
#2409=ORIENTED_EDGE('',*,*,#2391,.F.) ;
#2410=ORIENTED_EDGE('',*,*,#2398,.F.) ;
#2411=ORIENTED_EDGE('',*,*,#2406,.T.) ;
#2439=ORIENTED_EDGE('',*,*,#2425,.T.) ;
#2440=ORIENTED_EDGE('',*,*,#2432,.T.) ;
#2441=ORIENTED_EDGE('',*,*,#2437,.F.) ;
#2442=ORIENTED_EDGE('',*,*,#49,.F.) ;
#2452=ORIENTED_EDGE('',*,*,#1993,.T.) ;
#2453=ORIENTED_EDGE('',*,*,#1935,.T.) ;
#2454=ORIENTED_EDGE('',*,*,#1811,.F.) ;
#2455=ORIENTED_EDGE('',*,*,#1770,.F.) ;
#2490=ORIENTED_EDGE('',*,*,#2471,.T.) ;
#2491=ORIENTED_EDGE('',*,*,#2476,.T.) ;
#2492=ORIENTED_EDGE('',*,*,#2406,.F.) ;
#2493=ORIENTED_EDGE('',*,*,#2483,.F.) ;
#2494=ORIENTED_EDGE('',*,*,#2488,.T.) ;
#2517=ORIENTED_EDGE('',*,*,#2503,.T.) ;
#2518=ORIENTED_EDGE('',*,*,#2510,.F.) ;
#2519=ORIENTED_EDGE('',*,*,#2515,.T.) ;
#2520=ORIENTED_EDGE('',*,*,#2471,.F.) ;
#2534=ORIENTED_EDGE('',*,*,#2532,.F.) ;
#2535=ORIENTED_EDGE('',*,*,#2432,.F.) ;
#2573=ORIENTED_EDGE('',*,*,#2552,.T.) ;
#2574=ORIENTED_EDGE('',*,*,#2559,.T.) ;
#2575=ORIENTED_EDGE('',*,*,#2566,.F.) ;
#2576=ORIENTED_EDGE('',*,*,#2571,.T.) ;
#2596=ORIENTED_EDGE('',*,*,#2589,.T.) ;
#2597=ORIENTED_EDGE('',*,*,#2571,.F.) ;
#2598=ORIENTED_EDGE('',*,*,#2594,.F.) ;
#2599=ORIENTED_EDGE('',*,*,#2510,.T.) ;
#2653=ORIENTED_EDGE('',*,*,#2613,.F.) ;
#2654=ORIENTED_EDGE('',*,*,#1880,.F.) ;
#2655=ORIENTED_EDGE('',*,*,#1911,.F.) ;
#2656=ORIENTED_EDGE('',*,*,#2620,.F.) ;
#2657=ORIENTED_EDGE('',*,*,#2627,.F.) ;
#2658=ORIENTED_EDGE('',*,*,#2634,.F.) ;
#2659=ORIENTED_EDGE('',*,*,#2639,.F.) ;
#2660=ORIENTED_EDGE('',*,*,#2384,.F.) ;
#2661=ORIENTED_EDGE('',*,*,#2476,.F.) ;
#2662=ORIENTED_EDGE('',*,*,#2515,.F.) ;
#2663=ORIENTED_EDGE('',*,*,#2594,.T.) ;
#2664=ORIENTED_EDGE('',*,*,#2566,.T.) ;
#2665=ORIENTED_EDGE('',*,*,#2646,.F.) ;
#2666=ORIENTED_EDGE('',*,*,#2651,.F.) ;
#2703=ORIENTED_EDGE('',*,*,#2682,.T.) ;
#2704=ORIENTED_EDGE('',*,*,#2689,.T.) ;
#2705=ORIENTED_EDGE('',*,*,#2696,.F.) ;
#2706=ORIENTED_EDGE('',*,*,#2701,.F.) ;
#2720=ORIENTED_EDGE('',*,*,#2713,.F.) ;
#2721=ORIENTED_EDGE('',*,*,#2696,.T.) ;
#2722=ORIENTED_EDGE('',*,*,#2718,.T.) ;
#2723=ORIENTED_EDGE('',*,*,#2682,.F.) ;
#2747=ORIENTED_EDGE('',*,*,#1782,.F.) ;
#2748=ORIENTED_EDGE('',*,*,#1823,.T.) ;
#2749=ORIENTED_EDGE('',*,*,#2737,.T.) ;
#2750=ORIENTED_EDGE('',*,*,#2745,.T.) ;
#2771=ORIENTED_EDGE('',*,*,#2764,.T.) ;
#2772=ORIENTED_EDGE('',*,*,#2769,.F.) ;
#2773=ORIENTED_EDGE('',*,*,#2737,.F.) ;
#2774=ORIENTED_EDGE('',*,*,#1849,.T.) ;
#2791=ORIENTED_EDGE('',*,*,#2764,.F.) ;
#2792=ORIENTED_EDGE('',*,*,#1885,.T.) ;
#2793=ORIENTED_EDGE('',*,*,#2613,.T.) ;
#2794=ORIENTED_EDGE('',*,*,#2789,.T.) ;
#2810=ORIENTED_EDGE('',*,*,#2803,.T.) ;
#2811=ORIENTED_EDGE('',*,*,#2808,.F.) ;
#2812=ORIENTED_EDGE('',*,*,#2646,.T.) ;
#2813=ORIENTED_EDGE('',*,*,#2559,.F.) ;
#2828=ORIENTED_EDGE('',*,*,#2826,.T.) ;
#2829=ORIENTED_EDGE('',*,*,#2620,.T.) ;
#2830=ORIENTED_EDGE('',*,*,#1906,.F.) ;
#2831=ORIENTED_EDGE('',*,*,#1971,.F.) ;
#2868=ORIENTED_EDGE('',*,*,#2847,.T.) ;
#2869=ORIENTED_EDGE('',*,*,#2854,.T.) ;
#2870=ORIENTED_EDGE('',*,*,#2861,.F.) ;
#2871=ORIENTED_EDGE('',*,*,#2866,.F.) ;
#2948=ORIENTED_EDGE('',*,*,#2890,.T.) ;
#2949=ORIENTED_EDGE('',*,*,#2897,.F.) ;
#2950=ORIENTED_EDGE('',*,*,#2907,.T.) ;
#2951=ORIENTED_EDGE('',*,*,#2914,.F.) ;
#2952=ORIENTED_EDGE('',*,*,#2924,.T.) ;
#2953=ORIENTED_EDGE('',*,*,#2931,.T.) ;
#2954=ORIENTED_EDGE('',*,*,#2941,.T.) ;
#2955=ORIENTED_EDGE('',*,*,#2946,.F.) ;
#2958=ORIENTED_EDGE('',*,*,#2718,.F.) ;
#2959=ORIENTED_EDGE('',*,*,#2689,.F.) ;
#2988=ORIENTED_EDGE('',*,*,#2861,.T.) ;
#2989=ORIENTED_EDGE('',*,*,#2974,.T.) ;
#2990=ORIENTED_EDGE('',*,*,#2981,.F.) ;
#2991=ORIENTED_EDGE('',*,*,#2986,.F.) ;
#3019=ORIENTED_EDGE('',*,*,#3007,.T.) ;
#3020=ORIENTED_EDGE('',*,*,#3012,.T.) ;
#3021=ORIENTED_EDGE('',*,*,#2847,.F.) ;
#3022=ORIENTED_EDGE('',*,*,#3017,.F.) ;
#3050=ORIENTED_EDGE('',*,*,#3038,.T.) ;
#3051=ORIENTED_EDGE('',*,*,#3043,.T.) ;
#3052=ORIENTED_EDGE('',*,*,#3007,.F.) ;
#3053=ORIENTED_EDGE('',*,*,#3048,.F.) ;
#3081=ORIENTED_EDGE('',*,*,#3069,.T.) ;
#3082=ORIENTED_EDGE('',*,*,#3074,.T.) ;
#3083=ORIENTED_EDGE('',*,*,#3038,.F.) ;
#3084=ORIENTED_EDGE('',*,*,#3079,.F.) ;
#3098=ORIENTED_EDGE('',*,*,#3096,.T.) ;
#3099=ORIENTED_EDGE('',*,*,#2627,.T.) ;
#3100=ORIENTED_EDGE('',*,*,#2826,.F.) ;
#3101=ORIENTED_EDGE('',*,*,#2358,.F.) ;
#3110=ORIENTED_EDGE('',*,*,#1348,.T.) ;
#3111=ORIENTED_EDGE('',*,*,#3108,.F.) ;
#3112=ORIENTED_EDGE('',*,*,#1707,.T.) ;
#3113=ORIENTED_EDGE('',*,*,#1668,.T.) ;
#3140=ORIENTED_EDGE('',*,*,#3128,.T.) ;
#3141=ORIENTED_EDGE('',*,*,#2065,.F.) ;
#3142=ORIENTED_EDGE('',*,*,#3133,.F.) ;
#3143=ORIENTED_EDGE('',*,*,#3138,.T.) ;
#3147=ORIENTED_EDGE('',*,*,#2194,.T.) ;
#3148=ORIENTED_EDGE('',*,*,#2153,.T.) ;
#3149=ORIENTED_EDGE('',*,*,#2189,.F.) ;
#3150=ORIENTED_EDGE('',*,*,#2207,.F.) ;
#3172=ORIENTED_EDGE('',*,*,#1372,.T.) ;
#3173=ORIENTED_EDGE('',*,*,#3165,.T.) ;
#3174=ORIENTED_EDGE('',*,*,#3170,.T.) ;
#3175=ORIENTED_EDGE('',*,*,#2483,.T.) ;
#3176=ORIENTED_EDGE('',*,*,#2398,.T.) ;
#3177=ORIENTED_EDGE('',*,*,#3133,.T.) ;
#3178=ORIENTED_EDGE('',*,*,#2084,.F.) ;
#3179=ORIENTED_EDGE('',*,*,#2109,.T.) ;
#3201=ORIENTED_EDGE('',*,*,#328,.T.) ;
#3202=ORIENTED_EDGE('',*,*,#3194,.F.) ;
#3203=ORIENTED_EDGE('',*,*,#3199,.F.) ;
#3204=ORIENTED_EDGE('',*,*,#1391,.T.) ;
#3219=ORIENTED_EDGE('',*,*,#3199,.T.) ;
#3220=ORIENTED_EDGE('',*,*,#3217,.T.) ;
#3221=ORIENTED_EDGE('',*,*,#3165,.F.) ;
#3222=ORIENTED_EDGE('',*,*,#1413,.T.) ;
#3231=ORIENTED_EDGE('',*,*,#1430,.T.) ;
#3232=ORIENTED_EDGE('',*,*,#2132,.F.) ;
#3233=ORIENTED_EDGE('',*,*,#1714,.F.) ;
#3234=ORIENTED_EDGE('',*,*,#3108,.T.) ;
#3253=ORIENTED_EDGE('',*,*,#3246,.F.) ;
#3254=ORIENTED_EDGE('',*,*,#2981,.T.) ;
#3255=ORIENTED_EDGE('',*,*,#3251,.T.) ;
#3256=ORIENTED_EDGE('',*,*,#1578,.T.) ;
#3270=ORIENTED_EDGE('',*,*,#3268,.T.) ;
#3271=ORIENTED_EDGE('',*,*,#2363,.T.) ;
#3272=ORIENTED_EDGE('',*,*,#2041,.F.) ;
#3273=ORIENTED_EDGE('',*,*,#3128,.F.) ;
#3277=ORIENTED_EDGE('',*,*,#44,.F.) ;
#3278=ORIENTED_EDGE('',*,*,#2437,.T.) ;
#3279=ORIENTED_EDGE('',*,*,#2532,.T.) ;
#3280=ORIENTED_EDGE('',*,*,#2425,.F.) ;
#3309=ORIENTED_EDGE('',*,*,#3295,.T.) ;
#3310=ORIENTED_EDGE('',*,*,#3302,.T.) ;
#3311=ORIENTED_EDGE('',*,*,#3307,.F.) ;
#3312=ORIENTED_EDGE('',*,*,#3170,.F.) ;
#3333=ORIENTED_EDGE('',*,*,#3326,.F.) ;
#3334=ORIENTED_EDGE('',*,*,#3331,.F.) ;
#3335=ORIENTED_EDGE('',*,*,#3194,.T.) ;
#3336=ORIENTED_EDGE('',*,*,#352,.T.) ;
#3357=ORIENTED_EDGE('',*,*,#3307,.T.) ;
#3358=ORIENTED_EDGE('',*,*,#3350,.T.) ;
#3359=ORIENTED_EDGE('',*,*,#3355,.F.) ;
#3360=ORIENTED_EDGE('',*,*,#2488,.F.) ;
#3374=ORIENTED_EDGE('',*,*,#3331,.T.) ;
#3375=ORIENTED_EDGE('',*,*,#3372,.T.) ;
#3376=ORIENTED_EDGE('',*,*,#3295,.F.) ;
#3377=ORIENTED_EDGE('',*,*,#3217,.F.) ;
#3398=ORIENTED_EDGE('',*,*,#3355,.T.) ;
#3399=ORIENTED_EDGE('',*,*,#3391,.T.) ;
#3400=ORIENTED_EDGE('',*,*,#3396,.F.) ;
#3401=ORIENTED_EDGE('',*,*,#2503,.F.) ;
#3429=ORIENTED_EDGE('',*,*,#3415,.T.) ;
#3430=ORIENTED_EDGE('',*,*,#3422,.T.) ;
#3431=ORIENTED_EDGE('',*,*,#3427,.F.) ;
#3432=ORIENTED_EDGE('',*,*,#2552,.F.) ;
#3458=ORIENTED_EDGE('',*,*,#3446,.T.) ;
#3459=ORIENTED_EDGE('',*,*,#3451,.T.) ;
#3460=ORIENTED_EDGE('',*,*,#3069,.F.) ;
#3461=ORIENTED_EDGE('',*,*,#3456,.F.) ;
#3475=ORIENTED_EDGE('',*,*,#3427,.T.) ;
#3476=ORIENTED_EDGE('',*,*,#3473,.T.) ;
#3477=ORIENTED_EDGE('',*,*,#3446,.F.) ;
#3478=ORIENTED_EDGE('',*,*,#2803,.F.) ;
#3492=ORIENTED_EDGE('',*,*,#3396,.T.) ;
#3493=ORIENTED_EDGE('',*,*,#3490,.T.) ;
#3494=ORIENTED_EDGE('',*,*,#3415,.F.) ;
#3495=ORIENTED_EDGE('',*,*,#2589,.F.) ;
#3509=ORIENTED_EDGE('',*,*,#2391,.T.) ;
#3510=ORIENTED_EDGE('',*,*,#2639,.T.) ;
#3511=ORIENTED_EDGE('',*,*,#3507,.F.) ;
#3512=ORIENTED_EDGE('',*,*,#3138,.F.) ;
#3521=ORIENTED_EDGE('',*,*,#1449,.T.) ;
#3522=ORIENTED_EDGE('',*,*,#1680,.T.) ;
#3523=ORIENTED_EDGE('',*,*,#1700,.T.) ;
#3524=ORIENTED_EDGE('',*,*,#2745,.F.) ;
#3525=ORIENTED_EDGE('',*,*,#2769,.T.) ;
#3526=ORIENTED_EDGE('',*,*,#2789,.F.) ;
#3527=ORIENTED_EDGE('',*,*,#2651,.T.) ;
#3528=ORIENTED_EDGE('',*,*,#2808,.T.) ;
#3529=ORIENTED_EDGE('',*,*,#3456,.T.) ;
#3530=ORIENTED_EDGE('',*,*,#3079,.T.) ;
#3531=ORIENTED_EDGE('',*,*,#3048,.T.) ;
#3532=ORIENTED_EDGE('',*,*,#3017,.T.) ;
#3533=ORIENTED_EDGE('',*,*,#2866,.T.) ;
#3534=ORIENTED_EDGE('',*,*,#2986,.T.) ;
#3535=ORIENTED_EDGE('',*,*,#3246,.T.) ;
#3552=ORIENTED_EDGE('',*,*,#3545,.T.) ;
#3553=ORIENTED_EDGE('',*,*,#3550,.T.) ;
#3556=ORIENTED_EDGE('',*,*,#2713,.T.) ;
#3557=ORIENTED_EDGE('',*,*,#2701,.T.) ;
#3583=ORIENTED_EDGE('',*,*,#3571,.T.) ;
#3584=ORIENTED_EDGE('',*,*,#2854,.F.) ;
#3585=ORIENTED_EDGE('',*,*,#3577,.T.) ;
#3586=ORIENTED_EDGE('',*,*,#3581,.T.) ;
#3615=ORIENTED_EDGE('',*,*,#3601,.T.) ;
#3616=ORIENTED_EDGE('',*,*,#3608,.T.) ;
#3617=ORIENTED_EDGE('',*,*,#3613,.F.) ;
#3618=ORIENTED_EDGE('',*,*,#3581,.F.) ;
#3639=ORIENTED_EDGE('',*,*,#3632,.T.) ;
#3640=ORIENTED_EDGE('',*,*,#1233,.T.) ;
#3641=ORIENTED_EDGE('',*,*,#3251,.F.) ;
#3642=ORIENTED_EDGE('',*,*,#3637,.F.) ;
#3671=ORIENTED_EDGE('',*,*,#3657,.T.) ;
#3672=ORIENTED_EDGE('',*,*,#3664,.T.) ;
#3673=ORIENTED_EDGE('',*,*,#3669,.T.) ;
#3674=ORIENTED_EDGE('',*,*,#1644,.F.) ;
#3675=ORIENTED_EDGE('',*,*,#3632,.F.) ;
#3703=ORIENTED_EDGE('',*,*,#3691,.F.) ;
#3704=ORIENTED_EDGE('',*,*,#3696,.F.) ;
#3705=ORIENTED_EDGE('',*,*,#2941,.F.) ;
#3706=ORIENTED_EDGE('',*,*,#3701,.F.) ;
#3734=ORIENTED_EDGE('',*,*,#3720,.T.) ;
#3735=ORIENTED_EDGE('',*,*,#3691,.T.) ;
#3736=ORIENTED_EDGE('',*,*,#3727,.F.) ;
#3737=ORIENTED_EDGE('',*,*,#3732,.F.) ;
#3758=ORIENTED_EDGE('',*,*,#3751,.F.) ;
#3759=ORIENTED_EDGE('',*,*,#2946,.T.) ;
#3760=ORIENTED_EDGE('',*,*,#3696,.T.) ;
#3761=ORIENTED_EDGE('',*,*,#3756,.F.) ;
#3782=ORIENTED_EDGE('',*,*,#3775,.T.) ;
#3783=ORIENTED_EDGE('',*,*,#3756,.T.) ;
#3784=ORIENTED_EDGE('',*,*,#3720,.F.) ;
#3785=ORIENTED_EDGE('',*,*,#3780,.F.) ;
#3806=ORIENTED_EDGE('',*,*,#3799,.F.) ;
#3807=ORIENTED_EDGE('',*,*,#3804,.T.) ;
#3808=ORIENTED_EDGE('',*,*,#2890,.F.) ;
#3809=ORIENTED_EDGE('',*,*,#3751,.T.) ;
#3830=ORIENTED_EDGE('',*,*,#3823,.T.) ;
#3831=ORIENTED_EDGE('',*,*,#3799,.T.) ;
#3832=ORIENTED_EDGE('',*,*,#3775,.F.) ;
#3833=ORIENTED_EDGE('',*,*,#3828,.F.) ;
#3854=ORIENTED_EDGE('',*,*,#3847,.F.) ;
#3855=ORIENTED_EDGE('',*,*,#3852,.T.) ;
#3856=ORIENTED_EDGE('',*,*,#2897,.T.) ;
#3857=ORIENTED_EDGE('',*,*,#3804,.F.) ;
#3878=ORIENTED_EDGE('',*,*,#3871,.T.) ;
#3879=ORIENTED_EDGE('',*,*,#3847,.T.) ;
#3880=ORIENTED_EDGE('',*,*,#3823,.F.) ;
#3881=ORIENTED_EDGE('',*,*,#3876,.F.) ;
#3902=ORIENTED_EDGE('',*,*,#3895,.F.) ;
#3903=ORIENTED_EDGE('',*,*,#3900,.T.) ;
#3904=ORIENTED_EDGE('',*,*,#2907,.F.) ;
#3905=ORIENTED_EDGE('',*,*,#3852,.F.) ;
#3926=ORIENTED_EDGE('',*,*,#3919,.T.) ;
#3927=ORIENTED_EDGE('',*,*,#3895,.T.) ;
#3928=ORIENTED_EDGE('',*,*,#3871,.F.) ;
#3929=ORIENTED_EDGE('',*,*,#3924,.F.) ;
#3950=ORIENTED_EDGE('',*,*,#3943,.T.) ;
#3951=ORIENTED_EDGE('',*,*,#2914,.T.) ;
#3952=ORIENTED_EDGE('',*,*,#3900,.F.) ;
#3953=ORIENTED_EDGE('',*,*,#3948,.F.) ;
#3974=ORIENTED_EDGE('',*,*,#3967,.T.) ;
#3975=ORIENTED_EDGE('',*,*,#3948,.T.) ;
#3976=ORIENTED_EDGE('',*,*,#3919,.F.) ;
#3977=ORIENTED_EDGE('',*,*,#3972,.F.) ;
#3998=ORIENTED_EDGE('',*,*,#3991,.F.) ;
#3999=ORIENTED_EDGE('',*,*,#3996,.T.) ;
#4000=ORIENTED_EDGE('',*,*,#2924,.F.) ;
#4001=ORIENTED_EDGE('',*,*,#3943,.F.) ;
#4022=ORIENTED_EDGE('',*,*,#4015,.T.) ;
#4023=ORIENTED_EDGE('',*,*,#3991,.T.) ;
#4024=ORIENTED_EDGE('',*,*,#3967,.F.) ;
#4025=ORIENTED_EDGE('',*,*,#4020,.F.) ;
#4039=ORIENTED_EDGE('',*,*,#4037,.F.) ;
#4040=ORIENTED_EDGE('',*,*,#3701,.T.) ;
#4041=ORIENTED_EDGE('',*,*,#2931,.F.) ;
#4042=ORIENTED_EDGE('',*,*,#3996,.F.) ;
#4056=ORIENTED_EDGE('',*,*,#3727,.T.) ;
#4057=ORIENTED_EDGE('',*,*,#4037,.T.) ;
#4058=ORIENTED_EDGE('',*,*,#4015,.F.) ;
#4059=ORIENTED_EDGE('',*,*,#4054,.F.) ;
#4073=ORIENTED_EDGE('',*,*,#3637,.T.) ;
#4074=ORIENTED_EDGE('',*,*,#2974,.F.) ;
#4075=ORIENTED_EDGE('',*,*,#3571,.F.) ;
#4076=ORIENTED_EDGE('',*,*,#4071,.T.) ;
#4090=ORIENTED_EDGE('',*,*,#3613,.T.) ;
#4091=ORIENTED_EDGE('',*,*,#4088,.T.) ;
#4092=ORIENTED_EDGE('',*,*,#3657,.F.) ;
#4093=ORIENTED_EDGE('',*,*,#4071,.F.) ;
#4114=ORIENTED_EDGE('',*,*,#3577,.F.) ;
#4115=ORIENTED_EDGE('',*,*,#3012,.F.) ;
#4116=ORIENTED_EDGE('',*,*,#4107,.T.) ;
#4117=ORIENTED_EDGE('',*,*,#4112,.T.) ;
#4138=ORIENTED_EDGE('',*,*,#4131,.T.) ;
#4139=ORIENTED_EDGE('',*,*,#4136,.T.) ;
#4140=ORIENTED_EDGE('',*,*,#3601,.F.) ;
#4141=ORIENTED_EDGE('',*,*,#4112,.F.) ;
#4162=ORIENTED_EDGE('',*,*,#4155,.T.) ;
#4163=ORIENTED_EDGE('',*,*,#4107,.F.) ;
#4164=ORIENTED_EDGE('',*,*,#3043,.F.) ;
#4165=ORIENTED_EDGE('',*,*,#4160,.T.) ;
#4199=ORIENTED_EDGE('',*,*,#4180,.T.) ;
#4200=ORIENTED_EDGE('',*,*,#4185,.T.) ;
#4201=ORIENTED_EDGE('',*,*,#3972,.T.) ;
#4202=ORIENTED_EDGE('',*,*,#4192,.T.) ;
#4203=ORIENTED_EDGE('',*,*,#4197,.T.) ;
#4204=ORIENTED_EDGE('',*,*,#4131,.F.) ;
#4205=ORIENTED_EDGE('',*,*,#4155,.F.) ;
#4226=ORIENTED_EDGE('',*,*,#4160,.F.) ;
#4227=ORIENTED_EDGE('',*,*,#3074,.F.) ;
#4228=ORIENTED_EDGE('',*,*,#4219,.T.) ;
#4229=ORIENTED_EDGE('',*,*,#4224,.T.) ;
#4250=ORIENTED_EDGE('',*,*,#4243,.T.) ;
#4251=ORIENTED_EDGE('',*,*,#4248,.T.) ;
#4252=ORIENTED_EDGE('',*,*,#4180,.F.) ;
#4253=ORIENTED_EDGE('',*,*,#4224,.F.) ;
#4262=ORIENTED_EDGE('',*,*,#3507,.T.) ;
#4263=ORIENTED_EDGE('',*,*,#2634,.T.) ;
#4264=ORIENTED_EDGE('',*,*,#3096,.F.) ;
#4265=ORIENTED_EDGE('',*,*,#3268,.F.) ;
#4286=ORIENTED_EDGE('',*,*,#1045,.F.) ;
#4287=ORIENTED_EDGE('',*,*,#1601,.T.) ;
#4288=ORIENTED_EDGE('',*,*,#4279,.T.) ;
#4289=ORIENTED_EDGE('',*,*,#4284,.F.) ;
#4310=ORIENTED_EDGE('',*,*,#1065,.T.) ;
#4311=ORIENTED_EDGE('',*,*,#4284,.T.) ;
#4312=ORIENTED_EDGE('',*,*,#4303,.F.) ;
#4313=ORIENTED_EDGE('',*,*,#4308,.F.) ;
#4327=ORIENTED_EDGE('',*,*,#375,.T.) ;
#4328=ORIENTED_EDGE('',*,*,#990,.T.) ;
#4329=ORIENTED_EDGE('',*,*,#1070,.T.) ;
#4330=ORIENTED_EDGE('',*,*,#4308,.T.) ;
#4331=ORIENTED_EDGE('',*,*,#4325,.T.) ;
#4332=ORIENTED_EDGE('',*,*,#4219,.F.) ;
#4333=ORIENTED_EDGE('',*,*,#3451,.F.) ;
#4334=ORIENTED_EDGE('',*,*,#3473,.F.) ;
#4335=ORIENTED_EDGE('',*,*,#3422,.F.) ;
#4336=ORIENTED_EDGE('',*,*,#3490,.F.) ;
#4337=ORIENTED_EDGE('',*,*,#3391,.F.) ;
#4338=ORIENTED_EDGE('',*,*,#3350,.F.) ;
#4339=ORIENTED_EDGE('',*,*,#3302,.F.) ;
#4340=ORIENTED_EDGE('',*,*,#3372,.F.) ;
#4341=ORIENTED_EDGE('',*,*,#3326,.T.) ;
#4356=ORIENTED_EDGE('',*,*,#4303,.T.) ;
#4357=ORIENTED_EDGE('',*,*,#4354,.T.) ;
#4358=ORIENTED_EDGE('',*,*,#4243,.F.) ;
#4359=ORIENTED_EDGE('',*,*,#4325,.F.) ;
#4396=ORIENTED_EDGE('',*,*,#4375,.F.) ;
#4397=ORIENTED_EDGE('',*,*,#4382,.T.) ;
#4398=ORIENTED_EDGE('',*,*,#4389,.T.) ;
#4399=ORIENTED_EDGE('',*,*,#4394,.F.) ;
#4418=ORIENTED_EDGE('',*,*,#4411,.T.) ;
#4419=ORIENTED_EDGE('',*,*,#4394,.T.) ;
#4420=ORIENTED_EDGE('',*,*,#4416,.F.) ;
#4421=ORIENTED_EDGE('',*,*,#3608,.F.) ;
#4472=ORIENTED_EDGE('',*,*,#4448,.F.) ;
#4473=ORIENTED_EDGE('',*,*,#4456,.T.) ;
#4474=ORIENTED_EDGE('',*,*,#4375,.T.) ;
#4475=ORIENTED_EDGE('',*,*,#4470,.F.) ;
#4541=ORIENTED_EDGE('',*,*,#4539,.T.) ;
#4542=ORIENTED_EDGE('',*,*,#4470,.T.) ;
#4543=ORIENTED_EDGE('',*,*,#4411,.F.) ;
#4544=ORIENTED_EDGE('',*,*,#4136,.F.) ;
#4567=ORIENTED_EDGE('',*,*,#4555,.T.) ;
#4568=ORIENTED_EDGE('',*,*,#4560,.T.) ;
#4569=ORIENTED_EDGE('',*,*,#4448,.T.) ;
#4570=ORIENTED_EDGE('',*,*,#4565,.F.) ;
#4584=ORIENTED_EDGE('',*,*,#4582,.T.) ;
#4585=ORIENTED_EDGE('',*,*,#4565,.T.) ;
#4586=ORIENTED_EDGE('',*,*,#4539,.F.) ;
#4587=ORIENTED_EDGE('',*,*,#4197,.F.) ;
#4615=ORIENTED_EDGE('',*,*,#4601,.F.) ;
#4616=ORIENTED_EDGE('',*,*,#4608,.T.) ;
#4617=ORIENTED_EDGE('',*,*,#4613,.F.) ;
#4618=ORIENTED_EDGE('',*,*,#4555,.F.) ;
#4639=ORIENTED_EDGE('',*,*,#4632,.T.) ;
#4640=ORIENTED_EDGE('',*,*,#4601,.T.) ;
#4641=ORIENTED_EDGE('',*,*,#4582,.F.) ;
#4642=ORIENTED_EDGE('',*,*,#4637,.F.) ;
#4670=ORIENTED_EDGE('',*,*,#4656,.T.) ;
#4671=ORIENTED_EDGE('',*,*,#4663,.T.) ;
#4672=ORIENTED_EDGE('',*,*,#4668,.F.) ;
#4673=ORIENTED_EDGE('',*,*,#3550,.F.) ;
#4682=ORIENTED_EDGE('',*,*,#3545,.F.) ;
#4683=ORIENTED_EDGE('',*,*,#4668,.T.) ;
#4684=ORIENTED_EDGE('',*,*,#4680,.T.) ;
#4685=ORIENTED_EDGE('',*,*,#4656,.F.) ;
#4713=ORIENTED_EDGE('',*,*,#4701,.T.) ;
#4714=ORIENTED_EDGE('',*,*,#4706,.T.) ;
#4715=ORIENTED_EDGE('',*,*,#4608,.F.) ;
#4716=ORIENTED_EDGE('',*,*,#4711,.F.) ;
#4737=ORIENTED_EDGE('',*,*,#4730,.T.) ;
#4738=ORIENTED_EDGE('',*,*,#4711,.T.) ;
#4739=ORIENTED_EDGE('',*,*,#4632,.F.) ;
#4740=ORIENTED_EDGE('',*,*,#4735,.F.) ;
#4754=ORIENTED_EDGE('',*,*,#3924,.T.) ;
#4755=ORIENTED_EDGE('',*,*,#3876,.T.) ;
#4756=ORIENTED_EDGE('',*,*,#3828,.T.) ;
#4757=ORIENTED_EDGE('',*,*,#3780,.T.) ;
#4758=ORIENTED_EDGE('',*,*,#3732,.T.) ;
#4759=ORIENTED_EDGE('',*,*,#4054,.T.) ;
#4760=ORIENTED_EDGE('',*,*,#4020,.T.) ;
#4761=ORIENTED_EDGE('',*,*,#4185,.F.) ;
#4762=ORIENTED_EDGE('',*,*,#4248,.F.) ;
#4763=ORIENTED_EDGE('',*,*,#4354,.F.) ;
#4764=ORIENTED_EDGE('',*,*,#4279,.F.) ;
#4765=ORIENTED_EDGE('',*,*,#1620,.T.) ;
#4766=ORIENTED_EDGE('',*,*,#1649,.F.) ;
#4767=ORIENTED_EDGE('',*,*,#3669,.F.) ;
#4768=ORIENTED_EDGE('',*,*,#4752,.T.) ;
#4769=ORIENTED_EDGE('',*,*,#4735,.T.) ;
#4770=ORIENTED_EDGE('',*,*,#4637,.T.) ;
#4771=ORIENTED_EDGE('',*,*,#4192,.F.) ;
#4857=ORIENTED_EDGE('',*,*,#4416,.T.) ;
#4858=ORIENTED_EDGE('',*,*,#4848,.T.) ;
#4859=ORIENTED_EDGE('',*,*,#4855,.F.) ;
#4860=ORIENTED_EDGE('',*,*,#4088,.F.) ;
#4881=ORIENTED_EDGE('',*,*,#4874,.T.) ;
#4882=ORIENTED_EDGE('',*,*,#4879,.T.) ;
#4883=ORIENTED_EDGE('',*,*,#4730,.F.) ;
#4884=ORIENTED_EDGE('',*,*,#4752,.F.) ;
#4898=ORIENTED_EDGE('',*,*,#4855,.T.) ;
#4899=ORIENTED_EDGE('',*,*,#4896,.T.) ;
#4900=ORIENTED_EDGE('',*,*,#4874,.F.) ;
#4901=ORIENTED_EDGE('',*,*,#3664,.F.) ;
#4936=ORIENTED_EDGE('',*,*,#4389,.F.) ;
#4937=ORIENTED_EDGE('',*,*,#4929,.T.) ;
#4938=ORIENTED_EDGE('',*,*,#4934,.T.) ;
#4939=ORIENTED_EDGE('',*,*,#4848,.F.) ;
#4958=ORIENTED_EDGE('',*,*,#4951,.T.) ;
#4959=ORIENTED_EDGE('',*,*,#4956,.F.) ;
#4960=ORIENTED_EDGE('',*,*,#4929,.F.) ;
#4961=ORIENTED_EDGE('',*,*,#4382,.F.) ;
#4962=ORIENTED_EDGE('',*,*,#4456,.F.) ;
#4963=ORIENTED_EDGE('',*,*,#4560,.F.) ;
#4964=ORIENTED_EDGE('',*,*,#4613,.T.) ;
#4965=ORIENTED_EDGE('',*,*,#4706,.F.) ;
#4968=ORIENTED_EDGE('',*,*,#4680,.F.) ;
#4969=ORIENTED_EDGE('',*,*,#4663,.F.) ;
#4984=ORIENTED_EDGE('',*,*,#4879,.F.) ;
#4985=ORIENTED_EDGE('',*,*,#4982,.T.) ;
#4986=ORIENTED_EDGE('',*,*,#4951,.F.) ;
#4987=ORIENTED_EDGE('',*,*,#4701,.F.) ;
#4991=ORIENTED_EDGE('',*,*,#4934,.F.) ;
#4992=ORIENTED_EDGE('',*,*,#4956,.T.) ;
#4993=ORIENTED_EDGE('',*,*,#4982,.F.) ;
#4994=ORIENTED_EDGE('',*,*,#4896,.F.) ;
#107=FACE_BOUND('',#104,.T.) ;
#284=FACE_BOUND('',#281,.T.) ;
#302=FACE_BOUND('',#299,.T.) ;
#2168=FACE_BOUND('',#2165,.T.) ;
#2265=FACE_BOUND('',#2262,.T.) ;
#2536=FACE_BOUND('',#2533,.T.) ;
#2960=FACE_BOUND('',#2957,.T.) ;
#3554=FACE_BOUND('',#3551,.T.) ;
#3558=FACE_BOUND('',#3555,.T.) ;
#4970=FACE_BOUND('',#4967,.T.) ;
#30=CLOSED_SHELL('Closed Shell',(#108,#147,#160,#192,#209,#303,#335,#358,#382,#413,#441,#473,#584,#600,#620,#637,#794,#939,#973,#997,#1021,#1052,#1077,#1101,#1213,#1245,#1276,#1307,#1331,#1355,#1379,#1403,#1420,#1437,#1473,#1584,#1608,#1632,#1656,#1687,#1799,#1830,#1861,#1892,#1923,#1947,#1978,#2000,#2024,#2048,#2072,#2099,#2122,#2169,#2201,#2266,#2298,#2311,#2334,#2346,#2370,#2413,#2444,#2457,#2496,#2537,#2578,#2601,#2668,#2708,#2725,#2752,#2776,#2796,#2815,#2833,#2873,#2961,#2993,#3024,#3055,#3086,#3103,#3115,#3145,#3152,#3181,#3206,#3224,#3236,#3258,#3275,#3282,#3314,#3338,#3362,#3379,#3403,#3434,#3463,#3480,#3497,#3514,#3559,#3588,#3620,#3644,#3677,#3708,#3739,#3763,#3787,#3811,#3835,#3859,#3883,#3907,#3931,#3955,#3979,#4003,#4027,#4044,#4061,#4078,#4095,#4119,#4143,#4167,#4207,#4231,#4255,#4267,#4291,#4315,#4343,#4361,#4401,#4423,#4477,#4546,#4572,#4589,#4620,#4644,#4675,#4687,#4718,#4742,#4773,#4862,#4886,#4903,#4941,#4971,#4989,#4996)) ;
#4997=ADVANCED_BREP_SHAPE_REPRESENTATION('NONE',(#21),#16) ;
#108=ADVANCED_FACE('\X2\570689D2\X0\9',(#53,#107),#35,.T.) ;
#147=ADVANCED_FACE('\X2\570689D2\X0\9',(#146),#121,.F.) ;
#160=ADVANCED_FACE('\X2\570689D2\X0\9',(#159),#121,.F.) ;
#192=ADVANCED_FACE('\X2\570689D2\X0\9',(#191),#166,.T.) ;
#209=ADVANCED_FACE('\X2\570689D2\X0\9',(#208),#197,.T.) ;
#303=ADVANCED_FACE('\X2\570689D2\X0\9',(#280,#284,#302),#214,.F.) ;
#335=ADVANCED_FACE('\X2\570689D2\X0\9',(#334),#309,.T.) ;
#358=ADVANCED_FACE('\X2\570689D2\X0\9',(#357),#340,.T.) ;
#382=ADVANCED_FACE('\X2\570689D2\X0\9',(#381),#363,.T.) ;
#413=ADVANCED_FACE('\X2\570689D2\X0\9',(#412),#387,.T.) ;
#441=ADVANCED_FACE('\X2\570689D2\X0\9',(#440),#418,.T.) ;
#473=ADVANCED_FACE('\X2\570689D2\X0\9',(#472),#446,.T.) ;
#584=ADVANCED_FACE('\X2\570689D2\X0\9',(#583),#478,.F.) ;
#600=ADVANCED_FACE('\X2\570689D2\X0\9',(#599),#589,.F.) ;
#620=ADVANCED_FACE('\X2\570689D2\X0\9',(#619),#605,.T.) ;
#637=ADVANCED_FACE('\X2\570689D2\X0\9',(#636),#625,.T.) ;
#794=ADVANCED_FACE('\X2\570689D2\X0\9',(#793),#638,.T.) ;
#939=ADVANCED_FACE('\X2\570689D2\X0\9',(#938),#795,.T.) ;
#973=ADVANCED_FACE('\X2\570689D2\X0\9',(#972),#944,.T.) ;
#997=ADVANCED_FACE('\X2\570689D2\X0\9',(#996),#978,.T.) ;
#1021=ADVANCED_FACE('\X2\570689D2\X0\9',(#1020),#1002,.T.) ;
#1052=ADVANCED_FACE('\X2\570689D2\X0\9',(#1051),#1026,.F.) ;
#1077=ADVANCED_FACE('\X2\570689D2\X0\9',(#1076),#1058,.T.) ;
#1101=ADVANCED_FACE('\X2\570689D2\X0\9',(#1100),#1082,.T.) ;
#1213=ADVANCED_FACE('\X2\570689D2\X0\9',(#1212),#1106,.F.) ;
#1245=ADVANCED_FACE('\X2\570689D2\X0\9',(#1244),#1219,.F.) ;
#1276=ADVANCED_FACE('\X2\570689D2\X0\9',(#1275),#1250,.T.) ;
#1307=ADVANCED_FACE('\X2\570689D2\X0\9',(#1306),#1281,.T.) ;
#1331=ADVANCED_FACE('\X2\570689D2\X0\9',(#1330),#1312,.T.) ;
#1355=ADVANCED_FACE('\X2\570689D2\X0\9',(#1354),#1336,.T.) ;
#1379=ADVANCED_FACE('\X2\570689D2\X0\9',(#1378),#1360,.T.) ;
#1403=ADVANCED_FACE('\X2\570689D2\X0\9',(#1402),#1384,.T.) ;
#1420=ADVANCED_FACE('\X2\570689D2\X0\9',(#1419),#1408,.T.) ;
#1437=ADVANCED_FACE('\X2\570689D2\X0\9',(#1436),#1425,.T.) ;
#1473=ADVANCED_FACE('\X2\570689D2\X0\9',(#1472),#1442,.T.) ;
#1584=ADVANCED_FACE('\X2\570689D2\X0\9',(#1583),#1474,.T.) ;
#1608=ADVANCED_FACE('\X2\570689D2\X0\9',(#1607),#1589,.T.) ;
#1632=ADVANCED_FACE('\X2\570689D2\X0\9',(#1631),#1613,.T.) ;
#1656=ADVANCED_FACE('\X2\570689D2\X0\9',(#1655),#1637,.T.) ;
#1687=ADVANCED_FACE('\X2\570689D2\X0\9',(#1686),#1661,.F.) ;
#1799=ADVANCED_FACE('\X2\570689D2\X0\9',(#1798),#1693,.T.) ;
#1830=ADVANCED_FACE('\X2\570689D2\X0\9',(#1829),#1804,.T.) ;
#1861=ADVANCED_FACE('\X2\570689D2\X0\9',(#1860),#1835,.F.) ;
#1892=ADVANCED_FACE('\X2\570689D2\X0\9',(#1891),#1866,.T.) ;
#1923=ADVANCED_FACE('\X2\570689D2\X0\9',(#1922),#1897,.T.) ;
#1947=ADVANCED_FACE('\X2\570689D2\X0\9',(#1946),#1928,.F.) ;
#1978=ADVANCED_FACE('\X2\570689D2\X0\9',(#1977),#1952,.T.) ;
#2000=ADVANCED_FACE('\X2\570689D2\X0\9',(#1999),#1983,.T.) ;
#2024=ADVANCED_FACE('\X2\570689D2\X0\9',(#2023),#2005,.T.) ;
#2048=ADVANCED_FACE('\X2\570689D2\X0\9',(#2047),#2029,.T.) ;
#2072=ADVANCED_FACE('\X2\570689D2\X0\9',(#2071),#2053,.T.) ;
#2099=ADVANCED_FACE('\X2\570689D2\X0\9',(#2098),#2077,.T.) ;
#2122=ADVANCED_FACE('\X2\570689D2\X0\9',(#2121),#2104,.T.) ;
#2169=ADVANCED_FACE('\X2\570689D2\X0\9',(#2138,#2168),#2127,.F.) ;
#2201=ADVANCED_FACE('\X2\570689D2\X0\9',(#2200),#2175,.F.) ;
#2266=ADVANCED_FACE('\X2\570689D2\X0\9',(#2211,#2265),#35,.T.) ;
#2298=ADVANCED_FACE('\X2\570689D2\X0\9',(#2297),#2272,.F.) ;
#2311=ADVANCED_FACE('\X2\570689D2\X0\9',(#2310),#2272,.F.) ;
#2334=ADVANCED_FACE('\X2\570689D2\X0\9',(#2333),#2317,.T.) ;
#2346=ADVANCED_FACE('\X2\570689D2\X0\9',(#2345),#2339,.T.) ;
#2370=ADVANCED_FACE('\X2\570689D2\X0\9',(#2369),#2351,.F.) ;
#2413=ADVANCED_FACE('\X2\570689D2\X0\9',(#2412),#2375,.T.) ;
#2444=ADVANCED_FACE('\X2\570689D2\X0\9',(#2443),#2418,.F.) ;
#2457=ADVANCED_FACE('\X2\570689D2\X0\9',(#2456),#2450,.T.) ;
#2496=ADVANCED_FACE('\X2\570689D2\X0\9',(#2495),#2462,.T.) ;
#2537=ADVANCED_FACE('\X2\570689D2\X0\9',(#2521,#2536),#2127,.F.) ;
#2578=ADVANCED_FACE('\X2\570689D2\X0\9',(#2577),#2543,.F.) ;
#2601=ADVANCED_FACE('\X2\570689D2\X0\9',(#2600),#2584,.F.) ;
#2668=ADVANCED_FACE('\X2\570689D2\X0\9',(#2667),#2606,.F.) ;
#2708=ADVANCED_FACE('\X2\570689D2\X0\9',(#2707),#2673,.F.) ;
#2725=ADVANCED_FACE('\X2\570689D2\X0\9',(#2724),#2673,.F.) ;
#2752=ADVANCED_FACE('\X2\570689D2\X0\9',(#2751),#2730,.T.) ;
#2776=ADVANCED_FACE('\X2\570689D2\X0\9',(#2775),#2757,.F.) ;
#2796=ADVANCED_FACE('\X2\570689D2\X0\9',(#2795),#2781,.T.) ;
#2815=ADVANCED_FACE('\X2\570689D2\X0\9',(#2814),#1661,.F.) ;
#2833=ADVANCED_FACE('\X2\570689D2\X0\9',(#2832),#2821,.T.) ;
#2873=ADVANCED_FACE('\X2\570689D2\X0\9',(#2872),#2838,.T.) ;
#2961=ADVANCED_FACE('\X2\570689D2\X0\9',(#2956,#2960),#2878,.F.) ;
#2993=ADVANCED_FACE('\X2\570689D2\X0\9',(#2992),#2967,.T.) ;
#3024=ADVANCED_FACE('\X2\570689D2\X0\9',(#3023),#2998,.T.) ;
#3055=ADVANCED_FACE('\X2\570689D2\X0\9',(#3054),#3029,.T.) ;
#3086=ADVANCED_FACE('\X2\570689D2\X0\9',(#3085),#3060,.T.) ;
#3103=ADVANCED_FACE('\X2\570689D2\X0\9',(#3102),#3091,.T.) ;
#3115=ADVANCED_FACE('\X2\570689D2\X0\9',(#3114),#2543,.F.) ;
#3145=ADVANCED_FACE('\X2\570689D2\X0\9',(#3144),#3121,.T.) ;
#3152=ADVANCED_FACE('\X2\570689D2\X0\9',(#3151),#2175,.F.) ;
#3181=ADVANCED_FACE('\X2\570689D2\X0\9',(#3180),#3158,.F.) ;
#3206=ADVANCED_FACE('\X2\570689D2\X0\9',(#3205),#3187,.F.) ;
#3224=ADVANCED_FACE('\X2\570689D2\X0\9',(#3223),#3212,.T.) ;
#3236=ADVANCED_FACE('\X2\570689D2\X0\9',(#3235),#3229,.F.) ;
#3258=ADVANCED_FACE('\X2\570689D2\X0\9',(#3257),#3241,.T.) ;
#3275=ADVANCED_FACE('\X2\570689D2\X0\9',(#3274),#3263,.F.) ;
#3282=ADVANCED_FACE('\X2\570689D2\X0\9',(#3281),#2418,.F.) ;
#3314=ADVANCED_FACE('\X2\570689D2\X0\9',(#3313),#3288,.T.) ;
#3338=ADVANCED_FACE('\X2\570689D2\X0\9',(#3337),#3319,.T.) ;
#3362=ADVANCED_FACE('\X2\570689D2\X0\9',(#3361),#3343,.T.) ;
#3379=ADVANCED_FACE('\X2\570689D2\X0\9',(#3378),#3367,.T.) ;
#3403=ADVANCED_FACE('\X2\570689D2\X0\9',(#3402),#3384,.T.) ;
#3434=ADVANCED_FACE('\X2\570689D2\X0\9',(#3433),#3408,.T.) ;
#3463=ADVANCED_FACE('\X2\570689D2\X0\9',(#3462),#3439,.T.) ;
#3480=ADVANCED_FACE('\X2\570689D2\X0\9',(#3479),#3468,.T.) ;
#3497=ADVANCED_FACE('\X2\570689D2\X0\9',(#3496),#3485,.T.) ;
#3514=ADVANCED_FACE('\X2\570689D2\X0\9',(#3513),#3502,.T.) ;
#3559=ADVANCED_FACE('\X2\570689D2\X0\9',(#3536,#3554,#3558),#3519,.F.) ;
#3588=ADVANCED_FACE('\X2\570689D2\X0\9',(#3587),#3565,.T.) ;
#3620=ADVANCED_FACE('\X2\570689D2\X0\9',(#3619),#3594,.T.) ;
#3644=ADVANCED_FACE('\X2\570689D2\X0\9',(#3643),#3625,.F.) ;
#3677=ADVANCED_FACE('\X2\570689D2\X0\9',(#3676),#3650,.T.) ;
#3708=ADVANCED_FACE('\X2\570689D2\X0\9',(#3707),#3682,.F.) ;
#3739=ADVANCED_FACE('\X2\570689D2\X0\9',(#3738),#3713,.T.) ;
#3763=ADVANCED_FACE('\X2\570689D2\X0\9',(#3762),#3744,.T.) ;
#3787=ADVANCED_FACE('\X2\570689D2\X0\9',(#3786),#3768,.T.) ;
#3811=ADVANCED_FACE('\X2\570689D2\X0\9',(#3810),#3792,.F.) ;
#3835=ADVANCED_FACE('\X2\570689D2\X0\9',(#3834),#3816,.T.) ;
#3859=ADVANCED_FACE('\X2\570689D2\X0\9',(#3858),#3840,.F.) ;
#3883=ADVANCED_FACE('\X2\570689D2\X0\9',(#3882),#3864,.T.) ;
#3907=ADVANCED_FACE('\X2\570689D2\X0\9',(#3906),#3888,.F.) ;
#3931=ADVANCED_FACE('\X2\570689D2\X0\9',(#3930),#3912,.T.) ;
#3955=ADVANCED_FACE('\X2\570689D2\X0\9',(#3954),#3936,.T.) ;
#3979=ADVANCED_FACE('\X2\570689D2\X0\9',(#3978),#3960,.T.) ;
#4003=ADVANCED_FACE('\X2\570689D2\X0\9',(#4002),#3984,.F.) ;
#4027=ADVANCED_FACE('\X2\570689D2\X0\9',(#4026),#4008,.T.) ;
#4044=ADVANCED_FACE('\X2\570689D2\X0\9',(#4043),#4032,.F.) ;
#4061=ADVANCED_FACE('\X2\570689D2\X0\9',(#4060),#4049,.T.) ;
#4078=ADVANCED_FACE('\X2\570689D2\X0\9',(#4077),#4066,.T.) ;
#4095=ADVANCED_FACE('\X2\570689D2\X0\9',(#4094),#4083,.T.) ;
#4119=ADVANCED_FACE('\X2\570689D2\X0\9',(#4118),#4100,.T.) ;
#4143=ADVANCED_FACE('\X2\570689D2\X0\9',(#4142),#4124,.T.) ;
#4167=ADVANCED_FACE('\X2\570689D2\X0\9',(#4166),#4148,.F.) ;
#4207=ADVANCED_FACE('\X2\570689D2\X0\9',(#4206),#4173,.T.) ;
#4231=ADVANCED_FACE('\X2\570689D2\X0\9',(#4230),#4212,.T.) ;
#4255=ADVANCED_FACE('\X2\570689D2\X0\9',(#4254),#4236,.T.) ;
#4267=ADVANCED_FACE('\X2\570689D2\X0\9',(#4266),#4260,.T.) ;
#4291=ADVANCED_FACE('\X2\570689D2\X0\9',(#4290),#4272,.T.) ;
#4315=ADVANCED_FACE('\X2\570689D2\X0\9',(#4314),#4296,.T.) ;
#4343=ADVANCED_FACE('\X2\570689D2\X0\9',(#4342),#4320,.F.) ;
#4361=ADVANCED_FACE('\X2\570689D2\X0\9',(#4360),#4349,.T.) ;
#4401=ADVANCED_FACE('\X2\570689D2\X0\9',(#4400),#4366,.T.) ;
#4423=ADVANCED_FACE('\X2\570689D2\X0\9',(#4422),#4406,.T.) ;
#4477=ADVANCED_FACE('\X2\570689D2\X0\9',(#4476),#4439,.T.) ;
#4546=ADVANCED_FACE('\X2\570689D2\X0\9',(#4545),#4478,.T.) ;
#4572=ADVANCED_FACE('\X2\570689D2\X0\9',(#4571),#3936,.T.) ;
#4589=ADVANCED_FACE('\X2\570689D2\X0\9',(#4588),#4577,.T.) ;
#4620=ADVANCED_FACE('\X2\570689D2\X0\9',(#4619),#4594,.F.) ;
#4644=ADVANCED_FACE('\X2\570689D2\X0\9',(#4643),#4625,.T.) ;
#4675=ADVANCED_FACE('\X2\570689D2\X0\9',(#4674),#4649,.F.) ;
#4687=ADVANCED_FACE('\X2\570689D2\X0\9',(#4686),#4649,.F.) ;
#4718=ADVANCED_FACE('\X2\570689D2\X0\9',(#4717),#4692,.T.) ;
#4742=ADVANCED_FACE('\X2\570689D2\X0\9',(#4741),#4723,.T.) ;
#4773=ADVANCED_FACE('\X2\570689D2\X0\9',(#4772),#4747,.F.) ;
#4862=ADVANCED_FACE('\X2\570689D2\X0\9',(#4861),#4775,.T.) ;
#4886=ADVANCED_FACE('\X2\570689D2\X0\9',(#4885),#4867,.T.) ;
#4903=ADVANCED_FACE('\X2\570689D2\X0\9',(#4902),#4891,.T.) ;
#4941=ADVANCED_FACE('\X2\570689D2\X0\9',(#4940),#4919,.T.) ;
#4971=ADVANCED_FACE('\X2\570689D2\X0\9',(#4966,#4970),#2878,.F.) ;
#4989=ADVANCED_FACE('\X2\570689D2\X0\9',(#4988),#4977,.F.) ;
#4996=ADVANCED_FACE('\X2\570689D2\X0\9',(#4995),#3744,.T.) ;
#4=APPLICATION_PROTOCOL_DEFINITION('international standard','automotive_design',2001,#1) ;
#54=B_SPLINE_CURVE_WITH_KNOTS('',5,(#55,#56,#57,#58,#59,#60,#61,#62,#63,#64,#65,#66,#67,#68,#69,#70,#71,#72,#73,#74,#75),.UNSPECIFIED.,.F.,.U.,(6,3,3,3,3,3,6),(0.,1.3145076878,2.62901536992,3.94352304415,5.25803072811,6.57253841912,7.1078548489),.UNSPECIFIED.) ;
#81=B_SPLINE_CURVE_WITH_KNOTS('',5,(#82,#83,#84,#85,#86,#87,#88,#89,#90,#91,#92,#93,#94,#95,#96,#97,#98,#99,#100,#101,#102),.UNSPECIFIED.,.F.,.U.,(6,3,3,3,3,3,6),(0.,1.31450768779,2.62901536991,3.94352304413,5.25803072809,6.57253841885,7.10785484863),.UNSPECIFIED.) ;
#419=B_SPLINE_CURVE_WITH_KNOTS('',5,(#420,#421,#422,#423,#424,#425,#426,#427,#428,#429,#430,#431,#432,#433,#434),.UNSPECIFIED.,.F.,.U.,(6,3,3,3,6),(3.14159265359,3.53429173529,3.92699081699,4.31968989869,4.71238898038),.UNSPECIFIED.) ;
#461=B_SPLINE_CURVE_WITH_KNOTS('',3,(#462,#463,#464,#465),.UNSPECIFIED.,.F.,.U.,(4,4),(0.,0.894458445542),.UNSPECIFIED.) ;
#479=B_SPLINE_CURVE_WITH_KNOTS('',5,(#480,#481,#482,#483,#484,#485,#486,#487,#488,#489,#490,#491),.UNSPECIFIED.,.F.,.U.,(6,3,3,6),(0.,1.17989150613,2.2133174514,3.30462183272),.UNSPECIFIED.) ;
#504=B_SPLINE_CURVE_WITH_KNOTS('',5,(#505,#506,#507,#508,#509,#510,#511,#512,#513,#514,#515,#516,#517,#518,#519,#520,#521,#522),.UNSPECIFIED.,.F.,.U.,(6,3,3,3,3,6),(8.20885588845E-014,6.88121665824,11.5184700208,17.2057663111,19.7780980548,21.352648241),.UNSPECIFIED.) ;
#526=B_SPLINE_CURVE_WITH_KNOTS('',5,(#527,#528,#529,#530,#531,#532,#533,#534,#535,#536,#537,#538,#539,#540,#541,#542,#543,#544),.UNSPECIFIED.,.F.,.U.,(6,3,3,3,3,6),(21.3534349586,23.5748405633,26.8008058025,31.3841777922,36.0629906902,42.7071387872),.UNSPECIFIED.) ;
#546=B_SPLINE_CURVE_WITH_KNOTS('',5,(#547,#548,#549,#550,#551,#552,#553,#554,#555,#556,#557,#558),.UNSPECIFIED.,.F.,.U.,(6,3,3,6),(0.,1.17989150616,2.21331745142,3.30462183277),.UNSPECIFIED.) ;
#606=B_SPLINE_CURVE_WITH_KNOTS('',3,(#607,#608,#609,#610),.UNSPECIFIED.,.F.,.U.,(4,4),(0.,0.894458445541),.UNSPECIFIED.) ;
#747=B_SPLINE_CURVE_WITH_KNOTS('',4,(#748,#749,#750,#751,#752),.UNSPECIFIED.,.F.,.U.,(5,5),(0.,1.),.UNSPECIFIED.) ;
#756=B_SPLINE_CURVE_WITH_KNOTS('',5,(#757,#758,#759,#760,#761,#762,#763,#764,#765,#766,#767,#768,#769,#770,#771,#772,#773,#774,#775,#776,#777,#778,#779,#780,#781,#782,#783,#784,#785,#786),.UNSPECIFIED.,.F.,.U.,(6,3,3,3,3,3,3,3,3,6),(0.,6.88121665824,11.5184700208,13.8870158453,15.5221789631,17.2057663111,18.5964371265,19.7780980548,20.821794056,21.352648241),.UNSPECIFIED.) ;
#904=B_SPLINE_CURVE_WITH_KNOTS('',5,(#905,#906,#907,#908,#909,#910,#911,#912,#913,#914,#915,#916,#917,#918,#919,#920,#921,#922,#923,#924,#925,#926,#927,#928,#929,#930,#931),.UNSPECIFIED.,.F.,.U.,(6,3,3,3,3,3,3,3,6),(21.3534349586,22.2235560285,23.5748405633,25.0553863914,26.8008058025,28.9336115514,31.3841777922,36.0629906902,42.7071387872),.UNSPECIFIED.) ;
#1107=B_SPLINE_CURVE_WITH_KNOTS('',1,(#1108,#1109),.UNSPECIFIED.,.F.,.U.,(2,2),(24.183788678,28.183788678),.UNSPECIFIED.) ;
#1115=B_SPLINE_CURVE_WITH_KNOTS('',1,(#1116,#1117),.UNSPECIFIED.,.F.,.U.,(2,2),(-12.6167276369,0.563421191781),.UNSPECIFIED.) ;
#1121=B_SPLINE_CURVE_WITH_KNOTS('',4,(#1122,#1123,#1124,#1125,#1126),.UNSPECIFIED.,.F.,.U.,(5,5),(12.5663706144,15.3588974176),.UNSPECIFIED.) ;
#1135=B_SPLINE_CURVE_WITH_KNOTS('',4,(#1136,#1137,#1138,#1139,#1140),.UNSPECIFIED.,.F.,.U.,(5,5),(21.9911485751,25.1327412287),.UNSPECIFIED.) ;
#1144=B_SPLINE_CURVE_WITH_KNOTS('',1,(#1145,#1146),.UNSPECIFIED.,.F.,.U.,(2,2),(-32.9303406253,-31.4156219996),.UNSPECIFIED.) ;
#1150=B_SPLINE_CURVE_WITH_KNOTS('',4,(#1151,#1152,#1153,#1154,#1155),.UNSPECIFIED.,.F.,.U.,(5,5),(18.8495559215,21.9911485751),.UNSPECIFIED.) ;
#1166=B_SPLINE_CURVE_WITH_KNOTS('',5,(#1167,#1168,#1169,#1170,#1171,#1172),.UNSPECIFIED.,.F.,.U.,(6,6),(9.42477796077,18.8495559215),.UNSPECIFIED.) ;
#1183=B_SPLINE_CURVE_WITH_KNOTS('',4,(#1184,#1185,#1186,#1187,#1188),.UNSPECIFIED.,.F.,.U.,(5,5),(15.7079632679,19.1986217719),.UNSPECIFIED.) ;
#1192=B_SPLINE_CURVE_WITH_KNOTS('',1,(#1193,#1194),.UNSPECIFIED.,.F.,.U.,(2,2),(-3.81098002877,7.54931762939),.UNSPECIFIED.) ;
#1450=B_SPLINE_CURVE_WITH_KNOTS('',5,(#1451,#1452,#1453,#1454,#1455,#1456,#1457,#1458,#1459,#1460,#1461,#1462,#1463,#1464,#1465),.UNSPECIFIED.,.F.,.U.,(6,3,3,3,6),(0.,1.78609047192,2.78553273175,3.17907173357,3.7265184469),.UNSPECIFIED.) ;
#1547=B_SPLINE_CURVE_WITH_KNOTS('',5,(#1548,#1549,#1550,#1551,#1552,#1553,#1554,#1555,#1556,#1557,#1558,#1559,#1560,#1561,#1562,#1563,#1564,#1565,#1566,#1567,#1568,#1569,#1570,#1571,#1572,#1573,#1574,#1575,#1576,#1577),.UNSPECIFIED.,.F.,.U.,(6,3,3,3,3,3,3,3,3,6),(0.,0.0268326459831,0.0328737393408,1.18220524145,1.78609047192,2.32281636219,2.78553273175,3.17907173357,3.51623473051,3.7265184469),.UNSPECIFIED.) ;
#2085=B_SPLINE_CURVE_WITH_KNOTS('',5,(#2086,#2087,#2088,#2089,#2090,#2091),.UNSPECIFIED.,.F.,.U.,(6,6),(0.,4.79875616188),.UNSPECIFIED.) ;
#2139=B_SPLINE_CURVE_WITH_KNOTS('',5,(#2140,#2141,#2142,#2143,#2144,#2145,#2146,#2147,#2148),.UNSPECIFIED.,.F.,.U.,(6,3,6),(9.42477796076,14.1371669411,18.8495559215),.UNSPECIFIED.) ;
#2154=B_SPLINE_CURVE_WITH_KNOTS('',5,(#2155,#2156,#2157,#2158,#2159,#2160,#2161,#2162,#2163),.UNSPECIFIED.,.F.,.U.,(6,3,6),(18.8495559215,23.5619449019,28.2743338823),.UNSPECIFIED.) ;
#2212=B_SPLINE_CURVE_WITH_KNOTS('',5,(#2213,#2214,#2215,#2216,#2217,#2218,#2219,#2220,#2221,#2222,#2223,#2224,#2225,#2226,#2227,#2228,#2229,#2230,#2231,#2232,#2233),.UNSPECIFIED.,.F.,.U.,(6,3,3,3,3,3,6),(0.,1.31450768786,2.62901537003,3.94352304424,5.25803072823,6.57253841906,7.10785484883),.UNSPECIFIED.) ;
#2239=B_SPLINE_CURVE_WITH_KNOTS('',5,(#2240,#2241,#2242,#2243,#2244,#2245,#2246,#2247,#2248,#2249,#2250,#2251,#2252,#2253,#2254,#2255,#2256,#2257,#2258,#2259,#2260),.UNSPECIFIED.,.F.,.U.,(6,3,3,3,3,3,6),(0.,1.31450768786,2.62901537003,3.94352304425,5.25803072824,6.57253841906,7.10785484883),.UNSPECIFIED.) ;
#2399=B_SPLINE_CURVE_WITH_KNOTS('',5,(#2400,#2401,#2402,#2403,#2404,#2405),.UNSPECIFIED.,.F.,.U.,(6,6),(0.,4.79875616191),.UNSPECIFIED.) ;
#2522=B_SPLINE_CURVE_WITH_KNOTS('',5,(#2523,#2524,#2525,#2526,#2527,#2528,#2529,#2530,#2531),.UNSPECIFIED.,.F.,.U.,(6,3,6),(18.8495559215,23.5619449019,28.2743338823),.UNSPECIFIED.) ;
#2738=B_SPLINE_CURVE_WITH_KNOTS('',5,(#2739,#2740,#2741,#2742,#2743,#2744),.UNSPECIFIED.,.F.,.U.,(6,6),(0.,5.20293235476),.UNSPECIFIED.) ;
#2782=B_SPLINE_CURVE_WITH_KNOTS('',5,(#2783,#2784,#2785,#2786,#2787,#2788),.UNSPECIFIED.,.F.,.U.,(6,6),(0.,5.20293235478),.UNSPECIFIED.) ;
#2879=B_SPLINE_CURVE_WITH_KNOTS('',5,(#2880,#2881,#2882,#2883,#2884,#2885),.UNSPECIFIED.,.F.,.U.,(6,6),(23.5619449019,31.4159265359),.UNSPECIFIED.) ;
#2898=B_SPLINE_CURVE_WITH_KNOTS('',5,(#2899,#2900,#2901,#2902,#2903,#2904),.UNSPECIFIED.,.F.,.U.,(6,6),(15.7079632679,23.5619449019),.UNSPECIFIED.) ;
#2915=B_SPLINE_CURVE_WITH_KNOTS('',5,(#2916,#2917,#2918,#2919,#2920,#2921),.UNSPECIFIED.,.F.,.U.,(6,6),(7.85398163397,15.7079632679),.UNSPECIFIED.) ;
#2932=B_SPLINE_CURVE_WITH_KNOTS('',5,(#2933,#2934,#2935,#2936,#2937,#2938),.UNSPECIFIED.,.F.,.U.,(6,6),(31.4159265359,39.2699081699),.UNSPECIFIED.) ;
#3566=B_SPLINE_CURVE_WITH_KNOTS('',1,(#3567,#3568),.UNSPECIFIED.,.F.,.U.,(2,2),(-3.55167743023,0.448322569766),.UNSPECIFIED.) ;
#3572=B_SPLINE_CURVE_WITH_KNOTS('',1,(#3573,#3574),.UNSPECIFIED.,.F.,.U.,(2,2),(-3.72800441094,0.271995589057),.UNSPECIFIED.) ;
#3578=B_SPLINE_CURVE_WITH_KNOTS('',1,(#3579,#3580),.UNSPECIFIED.,.F.,.U.,(2,2),(0.0216856353728,14.0216856354),.UNSPECIFIED.) ;
#4424=B_SPLINE_CURVE_WITH_KNOTS('',5,(#4425,#4426,#4427,#4428,#4429,#4430,#4431,#4432,#4433,#4434,#4435,#4436),.UNSPECIFIED.,.F.,.U.,(6,3,3,6),(0.,4.4157038198,7.73119349387,9.15630636091),.UNSPECIFIED.) ;
#4449=B_SPLINE_CURVE_WITH_KNOTS('',5,(#4450,#4451,#4452,#4453,#4454,#4455),.UNSPECIFIED.,.F.,.U.,(6,6),(0.,10.2984276959),.UNSPECIFIED.) ;
#4457=B_SPLINE_CURVE_WITH_KNOTS('',5,(#4458,#4459,#4460,#4461,#4462,#4463,#4464,#4465,#4466,#4467,#4468,#4469),.UNSPECIFIED.,.F.,.U.,(6,3,3,6),(4.96935825822E-013,4.4157038198,7.73119349387,9.15630636091),.UNSPECIFIED.) ;
#4533=B_SPLINE_CURVE_WITH_KNOTS('',4,(#4534,#4535,#4536,#4537,#4538),.UNSPECIFIED.,.F.,.U.,(5,5),(0.,1.),.UNSPECIFIED.) ;
#4830=B_SPLINE_CURVE_WITH_KNOTS('',5,(#4831,#4832,#4833,#4834,#4835,#4836,#4837,#4838,#4839,#4840,#4841,#4842,#4843,#4844,#4845),.UNSPECIFIED.,.F.,.U.,(6,3,3,3,6),(32.2910709988,35.4144502962,40.1088436597,43.3709083252,43.3953977569),.UNSPECIFIED.) ;
#4849=B_SPLINE_CURVE_WITH_KNOTS('',4,(#4850,#4851,#4852,#4853,#4854),.UNSPECIFIED.,.F.,.U.,(5,5),(0.,1.),.UNSPECIFIED.) ;
#4904=B_SPLINE_CURVE_WITH_KNOTS('',5,(#4905,#4906,#4907,#4908,#4909,#4910,#4911,#4912,#4913,#4914,#4915,#4916),.UNSPECIFIED.,.F.,.U.,(6,3,3,6),(0.,4.41570381873,7.73119349315,9.15630635955),.UNSPECIFIED.) ;
#4920=B_SPLINE_CURVE_WITH_KNOTS('',5,(#4921,#4922,#4923,#4924,#4925,#4926),.UNSPECIFIED.,.F.,.U.,(6,6),(0.,10.2984276936),.UNSPECIFIED.) ;
#4942=B_SPLINE_CURVE_WITH_KNOTS('',5,(#4943,#4944,#4945,#4946,#4947,#4948),.UNSPECIFIED.,.F.,.U.,(6,6),(31.4159265359,39.2699081698),.UNSPECIFIED.) ;
#638=B_SPLINE_SURFACE_WITH_KNOTS('',5,5,((#639,#640,#641,#642,#643,#644),(#645,#646,#647,#648,#649,#650),(#651,#652,#653,#654,#655,#656),(#657,#658,#659,#660,#661,#662),(#663,#664,#665,#666,#667,#668),(#669,#670,#671,#672,#673,#674),(#675,#676,#677,#678,#679,#680),(#681,#682,#683,#684,#685,#686),(#687,#688,#689,#690,#691,#692),(#693,#694,#695,#696,#697,#698),(#699,#700,#701,#702,#703,#704),(#705,#706,#707,#708,#709,#710),(#711,#712,#713,#714,#715,#716),(#717,#718,#719,#720,#721,#722),(#723,#724,#725,#726,#727,#728),(#729,#730,#731,#732,#733,#734),(#735,#736,#737,#738,#739,#740),(#741,#742,#743,#744,#745,#746)),.UNSPECIFIED.,.F.,.F.,.U.,(6,3,3,3,3,6),(6,6),(8.20885588845E-014,11.5184700208,13.8870158453,17.2057663111,19.7780980548,21.352648241),(0.,1.),.UNSPECIFIED.) ;
#795=B_SPLINE_SURFACE_WITH_KNOTS('',5,5,((#796,#797,#798,#799,#800,#801),(#802,#803,#804,#805,#806,#807),(#808,#809,#810,#811,#812,#813),(#814,#815,#816,#817,#818,#819),(#820,#821,#822,#823,#824,#825),(#826,#827,#828,#829,#830,#831),(#832,#833,#834,#835,#836,#837),(#838,#839,#840,#841,#842,#843),(#844,#845,#846,#847,#848,#849),(#850,#851,#852,#853,#854,#855),(#856,#857,#858,#859,#860,#861),(#862,#863,#864,#865,#866,#867),(#868,#869,#870,#871,#872,#873),(#874,#875,#876,#877,#878,#879),(#880,#881,#882,#883,#884,#885),(#886,#887,#888,#889,#890,#891),(#892,#893,#894,#895,#896,#897),(#898,#899,#900,#901,#902,#903)),.UNSPECIFIED.,.F.,.F.,.U.,(6,3,3,3,3,6),(6,6),(21.3534349586,23.5748405633,26.8008058025,31.3841777922,36.0629906902,42.7071387872),(0.,1.),.UNSPECIFIED.) ;
#1474=B_SPLINE_SURFACE_WITH_KNOTS('',5,5,((#1475,#1476,#1477,#1478,#1479,#1480),(#1481,#1482,#1483,#1484,#1485,#1486),(#1487,#1488,#1489,#1490,#1491,#1492),(#1493,#1494,#1495,#1496,#1497,#1498),(#1499,#1500,#1501,#1502,#1503,#1504),(#1505,#1506,#1507,#1508,#1509,#1510),(#1511,#1512,#1513,#1514,#1515,#1516),(#1517,#1518,#1519,#1520,#1521,#1522),(#1523,#1524,#1525,#1526,#1527,#1528),(#1529,#1530,#1531,#1532,#1533,#1534),(#1535,#1536,#1537,#1538,#1539,#1540),(#1541,#1542,#1543,#1544,#1545,#1546)),.UNSPECIFIED.,.F.,.F.,.U.,(6,3,3,6),(6,6),(0.,1.78609047192,2.78553273175,3.7265184469),(0.,1.),.UNSPECIFIED.) ;
#4478=B_SPLINE_SURFACE_WITH_KNOTS('',5,5,((#4479,#4480,#4481,#4482,#4483,#4484),(#4485,#4486,#4487,#4488,#4489,#4490),(#4491,#4492,#4493,#4494,#4495,#4496),(#4497,#4498,#4499,#4500,#4501,#4502),(#4503,#4504,#4505,#4506,#4507,#4508),(#4509,#4510,#4511,#4512,#4513,#4514),(#4515,#4516,#4517,#4518,#4519,#4520),(#4521,#4522,#4523,#4524,#4525,#4526),(#4527,#4528,#4529,#4530,#4531,#4532)),.UNSPECIFIED.,.F.,.F.,.U.,(6,3,6),(6,6),(6.24510833934,14.0628810017,17.3494398876),(0.,1.),.UNSPECIFIED.) ;
#4775=B_SPLINE_SURFACE_WITH_KNOTS('',5,5,((#4776,#4777,#4778,#4779,#4780,#4781),(#4782,#4783,#4784,#4785,#4786,#4787),(#4788,#4789,#4790,#4791,#4792,#4793),(#4794,#4795,#4796,#4797,#4798,#4799),(#4800,#4801,#4802,#4803,#4804,#4805),(#4806,#4807,#4808,#4809,#4810,#4811),(#4812,#4813,#4814,#4815,#4816,#4817),(#4818,#4819,#4820,#4821,#4822,#4823),(#4824,#4825,#4826,#4827,#4828,#4829)),.UNSPECIFIED.,.F.,.F.,.U.,(6,3,6),(6,6),(32.2910709988,40.1088436597,43.3954025451),(0.,1.),.UNSPECIFIED.) ;
#21=MANIFOLD_SOLID_BREP('\X2\570689D2\X0\9',#30) ;
#39=CIRCLE('generated circle',#38,3.) ;
#48=CIRCLE('generated circle',#47,3.) ;
#125=CIRCLE('generated circle',#124,1.6) ;
#152=CIRCLE('generated circle',#151,1.6) ;
#170=CIRCLE('generated circle',#169,1.) ;
#177=CIRCLE('generated circle',#176,2.6) ;
#184=CIRCLE('generated circle',#183,1.) ;
#201=CIRCLE('generated circle',#200,2.6) ;
#288=CIRCLE('generated circle',#287,2.6) ;
#297=CIRCLE('generated circle',#296,2.6) ;
#313=CIRCLE('generated circle',#312,1.) ;
#320=CIRCLE('generated circle',#319,1.) ;
#344=CIRCLE('generated circle',#343,1.) ;
#351=CIRCLE('generated circle',#350,1.) ;
#367=CIRCLE('generated circle',#366,1.) ;
#400=CIRCLE('generated circle',#399,1.) ;
#405=CIRCLE('generated circle',#404,1.) ;
#459=CIRCLE('generated circle',#458,1.) ;
#565=CIRCLE('generated circle',#564,28.5) ;
#572=CIRCLE('generated circle',#571,28.5) ;
#629=CIRCLE('generated circle',#628,1.) ;
#948=CIRCLE('generated circle',#947,5.) ;
#962=CIRCLE('generated circle',#961,5.) ;
#982=CIRCLE('generated circle',#981,1.) ;
#989=CIRCLE('generated circle',#988,4.) ;
#1006=CIRCLE('generated circle',#1005,4.) ;
#1013=CIRCLE('generated circle',#1012,1.) ;
#1062=CIRCLE('generated circle',#1061,1.) ;
#1093=CIRCLE('generated circle',#1092,1.) ;
#1223=CIRCLE('generated circle',#1222,1.) ;
#1237=CIRCLE('generated circle',#1236,1.) ;
#1254=CIRCLE('generated circle',#1253,1.) ;
#1261=CIRCLE('generated circle',#1260,1.) ;
#1268=CIRCLE('generated circle',#1267,4.) ;
#1285=CIRCLE('generated circle',#1284,1.) ;
#1292=CIRCLE('generated circle',#1291,1.) ;
#1299=CIRCLE('generated circle',#1298,5.) ;
#1316=CIRCLE('generated circle',#1315,1.) ;
#1340=CIRCLE('generated circle',#1339,1.) ;
#1364=CIRCLE('generated circle',#1363,1.) ;
#1395=CIRCLE('generated circle',#1394,1.) ;
#1412=CIRCLE('generated circle',#1411,5.) ;
#1429=CIRCLE('generated circle',#1428,5.) ;
#1593=CIRCLE('generated circle',#1592,1.) ;
#1600=CIRCLE('generated circle',#1599,5.) ;
#1624=CIRCLE('generated circle',#1623,1.) ;
#1641=CIRCLE('generated circle',#1640,1.) ;
#1648=CIRCLE('generated circle',#1647,2.) ;
#1672=CIRCLE('generated circle',#1671,4.) ;
#1711=CIRCLE('generated circle',#1710,5.) ;
#1725=CIRCLE('generated circle',#1724,5.) ;
#1739=CIRCLE('generated circle',#1738,4.) ;
#1753=CIRCLE('generated circle',#1752,6.) ;
#1767=CIRCLE('generated circle',#1766,6.) ;
#1781=CIRCLE('generated circle',#1780,6.) ;
#1808=CIRCLE('generated circle',#1807,1.) ;
#1822=CIRCLE('generated circle',#1821,1.) ;
#1870=CIRCLE('generated circle',#1869,1.) ;
#1884=CIRCLE('generated circle',#1883,1.) ;
#1901=CIRCLE('generated circle',#1900,1.) ;
#1910=CIRCLE('generated circle',#1909,6.) ;
#1915=CIRCLE('generated circle',#1914,5.) ;
#1932=CIRCLE('generated circle',#1931,5.) ;
#1987=CIRCLE('generated circle',#1986,1.) ;
#1992=CIRCLE('generated circle',#1991,1.) ;
#2009=CIRCLE('generated circle',#2008,1.) ;
#2016=CIRCLE('generated circle',#2015,5.) ;
#2033=CIRCLE('generated circle',#2032,1.) ;
#2057=CIRCLE('generated circle',#2056,1.) ;
#2064=CIRCLE('generated circle',#2063,5.) ;
#2179=CIRCLE('generated circle',#2178,3.) ;
#2206=CIRCLE('generated circle',#2205,3.) ;
#2276=CIRCLE('generated circle',#2275,1.6) ;
#2303=CIRCLE('generated circle',#2302,1.6) ;
#2321=CIRCLE('generated circle',#2320,1.) ;
#2326=CIRCLE('generated circle',#2325,1.) ;
#2355=CIRCLE('generated circle',#2354,5.) ;
#2388=CIRCLE('generated circle',#2387,1.) ;
#2429=CIRCLE('generated circle',#2428,3.) ;
#2475=CIRCLE('generated circle',#2474,5.) ;
#2487=CIRCLE('generated circle',#2486,5.) ;
#2588=CIRCLE('generated circle',#2587,5.) ;
#2593=CIRCLE('generated circle',#2592,5.) ;
#2610=CIRCLE('generated circle',#2609,6.) ;
#2624=CIRCLE('generated circle',#2623,6.) ;
#2638=CIRCLE('generated circle',#2637,4.) ;
#2643=CIRCLE('generated circle',#2642,4.) ;
#2686=CIRCLE('generated circle',#2685,1.7) ;
#2700=CIRCLE('generated circle',#2699,1.7) ;
#2712=CIRCLE('generated circle',#2711,1.7) ;
#2717=CIRCLE('generated circle',#2716,1.7) ;
#2734=CIRCLE('generated circle',#2733,5.) ;
#2761=CIRCLE('generated circle',#2760,5.) ;
#2800=CIRCLE('generated circle',#2799,4.) ;
#2825=CIRCLE('generated circle',#2824,1.) ;
#2842=CIRCLE('generated circle',#2841,1.) ;
#2858=CIRCLE('generated circle',#2857,1.) ;
#2971=CIRCLE('generated circle',#2970,5.) ;
#2978=CIRCLE('generated circle',#2977,1.) ;
#2985=CIRCLE('generated circle',#2984,4.) ;
#3002=CIRCLE('generated circle',#3001,1.) ;
#3011=CIRCLE('generated circle',#3010,5.) ;
#3016=CIRCLE('generated circle',#3015,4.) ;
#3033=CIRCLE('generated circle',#3032,1.) ;
#3064=CIRCLE('generated circle',#3063,1.) ;
#3073=CIRCLE('generated circle',#3072,5.) ;
#3078=CIRCLE('generated circle',#3077,4.) ;
#3095=CIRCLE('generated circle',#3094,1.) ;
#3137=CIRCLE('generated circle',#3136,5.) ;
#3216=CIRCLE('generated circle',#3215,5.) ;
#3292=CIRCLE('generated circle',#3291,1.) ;
#3306=CIRCLE('generated circle',#3305,1.) ;
#3330=CIRCLE('generated circle',#3329,1.) ;
#3347=CIRCLE('generated circle',#3346,4.) ;
#3354=CIRCLE('generated circle',#3353,1.) ;
#3371=CIRCLE('generated circle',#3370,4.) ;
#3395=CIRCLE('generated circle',#3394,1.) ;
#3412=CIRCLE('generated circle',#3411,1.) ;
#3426=CIRCLE('generated circle',#3425,1.) ;
#3443=CIRCLE('generated circle',#3442,1.) ;
#3472=CIRCLE('generated circle',#3471,5.) ;
#3489=CIRCLE('generated circle',#3488,6.) ;
#3506=CIRCLE('generated circle',#3505,1.) ;
#3540=CIRCLE('generated circle',#3539,1.7) ;
#3549=CIRCLE('generated circle',#3548,1.7) ;
#3598=CIRCLE('generated circle',#3597,1.) ;
#3612=CIRCLE('generated circle',#3611,1.) ;
#3654=CIRCLE('generated circle',#3653,1.) ;
#3686=CIRCLE('generated circle',#3685,5.) ;
#3717=CIRCLE('generated circle',#3716,1.) ;
#3724=CIRCLE('generated circle',#3723,1.) ;
#3731=CIRCLE('generated circle',#3730,6.) ;
#3772=CIRCLE('generated circle',#3771,1.) ;
#3796=CIRCLE('generated circle',#3795,5.) ;
#3820=CIRCLE('generated circle',#3819,1.) ;
#3827=CIRCLE('generated circle',#3826,6.) ;
#3868=CIRCLE('generated circle',#3867,1.) ;
#3892=CIRCLE('generated circle',#3891,5.) ;
#3916=CIRCLE('generated circle',#3915,1.) ;
#3923=CIRCLE('generated circle',#3922,6.) ;
#3964=CIRCLE('generated circle',#3963,1.) ;
#3988=CIRCLE('generated circle',#3987,5.) ;
#4012=CIRCLE('generated circle',#4011,1.) ;
#4019=CIRCLE('generated circle',#4018,6.) ;
#4070=CIRCLE('generated circle',#4069,5.) ;
#4087=CIRCLE('generated circle',#4086,4.) ;
#4111=CIRCLE('generated circle',#4110,5.) ;
#4128=CIRCLE('generated circle',#4127,1.) ;
#4135=CIRCLE('generated circle',#4134,4.) ;
#4177=CIRCLE('generated circle',#4176,1.) ;
#4223=CIRCLE('generated circle',#4222,5.) ;
#4240=CIRCLE('generated circle',#4239,1.) ;
#4247=CIRCLE('generated circle',#4246,4.) ;
#4283=CIRCLE('generated circle',#4282,5.) ;
#4300=CIRCLE('generated circle',#4299,1.) ;
#4307=CIRCLE('generated circle',#4306,4.) ;
#4410=CIRCLE('generated circle',#4409,1.) ;
#4415=CIRCLE('generated circle',#4414,1.) ;
#4581=CIRCLE('generated circle',#4580,1.) ;
#4598=CIRCLE('generated circle',#4597,5.) ;
#4612=CIRCLE('generated circle',#4611,5.) ;
#4629=CIRCLE('generated circle',#4628,1.) ;
#4636=CIRCLE('generated circle',#4635,6.) ;
#4660=CIRCLE('generated circle',#4659,1.7) ;
#4679=CIRCLE('generated circle',#4678,1.7) ;
#4727=CIRCLE('generated circle',#4726,1.) ;
#4751=CIRCLE('generated circle',#4750,6.) ;
#4871=CIRCLE('generated circle',#4870,1.) ;
#4878=CIRCLE('generated circle',#4877,5.) ;
#22=COLOUR_RGB('Colour',0.823529411765,0.823529411765,1.) ;
#109=COLOUR_RGB('Colour',0.792156862745,0.819607843137,0.933333333333) ;
#116=OVER_RIDING_STYLED_ITEM(' ',(#115),#108,#29) ;
#148=OVER_RIDING_STYLED_ITEM(' ',(#115),#147,#29) ;
#161=OVER_RIDING_STYLED_ITEM(' ',(#115),#160,#29) ;
#304=OVER_RIDING_STYLED_ITEM(' ',(#115),#303,#29) ;
#1053=OVER_RIDING_STYLED_ITEM(' ',(#115),#1052,#29) ;
#1214=OVER_RIDING_STYLED_ITEM(' ',(#115),#1213,#29) ;
#1688=OVER_RIDING_STYLED_ITEM(' ',(#115),#1687,#29) ;
#2170=OVER_RIDING_STYLED_ITEM(' ',(#115),#2169,#29) ;
#2202=OVER_RIDING_STYLED_ITEM(' ',(#115),#2201,#29) ;
#2267=OVER_RIDING_STYLED_ITEM(' ',(#115),#2266,#29) ;
#2299=OVER_RIDING_STYLED_ITEM(' ',(#115),#2298,#29) ;
#2312=OVER_RIDING_STYLED_ITEM(' ',(#115),#2311,#29) ;
#2445=OVER_RIDING_STYLED_ITEM(' ',(#115),#2444,#29) ;
#2538=OVER_RIDING_STYLED_ITEM(' ',(#115),#2537,#29) ;
#2579=OVER_RIDING_STYLED_ITEM(' ',(#115),#2578,#29) ;
#2816=OVER_RIDING_STYLED_ITEM(' ',(#115),#2815,#29) ;
#2962=OVER_RIDING_STYLED_ITEM(' ',(#115),#2961,#29) ;
#3116=OVER_RIDING_STYLED_ITEM(' ',(#115),#3115,#29) ;
#3153=OVER_RIDING_STYLED_ITEM(' ',(#115),#3152,#29) ;
#3182=OVER_RIDING_STYLED_ITEM(' ',(#115),#3181,#29) ;
#3207=OVER_RIDING_STYLED_ITEM(' ',(#115),#3206,#29) ;
#3283=OVER_RIDING_STYLED_ITEM(' ',(#115),#3282,#29) ;
#3560=OVER_RIDING_STYLED_ITEM(' ',(#115),#3559,#29) ;
#3589=OVER_RIDING_STYLED_ITEM(' ',(#115),#3588,#29) ;
#3645=OVER_RIDING_STYLED_ITEM(' ',(#115),#3644,#29) ;
#4168=OVER_RIDING_STYLED_ITEM(' ',(#115),#4167,#29) ;
#4344=OVER_RIDING_STYLED_ITEM(' ',(#115),#4343,#29) ;
#4774=OVER_RIDING_STYLED_ITEM(' ',(#115),#4773,#29) ;
#4972=OVER_RIDING_STYLED_ITEM(' ',(#115),#4971,#29) ;
#121=CYLINDRICAL_SURFACE('generated cylinder',#120,1.6) ;
#309=CYLINDRICAL_SURFACE('generated cylinder',#308,1.) ;
#363=CYLINDRICAL_SURFACE('generated cylinder',#362,1.) ;
#387=CYLINDRICAL_SURFACE('generated cylinder',#386,1.) ;
#446=CYLINDRICAL_SURFACE('generated cylinder',#445,1.) ;
#478=CYLINDRICAL_SURFACE('generated cylinder',#477,28.5) ;
#605=CYLINDRICAL_SURFACE('generated cylinder',#604,1.) ;
#625=CYLINDRICAL_SURFACE('generated cylinder',#624,1.) ;
#944=CYLINDRICAL_SURFACE('generated cylinder',#943,5.) ;
#1058=CYLINDRICAL_SURFACE('generated cylinder',#1057,1.) ;
#1082=CYLINDRICAL_SURFACE('generated cylinder',#1081,1.) ;
#1219=CYLINDRICAL_SURFACE('generated cylinder',#1218,1.) ;
#1312=CYLINDRICAL_SURFACE('generated cylinder',#1311,1.) ;
#1336=CYLINDRICAL_SURFACE('generated cylinder',#1335,1.) ;
#1360=CYLINDRICAL_SURFACE('generated cylinder',#1359,1.) ;
#1384=CYLINDRICAL_SURFACE('generated cylinder',#1383,1.) ;
#1442=CYLINDRICAL_SURFACE('generated cylinder',#1441,1.) ;
#1613=CYLINDRICAL_SURFACE('generated cylinder',#1612,1.) ;
#1661=CYLINDRICAL_SURFACE('generated cylinder',#1660,4.) ;
#1804=CYLINDRICAL_SURFACE('generated cylinder',#1803,1.) ;
#1866=CYLINDRICAL_SURFACE('generated cylinder',#1865,1.) ;
#1928=CYLINDRICAL_SURFACE('generated cylinder',#1927,5.) ;
#1983=CYLINDRICAL_SURFACE('generated cylinder',#1982,1.) ;
#2029=CYLINDRICAL_SURFACE('generated cylinder',#2028,1.) ;
#2077=CYLINDRICAL_SURFACE('generated cylinder',#2076,1.) ;
#2104=CYLINDRICAL_SURFACE('generated cylinder',#2103,5.) ;
#2175=CYLINDRICAL_SURFACE('generated cylinder',#2174,3.) ;
#2272=CYLINDRICAL_SURFACE('generated cylinder',#2271,1.6) ;
#2351=CYLINDRICAL_SURFACE('generated cylinder',#2350,5.) ;
#2375=CYLINDRICAL_SURFACE('generated cylinder',#2374,1.) ;
#2418=CYLINDRICAL_SURFACE('generated cylinder',#2417,3.) ;
#2462=CYLINDRICAL_SURFACE('generated cylinder',#2461,5.) ;
#2584=CYLINDRICAL_SURFACE('generated cylinder',#2583,5.) ;
#2673=CYLINDRICAL_SURFACE('generated cylinder',#2672,1.7) ;
#2757=CYLINDRICAL_SURFACE('generated cylinder',#2756,5.) ;
#2821=CYLINDRICAL_SURFACE('generated cylinder',#2820,1.) ;
#2838=CYLINDRICAL_SURFACE('generated cylinder',#2837,1.) ;
#3029=CYLINDRICAL_SURFACE('generated cylinder',#3028,1.) ;
#3121=CYLINDRICAL_SURFACE('generated cylinder',#3120,5.) ;
#3212=CYLINDRICAL_SURFACE('generated cylinder',#3211,5.) ;
#3229=CYLINDRICAL_SURFACE('generated cylinder',#3228,5.) ;
#3241=CYLINDRICAL_SURFACE('generated cylinder',#3240,1.) ;
#3288=CYLINDRICAL_SURFACE('generated cylinder',#3287,1.) ;
#3319=CYLINDRICAL_SURFACE('generated cylinder',#3318,1.) ;
#3384=CYLINDRICAL_SURFACE('generated cylinder',#3383,1.) ;
#3408=CYLINDRICAL_SURFACE('generated cylinder',#3407,1.) ;
#3439=CYLINDRICAL_SURFACE('generated cylinder',#3438,1.) ;
#3594=CYLINDRICAL_SURFACE('generated cylinder',#3593,1.) ;
#3650=CYLINDRICAL_SURFACE('generated cylinder',#3649,1.) ;
#3682=CYLINDRICAL_SURFACE('generated cylinder',#3681,5.) ;
#3768=CYLINDRICAL_SURFACE('generated cylinder',#3767,1.) ;
#3792=CYLINDRICAL_SURFACE('generated cylinder',#3791,5.) ;
#3864=CYLINDRICAL_SURFACE('generated cylinder',#3863,1.) ;
#3888=CYLINDRICAL_SURFACE('generated cylinder',#3887,5.) ;
#3960=CYLINDRICAL_SURFACE('generated cylinder',#3959,1.) ;
#3984=CYLINDRICAL_SURFACE('generated cylinder',#3983,5.) ;
#4049=CYLINDRICAL_SURFACE('generated cylinder',#4048,1.) ;
#4066=CYLINDRICAL_SURFACE('generated cylinder',#4065,5.) ;
#4100=CYLINDRICAL_SURFACE('generated cylinder',#4099,5.) ;
#4173=CYLINDRICAL_SURFACE('generated cylinder',#4172,1.) ;
#4212=CYLINDRICAL_SURFACE('generated cylinder',#4211,5.) ;
#4260=CYLINDRICAL_SURFACE('generated cylinder',#4259,1.) ;
#4272=CYLINDRICAL_SURFACE('generated cylinder',#4271,5.) ;
#4349=CYLINDRICAL_SURFACE('generated cylinder',#4348,1.) ;
#4406=CYLINDRICAL_SURFACE('generated cylinder',#4405,1.) ;
#4577=CYLINDRICAL_SURFACE('generated cylinder',#4576,1.) ;
#4594=CYLINDRICAL_SURFACE('generated cylinder',#4593,5.) ;
#4649=CYLINDRICAL_SURFACE('generated cylinder',#4648,1.7) ;
#4723=CYLINDRICAL_SURFACE('generated cylinder',#4722,1.) ;
#4891=CYLINDRICAL_SURFACE('generated cylinder',#4890,1.) ;
#4977=CYLINDRICAL_SURFACE('generated cylinder',#4976,5.) ;
#166=TOROIDAL_SURFACE('homeo Torus',#165,2.6,1.) ;
#197=TOROIDAL_SURFACE('homeo Torus',#196,2.6,1.) ;
#978=TOROIDAL_SURFACE('homeo Torus',#977,4.,1.) ;
#1002=TOROIDAL_SURFACE('homeo Torus',#1001,4.,1.) ;
#1250=TOROIDAL_SURFACE('homeo Torus',#1249,5.,1.) ;
#1281=TOROIDAL_SURFACE('homeo Torus',#1280,4.,1.) ;
#1408=TOROIDAL_SURFACE('homeo Torus',#1407,4.,1.) ;
#1425=TOROIDAL_SURFACE('homeo Torus',#1424,6.,1.) ;
#1589=TOROIDAL_SURFACE('homeo Torus',#1588,4.,1.) ;
#1637=TOROIDAL_SURFACE('homeo Torus',#1636,2.,1.) ;
#1897=TOROIDAL_SURFACE('homeo Torus',#1896,6.,1.) ;
#2005=TOROIDAL_SURFACE('homeo Torus',#2004,6.,1.) ;
#2053=TOROIDAL_SURFACE('homeo Torus',#2052,4.,1.) ;
#2317=TOROIDAL_SURFACE('homeo Torus',#2316,2.6,1.) ;
#2339=TOROIDAL_SURFACE('homeo Torus',#2338,2.6,1.) ;
#2450=TOROIDAL_SURFACE('homeo Torus',#2449,6.,1.) ;
#2730=TOROIDAL_SURFACE('homeo Torus',#2729,6.,1.) ;
#2781=TOROIDAL_SURFACE('homeo Torus',#2780,6.,1.) ;
#2967=TOROIDAL_SURFACE('homeo Torus',#2966,4.,1.) ;
#2998=TOROIDAL_SURFACE('homeo Torus',#2997,4.,1.) ;
#3060=TOROIDAL_SURFACE('homeo Torus',#3059,4.,1.) ;
#3091=TOROIDAL_SURFACE('homeo Torus',#3090,6.,1.) ;
#3343=TOROIDAL_SURFACE('homeo Torus',#3342,4.,1.) ;
#3367=TOROIDAL_SURFACE('homeo Torus',#3366,4.,1.) ;
#3468=TOROIDAL_SURFACE('homeo Torus',#3467,5.,1.) ;
#3485=TOROIDAL_SURFACE('homeo Torus',#3484,6.,1.) ;
#3502=TOROIDAL_SURFACE('homeo Torus',#3501,4.,1.) ;
#3713=TOROIDAL_SURFACE('homeo Torus',#3712,6.,1.) ;
#3816=TOROIDAL_SURFACE('homeo Torus',#3815,6.,1.) ;
#3912=TOROIDAL_SURFACE('homeo Torus',#3911,6.,1.) ;
#4008=TOROIDAL_SURFACE('homeo Torus',#4007,6.,1.) ;
#4083=TOROIDAL_SURFACE('homeo Torus',#4082,4.,1.) ;
#4124=TOROIDAL_SURFACE('homeo Torus',#4123,4.,1.) ;
#4236=TOROIDAL_SURFACE('homeo Torus',#4235,4.,1.) ;
#4296=TOROIDAL_SURFACE('homeo Torus',#4295,4.,1.) ;
#4625=TOROIDAL_SURFACE('homeo Torus',#4624,6.,1.) ;
#4867=TOROIDAL_SURFACE('homeo Torus',#4866,6.,1.) ;
#44=EDGE_CURVE('',#41,#43,#39,.T.) ;
#49=EDGE_CURVE('',#43,#41,#48,.T.) ;
#80=EDGE_CURVE('',#77,#79,#54,.T.) ;
#103=EDGE_CURVE('',#79,#77,#81,.T.) ;
#130=EDGE_CURVE('',#127,#129,#125,.T.) ;
#135=EDGE_CURVE('',#79,#129,#134,.T.) ;
#140=EDGE_CURVE('',#77,#127,#139,.T.) ;
#153=EDGE_CURVE('',#129,#127,#152,.T.) ;
#173=EDGE_CURVE('',#129,#172,#170,.T.) ;
#180=EDGE_CURVE('',#172,#179,#177,.F.) ;
#185=EDGE_CURVE('',#127,#179,#184,.T.) ;
#202=EDGE_CURVE('',#179,#172,#201,.F.) ;
#223=EDGE_CURVE('',#220,#222,#218,.F.) ;
#230=EDGE_CURVE('',#229,#220,#227,.T.) ;
#237=EDGE_CURVE('',#229,#236,#234,.F.) ;
#244=EDGE_CURVE('',#243,#236,#241,.T.) ;
#251=EDGE_CURVE('',#243,#250,#248,.F.) ;
#258=EDGE_CURVE('',#257,#250,#255,.T.) ;
#265=EDGE_CURVE('',#257,#264,#262,.F.) ;
#270=EDGE_CURVE('',#222,#264,#269,.T.) ;
#293=EDGE_CURVE('',#290,#292,#288,.F.) ;
#298=EDGE_CURVE('',#292,#290,#297,.F.) ;
#316=EDGE_CURVE('',#315,#229,#313,.T.) ;
#323=EDGE_CURVE('',#322,#220,#320,.T.) ;
#328=EDGE_CURVE('',#315,#322,#327,.T.) ;
#347=EDGE_CURVE('',#346,#220,#344,.T.) ;
#352=EDGE_CURVE('',#322,#346,#351,.F.) ;
#370=EDGE_CURVE('',#369,#222,#367,.F.) ;
#375=EDGE_CURVE('',#346,#369,#374,.F.) ;
#396=EDGE_CURVE('',#393,#395,#391,.F.) ;
#401=EDGE_CURVE('',#236,#395,#400,.F.) ;
#406=EDGE_CURVE('',#393,#229,#405,.T.) ;
#435=EDGE_CURVE('',#393,#315,#419,.T.) ;
#455=EDGE_CURVE('',#452,#454,#450,.T.) ;
#460=EDGE_CURVE('',#264,#452,#459,.F.) ;
#466=EDGE_CURVE('',#454,#257,#461,.T.) ;
#496=EDGE_CURVE('',#493,#495,#479,.F.) ;
#503=EDGE_CURVE('',#493,#502,#500,.T.) ;
#525=EDGE_CURVE('',#524,#502,#504,.T.) ;
#545=EDGE_CURVE('',#452,#524,#526,.T.) ;
#561=EDGE_CURVE('',#560,#454,#546,.T.) ;
#568=EDGE_CURVE('',#560,#567,#565,.F.) ;
#573=EDGE_CURVE('',#567,#495,#572,.F.) ;
#594=EDGE_CURVE('',#560,#495,#593,.T.) ;
#611=EDGE_CURVE('',#250,#493,#606,.F.) ;
#630=EDGE_CURVE('',#243,#502,#629,.F.) ;
#755=EDGE_CURVE('',#754,#524,#747,.F.) ;
#787=EDGE_CURVE('',#754,#243,#756,.T.) ;
#932=EDGE_CURVE('',#264,#754,#904,.T.) ;
#951=EDGE_CURVE('',#236,#950,#948,.F.) ;
#958=EDGE_CURVE('',#957,#950,#955,.T.) ;
#963=EDGE_CURVE('',#222,#957,#962,.F.) ;
#985=EDGE_CURVE('',#984,#957,#982,.T.) ;
#990=EDGE_CURVE('',#369,#984,#989,.F.) ;
#1009=EDGE_CURVE('',#395,#1008,#1006,.T.) ;
#1014=EDGE_CURVE('',#950,#1008,#1013,.F.) ;
#1033=EDGE_CURVE('',#957,#1032,#1030,.F.) ;
#1040=EDGE_CURVE('',#950,#1039,#1037,.T.) ;
#1045=EDGE_CURVE('',#1039,#1032,#1044,.T.) ;
#1065=EDGE_CURVE('',#1064,#1032,#1062,.F.) ;
#1070=EDGE_CURVE('',#984,#1064,#1069,.F.) ;
#1089=EDGE_CURVE('',#1008,#1088,#1086,.T.) ;
#1094=EDGE_CURVE('',#1039,#1088,#1093,.T.) ;
#1114=EDGE_CURVE('',#1111,#1113,#1107,.F.) ;
#1120=EDGE_CURVE('',#1119,#1111,#1115,.T.) ;
#1127=EDGE_CURVE('',#1088,#1119,#1121,.T.) ;
#1134=EDGE_CURVE('',#1133,#393,#1131,.T.) ;
#1143=EDGE_CURVE('',#1142,#1133,#1135,.T.) ;
#1149=EDGE_CURVE('',#1148,#1142,#1144,.F.) ;
#1158=EDGE_CURVE('',#1157,#1148,#1150,.T.) ;
#1165=EDGE_CURVE('',#1164,#1157,#1162,.T.) ;
#1175=EDGE_CURVE('',#1174,#1164,#1166,.F.) ;
#1182=EDGE_CURVE('',#1181,#1174,#1179,.T.) ;
#1191=EDGE_CURVE('',#1190,#1181,#1183,.F.) ;
#1195=EDGE_CURVE('',#1113,#1190,#1192,.T.) ;
#1226=EDGE_CURVE('',#1113,#1225,#1223,.F.) ;
#1233=EDGE_CURVE('',#1232,#1225,#1230,.F.) ;
#1238=EDGE_CURVE('',#1232,#1111,#1237,.T.) ;
#1257=EDGE_CURVE('',#1256,#1190,#1254,.T.) ;
#1264=EDGE_CURVE('',#1263,#1181,#1261,.T.) ;
#1269=EDGE_CURVE('',#1256,#1263,#1268,.F.) ;
#1288=EDGE_CURVE('',#1287,#1157,#1285,.F.) ;
#1295=EDGE_CURVE('',#1294,#1148,#1292,.F.) ;
#1300=EDGE_CURVE('',#1287,#1294,#1299,.T.) ;
#1319=EDGE_CURVE('',#1318,#1164,#1316,.F.) ;
#1324=EDGE_CURVE('',#1318,#1287,#1323,.F.) ;
#1343=EDGE_CURVE('',#1342,#1174,#1340,.F.) ;
#1348=EDGE_CURVE('',#1263,#1342,#1347,.F.) ;
#1367=EDGE_CURVE('',#1366,#1142,#1364,.F.) ;
#1372=EDGE_CURVE('',#1294,#1366,#1371,.F.) ;
#1391=EDGE_CURVE('',#1390,#315,#1388,.T.) ;
#1396=EDGE_CURVE('',#1390,#1133,#1395,.T.) ;
#1413=EDGE_CURVE('',#1366,#1390,#1412,.T.) ;
#1430=EDGE_CURVE('',#1342,#1318,#1429,.F.) ;
#1449=EDGE_CURVE('',#1448,#1256,#1446,.T.) ;
#1466=EDGE_CURVE('',#1113,#1448,#1450,.F.) ;
#1578=EDGE_CURVE('',#1225,#1448,#1547,.F.) ;
#1596=EDGE_CURVE('',#1595,#1119,#1593,.F.) ;
#1601=EDGE_CURVE('',#1039,#1595,#1600,.T.) ;
#1620=EDGE_CURVE('',#1595,#1619,#1617,.T.) ;
#1625=EDGE_CURVE('',#1619,#1111,#1624,.T.) ;
#1644=EDGE_CURVE('',#1232,#1643,#1641,.T.) ;
#1649=EDGE_CURVE('',#1643,#1619,#1648,.F.) ;
#1668=EDGE_CURVE('',#1667,#1263,#1665,.F.) ;
#1675=EDGE_CURVE('',#1674,#1667,#1672,.F.) ;
#1680=EDGE_CURVE('',#1256,#1674,#1679,.T.) ;
#1700=EDGE_CURVE('',#1674,#1699,#1697,.T.) ;
#1707=EDGE_CURVE('',#1706,#1667,#1704,.T.) ;
#1714=EDGE_CURVE('',#1706,#1713,#1711,.T.) ;
#1721=EDGE_CURVE('',#1713,#1720,#1718,.T.) ;
#1728=EDGE_CURVE('',#1727,#1720,#1725,.T.) ;
#1735=EDGE_CURVE('',#1727,#1734,#1732,.T.) ;
#1742=EDGE_CURVE('',#1734,#1741,#1739,.T.) ;
#1749=EDGE_CURVE('',#1741,#1748,#1746,.F.) ;
#1756=EDGE_CURVE('',#1748,#1755,#1753,.F.) ;
#1763=EDGE_CURVE('',#1755,#1762,#1760,.T.) ;
#1770=EDGE_CURVE('',#1762,#1769,#1767,.F.) ;
#1777=EDGE_CURVE('',#1769,#1776,#1774,.F.) ;
#1782=EDGE_CURVE('',#1776,#1699,#1781,.F.) ;
#1811=EDGE_CURVE('',#1769,#1810,#1808,.F.) ;
#1818=EDGE_CURVE('',#1810,#1817,#1815,.F.) ;
#1823=EDGE_CURVE('',#1776,#1817,#1822,.F.) ;
#1844=EDGE_CURVE('',#1841,#1843,#1839,.F.) ;
#1849=EDGE_CURVE('',#1817,#1843,#1848,.F.) ;
#1854=EDGE_CURVE('',#1841,#1810,#1853,.T.) ;
#1873=EDGE_CURVE('',#1841,#1872,#1870,.F.) ;
#1880=EDGE_CURVE('',#1872,#1879,#1877,.F.) ;
#1885=EDGE_CURVE('',#1843,#1879,#1884,.F.) ;
#1906=EDGE_CURVE('',#1903,#1905,#1901,.T.) ;
#1911=EDGE_CURVE('',#1905,#1872,#1910,.F.) ;
#1916=EDGE_CURVE('',#1903,#1841,#1915,.F.) ;
#1935=EDGE_CURVE('',#1934,#1810,#1932,.F.) ;
#1940=EDGE_CURVE('',#1903,#1934,#1939,.T.) ;
#1959=EDGE_CURVE('',#1958,#1934,#1956,.F.) ;
#1966=EDGE_CURVE('',#1965,#1958,#1963,.T.) ;
#1971=EDGE_CURVE('',#1965,#1903,#1970,.F.) ;
#1988=EDGE_CURVE('',#1755,#1958,#1987,.T.) ;
#1993=EDGE_CURVE('',#1762,#1934,#1992,.T.) ;
#2012=EDGE_CURVE('',#1748,#2011,#2009,.T.) ;
#2017=EDGE_CURVE('',#2011,#1958,#2016,.F.) ;
#2036=EDGE_CURVE('',#1741,#2035,#2033,.F.) ;
#2041=EDGE_CURVE('',#2035,#2011,#2040,.F.) ;
#2060=EDGE_CURVE('',#1734,#2059,#2057,.F.) ;
#2065=EDGE_CURVE('',#2059,#2035,#2064,.T.) ;
#2084=EDGE_CURVE('',#2083,#2059,#2081,.T.) ;
#2092=EDGE_CURVE('',#1727,#2083,#2085,.T.) ;
#2109=EDGE_CURVE('',#2083,#1294,#2108,.T.) ;
#2114=EDGE_CURVE('',#1720,#1287,#2113,.T.) ;
#2132=EDGE_CURVE('',#1713,#1318,#2131,.F.) ;
#2153=EDGE_CURVE('',#2150,#2152,#2139,.F.) ;
#2164=EDGE_CURVE('',#2152,#2150,#2154,.F.) ;
#2184=EDGE_CURVE('',#2181,#2183,#2179,.T.) ;
#2189=EDGE_CURVE('',#2181,#2152,#2188,.T.) ;
#2194=EDGE_CURVE('',#2183,#2150,#2193,.T.) ;
#2207=EDGE_CURVE('',#2183,#2181,#2206,.T.) ;
#2238=EDGE_CURVE('',#2235,#2237,#2212,.T.) ;
#2261=EDGE_CURVE('',#2237,#2235,#2239,.T.) ;
#2281=EDGE_CURVE('',#2278,#2280,#2276,.T.) ;
#2286=EDGE_CURVE('',#2235,#2280,#2285,.T.) ;
#2291=EDGE_CURVE('',#2237,#2278,#2290,.T.) ;
#2304=EDGE_CURVE('',#2280,#2278,#2303,.T.) ;
#2322=EDGE_CURVE('',#2280,#290,#2321,.T.) ;
#2327=EDGE_CURVE('',#2278,#292,#2326,.T.) ;
#2358=EDGE_CURVE('',#2357,#1965,#2355,.F.) ;
#2363=EDGE_CURVE('',#2357,#2011,#2362,.T.) ;
#2384=EDGE_CURVE('',#2381,#2383,#2379,.T.) ;
#2391=EDGE_CURVE('',#2390,#2383,#2388,.T.) ;
#2398=EDGE_CURVE('',#2397,#2390,#2395,.T.) ;
#2406=EDGE_CURVE('',#2397,#2381,#2399,.F.) ;
#2425=EDGE_CURVE('',#43,#2424,#2422,.T.) ;
#2432=EDGE_CURVE('',#2424,#2431,#2429,.T.) ;
#2437=EDGE_CURVE('',#41,#2431,#2436,.T.) ;
#2471=EDGE_CURVE('',#2468,#2470,#2466,.T.) ;
#2476=EDGE_CURVE('',#2470,#2381,#2475,.F.) ;
#2483=EDGE_CURVE('',#2482,#2397,#2480,.T.) ;
#2488=EDGE_CURVE('',#2482,#2468,#2487,.T.) ;
#2503=EDGE_CURVE('',#2468,#2502,#2500,.T.) ;
#2510=EDGE_CURVE('',#2509,#2502,#2507,.T.) ;
#2515=EDGE_CURVE('',#2509,#2470,#2514,.F.) ;
#2532=EDGE_CURVE('',#2431,#2424,#2522,.F.) ;
#2552=EDGE_CURVE('',#2549,#2551,#2547,.T.) ;
#2559=EDGE_CURVE('',#2551,#2558,#2556,.T.) ;
#2566=EDGE_CURVE('',#2565,#2558,#2563,.T.) ;
#2571=EDGE_CURVE('',#2565,#2549,#2570,.F.) ;
#2589=EDGE_CURVE('',#2502,#2549,#2588,.F.) ;
#2594=EDGE_CURVE('',#2509,#2565,#2593,.F.) ;
#2613=EDGE_CURVE('',#1879,#2612,#2610,.F.) ;
#2620=EDGE_CURVE('',#2619,#1905,#2617,.T.) ;
#2627=EDGE_CURVE('',#2626,#2619,#2624,.F.) ;
#2634=EDGE_CURVE('',#2633,#2626,#2631,.F.) ;
#2639=EDGE_CURVE('',#2383,#2633,#2638,.T.) ;
#2646=EDGE_CURVE('',#2645,#2558,#2643,.T.) ;
#2651=EDGE_CURVE('',#2612,#2645,#2650,.F.) ;
#2682=EDGE_CURVE('',#2679,#2681,#2677,.F.) ;
#2689=EDGE_CURVE('',#2681,#2688,#2686,.F.) ;
#2696=EDGE_CURVE('',#2695,#2688,#2693,.F.) ;
#2701=EDGE_CURVE('',#2679,#2695,#2700,.F.) ;
#2713=EDGE_CURVE('',#2695,#2679,#2712,.F.) ;
#2718=EDGE_CURVE('',#2688,#2681,#2717,.F.) ;
#2737=EDGE_CURVE('',#1817,#2736,#2734,.F.) ;
#2745=EDGE_CURVE('',#2736,#1699,#2738,.F.) ;
#2764=EDGE_CURVE('',#1843,#2763,#2761,.F.) ;
#2769=EDGE_CURVE('',#2736,#2763,#2768,.F.) ;
#2789=EDGE_CURVE('',#2612,#2763,#2782,.T.) ;
#2803=EDGE_CURVE('',#2551,#2802,#2800,.T.) ;
#2808=EDGE_CURVE('',#2645,#2802,#2807,.T.) ;
#2826=EDGE_CURVE('',#1965,#2619,#2825,.T.) ;
#2847=EDGE_CURVE('',#2844,#2846,#2842,.T.) ;
#2854=EDGE_CURVE('',#2846,#2853,#2851,.T.) ;
#2861=EDGE_CURVE('',#2860,#2853,#2858,.T.) ;
#2866=EDGE_CURVE('',#2844,#2860,#2865,.T.) ;
#2890=EDGE_CURVE('',#2887,#2889,#2879,.F.) ;
#2897=EDGE_CURVE('',#2896,#2889,#2894,.T.) ;
#2907=EDGE_CURVE('',#2896,#2906,#2898,.F.) ;
#2914=EDGE_CURVE('',#2913,#2906,#2911,.F.) ;
#2924=EDGE_CURVE('',#2913,#2923,#2915,.F.) ;
#2931=EDGE_CURVE('',#2923,#2930,#2928,.T.) ;
#2941=EDGE_CURVE('',#2930,#2940,#2932,.F.) ;
#2946=EDGE_CURVE('',#2887,#2940,#2945,.T.) ;
#2974=EDGE_CURVE('',#2853,#2973,#2971,.F.) ;
#2981=EDGE_CURVE('',#2980,#2973,#2978,.T.) ;
#2986=EDGE_CURVE('',#2860,#2980,#2985,.F.) ;
#3007=EDGE_CURVE('',#3004,#3006,#3002,.T.) ;
#3012=EDGE_CURVE('',#3006,#2846,#3011,.F.) ;
#3017=EDGE_CURVE('',#3004,#2844,#3016,.F.) ;
#3038=EDGE_CURVE('',#3035,#3037,#3033,.F.) ;
#3043=EDGE_CURVE('',#3037,#3006,#3042,.F.) ;
#3048=EDGE_CURVE('',#3035,#3004,#3047,.F.) ;
#3069=EDGE_CURVE('',#3066,#3068,#3064,.T.) ;
#3074=EDGE_CURVE('',#3068,#3037,#3073,.F.) ;
#3079=EDGE_CURVE('',#3066,#3035,#3078,.F.) ;
#3096=EDGE_CURVE('',#2357,#2626,#3095,.T.) ;
#3108=EDGE_CURVE('',#1706,#1342,#3107,.T.) ;
#3128=EDGE_CURVE('',#3127,#2035,#3125,.T.) ;
#3133=EDGE_CURVE('',#2390,#2059,#3132,.T.) ;
#3138=EDGE_CURVE('',#2390,#3127,#3137,.T.) ;
#3165=EDGE_CURVE('',#1366,#3164,#3162,.T.) ;
#3170=EDGE_CURVE('',#3164,#2482,#3169,.T.) ;
#3194=EDGE_CURVE('',#3193,#322,#3191,.T.) ;
#3199=EDGE_CURVE('',#1390,#3193,#3198,.T.) ;
#3217=EDGE_CURVE('',#3193,#3164,#3216,.F.) ;
#3246=EDGE_CURVE('',#2980,#1448,#3245,.T.) ;
#3251=EDGE_CURVE('',#2973,#1225,#3250,.T.) ;
#3268=EDGE_CURVE('',#3127,#2357,#3267,.F.) ;
#3295=EDGE_CURVE('',#3164,#3294,#3292,.T.) ;
#3302=EDGE_CURVE('',#3294,#3301,#3299,.T.) ;
#3307=EDGE_CURVE('',#2482,#3301,#3306,.T.) ;
#3326=EDGE_CURVE('',#3325,#346,#3323,.T.) ;
#3331=EDGE_CURVE('',#3193,#3325,#3330,.F.) ;
#3350=EDGE_CURVE('',#3301,#3349,#3347,.T.) ;
#3355=EDGE_CURVE('',#2468,#3349,#3354,.F.) ;
#3372=EDGE_CURVE('',#3325,#3294,#3371,.T.) ;
#3391=EDGE_CURVE('',#3349,#3390,#3388,.T.) ;
#3396=EDGE_CURVE('',#2502,#3390,#3395,.T.) ;
#3415=EDGE_CURVE('',#2549,#3414,#3412,.T.) ;
#3422=EDGE_CURVE('',#3414,#3421,#3419,.T.) ;
#3427=EDGE_CURVE('',#2551,#3421,#3426,.T.) ;
#3446=EDGE_CURVE('',#2802,#3445,#3443,.T.) ;
#3451=EDGE_CURVE('',#3445,#3068,#3450,.T.) ;
#3456=EDGE_CURVE('',#2802,#3066,#3455,.T.) ;
#3473=EDGE_CURVE('',#3421,#3445,#3472,.F.) ;
#3490=EDGE_CURVE('',#3390,#3414,#3489,.F.) ;
#3507=EDGE_CURVE('',#3127,#2633,#3506,.F.) ;
#3545=EDGE_CURVE('',#3542,#3544,#3540,.T.) ;
#3550=EDGE_CURVE('',#3544,#3542,#3549,.T.) ;
#3571=EDGE_CURVE('',#3570,#2853,#3566,.T.) ;
#3577=EDGE_CURVE('',#2846,#3576,#3572,.T.) ;
#3581=EDGE_CURVE('',#3576,#3570,#3578,.F.) ;
#3601=EDGE_CURVE('',#3576,#3600,#3598,.F.) ;
#3608=EDGE_CURVE('',#3600,#3607,#3605,.F.) ;
#3613=EDGE_CURVE('',#3570,#3607,#3612,.F.) ;
#3632=EDGE_CURVE('',#3631,#1232,#3629,.F.) ;
#3637=EDGE_CURVE('',#3631,#2973,#3636,.T.) ;
#3657=EDGE_CURVE('',#3631,#3656,#3654,.F.) ;
#3664=EDGE_CURVE('',#3656,#3663,#3661,.F.) ;
#3669=EDGE_CURVE('',#3663,#1643,#3668,.F.) ;
#3691=EDGE_CURVE('',#3688,#3690,#3686,.F.) ;
#3696=EDGE_CURVE('',#2940,#3688,#3695,.T.) ;
#3701=EDGE_CURVE('',#3690,#2930,#3700,.F.) ;
#3720=EDGE_CURVE('',#3719,#3688,#3717,.F.) ;
#3727=EDGE_CURVE('',#3726,#3690,#3724,.F.) ;
#3732=EDGE_CURVE('',#3719,#3726,#3731,.T.) ;
#3751=EDGE_CURVE('',#2887,#3750,#3748,.T.) ;
#3756=EDGE_CURVE('',#3750,#3688,#3755,.T.) ;
#3775=EDGE_CURVE('',#3774,#3750,#3772,.T.) ;
#3780=EDGE_CURVE('',#3774,#3719,#3779,.T.) ;
#3799=EDGE_CURVE('',#3798,#3750,#3796,.F.) ;
#3804=EDGE_CURVE('',#3798,#2889,#3803,.F.) ;
#3823=EDGE_CURVE('',#3822,#3798,#3820,.F.) ;
#3828=EDGE_CURVE('',#3822,#3774,#3827,.T.) ;
#3847=EDGE_CURVE('',#3846,#3798,#3844,.T.) ;
#3852=EDGE_CURVE('',#3846,#2896,#3851,.F.) ;
#3871=EDGE_CURVE('',#3870,#3846,#3868,.T.) ;
#3876=EDGE_CURVE('',#3870,#3822,#3875,.T.) ;
#3895=EDGE_CURVE('',#3894,#3846,#3892,.F.) ;
#3900=EDGE_CURVE('',#3894,#2906,#3899,.F.) ;
#3919=EDGE_CURVE('',#3918,#3894,#3916,.F.) ;
#3924=EDGE_CURVE('',#3918,#3870,#3923,.T.) ;
#3943=EDGE_CURVE('',#3942,#2913,#3940,.F.) ;
#3948=EDGE_CURVE('',#3942,#3894,#3947,.T.) ;
#3967=EDGE_CURVE('',#3966,#3942,#3964,.T.) ;
#3972=EDGE_CURVE('',#3966,#3918,#3971,.T.) ;
#3991=EDGE_CURVE('',#3990,#3942,#3988,.F.) ;
#3996=EDGE_CURVE('',#3990,#2923,#3995,.F.) ;
#4015=EDGE_CURVE('',#4014,#3990,#4012,.F.) ;
#4020=EDGE_CURVE('',#4014,#3966,#4019,.T.) ;
#4037=EDGE_CURVE('',#3690,#3990,#4036,.T.) ;
#4054=EDGE_CURVE('',#3726,#4014,#4053,.T.) ;
#4071=EDGE_CURVE('',#3570,#3631,#4070,.T.) ;
#4088=EDGE_CURVE('',#3607,#3656,#4087,.T.) ;
#4107=EDGE_CURVE('',#3006,#4106,#4104,.T.) ;
#4112=EDGE_CURVE('',#4106,#3576,#4111,.F.) ;
#4131=EDGE_CURVE('',#4106,#4130,#4128,.F.) ;
#4136=EDGE_CURVE('',#4130,#3600,#4135,.T.) ;
#4155=EDGE_CURVE('',#4154,#4106,#4152,.T.) ;
#4160=EDGE_CURVE('',#3037,#4154,#4159,.T.) ;
#4180=EDGE_CURVE('',#4154,#4179,#4177,.T.) ;
#4185=EDGE_CURVE('',#4179,#3966,#4184,.T.) ;
#4192=EDGE_CURVE('',#3918,#4191,#4189,.T.) ;
#4197=EDGE_CURVE('',#4191,#4130,#4196,.T.) ;
#4219=EDGE_CURVE('',#3068,#4218,#4216,.T.) ;
#4224=EDGE_CURVE('',#4218,#4154,#4223,.F.) ;
#4243=EDGE_CURVE('',#4218,#4242,#4240,.F.) ;
#4248=EDGE_CURVE('',#4242,#4179,#4247,.T.) ;
#4279=EDGE_CURVE('',#1595,#4278,#4276,.T.) ;
#4284=EDGE_CURVE('',#1032,#4278,#4283,.T.) ;
#4303=EDGE_CURVE('',#4302,#4278,#4300,.T.) ;
#4308=EDGE_CURVE('',#1064,#4302,#4307,.F.) ;
#4325=EDGE_CURVE('',#4302,#4218,#4324,.F.) ;
#4354=EDGE_CURVE('',#4278,#4242,#4353,.F.) ;
#4375=EDGE_CURVE('',#4372,#4374,#4370,.T.) ;
#4382=EDGE_CURVE('',#4372,#4381,#4379,.T.) ;
#4389=EDGE_CURVE('',#4381,#4388,#4386,.T.) ;
#4394=EDGE_CURVE('',#4374,#4388,#4393,.T.) ;
#4411=EDGE_CURVE('',#3600,#4374,#4410,.T.) ;
#4416=EDGE_CURVE('',#3607,#4388,#4415,.T.) ;
#4448=EDGE_CURVE('',#4445,#4447,#4443,.T.) ;
#4456=EDGE_CURVE('',#4445,#4372,#4449,.T.) ;
#4470=EDGE_CURVE('',#4447,#4374,#4457,.T.) ;
#4539=EDGE_CURVE('',#4130,#4447,#4533,.F.) ;
#4555=EDGE_CURVE('',#4552,#4554,#4550,.F.) ;
#4560=EDGE_CURVE('',#4554,#4445,#4559,.T.) ;
#4565=EDGE_CURVE('',#4552,#4447,#4564,.T.) ;
#4582=EDGE_CURVE('',#4191,#4552,#4581,.T.) ;
#4601=EDGE_CURVE('',#4600,#4552,#4598,.F.) ;
#4608=EDGE_CURVE('',#4600,#4607,#4605,.F.) ;
#4613=EDGE_CURVE('',#4554,#4607,#4612,.T.) ;
#4632=EDGE_CURVE('',#4631,#4600,#4629,.F.) ;
#4637=EDGE_CURVE('',#4631,#4191,#4636,.T.) ;
#4656=EDGE_CURVE('',#3544,#4655,#4653,.F.) ;
#4663=EDGE_CURVE('',#4655,#4662,#4660,.F.) ;
#4668=EDGE_CURVE('',#3542,#4662,#4667,.F.) ;
#4680=EDGE_CURVE('',#4662,#4655,#4679,.F.) ;
#4701=EDGE_CURVE('',#4698,#4700,#4696,.F.) ;
#4706=EDGE_CURVE('',#4700,#4607,#4705,.T.) ;
#4711=EDGE_CURVE('',#4698,#4600,#4710,.T.) ;
#4730=EDGE_CURVE('',#4729,#4698,#4727,.T.) ;
#4735=EDGE_CURVE('',#4729,#4631,#4734,.T.) ;
#4752=EDGE_CURVE('',#3663,#4729,#4751,.T.) ;
#4848=EDGE_CURVE('',#4388,#4847,#4830,.T.) ;
#4855=EDGE_CURVE('',#3656,#4847,#4849,.F.) ;
#4874=EDGE_CURVE('',#3663,#4873,#4871,.F.) ;
#4879=EDGE_CURVE('',#4873,#4698,#4878,.T.) ;
#4896=EDGE_CURVE('',#4847,#4873,#4895,.T.) ;
#4929=EDGE_CURVE('',#4381,#4928,#4920,.T.) ;
#4934=EDGE_CURVE('',#4928,#4847,#4933,.T.) ;
#4951=EDGE_CURVE('',#4700,#4950,#4942,.F.) ;
#4956=EDGE_CURVE('',#4928,#4950,#4955,.T.) ;
#4982=EDGE_CURVE('',#4873,#4950,#4981,.F.) ;
#50=EDGE_LOOP('',(#51,#52)) ;
#104=EDGE_LOOP('',(#105,#106)) ;
#141=EDGE_LOOP('',(#142,#143,#144,#145)) ;
#154=EDGE_LOOP('',(#155,#156,#157,#158)) ;
#186=EDGE_LOOP('',(#187,#188,#189,#190)) ;
#203=EDGE_LOOP('',(#204,#205,#206,#207)) ;
#271=EDGE_LOOP('',(#272,#273,#274,#275,#276,#277,#278,#279)) ;
#281=EDGE_LOOP('',(#282,#283)) ;
#299=EDGE_LOOP('',(#300,#301)) ;
#329=EDGE_LOOP('',(#330,#331,#332,#333)) ;
#353=EDGE_LOOP('',(#354,#355,#356)) ;
#376=EDGE_LOOP('',(#377,#378,#379,#380)) ;
#407=EDGE_LOOP('',(#408,#409,#410,#411)) ;
#436=EDGE_LOOP('',(#437,#438,#439)) ;
#467=EDGE_LOOP('',(#468,#469,#470,#471)) ;
#574=EDGE_LOOP('',(#575,#576,#577,#578,#579,#580,#581,#582)) ;
#595=EDGE_LOOP('',(#596,#597,#598)) ;
#612=EDGE_LOOP('',(#613,#614,#615,#616,#617,#618)) ;
#631=EDGE_LOOP('',(#632,#633,#634,#635)) ;
#788=EDGE_LOOP('',(#789,#790,#791,#792)) ;
#933=EDGE_LOOP('',(#934,#935,#936,#937)) ;
#964=EDGE_LOOP('',(#965,#966,#967,#968,#969,#970,#971)) ;
#991=EDGE_LOOP('',(#992,#993,#994,#995)) ;
#1015=EDGE_LOOP('',(#1016,#1017,#1018,#1019)) ;
#1046=EDGE_LOOP('',(#1047,#1048,#1049,#1050)) ;
#1071=EDGE_LOOP('',(#1072,#1073,#1074,#1075)) ;
#1095=EDGE_LOOP('',(#1096,#1097,#1098,#1099)) ;
#1196=EDGE_LOOP('',(#1197,#1198,#1199,#1200,#1201,#1202,#1203,#1204,#1205,#1206,#1207,#1208,#1209,#1210,#1211)) ;
#1239=EDGE_LOOP('',(#1240,#1241,#1242,#1243)) ;
#1270=EDGE_LOOP('',(#1271,#1272,#1273,#1274)) ;
#1301=EDGE_LOOP('',(#1302,#1303,#1304,#1305)) ;
#1325=EDGE_LOOP('',(#1326,#1327,#1328,#1329)) ;
#1349=EDGE_LOOP('',(#1350,#1351,#1352,#1353)) ;
#1373=EDGE_LOOP('',(#1374,#1375,#1376,#1377)) ;
#1397=EDGE_LOOP('',(#1398,#1399,#1400,#1401)) ;
#1414=EDGE_LOOP('',(#1415,#1416,#1417,#1418)) ;
#1431=EDGE_LOOP('',(#1432,#1433,#1434,#1435)) ;
#1467=EDGE_LOOP('',(#1468,#1469,#1470,#1471)) ;
#1579=EDGE_LOOP('',(#1580,#1581,#1582)) ;
#1602=EDGE_LOOP('',(#1603,#1604,#1605,#1606)) ;
#1626=EDGE_LOOP('',(#1627,#1628,#1629,#1630)) ;
#1650=EDGE_LOOP('',(#1651,#1652,#1653,#1654)) ;
#1681=EDGE_LOOP('',(#1682,#1683,#1684,#1685)) ;
#1783=EDGE_LOOP('',(#1784,#1785,#1786,#1787,#1788,#1789,#1790,#1791,#1792,#1793,#1794,#1795,#1796,#1797)) ;
#1824=EDGE_LOOP('',(#1825,#1826,#1827,#1828)) ;
#1855=EDGE_LOOP('',(#1856,#1857,#1858,#1859)) ;
#1886=EDGE_LOOP('',(#1887,#1888,#1889,#1890)) ;
#1917=EDGE_LOOP('',(#1918,#1919,#1920,#1921)) ;
#1941=EDGE_LOOP('',(#1942,#1943,#1944,#1945)) ;
#1972=EDGE_LOOP('',(#1973,#1974,#1975,#1976)) ;
#1994=EDGE_LOOP('',(#1995,#1996,#1997,#1998)) ;
#2018=EDGE_LOOP('',(#2019,#2020,#2021,#2022)) ;
#2042=EDGE_LOOP('',(#2043,#2044,#2045,#2046)) ;
#2066=EDGE_LOOP('',(#2067,#2068,#2069,#2070)) ;
#2093=EDGE_LOOP('',(#2094,#2095,#2096,#2097)) ;
#2115=EDGE_LOOP('',(#2116,#2117,#2118,#2119,#2120)) ;
#2133=EDGE_LOOP('',(#2134,#2135,#2136,#2137)) ;
#2165=EDGE_LOOP('',(#2166,#2167)) ;
#2195=EDGE_LOOP('',(#2196,#2197,#2198,#2199)) ;
#2208=EDGE_LOOP('',(#2209,#2210)) ;
#2262=EDGE_LOOP('',(#2263,#2264)) ;
#2292=EDGE_LOOP('',(#2293,#2294,#2295,#2296)) ;
#2305=EDGE_LOOP('',(#2306,#2307,#2308,#2309)) ;
#2328=EDGE_LOOP('',(#2329,#2330,#2331,#2332)) ;
#2340=EDGE_LOOP('',(#2341,#2342,#2343,#2344)) ;
#2364=EDGE_LOOP('',(#2365,#2366,#2367,#2368)) ;
#2407=EDGE_LOOP('',(#2408,#2409,#2410,#2411)) ;
#2438=EDGE_LOOP('',(#2439,#2440,#2441,#2442)) ;
#2451=EDGE_LOOP('',(#2452,#2453,#2454,#2455)) ;
#2489=EDGE_LOOP('',(#2490,#2491,#2492,#2493,#2494)) ;
#2516=EDGE_LOOP('',(#2517,#2518,#2519,#2520)) ;
#2533=EDGE_LOOP('',(#2534,#2535)) ;
#2572=EDGE_LOOP('',(#2573,#2574,#2575,#2576)) ;
#2595=EDGE_LOOP('',(#2596,#2597,#2598,#2599)) ;
#2652=EDGE_LOOP('',(#2653,#2654,#2655,#2656,#2657,#2658,#2659,#2660,#2661,#2662,#2663,#2664,#2665,#2666)) ;
#2702=EDGE_LOOP('',(#2703,#2704,#2705,#2706)) ;
#2719=EDGE_LOOP('',(#2720,#2721,#2722,#2723)) ;
#2746=EDGE_LOOP('',(#2747,#2748,#2749,#2750)) ;
#2770=EDGE_LOOP('',(#2771,#2772,#2773,#2774)) ;
#2790=EDGE_LOOP('',(#2791,#2792,#2793,#2794)) ;
#2809=EDGE_LOOP('',(#2810,#2811,#2812,#2813)) ;
#2827=EDGE_LOOP('',(#2828,#2829,#2830,#2831)) ;
#2867=EDGE_LOOP('',(#2868,#2869,#2870,#2871)) ;
#2947=EDGE_LOOP('',(#2948,#2949,#2950,#2951,#2952,#2953,#2954,#2955)) ;
#2957=EDGE_LOOP('',(#2958,#2959)) ;
#2987=EDGE_LOOP('',(#2988,#2989,#2990,#2991)) ;
#3018=EDGE_LOOP('',(#3019,#3020,#3021,#3022)) ;
#3049=EDGE_LOOP('',(#3050,#3051,#3052,#3053)) ;
#3080=EDGE_LOOP('',(#3081,#3082,#3083,#3084)) ;
#3097=EDGE_LOOP('',(#3098,#3099,#3100,#3101)) ;
#3109=EDGE_LOOP('',(#3110,#3111,#3112,#3113)) ;
#3139=EDGE_LOOP('',(#3140,#3141,#3142,#3143)) ;
#3146=EDGE_LOOP('',(#3147,#3148,#3149,#3150)) ;
#3171=EDGE_LOOP('',(#3172,#3173,#3174,#3175,#3176,#3177,#3178,#3179)) ;
#3200=EDGE_LOOP('',(#3201,#3202,#3203,#3204)) ;
#3218=EDGE_LOOP('',(#3219,#3220,#3221,#3222)) ;
#3230=EDGE_LOOP('',(#3231,#3232,#3233,#3234)) ;
#3252=EDGE_LOOP('',(#3253,#3254,#3255,#3256)) ;
#3269=EDGE_LOOP('',(#3270,#3271,#3272,#3273)) ;
#3276=EDGE_LOOP('',(#3277,#3278,#3279,#3280)) ;
#3308=EDGE_LOOP('',(#3309,#3310,#3311,#3312)) ;
#3332=EDGE_LOOP('',(#3333,#3334,#3335,#3336)) ;
#3356=EDGE_LOOP('',(#3357,#3358,#3359,#3360)) ;
#3373=EDGE_LOOP('',(#3374,#3375,#3376,#3377)) ;
#3397=EDGE_LOOP('',(#3398,#3399,#3400,#3401)) ;
#3428=EDGE_LOOP('',(#3429,#3430,#3431,#3432)) ;
#3457=EDGE_LOOP('',(#3458,#3459,#3460,#3461)) ;
#3474=EDGE_LOOP('',(#3475,#3476,#3477,#3478)) ;
#3491=EDGE_LOOP('',(#3492,#3493,#3494,#3495)) ;
#3508=EDGE_LOOP('',(#3509,#3510,#3511,#3512)) ;
#3520=EDGE_LOOP('',(#3521,#3522,#3523,#3524,#3525,#3526,#3527,#3528,#3529,#3530,#3531,#3532,#3533,#3534,#3535)) ;
#3551=EDGE_LOOP('',(#3552,#3553)) ;
#3555=EDGE_LOOP('',(#3556,#3557)) ;
#3582=EDGE_LOOP('',(#3583,#3584,#3585,#3586)) ;
#3614=EDGE_LOOP('',(#3615,#3616,#3617,#3618)) ;
#3638=EDGE_LOOP('',(#3639,#3640,#3641,#3642)) ;
#3670=EDGE_LOOP('',(#3671,#3672,#3673,#3674,#3675)) ;
#3702=EDGE_LOOP('',(#3703,#3704,#3705,#3706)) ;
#3733=EDGE_LOOP('',(#3734,#3735,#3736,#3737)) ;
#3757=EDGE_LOOP('',(#3758,#3759,#3760,#3761)) ;
#3781=EDGE_LOOP('',(#3782,#3783,#3784,#3785)) ;
#3805=EDGE_LOOP('',(#3806,#3807,#3808,#3809)) ;
#3829=EDGE_LOOP('',(#3830,#3831,#3832,#3833)) ;
#3853=EDGE_LOOP('',(#3854,#3855,#3856,#3857)) ;
#3877=EDGE_LOOP('',(#3878,#3879,#3880,#3881)) ;
#3901=EDGE_LOOP('',(#3902,#3903,#3904,#3905)) ;
#3925=EDGE_LOOP('',(#3926,#3927,#3928,#3929)) ;
#3949=EDGE_LOOP('',(#3950,#3951,#3952,#3953)) ;
#3973=EDGE_LOOP('',(#3974,#3975,#3976,#3977)) ;
#3997=EDGE_LOOP('',(#3998,#3999,#4000,#4001)) ;
#4021=EDGE_LOOP('',(#4022,#4023,#4024,#4025)) ;
#4038=EDGE_LOOP('',(#4039,#4040,#4041,#4042)) ;
#4055=EDGE_LOOP('',(#4056,#4057,#4058,#4059)) ;
#4072=EDGE_LOOP('',(#4073,#4074,#4075,#4076)) ;
#4089=EDGE_LOOP('',(#4090,#4091,#4092,#4093)) ;
#4113=EDGE_LOOP('',(#4114,#4115,#4116,#4117)) ;
#4137=EDGE_LOOP('',(#4138,#4139,#4140,#4141)) ;
#4161=EDGE_LOOP('',(#4162,#4163,#4164,#4165)) ;
#4198=EDGE_LOOP('',(#4199,#4200,#4201,#4202,#4203,#4204,#4205)) ;
#4225=EDGE_LOOP('',(#4226,#4227,#4228,#4229)) ;
#4249=EDGE_LOOP('',(#4250,#4251,#4252,#4253)) ;
#4261=EDGE_LOOP('',(#4262,#4263,#4264,#4265)) ;
#4285=EDGE_LOOP('',(#4286,#4287,#4288,#4289)) ;
#4309=EDGE_LOOP('',(#4310,#4311,#4312,#4313)) ;
#4326=EDGE_LOOP('',(#4327,#4328,#4329,#4330,#4331,#4332,#4333,#4334,#4335,#4336,#4337,#4338,#4339,#4340,#4341)) ;
#4355=EDGE_LOOP('',(#4356,#4357,#4358,#4359)) ;
#4395=EDGE_LOOP('',(#4396,#4397,#4398,#4399)) ;
#4417=EDGE_LOOP('',(#4418,#4419,#4420,#4421)) ;
#4471=EDGE_LOOP('',(#4472,#4473,#4474,#4475)) ;
#4540=EDGE_LOOP('',(#4541,#4542,#4543,#4544)) ;
#4566=EDGE_LOOP('',(#4567,#4568,#4569,#4570)) ;
#4583=EDGE_LOOP('',(#4584,#4585,#4586,#4587)) ;
#4614=EDGE_LOOP('',(#4615,#4616,#4617,#4618)) ;
#4638=EDGE_LOOP('',(#4639,#4640,#4641,#4642)) ;
#4669=EDGE_LOOP('',(#4670,#4671,#4672,#4673)) ;
#4681=EDGE_LOOP('',(#4682,#4683,#4684,#4685)) ;
#4712=EDGE_LOOP('',(#4713,#4714,#4715,#4716)) ;
#4736=EDGE_LOOP('',(#4737,#4738,#4739,#4740)) ;
#4753=EDGE_LOOP('',(#4754,#4755,#4756,#4757,#4758,#4759,#4760,#4761,#4762,#4763,#4764,#4765,#4766,#4767,#4768,#4769,#4770,#4771)) ;
#4856=EDGE_LOOP('',(#4857,#4858,#4859,#4860)) ;
#4880=EDGE_LOOP('',(#4881,#4882,#4883,#4884)) ;
#4897=EDGE_LOOP('',(#4898,#4899,#4900,#4901)) ;
#4935=EDGE_LOOP('',(#4936,#4937,#4938,#4939)) ;
#4957=EDGE_LOOP('',(#4958,#4959,#4960,#4961,#4962,#4963,#4964,#4965)) ;
#4967=EDGE_LOOP('',(#4968,#4969)) ;
#4983=EDGE_LOOP('',(#4984,#4985,#4986,#4987)) ;
#4990=EDGE_LOOP('',(#4991,#4992,#4993,#4994)) ;
#53=FACE_OUTER_BOUND('',#50,.T.) ;
#146=FACE_OUTER_BOUND('',#141,.T.) ;
#159=FACE_OUTER_BOUND('',#154,.T.) ;
#191=FACE_OUTER_BOUND('',#186,.T.) ;
#208=FACE_OUTER_BOUND('',#203,.T.) ;
#280=FACE_OUTER_BOUND('',#271,.T.) ;
#334=FACE_OUTER_BOUND('',#329,.T.) ;
#357=FACE_OUTER_BOUND('',#353,.T.) ;
#381=FACE_OUTER_BOUND('',#376,.T.) ;
#412=FACE_OUTER_BOUND('',#407,.T.) ;
#440=FACE_OUTER_BOUND('',#436,.T.) ;
#472=FACE_OUTER_BOUND('',#467,.T.) ;
#583=FACE_OUTER_BOUND('',#574,.T.) ;
#599=FACE_OUTER_BOUND('',#595,.T.) ;
#619=FACE_OUTER_BOUND('',#612,.T.) ;
#636=FACE_OUTER_BOUND('',#631,.T.) ;
#793=FACE_OUTER_BOUND('',#788,.T.) ;
#938=FACE_OUTER_BOUND('',#933,.T.) ;
#972=FACE_OUTER_BOUND('',#964,.T.) ;
#996=FACE_OUTER_BOUND('',#991,.T.) ;
#1020=FACE_OUTER_BOUND('',#1015,.T.) ;
#1051=FACE_OUTER_BOUND('',#1046,.T.) ;
#1076=FACE_OUTER_BOUND('',#1071,.T.) ;
#1100=FACE_OUTER_BOUND('',#1095,.T.) ;
#1212=FACE_OUTER_BOUND('',#1196,.T.) ;
#1244=FACE_OUTER_BOUND('',#1239,.T.) ;
#1275=FACE_OUTER_BOUND('',#1270,.T.) ;
#1306=FACE_OUTER_BOUND('',#1301,.T.) ;
#1330=FACE_OUTER_BOUND('',#1325,.T.) ;
#1354=FACE_OUTER_BOUND('',#1349,.T.) ;
#1378=FACE_OUTER_BOUND('',#1373,.T.) ;
#1402=FACE_OUTER_BOUND('',#1397,.T.) ;
#1419=FACE_OUTER_BOUND('',#1414,.T.) ;
#1436=FACE_OUTER_BOUND('',#1431,.T.) ;
#1472=FACE_OUTER_BOUND('',#1467,.T.) ;
#1583=FACE_OUTER_BOUND('',#1579,.T.) ;
#1607=FACE_OUTER_BOUND('',#1602,.T.) ;
#1631=FACE_OUTER_BOUND('',#1626,.T.) ;
#1655=FACE_OUTER_BOUND('',#1650,.T.) ;
#1686=FACE_OUTER_BOUND('',#1681,.T.) ;
#1798=FACE_OUTER_BOUND('',#1783,.T.) ;
#1829=FACE_OUTER_BOUND('',#1824,.T.) ;
#1860=FACE_OUTER_BOUND('',#1855,.T.) ;
#1891=FACE_OUTER_BOUND('',#1886,.T.) ;
#1922=FACE_OUTER_BOUND('',#1917,.T.) ;
#1946=FACE_OUTER_BOUND('',#1941,.T.) ;
#1977=FACE_OUTER_BOUND('',#1972,.T.) ;
#1999=FACE_OUTER_BOUND('',#1994,.T.) ;
#2023=FACE_OUTER_BOUND('',#2018,.T.) ;
#2047=FACE_OUTER_BOUND('',#2042,.T.) ;
#2071=FACE_OUTER_BOUND('',#2066,.T.) ;
#2098=FACE_OUTER_BOUND('',#2093,.T.) ;
#2121=FACE_OUTER_BOUND('',#2115,.T.) ;
#2138=FACE_OUTER_BOUND('',#2133,.T.) ;
#2200=FACE_OUTER_BOUND('',#2195,.T.) ;
#2211=FACE_OUTER_BOUND('',#2208,.T.) ;
#2297=FACE_OUTER_BOUND('',#2292,.T.) ;
#2310=FACE_OUTER_BOUND('',#2305,.T.) ;
#2333=FACE_OUTER_BOUND('',#2328,.T.) ;
#2345=FACE_OUTER_BOUND('',#2340,.T.) ;
#2369=FACE_OUTER_BOUND('',#2364,.T.) ;
#2412=FACE_OUTER_BOUND('',#2407,.T.) ;
#2443=FACE_OUTER_BOUND('',#2438,.T.) ;
#2456=FACE_OUTER_BOUND('',#2451,.T.) ;
#2495=FACE_OUTER_BOUND('',#2489,.T.) ;
#2521=FACE_OUTER_BOUND('',#2516,.T.) ;
#2577=FACE_OUTER_BOUND('',#2572,.T.) ;
#2600=FACE_OUTER_BOUND('',#2595,.T.) ;
#2667=FACE_OUTER_BOUND('',#2652,.T.) ;
#2707=FACE_OUTER_BOUND('',#2702,.T.) ;
#2724=FACE_OUTER_BOUND('',#2719,.T.) ;
#2751=FACE_OUTER_BOUND('',#2746,.T.) ;
#2775=FACE_OUTER_BOUND('',#2770,.T.) ;
#2795=FACE_OUTER_BOUND('',#2790,.T.) ;
#2814=FACE_OUTER_BOUND('',#2809,.T.) ;
#2832=FACE_OUTER_BOUND('',#2827,.T.) ;
#2872=FACE_OUTER_BOUND('',#2867,.T.) ;
#2956=FACE_OUTER_BOUND('',#2947,.T.) ;
#2992=FACE_OUTER_BOUND('',#2987,.T.) ;
#3023=FACE_OUTER_BOUND('',#3018,.T.) ;
#3054=FACE_OUTER_BOUND('',#3049,.T.) ;
#3085=FACE_OUTER_BOUND('',#3080,.T.) ;
#3102=FACE_OUTER_BOUND('',#3097,.T.) ;
#3114=FACE_OUTER_BOUND('',#3109,.T.) ;
#3144=FACE_OUTER_BOUND('',#3139,.T.) ;
#3151=FACE_OUTER_BOUND('',#3146,.T.) ;
#3180=FACE_OUTER_BOUND('',#3171,.T.) ;
#3205=FACE_OUTER_BOUND('',#3200,.T.) ;
#3223=FACE_OUTER_BOUND('',#3218,.T.) ;
#3235=FACE_OUTER_BOUND('',#3230,.T.) ;
#3257=FACE_OUTER_BOUND('',#3252,.T.) ;
#3274=FACE_OUTER_BOUND('',#3269,.T.) ;
#3281=FACE_OUTER_BOUND('',#3276,.T.) ;
#3313=FACE_OUTER_BOUND('',#3308,.T.) ;
#3337=FACE_OUTER_BOUND('',#3332,.T.) ;
#3361=FACE_OUTER_BOUND('',#3356,.T.) ;
#3378=FACE_OUTER_BOUND('',#3373,.T.) ;
#3402=FACE_OUTER_BOUND('',#3397,.T.) ;
#3433=FACE_OUTER_BOUND('',#3428,.T.) ;
#3462=FACE_OUTER_BOUND('',#3457,.T.) ;
#3479=FACE_OUTER_BOUND('',#3474,.T.) ;
#3496=FACE_OUTER_BOUND('',#3491,.T.) ;
#3513=FACE_OUTER_BOUND('',#3508,.T.) ;
#3536=FACE_OUTER_BOUND('',#3520,.T.) ;
#3587=FACE_OUTER_BOUND('',#3582,.T.) ;
#3619=FACE_OUTER_BOUND('',#3614,.T.) ;
#3643=FACE_OUTER_BOUND('',#3638,.T.) ;
#3676=FACE_OUTER_BOUND('',#3670,.T.) ;
#3707=FACE_OUTER_BOUND('',#3702,.T.) ;
#3738=FACE_OUTER_BOUND('',#3733,.T.) ;
#3762=FACE_OUTER_BOUND('',#3757,.T.) ;
#3786=FACE_OUTER_BOUND('',#3781,.T.) ;
#3810=FACE_OUTER_BOUND('',#3805,.T.) ;
#3834=FACE_OUTER_BOUND('',#3829,.T.) ;
#3858=FACE_OUTER_BOUND('',#3853,.T.) ;
#3882=FACE_OUTER_BOUND('',#3877,.T.) ;
#3906=FACE_OUTER_BOUND('',#3901,.T.) ;
#3930=FACE_OUTER_BOUND('',#3925,.T.) ;
#3954=FACE_OUTER_BOUND('',#3949,.T.) ;
#3978=FACE_OUTER_BOUND('',#3973,.T.) ;
#4002=FACE_OUTER_BOUND('',#3997,.T.) ;
#4026=FACE_OUTER_BOUND('',#4021,.T.) ;
#4043=FACE_OUTER_BOUND('',#4038,.T.) ;
#4060=FACE_OUTER_BOUND('',#4055,.T.) ;
#4077=FACE_OUTER_BOUND('',#4072,.T.) ;
#4094=FACE_OUTER_BOUND('',#4089,.T.) ;
#4118=FACE_OUTER_BOUND('',#4113,.T.) ;
#4142=FACE_OUTER_BOUND('',#4137,.T.) ;
#4166=FACE_OUTER_BOUND('',#4161,.T.) ;
#4206=FACE_OUTER_BOUND('',#4198,.T.) ;
#4230=FACE_OUTER_BOUND('',#4225,.T.) ;
#4254=FACE_OUTER_BOUND('',#4249,.T.) ;
#4266=FACE_OUTER_BOUND('',#4261,.T.) ;
#4290=FACE_OUTER_BOUND('',#4285,.T.) ;
#4314=FACE_OUTER_BOUND('',#4309,.T.) ;
#4342=FACE_OUTER_BOUND('',#4326,.T.) ;
#4360=FACE_OUTER_BOUND('',#4355,.T.) ;
#4400=FACE_OUTER_BOUND('',#4395,.T.) ;
#4422=FACE_OUTER_BOUND('',#4417,.T.) ;
#4476=FACE_OUTER_BOUND('',#4471,.T.) ;
#4545=FACE_OUTER_BOUND('',#4540,.T.) ;
#4571=FACE_OUTER_BOUND('',#4566,.T.) ;
#4588=FACE_OUTER_BOUND('',#4583,.T.) ;
#4619=FACE_OUTER_BOUND('',#4614,.T.) ;
#4643=FACE_OUTER_BOUND('',#4638,.T.) ;
#4674=FACE_OUTER_BOUND('',#4669,.T.) ;
#4686=FACE_OUTER_BOUND('',#4681,.T.) ;
#4717=FACE_OUTER_BOUND('',#4712,.T.) ;
#4741=FACE_OUTER_BOUND('',#4736,.T.) ;
#4772=FACE_OUTER_BOUND('',#4753,.T.) ;
#4861=FACE_OUTER_BOUND('',#4856,.T.) ;
#4885=FACE_OUTER_BOUND('',#4880,.T.) ;
#4902=FACE_OUTER_BOUND('',#4897,.T.) ;
#4940=FACE_OUTER_BOUND('',#4935,.T.) ;
#4966=FACE_OUTER_BOUND('',#4957,.T.) ;
#4988=FACE_OUTER_BOUND('',#4983,.T.) ;
#4995=FACE_OUTER_BOUND('',#4990,.T.) ;
#134=LINE('Line',#131,#133) ;
#139=LINE('Line',#136,#138) ;
#218=LINE('Line',#215,#217) ;
#227=LINE('Line',#224,#226) ;
#234=LINE('Line',#231,#233) ;
#241=LINE('Line',#238,#240) ;
#248=LINE('Line',#245,#247) ;
#255=LINE('Line',#252,#254) ;
#262=LINE('Line',#259,#261) ;
#269=LINE('Line',#266,#268) ;
#327=LINE('Line',#324,#326) ;
#374=LINE('Line',#371,#373) ;
#391=LINE('Line',#388,#390) ;
#450=LINE('Line',#447,#449) ;
#500=LINE('Line',#497,#499) ;
#593=LINE('Line',#590,#592) ;
#955=LINE('Line',#952,#954) ;
#1030=LINE('Line',#1027,#1029) ;
#1037=LINE('Line',#1034,#1036) ;
#1044=LINE('Line',#1041,#1043) ;
#1069=LINE('Line',#1066,#1068) ;
#1086=LINE('Line',#1083,#1085) ;
#1131=LINE('Line',#1128,#1130) ;
#1162=LINE('Line',#1159,#1161) ;
#1179=LINE('Line',#1176,#1178) ;
#1230=LINE('Line',#1227,#1229) ;
#1323=LINE('Line',#1320,#1322) ;
#1347=LINE('Line',#1344,#1346) ;
#1371=LINE('Line',#1368,#1370) ;
#1388=LINE('Line',#1385,#1387) ;
#1446=LINE('Line',#1443,#1445) ;
#1617=LINE('Line',#1614,#1616) ;
#1665=LINE('Line',#1662,#1664) ;
#1679=LINE('Line',#1676,#1678) ;
#1697=LINE('Line',#1694,#1696) ;
#1704=LINE('Line',#1701,#1703) ;
#1718=LINE('Line',#1715,#1717) ;
#1732=LINE('Line',#1729,#1731) ;
#1746=LINE('Line',#1743,#1745) ;
#1760=LINE('Line',#1757,#1759) ;
#1774=LINE('Line',#1771,#1773) ;
#1815=LINE('Line',#1812,#1814) ;
#1839=LINE('Line',#1836,#1838) ;
#1848=LINE('Line',#1845,#1847) ;
#1853=LINE('Line',#1850,#1852) ;
#1877=LINE('Line',#1874,#1876) ;
#1939=LINE('Line',#1936,#1938) ;
#1956=LINE('Line',#1953,#1955) ;
#1963=LINE('Line',#1960,#1962) ;
#1970=LINE('Line',#1967,#1969) ;
#2040=LINE('Line',#2037,#2039) ;
#2081=LINE('Line',#2078,#2080) ;
#2108=LINE('Line',#2105,#2107) ;
#2113=LINE('Line',#2110,#2112) ;
#2131=LINE('Line',#2128,#2130) ;
#2188=LINE('Line',#2185,#2187) ;
#2193=LINE('Line',#2190,#2192) ;
#2285=LINE('Line',#2282,#2284) ;
#2290=LINE('Line',#2287,#2289) ;
#2362=LINE('Line',#2359,#2361) ;
#2379=LINE('Line',#2376,#2378) ;
#2395=LINE('Line',#2392,#2394) ;
#2422=LINE('Line',#2419,#2421) ;
#2436=LINE('Line',#2433,#2435) ;
#2466=LINE('Line',#2463,#2465) ;
#2480=LINE('Line',#2477,#2479) ;
#2500=LINE('Line',#2497,#2499) ;
#2507=LINE('Line',#2504,#2506) ;
#2514=LINE('Line',#2511,#2513) ;
#2547=LINE('Line',#2544,#2546) ;
#2556=LINE('Line',#2553,#2555) ;
#2563=LINE('Line',#2560,#2562) ;
#2570=LINE('Line',#2567,#2569) ;
#2617=LINE('Line',#2614,#2616) ;
#2631=LINE('Line',#2628,#2630) ;
#2650=LINE('Line',#2647,#2649) ;
#2677=LINE('Line',#2674,#2676) ;
#2693=LINE('Line',#2690,#2692) ;
#2768=LINE('Line',#2765,#2767) ;
#2807=LINE('Line',#2804,#2806) ;
#2851=LINE('Line',#2848,#2850) ;
#2865=LINE('Line',#2862,#2864) ;
#2894=LINE('Line',#2891,#2893) ;
#2911=LINE('Line',#2908,#2910) ;
#2928=LINE('Line',#2925,#2927) ;
#2945=LINE('Line',#2942,#2944) ;
#3042=LINE('Line',#3039,#3041) ;
#3047=LINE('Line',#3044,#3046) ;
#3107=LINE('Line',#3104,#3106) ;
#3125=LINE('Line',#3122,#3124) ;
#3132=LINE('Line',#3129,#3131) ;
#3162=LINE('Line',#3159,#3161) ;
#3169=LINE('Line',#3166,#3168) ;
#3191=LINE('Line',#3188,#3190) ;
#3198=LINE('Line',#3195,#3197) ;
#3245=LINE('Line',#3242,#3244) ;
#3250=LINE('Line',#3247,#3249) ;
#3267=LINE('Line',#3264,#3266) ;
#3299=LINE('Line',#3296,#3298) ;
#3323=LINE('Line',#3320,#3322) ;
#3388=LINE('Line',#3385,#3387) ;
#3419=LINE('Line',#3416,#3418) ;
#3450=LINE('Line',#3447,#3449) ;
#3455=LINE('Line',#3452,#3454) ;
#3605=LINE('Line',#3602,#3604) ;
#3629=LINE('Line',#3626,#3628) ;
#3636=LINE('Line',#3633,#3635) ;
#3661=LINE('Line',#3658,#3660) ;
#3668=LINE('Line',#3665,#3667) ;
#3695=LINE('Line',#3692,#3694) ;
#3700=LINE('Line',#3697,#3699) ;
#3748=LINE('Line',#3745,#3747) ;
#3755=LINE('Line',#3752,#3754) ;
#3779=LINE('Line',#3776,#3778) ;
#3803=LINE('Line',#3800,#3802) ;
#3844=LINE('Line',#3841,#3843) ;
#3851=LINE('Line',#3848,#3850) ;
#3875=LINE('Line',#3872,#3874) ;
#3899=LINE('Line',#3896,#3898) ;
#3940=LINE('Line',#3937,#3939) ;
#3947=LINE('Line',#3944,#3946) ;
#3971=LINE('Line',#3968,#3970) ;
#3995=LINE('Line',#3992,#3994) ;
#4036=LINE('Line',#4033,#4035) ;
#4053=LINE('Line',#4050,#4052) ;
#4104=LINE('Line',#4101,#4103) ;
#4152=LINE('Line',#4149,#4151) ;
#4159=LINE('Line',#4156,#4158) ;
#4184=LINE('Line',#4181,#4183) ;
#4189=LINE('Line',#4186,#4188) ;
#4196=LINE('Line',#4193,#4195) ;
#4216=LINE('Line',#4213,#4215) ;
#4276=LINE('Line',#4273,#4275) ;
#4324=LINE('Line',#4321,#4323) ;
#4353=LINE('Line',#4350,#4352) ;
#4370=LINE('Line',#4367,#4369) ;
#4379=LINE('Line',#4376,#4378) ;
#4386=LINE('Line',#4383,#4385) ;
#4393=LINE('Line',#4390,#4392) ;
#4443=LINE('Line',#4440,#4442) ;
#4550=LINE('Line',#4547,#4549) ;
#4559=LINE('Line',#4556,#4558) ;
#4564=LINE('Line',#4561,#4563) ;
#4605=LINE('Line',#4602,#4604) ;
#4653=LINE('Line',#4650,#4652) ;
#4667=LINE('Line',#4664,#4666) ;
#4696=LINE('Line',#4693,#4695) ;
#4705=LINE('Line',#4702,#4704) ;
#4710=LINE('Line',#4707,#4709) ;
#4734=LINE('Line',#4731,#4733) ;
#4895=LINE('Line',#4892,#4894) ;
#4933=LINE('Line',#4930,#4932) ;
#4955=LINE('Line',#4952,#4954) ;
#4981=LINE('Line',#4978,#4980) ;
#35=PLANE('',#34) ;
#214=PLANE('',#213) ;
#589=PLANE('',#588) ;
#1026=PLANE('',#1025) ;
#1106=PLANE('',#1105) ;
#1693=PLANE('',#1692) ;
#1835=PLANE('',#1834) ;
#1952=PLANE('',#1951) ;
#2127=PLANE('',#2126) ;
#2543=PLANE('',#2542) ;
#2606=PLANE('',#2605) ;
#2878=PLANE('',#2877) ;
#3158=PLANE('',#3157) ;
#3187=PLANE('',#3186) ;
#3263=PLANE('',#3262) ;
#3519=PLANE('',#3518) ;
#3565=PLANE('',#3564) ;
#3625=PLANE('',#3624) ;
#3744=PLANE('',#3743) ;
#3840=PLANE('',#3839) ;
#3936=PLANE('',#3935) ;
#4032=PLANE('',#4031) ;
#4148=PLANE('',#4147) ;
#4320=PLANE('',#4319) ;
#4366=PLANE('',#4365) ;
#4692=PLANE('',#4691) ;
#4747=PLANE('',#4746) ;
#9=PRODUCT_CATEGORY_RELATIONSHIP(' ',' ',#7,#8) ;
#6=PRODUCT_DEFINITION_FORMATION_WITH_SPECIFIED_SOURCE('\X2\6D60\X0\',' ',#5,.NOT_KNOWN.) ;
#20=SHAPE_DEFINITION_REPRESENTATION(#11,#19) ;
#340=SPHERICAL_SURFACE('',#339,1.) ;
#418=SPHERICAL_SURFACE('',#417,1.) ;
#4439=SURFACE_OF_LINEAR_EXTRUSION('generated tabulated cylinder',#4424,#4438) ;
#4919=SURFACE_OF_LINEAR_EXTRUSION('generated tabulated cylinder',#4904,#4918) ;
#41=VERTEX_POINT('',#40) ;
#43=VERTEX_POINT('',#42) ;
#77=VERTEX_POINT('',#76) ;
#79=VERTEX_POINT('',#78) ;
#127=VERTEX_POINT('',#126) ;
#129=VERTEX_POINT('',#128) ;
#172=VERTEX_POINT('',#171) ;
#179=VERTEX_POINT('',#178) ;
#220=VERTEX_POINT('',#219) ;
#222=VERTEX_POINT('',#221) ;
#229=VERTEX_POINT('',#228) ;
#236=VERTEX_POINT('',#235) ;
#243=VERTEX_POINT('',#242) ;
#250=VERTEX_POINT('',#249) ;
#257=VERTEX_POINT('',#256) ;
#264=VERTEX_POINT('',#263) ;
#290=VERTEX_POINT('',#289) ;
#292=VERTEX_POINT('',#291) ;
#315=VERTEX_POINT('',#314) ;
#322=VERTEX_POINT('',#321) ;
#346=VERTEX_POINT('',#345) ;
#369=VERTEX_POINT('',#368) ;
#393=VERTEX_POINT('',#392) ;
#395=VERTEX_POINT('',#394) ;
#452=VERTEX_POINT('',#451) ;
#454=VERTEX_POINT('',#453) ;
#493=VERTEX_POINT('',#492) ;
#495=VERTEX_POINT('',#494) ;
#502=VERTEX_POINT('',#501) ;
#524=VERTEX_POINT('',#523) ;
#560=VERTEX_POINT('',#559) ;
#567=VERTEX_POINT('',#566) ;
#754=VERTEX_POINT('',#753) ;
#950=VERTEX_POINT('',#949) ;
#957=VERTEX_POINT('',#956) ;
#984=VERTEX_POINT('',#983) ;
#1008=VERTEX_POINT('',#1007) ;
#1032=VERTEX_POINT('',#1031) ;
#1039=VERTEX_POINT('',#1038) ;
#1064=VERTEX_POINT('',#1063) ;
#1088=VERTEX_POINT('',#1087) ;
#1111=VERTEX_POINT('',#1110) ;
#1113=VERTEX_POINT('',#1112) ;
#1119=VERTEX_POINT('',#1118) ;
#1133=VERTEX_POINT('',#1132) ;
#1142=VERTEX_POINT('',#1141) ;
#1148=VERTEX_POINT('',#1147) ;
#1157=VERTEX_POINT('',#1156) ;
#1164=VERTEX_POINT('',#1163) ;
#1174=VERTEX_POINT('',#1173) ;
#1181=VERTEX_POINT('',#1180) ;
#1190=VERTEX_POINT('',#1189) ;
#1225=VERTEX_POINT('',#1224) ;
#1232=VERTEX_POINT('',#1231) ;
#1256=VERTEX_POINT('',#1255) ;
#1263=VERTEX_POINT('',#1262) ;
#1287=VERTEX_POINT('',#1286) ;
#1294=VERTEX_POINT('',#1293) ;
#1318=VERTEX_POINT('',#1317) ;
#1342=VERTEX_POINT('',#1341) ;
#1366=VERTEX_POINT('',#1365) ;
#1390=VERTEX_POINT('',#1389) ;
#1448=VERTEX_POINT('',#1447) ;
#1595=VERTEX_POINT('',#1594) ;
#1619=VERTEX_POINT('',#1618) ;
#1643=VERTEX_POINT('',#1642) ;
#1667=VERTEX_POINT('',#1666) ;
#1674=VERTEX_POINT('',#1673) ;
#1699=VERTEX_POINT('',#1698) ;
#1706=VERTEX_POINT('',#1705) ;
#1713=VERTEX_POINT('',#1712) ;
#1720=VERTEX_POINT('',#1719) ;
#1727=VERTEX_POINT('',#1726) ;
#1734=VERTEX_POINT('',#1733) ;
#1741=VERTEX_POINT('',#1740) ;
#1748=VERTEX_POINT('',#1747) ;
#1755=VERTEX_POINT('',#1754) ;
#1762=VERTEX_POINT('',#1761) ;
#1769=VERTEX_POINT('',#1768) ;
#1776=VERTEX_POINT('',#1775) ;
#1810=VERTEX_POINT('',#1809) ;
#1817=VERTEX_POINT('',#1816) ;
#1841=VERTEX_POINT('',#1840) ;
#1843=VERTEX_POINT('',#1842) ;
#1872=VERTEX_POINT('',#1871) ;
#1879=VERTEX_POINT('',#1878) ;
#1903=VERTEX_POINT('',#1902) ;
#1905=VERTEX_POINT('',#1904) ;
#1934=VERTEX_POINT('',#1933) ;
#1958=VERTEX_POINT('',#1957) ;
#1965=VERTEX_POINT('',#1964) ;
#2011=VERTEX_POINT('',#2010) ;
#2035=VERTEX_POINT('',#2034) ;
#2059=VERTEX_POINT('',#2058) ;
#2083=VERTEX_POINT('',#2082) ;
#2150=VERTEX_POINT('',#2149) ;
#2152=VERTEX_POINT('',#2151) ;
#2181=VERTEX_POINT('',#2180) ;
#2183=VERTEX_POINT('',#2182) ;
#2235=VERTEX_POINT('',#2234) ;
#2237=VERTEX_POINT('',#2236) ;
#2278=VERTEX_POINT('',#2277) ;
#2280=VERTEX_POINT('',#2279) ;
#2357=VERTEX_POINT('',#2356) ;
#2381=VERTEX_POINT('',#2380) ;
#2383=VERTEX_POINT('',#2382) ;
#2390=VERTEX_POINT('',#2389) ;
#2397=VERTEX_POINT('',#2396) ;
#2424=VERTEX_POINT('',#2423) ;
#2431=VERTEX_POINT('',#2430) ;
#2468=VERTEX_POINT('',#2467) ;
#2470=VERTEX_POINT('',#2469) ;
#2482=VERTEX_POINT('',#2481) ;
#2502=VERTEX_POINT('',#2501) ;
#2509=VERTEX_POINT('',#2508) ;
#2549=VERTEX_POINT('',#2548) ;
#2551=VERTEX_POINT('',#2550) ;
#2558=VERTEX_POINT('',#2557) ;
#2565=VERTEX_POINT('',#2564) ;
#2612=VERTEX_POINT('',#2611) ;
#2619=VERTEX_POINT('',#2618) ;
#2626=VERTEX_POINT('',#2625) ;
#2633=VERTEX_POINT('',#2632) ;
#2645=VERTEX_POINT('',#2644) ;
#2679=VERTEX_POINT('',#2678) ;
#2681=VERTEX_POINT('',#2680) ;
#2688=VERTEX_POINT('',#2687) ;
#2695=VERTEX_POINT('',#2694) ;
#2736=VERTEX_POINT('',#2735) ;
#2763=VERTEX_POINT('',#2762) ;
#2802=VERTEX_POINT('',#2801) ;
#2844=VERTEX_POINT('',#2843) ;
#2846=VERTEX_POINT('',#2845) ;
#2853=VERTEX_POINT('',#2852) ;
#2860=VERTEX_POINT('',#2859) ;
#2887=VERTEX_POINT('',#2886) ;
#2889=VERTEX_POINT('',#2888) ;
#2896=VERTEX_POINT('',#2895) ;
#2906=VERTEX_POINT('',#2905) ;
#2913=VERTEX_POINT('',#2912) ;
#2923=VERTEX_POINT('',#2922) ;
#2930=VERTEX_POINT('',#2929) ;
#2940=VERTEX_POINT('',#2939) ;
#2973=VERTEX_POINT('',#2972) ;
#2980=VERTEX_POINT('',#2979) ;
#3004=VERTEX_POINT('',#3003) ;
#3006=VERTEX_POINT('',#3005) ;
#3035=VERTEX_POINT('',#3034) ;
#3037=VERTEX_POINT('',#3036) ;
#3066=VERTEX_POINT('',#3065) ;
#3068=VERTEX_POINT('',#3067) ;
#3127=VERTEX_POINT('',#3126) ;
#3164=VERTEX_POINT('',#3163) ;
#3193=VERTEX_POINT('',#3192) ;
#3294=VERTEX_POINT('',#3293) ;
#3301=VERTEX_POINT('',#3300) ;
#3325=VERTEX_POINT('',#3324) ;
#3349=VERTEX_POINT('',#3348) ;
#3390=VERTEX_POINT('',#3389) ;
#3414=VERTEX_POINT('',#3413) ;
#3421=VERTEX_POINT('',#3420) ;
#3445=VERTEX_POINT('',#3444) ;
#3542=VERTEX_POINT('',#3541) ;
#3544=VERTEX_POINT('',#3543) ;
#3570=VERTEX_POINT('',#3569) ;
#3576=VERTEX_POINT('',#3575) ;
#3600=VERTEX_POINT('',#3599) ;
#3607=VERTEX_POINT('',#3606) ;
#3631=VERTEX_POINT('',#3630) ;
#3656=VERTEX_POINT('',#3655) ;
#3663=VERTEX_POINT('',#3662) ;
#3688=VERTEX_POINT('',#3687) ;
#3690=VERTEX_POINT('',#3689) ;
#3719=VERTEX_POINT('',#3718) ;
#3726=VERTEX_POINT('',#3725) ;
#3750=VERTEX_POINT('',#3749) ;
#3774=VERTEX_POINT('',#3773) ;
#3798=VERTEX_POINT('',#3797) ;
#3822=VERTEX_POINT('',#3821) ;
#3846=VERTEX_POINT('',#3845) ;
#3870=VERTEX_POINT('',#3869) ;
#3894=VERTEX_POINT('',#3893) ;
#3918=VERTEX_POINT('',#3917) ;
#3942=VERTEX_POINT('',#3941) ;
#3966=VERTEX_POINT('',#3965) ;
#3990=VERTEX_POINT('',#3989) ;
#4014=VERTEX_POINT('',#4013) ;
#4106=VERTEX_POINT('',#4105) ;
#4130=VERTEX_POINT('',#4129) ;
#4154=VERTEX_POINT('',#4153) ;
#4179=VERTEX_POINT('',#4178) ;
#4191=VERTEX_POINT('',#4190) ;
#4218=VERTEX_POINT('',#4217) ;
#4242=VERTEX_POINT('',#4241) ;
#4278=VERTEX_POINT('',#4277) ;
#4302=VERTEX_POINT('',#4301) ;
#4372=VERTEX_POINT('',#4371) ;
#4374=VERTEX_POINT('',#4373) ;
#4381=VERTEX_POINT('',#4380) ;
#4388=VERTEX_POINT('',#4387) ;
#4445=VERTEX_POINT('',#4444) ;
#4447=VERTEX_POINT('',#4446) ;
#4552=VERTEX_POINT('',#4551) ;
#4554=VERTEX_POINT('',#4553) ;
#4600=VERTEX_POINT('',#4599) ;
#4607=VERTEX_POINT('',#4606) ;
#4631=VERTEX_POINT('',#4630) ;
#4655=VERTEX_POINT('',#4654) ;
#4662=VERTEX_POINT('',#4661) ;
#4698=VERTEX_POINT('',#4697) ;
#4700=VERTEX_POINT('',#4699) ;
#4729=VERTEX_POINT('',#4728) ;
#4847=VERTEX_POINT('',#4846) ;
#4873=VERTEX_POINT('',#4872) ;
#4928=VERTEX_POINT('',#4927) ;
#4950=VERTEX_POINT('',#4949) ;
#12=(LENGTH_UNIT()NAMED_UNIT(*)SI_UNIT(.MILLI.,.METRE.)) ;
#13=(NAMED_UNIT(*)PLANE_ANGLE_UNIT()SI_UNIT($,.RADIAN.)) ;
#14=(NAMED_UNIT(*)SI_UNIT($,.STERADIAN.)SOLID_ANGLE_UNIT()) ;
#16=(GEOMETRIC_REPRESENTATION_CONTEXT(3)GLOBAL_UNCERTAINTY_ASSIGNED_CONTEXT((#15))GLOBAL_UNIT_ASSIGNED_CONTEXT((#12,#13,#14))REPRESENTATION_CONTEXT(' ',' ')) ;
ENDSEC;
END-ISO-10303-21;
