ISO-10303-21;
HEADER;
FILE_DESCRIPTION(('CATIA V5 STEP Exchange','CAx-IF Rec.Pracs.--- Model Styling and Organization---1.4--- 2014-01-23'),'2;1');

FILE_NAME('D:\\daily work\\G1 GEN2\X2\6A21578B\X0\\\F2.stp','2025-03-26T08:28:45+00:00',('none'),('none'),'CATIA Version 5-6 Release 2017','CATIA V5 STEP AP214','none');

FILE_SCHEMA(('AUTOMOTIVE_DESIGN { 1 0 10303 214 1 1 1 1 }'));

ENDSEC;
DATA;
#5=PRODUCT('\X2\624B6307\X0\.3','','',(#2)) ;
#2=PRODUCT_CONTEXT(' ',#1,'mechanical') ;
#1=APPLICATION_CONTEXT('automotive design') ;
#10=PRODUCT_DEFINITION('',' ',#6,#3) ;
#3=PRODUCT_DEFINITION_CONTEXT('part definition',#1,' ') ;
#11=PRODUCT_DEFINITION_SHAPE(' ',' ',#10) ;
#6344=MECHANICAL_DESIGN_GEOMETRIC_PRESENTATION_REPRESENTATION(' ',(#29),#16) ;
#19=SHAPE_REPRESENTATION(' ',(#18),#16) ;
#18=AXIS2_PLACEMENT_3D(' ',#17,$,$) ;
#34=AXIS2_PLACEMENT_3D('Plane Axis2P3D',#31,#32,#33) ;
#47=AXIS2_PLACEMENT_3D('Circle Axis2P3D',#45,#46,$) ;
#61=AXIS2_PLACEMENT_3D('Circle Axis2P3D',#59,#60,$) ;
#75=AXIS2_PLACEMENT_3D('Circle Axis2P3D',#73,#74,$) ;
#89=AXIS2_PLACEMENT_3D('Circle Axis2P3D',#87,#88,$) ;
#114=AXIS2_PLACEMENT_3D('Torus Axis2P3D',#111,#112,#113) ;
#118=AXIS2_PLACEMENT_3D('Circle Axis2P3D',#116,#117,$) ;
#125=AXIS2_PLACEMENT_3D('Circle Axis2P3D',#123,#124,$) ;
#132=AXIS2_PLACEMENT_3D('Circle Axis2P3D',#130,#131,$) ;
#145=AXIS2_PLACEMENT_3D('Cylinder Axis2P3D',#142,#143,#144) ;
#149=AXIS2_PLACEMENT_3D('Circle Axis2P3D',#147,#148,$) ;
#169=AXIS2_PLACEMENT_3D('Torus Axis2P3D',#166,#167,#168) ;
#173=AXIS2_PLACEMENT_3D('Circle Axis2P3D',#171,#172,$) ;
#180=AXIS2_PLACEMENT_3D('Circle Axis2P3D',#178,#179,$) ;
#193=AXIS2_PLACEMENT_3D('Cylinder Axis2P3D',#190,#191,#192) ;
#389=AXIS2_PLACEMENT_3D('Cylinder Axis2P3D',#386,#387,#388) ;
#393=AXIS2_PLACEMENT_3D('Circle Axis2P3D',#391,#392,$) ;
#413=AXIS2_PLACEMENT_3D('Torus Axis2P3D',#410,#411,#412) ;
#417=AXIS2_PLACEMENT_3D('Circle Axis2P3D',#415,#416,$) ;
#424=AXIS2_PLACEMENT_3D('Circle Axis2P3D',#422,#423,$) ;
#437=AXIS2_PLACEMENT_3D('Cylinder Axis2P3D',#434,#435,#436) ;
#441=AXIS2_PLACEMENT_3D('Circle Axis2P3D',#439,#440,$) ;
#461=AXIS2_PLACEMENT_3D('Torus Axis2P3D',#458,#459,#460) ;
#465=AXIS2_PLACEMENT_3D('Circle Axis2P3D',#463,#464,$) ;
#472=AXIS2_PLACEMENT_3D('Circle Axis2P3D',#470,#471,$) ;
#485=AXIS2_PLACEMENT_3D('Cylinder Axis2P3D',#482,#483,#484) ;
#502=AXIS2_PLACEMENT_3D('Cylinder Axis2P3D',#499,#500,#501) ;
#551=AXIS2_PLACEMENT_3D('Plane Axis2P3D',#548,#549,#550) ;
#575=AXIS2_PLACEMENT_3D('Cylinder Axis2P3D',#572,#573,#574) ;
#614=AXIS2_PLACEMENT_3D('Plane Axis2P3D',#611,#612,#613) ;
#638=AXIS2_PLACEMENT_3D('Cylinder Axis2P3D',#635,#636,#637) ;
#674=AXIS2_PLACEMENT_3D('Plane Axis2P3D',#671,#672,#673) ;
#698=AXIS2_PLACEMENT_3D('Cylinder Axis2P3D',#695,#696,#697) ;
#725=AXIS2_PLACEMENT_3D('Plane Axis2P3D',#722,#723,#724) ;
#749=AXIS2_PLACEMENT_3D('Cylinder Axis2P3D',#746,#747,#748) ;
#782=AXIS2_PLACEMENT_3D('Plane Axis2P3D',#779,#780,#781) ;
#799=AXIS2_PLACEMENT_3D('Plane Axis2P3D',#796,#797,#798) ;
#886=AXIS2_PLACEMENT_3D('Plane Axis2P3D',#883,#884,#885) ;
#976=AXIS2_PLACEMENT_3D('Plane Axis2P3D',#973,#974,#975) ;
#1077=AXIS2_PLACEMENT_3D('Plane Axis2P3D',#1074,#1075,#1076) ;
#1157=AXIS2_PLACEMENT_3D('Plane Axis2P3D',#1154,#1155,#1156) ;
#1229=AXIS2_PLACEMENT_3D('Plane Axis2P3D',#1226,#1227,#1228) ;
#1338=AXIS2_PLACEMENT_3D('Cylinder Axis2P3D',#1335,#1336,#1337) ;
#1342=AXIS2_PLACEMENT_3D('Circle Axis2P3D',#1340,#1341,$) ;
#1349=AXIS2_PLACEMENT_3D('Circle Axis2P3D',#1347,#1348,$) ;
#1369=AXIS2_PLACEMENT_3D('Sphere Axis2P3D',#1366,#1367,#1368) ;
#1422=AXIS2_PLACEMENT_3D('Cylinder Axis2P3D',#1419,#1420,#1421) ;
#1426=AXIS2_PLACEMENT_3D('Circle Axis2P3D',#1424,#1425,$) ;
#2114=AXIS2_PLACEMENT_3D('Plane Axis2P3D',#2111,#2112,#2113) ;
#2139=AXIS2_PLACEMENT_3D('Circle Axis2P3D',#2137,#2138,$) ;
#2184=AXIS2_PLACEMENT_3D('Cylinder Axis2P3D',#2181,#2182,#2183) ;
#2188=AXIS2_PLACEMENT_3D('Circle Axis2P3D',#2186,#2187,$) ;
#2202=AXIS2_PLACEMENT_3D('Circle Axis2P3D',#2200,#2201,$) ;
#2215=AXIS2_PLACEMENT_3D('Plane Axis2P3D',#2212,#2213,#2214) ;
#2246=AXIS2_PLACEMENT_3D('Cylinder Axis2P3D',#2243,#2244,#2245) ;
#2259=AXIS2_PLACEMENT_3D('Circle Axis2P3D',#2257,#2258,$) ;
#2264=AXIS2_PLACEMENT_3D('Circle Axis2P3D',#2262,#2263,$) ;
#2277=AXIS2_PLACEMENT_3D('Plane Axis2P3D',#2274,#2275,#2276) ;
#2308=AXIS2_PLACEMENT_3D('Cylinder Axis2P3D',#2305,#2306,#2307) ;
#2312=AXIS2_PLACEMENT_3D('Circle Axis2P3D',#2310,#2311,$) ;
#2326=AXIS2_PLACEMENT_3D('Circle Axis2P3D',#2324,#2325,$) ;
#2347=AXIS2_PLACEMENT_3D('Torus Axis2P3D',#2344,#2345,#2346) ;
#2351=AXIS2_PLACEMENT_3D('Circle Axis2P3D',#2349,#2350,$) ;
#2367=AXIS2_PLACEMENT_3D('Circle Axis2P3D',#2365,#2366,$) ;
#2380=AXIS2_PLACEMENT_3D('Cylinder Axis2P3D',#2377,#2378,#2379) ;
#2391=AXIS2_PLACEMENT_3D('Circle Axis2P3D',#2389,#2390,$) ;
#2411=AXIS2_PLACEMENT_3D('Torus Axis2P3D',#2408,#2409,#2410) ;
#2415=AXIS2_PLACEMENT_3D('Circle Axis2P3D',#2413,#2414,$) ;
#2422=AXIS2_PLACEMENT_3D('Circle Axis2P3D',#2420,#2421,$) ;
#2429=AXIS2_PLACEMENT_3D('Circle Axis2P3D',#2427,#2428,$) ;
#2442=AXIS2_PLACEMENT_3D('Cylinder Axis2P3D',#2439,#2440,#2441) ;
#2453=AXIS2_PLACEMENT_3D('Circle Axis2P3D',#2451,#2452,$) ;
#2473=AXIS2_PLACEMENT_3D('Plane Axis2P3D',#2470,#2471,#2472) ;
#2477=AXIS2_PLACEMENT_3D('Circle Axis2P3D',#2475,#2476,$) ;
#2544=AXIS2_PLACEMENT_3D('Torus Axis2P3D',#2541,#2542,#2543) ;
#2548=AXIS2_PLACEMENT_3D('Circle Axis2P3D',#2546,#2547,$) ;
#2561=AXIS2_PLACEMENT_3D('Cylinder Axis2P3D',#2558,#2559,#2560) ;
#2565=AXIS2_PLACEMENT_3D('Circle Axis2P3D',#2563,#2564,$) ;
#2572=AXIS2_PLACEMENT_3D('Circle Axis2P3D',#2570,#2571,$) ;
#2586=AXIS2_PLACEMENT_3D('Sphere Axis2P3D',#2583,#2584,#2585) ;
#2590=AXIS2_PLACEMENT_3D('Circle Axis2P3D',#2588,#2589,$) ;
#2603=AXIS2_PLACEMENT_3D('Cylinder Axis2P3D',#2600,#2601,#2602) ;
#2615=AXIS2_PLACEMENT_3D('Sphere Axis2P3D',#2612,#2613,#2614) ;
#2639=AXIS2_PLACEMENT_3D('Circle Axis2P3D',#2637,#2638,$) ;
#2651=AXIS2_PLACEMENT_3D('Plane Axis2P3D',#2648,#2649,#2650) ;
#2692=AXIS2_PLACEMENT_3D('Sphere Axis2P3D',#2689,#2690,#2691) ;
#2696=AXIS2_PLACEMENT_3D('Circle Axis2P3D',#2694,#2695,$) ;
#2736=AXIS2_PLACEMENT_3D('Cylinder Axis2P3D',#2733,#2734,#2735) ;
#2749=AXIS2_PLACEMENT_3D('Circle Axis2P3D',#2747,#2748,$) ;
#2756=AXIS2_PLACEMENT_3D('Circle Axis2P3D',#2754,#2755,$) ;
#2761=AXIS2_PLACEMENT_3D('Circle Axis2P3D',#2759,#2760,$) ;
#2768=AXIS2_PLACEMENT_3D('Circle Axis2P3D',#2766,#2767,$) ;
#2783=AXIS2_PLACEMENT_3D('Cylinder Axis2P3D',#2780,#2781,#2782) ;
#2787=AXIS2_PLACEMENT_3D('Circle Axis2P3D',#2785,#2786,$) ;
#2807=AXIS2_PLACEMENT_3D('Cylinder Axis2P3D',#2804,#2805,#2806) ;
#2858=AXIS2_PLACEMENT_3D('Circle Axis2P3D',#2856,#2857,$) ;
#2863=AXIS2_PLACEMENT_3D('Circle Axis2P3D',#2861,#2862,$) ;
#2876=AXIS2_PLACEMENT_3D('Cylinder Axis2P3D',#2873,#2874,#2875) ;
#2880=AXIS2_PLACEMENT_3D('Circle Axis2P3D',#2878,#2879,$) ;
#2896=AXIS2_PLACEMENT_3D('Circle Axis2P3D',#2894,#2895,$) ;
#2945=AXIS2_PLACEMENT_3D('Plane Axis2P3D',#2942,#2943,#2944) ;
#2949=AXIS2_PLACEMENT_3D('Circle Axis2P3D',#2947,#2948,$) ;
#2994=AXIS2_PLACEMENT_3D('Cylinder Axis2P3D',#2991,#2992,#2993) ;
#3003=AXIS2_PLACEMENT_3D('Circle Axis2P3D',#3001,#3002,$) ;
#3021=AXIS2_PLACEMENT_3D('Plane Axis2P3D',#3018,#3019,#3020) ;
#3041=AXIS2_PLACEMENT_3D('Cylinder Axis2P3D',#3038,#3039,#3040) ;
#3045=AXIS2_PLACEMENT_3D('Circle Axis2P3D',#3043,#3044,$) ;
#3210=AXIS2_PLACEMENT_3D('Circle Axis2P3D',#3208,#3209,$) ;
#3225=AXIS2_PLACEMENT_3D('Cylinder Axis2P3D',#3222,#3223,#3224) ;
#3236=AXIS2_PLACEMENT_3D('Circle Axis2P3D',#3234,#3235,$) ;
#3256=AXIS2_PLACEMENT_3D('Plane Axis2P3D',#3253,#3254,#3255) ;
#3290=AXIS2_PLACEMENT_3D('Cylinder Axis2P3D',#3287,#3288,#3289) ;
#3294=AXIS2_PLACEMENT_3D('Circle Axis2P3D',#3292,#3293,$) ;
#3306=AXIS2_PLACEMENT_3D('Circle Axis2P3D',#3304,#3305,$) ;
#3319=AXIS2_PLACEMENT_3D('Plane Axis2P3D',#3316,#3317,#3318) ;
#3330=AXIS2_PLACEMENT_3D('Circle Axis2P3D',#3328,#3329,$) ;
#3372=AXIS2_PLACEMENT_3D('Sphere Axis2P3D',#3369,#3370,#3371) ;
#3384=AXIS2_PLACEMENT_3D('Plane Axis2P3D',#3381,#3382,#3383) ;
#3401=AXIS2_PLACEMENT_3D('Cylinder Axis2P3D',#3398,#3399,#3400) ;
#3477=AXIS2_PLACEMENT_3D('Cylinder Axis2P3D',#3474,#3475,#3476) ;
#3501=AXIS2_PLACEMENT_3D('Cylinder Axis2P3D',#3498,#3499,#3500) ;
#3898=AXIS2_PLACEMENT_3D('Sphere Axis2P3D',#3895,#3896,#3897) ;
#4058=AXIS2_PLACEMENT_3D('Sphere Axis2P3D',#4055,#4056,#4057) ;
#4073=AXIS2_PLACEMENT_3D('Circle Axis2P3D',#4071,#4072,$) ;
#4765=AXIS2_PLACEMENT_3D('Sphere Axis2P3D',#4762,#4763,#4764) ;
#4809=AXIS2_PLACEMENT_3D('Cylinder Axis2P3D',#4806,#4807,#4808) ;
#4874=AXIS2_PLACEMENT_3D('Cylinder Axis2P3D',#4871,#4872,#4873) ;
#5152=AXIS2_PLACEMENT_3D('Plane Axis2P3D',#5149,#5150,#5151) ;
#5294=AXIS2_PLACEMENT_3D('Plane Axis2P3D',#5291,#5292,#5293) ;
#5410=AXIS2_PLACEMENT_3D('Plane Axis2P3D',#5407,#5408,#5409) ;
#5490=AXIS2_PLACEMENT_3D('Plane Axis2P3D',#5487,#5488,#5489) ;
#5570=AXIS2_PLACEMENT_3D('Plane Axis2P3D',#5567,#5568,#5569) ;
#5650=AXIS2_PLACEMENT_3D('Plane Axis2P3D',#5647,#5648,#5649) ;
#5961=AXIS2_PLACEMENT_3D('Cylinder Axis2P3D',#5958,#5959,#5960) ;
#5972=AXIS2_PLACEMENT_3D('Circle Axis2P3D',#5970,#5971,$) ;
#6017=AXIS2_PLACEMENT_3D('Cylinder Axis2P3D',#6014,#6015,#6016) ;
#6021=AXIS2_PLACEMENT_3D('Circle Axis2P3D',#6019,#6020,$) ;
#6040=AXIS2_PLACEMENT_3D('Circle Axis2P3D',#6038,#6039,$) ;
#6060=AXIS2_PLACEMENT_3D('Torus Axis2P3D',#6057,#6058,#6059) ;
#6064=AXIS2_PLACEMENT_3D('Circle Axis2P3D',#6062,#6063,$) ;
#6071=AXIS2_PLACEMENT_3D('Circle Axis2P3D',#6069,#6070,$) ;
#6103=AXIS2_PLACEMENT_3D('Cylinder Axis2P3D',#6100,#6101,#6102) ;
#6114=AXIS2_PLACEMENT_3D('Circle Axis2P3D',#6112,#6113,$) ;
#6126=AXIS2_PLACEMENT_3D('Circle Axis2P3D',#6124,#6125,$) ;
#6146=AXIS2_PLACEMENT_3D('Torus Axis2P3D',#6143,#6144,#6145) ;
#6150=AXIS2_PLACEMENT_3D('Circle Axis2P3D',#6148,#6149,$) ;
#6157=AXIS2_PLACEMENT_3D('Circle Axis2P3D',#6155,#6156,$) ;
#6189=AXIS2_PLACEMENT_3D('Cylinder Axis2P3D',#6186,#6187,#6188) ;
#6200=AXIS2_PLACEMENT_3D('Circle Axis2P3D',#6198,#6199,$) ;
#6212=AXIS2_PLACEMENT_3D('Circle Axis2P3D',#6210,#6211,$) ;
#6232=AXIS2_PLACEMENT_3D('Torus Axis2P3D',#6229,#6230,#6231) ;
#6236=AXIS2_PLACEMENT_3D('Circle Axis2P3D',#6234,#6235,$) ;
#6243=AXIS2_PLACEMENT_3D('Circle Axis2P3D',#6241,#6242,$) ;
#6275=AXIS2_PLACEMENT_3D('Cylinder Axis2P3D',#6272,#6273,#6274) ;
#6286=AXIS2_PLACEMENT_3D('Circle Axis2P3D',#6284,#6285,$) ;
#6298=AXIS2_PLACEMENT_3D('Circle Axis2P3D',#6296,#6297,$) ;
#6311=AXIS2_PLACEMENT_3D('Torus Axis2P3D',#6308,#6309,#6310) ;
#6315=AXIS2_PLACEMENT_3D('Circle Axis2P3D',#6313,#6314,$) ;
#6328=AXIS2_PLACEMENT_3D('Plane Axis2P3D',#6325,#6326,#6327) ;
#17=CARTESIAN_POINT(' ',(0.,0.,0.)) ;
#31=CARTESIAN_POINT('Axis2P3D Location',(-4.18344050201,23.552941982,-91.2344207764)) ;
#36=CARTESIAN_POINT('Line Origine',(-4.19122355486,24.5529116936,-63.2515979899)) ;
#40=CARTESIAN_POINT('Vertex',(-4.19122355486,24.5529116935,-42.995688345)) ;
#42=CARTESIAN_POINT('Vertex',(-4.19122355486,24.5529116936,-83.5075076367)) ;
#45=CARTESIAN_POINT('Axis2P3D Location',(-4.19200186014,24.6529086647,-42.995688345)) ;
#49=CARTESIAN_POINT('Vertex',(-4.19200186015,24.6529086654,-42.895688345)) ;
#52=CARTESIAN_POINT('Line Origine',(-4.20857064391,26.7816725634,-42.895688345)) ;
#56=CARTESIAN_POINT('Vertex',(-4.22513942634,28.9104362896,-42.895688345)) ;
#59=CARTESIAN_POINT('Axis2P3D Location',(-4.22513942634,28.9104362896,-43.395688345)) ;
#63=CARTESIAN_POINT('Vertex',(-4.22810074625,29.2909078436,-43.071292558)) ;
#66=CARTESIAN_POINT('Line Origine',(-4.23508852937,30.1887009849,-44.1243457991)) ;
#70=CARTESIAN_POINT('Vertex',(-4.24207631123,31.0864939658,-45.1773988521)) ;
#73=CARTESIAN_POINT('Axis2P3D Location',(-4.23911498855,30.7060220546,-45.501794221)) ;
#77=CARTESIAN_POINT('Vertex',(-4.24295754645,31.1997154152,-45.5808644448)) ;
#80=CARTESIAN_POINT('Line Origine',(-4.21980851344,28.2255184887,-64.1520539764)) ;
#84=CARTESIAN_POINT('Vertex',(-4.19665948107,25.2513216458,-82.7232429862)) ;
#87=CARTESIAN_POINT('Axis2P3D Location',(-4.19589096958,25.1525829856,-82.707428867)) ;
#91=CARTESIAN_POINT('Vertex',(-4.19646394367,25.2261989227,-82.7751072645)) ;
#94=CARTESIAN_POINT('Line Origine',(-4.19384374926,24.8895553081,-83.1413074506)) ;
#111=CARTESIAN_POINT('Axis2P3D Location',(-5.22510913793,28.9026532367,-43.395688345)) ;
#116=CARTESIAN_POINT('Axis2P3D Location',(-5.22510913793,28.9026532367,-42.895688345)) ;
#120=CARTESIAN_POINT('Vertex',(-5.22510913998,28.9026534086,-41.895688345)) ;
#123=CARTESIAN_POINT('Axis2P3D Location',(-5.22510913793,28.9026532367,-43.395688345)) ;
#127=CARTESIAN_POINT('Vertex',(-5.23399310328,30.044068725,-42.4225019506)) ;
#130=CARTESIAN_POINT('Axis2P3D Location',(-5.22807045998,29.2831250662,-43.0712928802)) ;
#142=CARTESIAN_POINT('Axis2P3D Location',(-5.2170847465,27.8716762491,-42.895688345)) ;
#147=CARTESIAN_POINT('Axis2P3D Location',(-5.19197157173,24.6451256126,-42.895688345)) ;
#151=CARTESIAN_POINT('Vertex',(-5.19197157086,24.6451256119,-41.895688345)) ;
#154=CARTESIAN_POINT('Line Origine',(-5.2170847465,27.8716762491,-41.895688345)) ;
#166=CARTESIAN_POINT('Axis2P3D Location',(-5.19197157173,24.6451256118,-42.995688345)) ;
#171=CARTESIAN_POINT('Axis2P3D Location',(-5.19119326644,24.5451286407,-42.995688345)) ;
#175=CARTESIAN_POINT('Vertex',(-5.18341021359,23.5451589291,-42.995688345)) ;
#178=CARTESIAN_POINT('Axis2P3D Location',(-5.19197157173,24.6451256118,-42.995688345)) ;
#190=CARTESIAN_POINT('Axis2P3D Location',(-5.19119326644,24.5451286407,-63.592933338)) ;
#196=CARTESIAN_POINT('Control Point',(-4.19122355486,24.5529116936,-83.5075076367)) ;
#197=CARTESIAN_POINT('Control Point',(-4.19017109252,24.4176909158,-83.6809522475)) ;
#198=CARTESIAN_POINT('Control Point',(-4.21197514588,24.2822922393,-83.8543968583)) ;
#199=CARTESIAN_POINT('Control Point',(-4.25667551524,24.1489964059,-84.0249275148)) ;
#200=CARTESIAN_POINT('Control Point',(-4.36059361801,23.9550227019,-84.272688901)) ;
#201=CARTESIAN_POINT('Control Point',(-4.53553590444,23.7835762394,-84.4908441737)) ;
#202=CARTESIAN_POINT('Control Point',(-4.60115089997,23.730725751,-84.5579765889)) ;
#203=CARTESIAN_POINT('Control Point',(-4.74088960497,23.6414860155,-84.6710443591)) ;
#204=CARTESIAN_POINT('Control Point',(-4.91373565465,23.5786553304,-84.7499065449)) ;
#205=CARTESIAN_POINT('Control Point',(-5.00049873613,23.5570479668,-84.7767550933)) ;
#206=CARTESIAN_POINT('Control Point',(-5.09191405413,23.5458710701,-84.7901783292)) ;
#207=CARTESIAN_POINT('Control Point',(-5.18341021359,23.5451589291,-84.7901783292)) ;
#208=CARTESIAN_POINT('Vertex',(-5.18341021272,23.5451589292,-84.7901783275)) ;
#211=CARTESIAN_POINT('Line Origine',(-5.18341021359,23.5451589291,-63.592933338)) ;
#224=CARTESIAN_POINT('Control Point',(-4.19122355486,24.5529116936,-83.5075076367)) ;
#225=CARTESIAN_POINT('Control Point',(-4.19122355486,24.5529116936,-83.5075076367)) ;
#226=CARTESIAN_POINT('Control Point',(-4.19122355486,24.5529116936,-83.5075076367)) ;
#227=CARTESIAN_POINT('Control Point',(-4.19122355486,24.5529116936,-83.5075076367)) ;
#228=CARTESIAN_POINT('Control Point',(-4.19122355486,24.5529116936,-83.5075076367)) ;
#229=CARTESIAN_POINT('Control Point',(-4.19122355486,24.5529116936,-83.5075076367)) ;
#230=CARTESIAN_POINT('Control Point',(-4.19122355486,24.5529116936,-83.5075076367)) ;
#231=CARTESIAN_POINT('Control Point',(-4.19122355486,24.5529116936,-83.5075076367)) ;
#232=CARTESIAN_POINT('Control Point',(-4.19122355486,24.5529116936,-83.5075076367)) ;
#233=CARTESIAN_POINT('Control Point',(-4.19108474849,24.535077797,-83.7267124092)) ;
#234=CARTESIAN_POINT('Control Point',(-4.1909933829,24.5233391089,-83.722136393)) ;
#235=CARTESIAN_POINT('Control Point',(-4.1909020173,24.5116004207,-83.7175603768)) ;
#236=CARTESIAN_POINT('Control Point',(-4.1908106517,24.4998617326,-83.7129843607)) ;
#237=CARTESIAN_POINT('Control Point',(-4.19062792051,24.4763843564,-83.7038323283)) ;
#238=CARTESIAN_POINT('Control Point',(-4.19044518931,24.4529069802,-83.694680296)) ;
#239=CARTESIAN_POINT('Control Point',(-4.19035382371,24.4411682921,-83.6901042798)) ;
#240=CARTESIAN_POINT('Control Point',(-4.19026245812,24.429429604,-83.6855282637)) ;
#241=CARTESIAN_POINT('Control Point',(-4.19017109252,24.4176909158,-83.6809522475)) ;
#242=CARTESIAN_POINT('Control Point',(-4.21377642547,24.5170546201,-83.9459483897)) ;
#243=CARTESIAN_POINT('Control Point',(-4.20956027128,24.4936282935,-83.936760784)) ;
#244=CARTESIAN_POINT('Control Point',(-4.20634799972,24.4701892796,-83.9275686645)) ;
#245=CARTESIAN_POINT('Control Point',(-4.20414528375,24.4467384898,-83.9183842153)) ;
#246=CARTESIAN_POINT('Control Point',(-4.20175959286,24.3998084898,-83.9000473473)) ;
#247=CARTESIAN_POINT('Control Point',(-4.20341430819,24.3528224605,-83.8817735426)) ;
#248=CARTESIAN_POINT('Control Point',(-4.20525153783,24.3293154222,-83.8726527281)) ;
#249=CARTESIAN_POINT('Control Point',(-4.20809833561,24.3057982203,-83.8635402125)) ;
#250=CARTESIAN_POINT('Control Point',(-4.21194910567,24.2822798481,-83.8544276727)) ;
#251=CARTESIAN_POINT('Control Point',(-4.25947624487,24.4991573851,-84.1615711304)) ;
#252=CARTESIAN_POINT('Control Point',(-4.24746153351,24.4645683796,-84.1493390038)) ;
#253=CARTESIAN_POINT('Control Point',(-4.23836793736,24.4294703164,-84.1366599445)) ;
#254=CARTESIAN_POINT('Control Point',(-4.23219970464,24.394055374,-84.1235513802)) ;
#255=CARTESIAN_POINT('Control Point',(-4.22575587614,24.3230183907,-84.0965550869)) ;
#256=CARTESIAN_POINT('Control Point',(-4.23109694639,24.2523725584,-84.0683200929)) ;
#257=CARTESIAN_POINT('Control Point',(-4.23671694143,24.2173497062,-84.0539703515)) ;
#258=CARTESIAN_POINT('Control Point',(-4.24526853644,24.182811247,-84.0395034598)) ;
#259=CARTESIAN_POINT('Control Point',(-4.25675017221,24.1489104913,-84.0250366698)) ;
#260=CARTESIAN_POINT('Control Point',(-4.36458754799,24.4728741711,-84.4744901399)) ;
#261=CARTESIAN_POINT('Control Point',(-4.33432289531,24.4237935713,-84.4605529684)) ;
#262=CARTESIAN_POINT('Control Point',(-4.31112195695,24.3719321199,-84.4441096737)) ;
#263=CARTESIAN_POINT('Control Point',(-4.29539521388,24.3183560745,-84.425686035)) ;
#264=CARTESIAN_POINT('Control Point',(-4.27923739549,24.2098303612,-84.3858444255)) ;
#265=CARTESIAN_POINT('Control Point',(-4.29371720985,24.1027654521,-84.3416437498)) ;
#266=CARTESIAN_POINT('Control Point',(-4.30862131327,24.0506484295,-84.3188657497)) ;
#267=CARTESIAN_POINT('Control Point',(-4.33103242551,24.0010327091,-84.2957508608)) ;
#268=CARTESIAN_POINT('Control Point',(-4.36055728598,23.9550645125,-84.2726357804)) ;
#269=CARTESIAN_POINT('Control Point',(-4.5407333967,24.4490600818,-84.7502991796)) ;
#270=CARTESIAN_POINT('Control Point',(-4.48825204731,24.389273538,-84.7495628026)) ;
#271=CARTESIAN_POINT('Control Point',(-4.44600549019,24.3208242293,-84.7409367746)) ;
#272=CARTESIAN_POINT('Control Point',(-4.41662887657,24.2467471941,-84.724510796)) ;
#273=CARTESIAN_POINT('Control Point',(-4.38666782858,24.0951590585,-84.6778615692)) ;
#274=CARTESIAN_POINT('Control Point',(-4.41433168607,23.9516032492,-84.6094567583)) ;
#275=CARTESIAN_POINT('Control Point',(-4.44261772978,23.8855634303,-84.5712618982)) ;
#276=CARTESIAN_POINT('Control Point',(-4.48388949326,23.8287708667,-84.5310657046)) ;
#277=CARTESIAN_POINT('Control Point',(-4.53555358553,23.7835558922,-84.490870025)) ;
#278=CARTESIAN_POINT('Control Point',(-4.60666023934,24.4416472487,-84.8350858559)) ;
#279=CARTESIAN_POINT('Control Point',(-4.54734925534,24.3789277448,-84.8400840561)) ;
#280=CARTESIAN_POINT('Control Point',(-4.49906412828,24.3052342479,-84.8350737345)) ;
#281=CARTESIAN_POINT('Control Point',(-4.4652990089,24.2243392165,-84.8199422137)) ;
#282=CARTESIAN_POINT('Control Point',(-4.43089821736,24.0582737627,-84.771599014)) ;
#283=CARTESIAN_POINT('Control Point',(-4.46279680541,23.9028551217,-84.6946201672)) ;
#284=CARTESIAN_POINT('Control Point',(-4.49538558438,23.8326134713,-84.6508350618)) ;
#285=CARTESIAN_POINT('Control Point',(-4.5426434667,23.7743261569,-84.6043961651)) ;
#286=CARTESIAN_POINT('Control Point',(-4.60112705051,23.7307409569,-84.557957896)) ;
#287=CARTESIAN_POINT('Control Point',(-4.74703894347,24.4289228936,-84.9780267857)) ;
#288=CARTESIAN_POINT('Control Point',(-4.67502840226,24.3608535995,-85.0022072589)) ;
#289=CARTESIAN_POINT('Control Point',(-4.61446328856,24.2764094688,-85.0114205874)) ;
#290=CARTESIAN_POINT('Control Point',(-4.57133049542,24.1810982565,-85.0039255072)) ;
#291=CARTESIAN_POINT('Control Point',(-4.52748714468,23.9851821729,-84.9571696206)) ;
#292=CARTESIAN_POINT('Control Point',(-4.56843230682,23.8087378383,-84.8587706758)) ;
#293=CARTESIAN_POINT('Control Point',(-4.61023320199,23.7329262706,-84.7995580795)) ;
#294=CARTESIAN_POINT('Control Point',(-4.66969943516,23.676185796,-84.7353076779)) ;
#295=CARTESIAN_POINT('Control Point',(-4.74090999382,23.641473016,-84.6710603396)) ;
#296=CARTESIAN_POINT('Control Point',(-4.92026242005,24.4194673085,-85.0776567966)) ;
#297=CARTESIAN_POINT('Control Point',(-4.85442461252,24.3456425505,-85.1325510091)) ;
#298=CARTESIAN_POINT('Control Point',(-4.79722385126,24.2495587014,-85.1670585786)) ;
#299=CARTESIAN_POINT('Control Point',(-4.75567022702,24.1387835524,-85.17557581)) ;
#300=CARTESIAN_POINT('Control Point',(-4.71333214491,23.9128300907,-85.1390612437)) ;
#301=CARTESIAN_POINT('Control Point',(-4.75242026563,23.7212272263,-85.0128025527)) ;
#302=CARTESIAN_POINT('Control Point',(-4.7925175472,23.6448908917,-84.9313448729)) ;
#303=CARTESIAN_POINT('Control Point',(-4.84859573732,23.5967463568,-84.8406136937)) ;
#304=CARTESIAN_POINT('Control Point',(-4.91371822427,23.5786664436,-84.7498928832)) ;
#305=CARTESIAN_POINT('Control Point',(-5.00714786068,24.4160284299,-85.1116067851)) ;
#306=CARTESIAN_POINT('Control Point',(-4.94968649458,24.3383288692,-85.186323689)) ;
#307=CARTESIAN_POINT('Control Point',(-4.89862255198,24.2356298046,-85.2381280461)) ;
#308=CARTESIAN_POINT('Control Point',(-4.86098047874,24.1166725431,-85.2584012791)) ;
#309=CARTESIAN_POINT('Control Point',(-4.82252483142,23.8761167569,-85.2310601257)) ;
#310=CARTESIAN_POINT('Control Point',(-4.85758193424,23.6800262013,-85.088186286)) ;
#311=CARTESIAN_POINT('Control Point',(-4.89371944079,23.6056761381,-84.9925573206)) ;
#312=CARTESIAN_POINT('Control Point',(-4.9436631807,23.5644511176,-84.8846479769)) ;
#313=CARTESIAN_POINT('Control Point',(-5.00046216485,23.5570475824,-84.7767558887)) ;
#314=CARTESIAN_POINT('Control Point',(-5.09867045126,24.4139356478,-85.1285702789)) ;
#315=CARTESIAN_POINT('Control Point',(-5.06989360076,24.3330037584,-85.2168461065)) ;
#316=CARTESIAN_POINT('Control Point',(-5.04419074611,24.2255978236,-85.2808381473)) ;
#317=CARTESIAN_POINT('Control Point',(-5.02506564661,24.1012969737,-85.3096820337)) ;
#318=CARTESIAN_POINT('Control Point',(-5.00503238346,23.8519191168,-85.2894897773)) ;
#319=CARTESIAN_POINT('Control Point',(-5.0215874885,23.6544218422,-85.1354796173)) ;
#320=CARTESIAN_POINT('Control Point',(-5.03918290924,23.58218896,-85.0300222686)) ;
#321=CARTESIAN_POINT('Control Point',(-5.06376882491,23.5460901323,-84.9100887026)) ;
#322=CARTESIAN_POINT('Control Point',(-5.09191405413,23.5458710701,-84.7901783292)) ;
#323=CARTESIAN_POINT('Control Point',(-5.19016661072,24.4132235068,-85.1285702789)) ;
#324=CARTESIAN_POINT('Control Point',(-5.18953498944,24.3320725549,-85.2168461065)) ;
#325=CARTESIAN_POINT('Control Point',(-5.18869751172,24.2244730858,-85.2808381473)) ;
#326=CARTESIAN_POINT('Control Point',(-5.18772894242,24.1000309184,-85.3096820337)) ;
#327=CARTESIAN_POINT('Control Point',(-5.18578686663,23.8505122525,-85.2894897773)) ;
#328=CARTESIAN_POINT('Control Point',(-5.1842507843,23.6531557868,-85.1354796173)) ;
#329=CARTESIAN_POINT('Control Point',(-5.18368967485,23.5810642221,-85.0300222686)) ;
#330=CARTESIAN_POINT('Control Point',(-5.18341021359,23.5451589289,-84.9100887026)) ;
#331=CARTESIAN_POINT('Control Point',(-5.18341021359,23.5451589291,-84.7901783292)) ;
#333=CARTESIAN_POINT('Control Point',(-4.19122355486,24.5529116936,-83.5075076367)) ;
#334=CARTESIAN_POINT('Control Point',(-4.19122103028,24.5525873343,-83.5114944887)) ;
#335=CARTESIAN_POINT('Control Point',(-4.19121850569,24.552262975,-83.5154813407)) ;
#336=CARTESIAN_POINT('Control Point',(-4.19123865535,24.5519382919,-83.5194681922)) ;
#337=CARTESIAN_POINT('Control Point',(-4.19129455572,24.5510383836,-83.5305216999)) ;
#338=CARTESIAN_POINT('Control Point',(-4.19140855791,24.5501380217,-83.5415752246)) ;
#339=CARTESIAN_POINT('Control Point',(-4.19150521777,24.5495622539,-83.5486415152)) ;
#340=CARTESIAN_POINT('Control Point',(-4.194126533,24.5370256304,-83.7024515617)) ;
#341=CARTESIAN_POINT('Control Point',(-4.20801406674,24.5244206767,-83.8560261051)) ;
#342=CARTESIAN_POINT('Control Point',(-4.23159120076,24.5124174796,-84.0012777003)) ;
#343=CARTESIAN_POINT('Control Point',(-4.28050229689,24.4955051245,-84.2044285915)) ;
#344=CARTESIAN_POINT('Control Point',(-4.35402964232,24.4790710595,-84.3993537711)) ;
#345=CARTESIAN_POINT('Control Point',(-4.37793836735,24.4742801648,-84.4559418401)) ;
#346=CARTESIAN_POINT('Control Point',(-4.41620125084,24.4673998579,-84.5368321048)) ;
#347=CARTESIAN_POINT('Control Point',(-4.45979240932,24.4607071281,-84.6149092836)) ;
#348=CARTESIAN_POINT('Control Point',(-4.47398163059,24.4586313986,-84.6390605078)) ;
#349=CARTESIAN_POINT('Control Point',(-4.50344939107,24.4545274562,-84.6866743892)) ;
#350=CARTESIAN_POINT('Control Point',(-4.53518702196,24.4505257756,-84.7328152588)) ;
#351=CARTESIAN_POINT('Control Point',(-4.5516527296,24.4485516817,-84.7554997626)) ;
#352=CARTESIAN_POINT('Control Point',(-4.58416548864,24.444851115,-84.7978653114)) ;
#353=CARTESIAN_POINT('Control Point',(-4.61891252045,24.441280169,-84.8384251118)) ;
#354=CARTESIAN_POINT('Control Point',(-4.63597090024,24.4396125269,-84.8572869767)) ;
#355=CARTESIAN_POINT('Control Point',(-4.67111087661,24.4363516381,-84.893998095)) ;
#356=CARTESIAN_POINT('Control Point',(-4.70838723576,24.4332496966,-84.9285524793)) ;
#357=CARTESIAN_POINT('Control Point',(-4.72756930198,24.431742241,-84.9452427014)) ;
#358=CARTESIAN_POINT('Control Point',(-4.7654862884,24.4289377368,-84.9760797256)) ;
#359=CARTESIAN_POINT('Control Point',(-4.80540289974,24.4263313687,-85.0042915341)) ;
#360=CARTESIAN_POINT('Control Point',(-4.825010669,24.4251305904,-85.0171723004)) ;
#361=CARTESIAN_POINT('Control Point',(-4.86512086772,24.4228376109,-85.0415135401)) ;
#362=CARTESIAN_POINT('Control Point',(-4.90695091163,24.4207808933,-85.0627877395)) ;
#363=CARTESIAN_POINT('Control Point',(-4.92828732158,24.4198159251,-85.0726052914)) ;
#364=CARTESIAN_POINT('Control Point',(-4.99121423751,24.4172198661,-85.0984885689)) ;
#365=CARTESIAN_POINT('Control Point',(-5.05701695754,24.4152420899,-85.1165003016)) ;
#366=CARTESIAN_POINT('Control Point',(-5.10105617982,24.4142444535,-85.1245472177)) ;
#367=CARTESIAN_POINT('Control Point',(-5.1456101935,24.4135703023,-85.1285702789)) ;
#368=CARTESIAN_POINT('Control Point',(-5.19016661072,24.4132235068,-85.1285702789)) ;
#369=CARTESIAN_POINT('Vertex',(-5.19016661003,24.4132235012,-85.128570285)) ;
#373=CARTESIAN_POINT('Control Point',(-5.19016661072,24.4132235068,-85.1285702789)) ;
#374=CARTESIAN_POINT('Control Point',(-5.18890336816,24.2509216031,-85.305121934)) ;
#375=CARTESIAN_POINT('Control Point',(-5.1868113961,23.9821442044,-85.3870941057)) ;
#376=CARTESIAN_POINT('Control Point',(-5.18451850133,23.687552176,-85.2722552176)) ;
#377=CARTESIAN_POINT('Control Point',(-5.18341021359,23.5451589286,-85.0299990761)) ;
#378=CARTESIAN_POINT('Control Point',(-5.18341021359,23.5451589291,-84.7901783292)) ;
#386=CARTESIAN_POINT('Axis2P3D Location',(-5.2170847465,27.8716762491,-79.8888964392)) ;
#391=CARTESIAN_POINT('Axis2P3D Location',(-5.19643365525,25.2184158698,-82.7751072645)) ;
#395=CARTESIAN_POINT('Vertex',(-5.20216339696,25.9545753142,-83.4518911611)) ;
#398=CARTESIAN_POINT('Line Origine',(-5.2228144879,28.6078356929,-80.5656803363)) ;
#410=CARTESIAN_POINT('Axis2P3D Location',(-5.19586068117,25.1447999327,-82.707428867)) ;
#415=CARTESIAN_POINT('Axis2P3D Location',(-5.19662919266,25.243538593,-82.7232429862)) ;
#419=CARTESIAN_POINT('Vertex',(-5.20431430754,26.2309251953,-82.881384178)) ;
#422=CARTESIAN_POINT('Axis2P3D Location',(-5.19586068117,25.1447999327,-82.707428867)) ;
#434=CARTESIAN_POINT('Axis2P3D Location',(-5.22047517026,28.307279236,-63.592933338)) ;
#439=CARTESIAN_POINT('Axis2P3D Location',(-5.24292725803,31.1919323623,-45.5808644448)) ;
#443=CARTESIAN_POINT('Vertex',(-5.25061237337,32.1793190484,-45.739005115)) ;
#446=CARTESIAN_POINT('Line Origine',(-5.22816028579,29.294665922,-63.7510740077)) ;
#458=CARTESIAN_POINT('Axis2P3D Location',(-5.23908470013,30.6982390018,-45.501794221)) ;
#463=CARTESIAN_POINT('Axis2P3D Location',(-5.24204602282,31.078710913,-45.1773988521)) ;
#467=CARTESIAN_POINT('Vertex',(-5.24796866817,31.8396547355,-44.5286081146)) ;
#470=CARTESIAN_POINT('Axis2P3D Location',(-5.23908470013,30.6982390018,-45.501794221)) ;
#482=CARTESIAN_POINT('Axis2P3D Location',(-5.2170847465,27.8716762491,-41.4157547808)) ;
#487=CARTESIAN_POINT('Line Origine',(-5.22300739063,28.6326199114,-40.7669638552)) ;
#499=CARTESIAN_POINT('Axis2P3D Location',(-0.225260580001,28.941568501,-43.395688345)) ;
#504=CARTESIAN_POINT('Line Origine',(-0.225260579959,28.941568501,-41.895688345)) ;
#508=CARTESIAN_POINT('Vertex',(-11.6636858766,28.8525401648,-41.895688345)) ;
#512=CARTESIAN_POINT('Control Point',(-11.5757952009,29.9947082717,-42.4225015079)) ;
#513=CARTESIAN_POINT('Control Point',(-11.5895865009,29.9281911982,-42.3446119717)) ;
#514=CARTESIAN_POINT('Control Point',(-11.6023291477,29.854950732,-42.2722840173)) ;
#515=CARTESIAN_POINT('Control Point',(-11.6138421826,29.7758368625,-42.206512608)) ;
#516=CARTESIAN_POINT('Control Point',(-11.6266059331,29.6689762941,-42.1320896211)) ;
#517=CARTESIAN_POINT('Control Point',(-11.6371216145,29.5546993215,-42.0696427991)) ;
#518=CARTESIAN_POINT('Control Point',(-11.6390536479,29.532224065,-42.0579458848)) ;
#519=CARTESIAN_POINT('Control Point',(-11.6432928612,29.4800754342,-42.0324120347)) ;
#520=CARTESIAN_POINT('Control Point',(-11.6471314693,29.4268677149,-42.0094708187)) ;
#521=CARTESIAN_POINT('Control Point',(-11.6485645437,29.4057761588,-42.0009744307)) ;
#522=CARTESIAN_POINT('Control Point',(-11.6524467341,29.3440154808,-41.9774801538)) ;
#523=CARTESIAN_POINT('Control Point',(-11.6556906317,29.2812673015,-41.9574777235)) ;
#524=CARTESIAN_POINT('Control Point',(-11.6573473138,29.244470246,-41.9470205451)) ;
#525=CARTESIAN_POINT('Control Point',(-11.6597326467,29.1824833199,-41.9315211099)) ;
#526=CARTESIAN_POINT('Control Point',(-11.6614921794,29.1195653572,-41.919308724)) ;
#527=CARTESIAN_POINT('Control Point',(-11.6621058104,29.09385023,-41.9149162608)) ;
#528=CARTESIAN_POINT('Control Point',(-11.6633157902,29.0328173442,-41.9057272492)) ;
#529=CARTESIAN_POINT('Control Point',(-11.6638861117,28.9696738159,-41.8995348541)) ;
#530=CARTESIAN_POINT('Control Point',(-11.6640726712,28.929447068,-41.8969209027)) ;
#531=CARTESIAN_POINT('Control Point',(-11.6639851983,28.8909974861,-41.8956883509)) ;
#532=CARTESIAN_POINT('Control Point',(-11.6636858777,28.8525401641,-41.895688345)) ;
#533=CARTESIAN_POINT('Vertex',(-11.5757952039,29.9947086491,-42.4225019506)) ;
#536=CARTESIAN_POINT('Line Origine',(-0.234144546092,30.0829839893,-42.4225019506)) ;
#548=CARTESIAN_POINT('Axis2P3D Location',(13.6871108876,29.6667048454,-41.895688345)) ;
#553=CARTESIAN_POINT('Line Origine',(-8.41125994111,24.6200689621,-41.895688345)) ;
#557=CARTESIAN_POINT('Vertex',(-11.6305483096,24.595012311,-41.895688345)) ;
#560=CARTESIAN_POINT('Line Origine',(-11.6471170935,26.7237762383,-41.895688345)) ;
#572=CARTESIAN_POINT('Axis2P3D Location',(-0.19212301365,24.6840408761,-42.995688345)) ;
#577=CARTESIAN_POINT('Line Origine',(-0.183561656624,23.5840741934,-42.995688345)) ;
#581=CARTESIAN_POINT('Vertex',(-11.3965391424,23.4968003536,-42.995688343)) ;
#585=CARTESIAN_POINT('Control Point',(-11.6305483096,24.595012311,-41.895688345)) ;
#586=CARTESIAN_POINT('Control Point',(-11.6289588891,24.3908029265,-41.895688345)) ;
#587=CARTESIAN_POINT('Control Point',(-11.6175561404,24.1865719147,-41.9430792529)) ;
#588=CARTESIAN_POINT('Control Point',(-11.5965701303,23.9968510198,-42.038739748)) ;
#589=CARTESIAN_POINT('Control Point',(-11.564414857,23.8188427675,-42.189062384)) ;
#590=CARTESIAN_POINT('Control Point',(-11.5254975632,23.6880019597,-42.3737484904)) ;
#591=CARTESIAN_POINT('Control Point',(-11.5213611728,23.6748483005,-42.3935451352)) ;
#592=CARTESIAN_POINT('Control Point',(-11.5110365353,23.6437679523,-42.4428888208)) ;
#593=CARTESIAN_POINT('Control Point',(-11.5004100721,23.6163649049,-42.4935444033)) ;
#594=CARTESIAN_POINT('Control Point',(-11.4932589702,23.5994663002,-42.5277666425)) ;
#595=CARTESIAN_POINT('Control Point',(-11.4780973535,23.5676325419,-42.6005379162)) ;
#596=CARTESIAN_POINT('Control Point',(-11.462116488,23.5419966146,-42.6775735428)) ;
#597=CARTESIAN_POINT('Control Point',(-11.4552810388,23.5327407864,-42.7107011555)) ;
#598=CARTESIAN_POINT('Control Point',(-11.4388850315,23.5139652916,-42.7899154057)) ;
#599=CARTESIAN_POINT('Control Point',(-11.4221537974,23.5025391519,-42.8709665372)) ;
#600=CARTESIAN_POINT('Control Point',(-11.41366395,23.4986469484,-42.9122083132)) ;
#601=CARTESIAN_POINT('Control Point',(-11.4050939006,23.4967337695,-42.9539481538)) ;
#602=CARTESIAN_POINT('Control Point',(-11.3965391424,23.4968003536,-42.995688343)) ;
#611=CARTESIAN_POINT('Axis2P3D Location',(13.4630732907,23.6902898915,-38.6251715949)) ;
#616=CARTESIAN_POINT('Line Origine',(-5.67262018484,23.5413512667,-84.7901783293)) ;
#620=CARTESIAN_POINT('Vertex',(-6.16183015656,23.5375436035,-84.7901783293)) ;
#623=CARTESIAN_POINT('Line Origine',(-8.77918464967,23.517171979,-63.8929333357)) ;
#635=CARTESIAN_POINT('Axis2P3D Location',(-0.18745318194,24.0840590492,-84.790178331)) ;
#640=CARTESIAN_POINT('Line Origine',(-0.190318053588,24.4521387716,-85.128570279)) ;
#644=CARTESIAN_POINT('Vertex',(-6.06686692098,24.4063998892,-85.1285702855)) ;
#648=CARTESIAN_POINT('Control Point',(-6.0154056786,24.038698413,-85.290178331)) ;
#649=CARTESIAN_POINT('Control Point',(-6.01620795939,24.142702613,-85.290178331)) ;
#650=CARTESIAN_POINT('Control Point',(-6.02624252814,24.2506942538,-85.2599682397)) ;
#651=CARTESIAN_POINT('Control Point',(-6.04412399645,24.3386372554,-85.2024704102)) ;
#652=CARTESIAN_POINT('Control Point',(-6.06686692167,24.4063998953,-85.1285702795)) ;
#653=CARTESIAN_POINT('Vertex',(-6.01540567836,24.0386983996,-85.290236428)) ;
#657=CARTESIAN_POINT('Control Point',(-6.16183015522,23.5375436044,-84.7901783306)) ;
#658=CARTESIAN_POINT('Control Point',(-6.10329462474,23.5379992032,-84.9849092005)) ;
#659=CARTESIAN_POINT('Control Point',(-6.04460297183,23.641187169,-85.1826878629)) ;
#660=CARTESIAN_POINT('Control Point',(-6.01386903715,23.8394948803,-85.2901783257)) ;
#661=CARTESIAN_POINT('Control Point',(-6.0154056785,24.0386983996,-85.290178331)) ;
#671=CARTESIAN_POINT('Axis2P3D Location',(7.30722672631,24.1736314048,-85.4949868287)) ;
#676=CARTESIAN_POINT('Line Origine',(-5.74551461402,25.9503462543,-83.4518911617)) ;
#680=CARTESIAN_POINT('Vertex',(-6.28886583168,25.9461171955,-83.4518911611)) ;
#683=CARTESIAN_POINT('Line Origine',(-6.17786637618,25.176258542,-84.2902307236)) ;
#695=CARTESIAN_POINT('Axis2P3D Location',(-0.196012070594,25.1837151974,-82.707428867)) ;
#700=CARTESIAN_POINT('Line Origine',(-0.204465696588,26.26984046,-82.881384178)) ;
#704=CARTESIAN_POINT('Vertex',(-6.40794349944,26.2215570019,-82.881384178)) ;
#708=CARTESIAN_POINT('Control Point',(-6.28886583541,25.9461176738,-83.4518906408)) ;
#709=CARTESIAN_POINT('Control Point',(-6.30936412417,26.0348041837,-83.3552498297)) ;
#710=CARTESIAN_POINT('Control Point',(-6.33289944501,26.107435539,-83.2442946232)) ;
#711=CARTESIAN_POINT('Control Point',(-6.3536978424,26.1583590528,-83.1433854539)) ;
#712=CARTESIAN_POINT('Control Point',(-6.38134677105,26.201105481,-83.0103699055)) ;
#713=CARTESIAN_POINT('Control Point',(-6.40794349944,26.2215570019,-82.881384178)) ;
#722=CARTESIAN_POINT('Axis2P3D Location',(13.018114097,25.7432654605,-86.8117469246)) ;
#727=CARTESIAN_POINT('Line Origine',(-8.17844590727,32.1565308749,-45.7390051145)) ;
#731=CARTESIAN_POINT('Vertex',(-11.1062794042,32.1337427375,-45.7390051162)) ;
#734=CARTESIAN_POINT('Line Origine',(-8.75711147003,29.1776498518,-64.310194646)) ;
#746=CARTESIAN_POINT('Axis2P3D Location',(-0.239236116955,30.7371542662,-45.501794221)) ;
#751=CARTESIAN_POINT('Line Origine',(-0.248120084405,31.8785699998,-44.5286081144)) ;
#755=CARTESIAN_POINT('Vertex',(-11.3259834446,31.7923477869,-44.5286081201)) ;
#759=CARTESIAN_POINT('Control Point',(-11.1062794412,32.1337427598,-45.739004752)) ;
#760=CARTESIAN_POINT('Control Point',(-11.1157471495,32.141868021,-45.68781266)) ;
#761=CARTESIAN_POINT('Control Point',(-11.1252584671,32.1477790086,-45.6362799533)) ;
#762=CARTESIAN_POINT('Control Point',(-11.1344709228,32.1511989936,-45.5862662987)) ;
#763=CARTESIAN_POINT('Control Point',(-11.1568993696,32.1549106712,-45.4644697919)) ;
#764=CARTESIAN_POINT('Control Point',(-11.1790382592,32.146351765,-45.3436938839)) ;
#765=CARTESIAN_POINT('Control Point',(-11.1933748629,32.1362537246,-45.2650601775)) ;
#766=CARTESIAN_POINT('Control Point',(-11.2311976651,32.0943741696,-45.0570468841)) ;
#767=CARTESIAN_POINT('Control Point',(-11.2671915796,32.0161610921,-44.8580327012)) ;
#768=CARTESIAN_POINT('Control Point',(-11.2882123698,31.954715861,-44.7417008995)) ;
#769=CARTESIAN_POINT('Control Point',(-11.3079525806,31.8793124929,-44.6304413519)) ;
#770=CARTESIAN_POINT('Control Point',(-11.3259834369,31.7923477923,-44.5286081144)) ;
#779=CARTESIAN_POINT('Axis2P3D Location',(-14.0519205599,32.1254636637,-44.9441921738)) ;
#784=CARTESIAN_POINT('Line Origine',(-11.4508893193,30.8935280321,-43.4755548116)) ;
#796=CARTESIAN_POINT('Axis2P3D Location',(-10.0419709714,31.5214566491,-45.8974181479)) ;
#801=CARTESIAN_POINT('Line Origine',(-11.9251440683,30.2583353978,-42.2389229543)) ;
#805=CARTESIAN_POINT('Vertex',(-12.2744929473,30.5219625142,-42.0553444094)) ;
#808=CARTESIAN_POINT('Line Origine',(-12.1495870383,31.4207826258,-43.1083981235)) ;
#812=CARTESIAN_POINT('Vertex',(-12.0246811292,32.3196027374,-44.1614518376)) ;
#815=CARTESIAN_POINT('Line Origine',(-11.6753322869,32.0559752621,-44.3450299788)) ;
#828=CARTESIAN_POINT('Control Point',(-11.4180526499,29.9413448601,-42.567392078)) ;
#829=CARTESIAN_POINT('Control Point',(-11.7471197593,30.2031244034,-42.411439759)) ;
#830=CARTESIAN_POINT('Control Point',(-12.0761868687,30.4649039467,-42.255487439)) ;
#831=CARTESIAN_POINT('Control Point',(-12.4052539781,30.7266834901,-42.09953512)) ;
#832=CARTESIAN_POINT('Control Point',(-11.4227182754,29.9236163651,-42.543768008)) ;
#833=CARTESIAN_POINT('Control Point',(-11.7517568139,30.1810556207,-42.382026025)) ;
#834=CARTESIAN_POINT('Control Point',(-12.0807953523,30.4384948763,-42.220284042)) ;
#835=CARTESIAN_POINT('Control Point',(-12.4098338908,30.6959341319,-42.05854206)) ;
#836=CARTESIAN_POINT('Control Point',(-11.4473845016,29.8234322865,-42.418615926)) ;
#837=CARTESIAN_POINT('Control Point',(-11.776253372,30.0564061984,-42.22626286)) ;
#838=CARTESIAN_POINT('Control Point',(-12.1051222423,30.2893801104,-42.033909794)) ;
#839=CARTESIAN_POINT('Control Point',(-12.4339911126,30.5223540224,-41.841556728)) ;
#840=CARTESIAN_POINT('Control Point',(-11.4853254759,29.6028276482,-42.223494218)) ;
#841=CARTESIAN_POINT('Control Point',(-11.813758764,29.782388734,-41.983877338)) ;
#842=CARTESIAN_POINT('Control Point',(-12.1421920522,29.9619498199,-41.744260458)) ;
#843=CARTESIAN_POINT('Control Point',(-12.4706253403,30.1415109057,-41.504643578)) ;
#844=CARTESIAN_POINT('Control Point',(-11.5166501023,29.2277230599,-42.055041953)) ;
#845=CARTESIAN_POINT('Control Point',(-11.8443810333,29.3161073868,-41.774405438)) ;
#846=CARTESIAN_POINT('Control Point',(-12.1721119642,29.4044917137,-41.493768923)) ;
#847=CARTESIAN_POINT('Control Point',(-12.4998428951,29.4928760406,-41.213132407)) ;
#848=CARTESIAN_POINT('Control Point',(-11.521975458,28.9503817534,-42.018222534)) ;
#849=CARTESIAN_POINT('Control Point',(-11.8491797334,28.9713342453,-41.728650276)) ;
#850=CARTESIAN_POINT('Control Point',(-12.176384009,28.9922867373,-41.439078018)) ;
#851=CARTESIAN_POINT('Control Point',(-12.5035882844,29.0132392292,-41.14950576)) ;
#852=CARTESIAN_POINT('Control Point',(-11.5197749802,28.7937306383,-42.023049889)) ;
#853=CARTESIAN_POINT('Control Point',(-11.8466832852,28.7766261684,-41.734649186)) ;
#854=CARTESIAN_POINT('Control Point',(-12.1735915902,28.7595216985,-41.446248484)) ;
#855=CARTESIAN_POINT('Control Point',(-12.5004998952,28.7424172286,-41.157847781)) ;
#856=CARTESIAN_POINT('Control Point',(-11.5191731722,28.763551891,-42.024855085)) ;
#857=CARTESIAN_POINT('Control Point',(-11.8460245475,28.7391171873,-41.736892181)) ;
#858=CARTESIAN_POINT('Control Point',(-12.1728759228,28.7146824837,-41.448929278)) ;
#859=CARTESIAN_POINT('Control Point',(-12.499727298,28.69024778,-41.160966374)) ;
#861=CARTESIAN_POINT('Control Point',(-11.663685877,28.8525401648,-41.8956883454)) ;
#862=CARTESIAN_POINT('Control Point',(-11.8952031648,28.8507382345,-41.6913540271)) ;
#863=CARTESIAN_POINT('Control Point',(-12.1267204527,28.8489363043,-41.487019709)) ;
#864=CARTESIAN_POINT('Control Point',(-12.3582377405,28.847134374,-41.2826853907)) ;
#865=CARTESIAN_POINT('Vertex',(-12.358237742,28.8471345417,-41.282685391)) ;
#869=CARTESIAN_POINT('Control Point',(-12.2744928352,30.5219633205,-42.0553453545)) ;
#870=CARTESIAN_POINT('Control Point',(-12.2936639583,30.3840083502,-41.8937179141)) ;
#871=CARTESIAN_POINT('Control Point',(-12.3267504852,30.062851628,-41.6096111472)) ;
#872=CARTESIAN_POINT('Control Point',(-12.3562757175,29.454158034,-41.3360692088)) ;
#873=CARTESIAN_POINT('Control Point',(-12.3598304222,29.051762759,-41.2826853906)) ;
#874=CARTESIAN_POINT('Control Point',(-12.3582377378,28.8471340383,-41.2826853907)) ;
#883=CARTESIAN_POINT('Axis2P3D Location',(-11.3968374968,29.4714695383,-42.1354426235)) ;
#888=CARTESIAN_POINT('Line Origine',(-11.9778242407,24.5923093615,-41.5891868678)) ;
#892=CARTESIAN_POINT('Vertex',(-12.3251001717,24.5896064134,-41.2826853908)) ;
#895=CARTESIAN_POINT('Line Origine',(-12.3416689572,26.7183704771,-41.2826853905)) ;
#908=CARTESIAN_POINT('Control Point',(-11.4870606905,24.679953056,-42.025869969)) ;
#909=CARTESIAN_POINT('Control Point',(-11.8143069464,24.7062738879,-41.738536404)) ;
#910=CARTESIAN_POINT('Control Point',(-12.1415532023,24.7325947199,-41.451202838)) ;
#911=CARTESIAN_POINT('Control Point',(-12.4687994581,24.7589155518,-41.163869273)) ;
#912=CARTESIAN_POINT('Control Point',(-11.4874341044,24.6521250514,-42.023369214)) ;
#913=CARTESIAN_POINT('Control Point',(-11.8146058205,24.6688694447,-41.735173188)) ;
#914=CARTESIAN_POINT('Control Point',(-12.1417775366,24.685613838,-41.446977161)) ;
#915=CARTESIAN_POINT('Control Point',(-12.4689492528,24.7023582313,-41.158781135)) ;
#916=CARTESIAN_POINT('Control Point',(-11.4877789982,24.5248611796,-42.017708996)) ;
#917=CARTESIAN_POINT('Control Point',(-11.8146095907,24.4977786071,-41.727560852)) ;
#918=CARTESIAN_POINT('Control Point',(-12.1414401833,24.4706960345,-41.437412707)) ;
#919=CARTESIAN_POINT('Control Point',(-12.4682707758,24.443613462,-41.147264563)) ;
#920=CARTESIAN_POINT('Control Point',(-11.4775706655,24.2970100448,-42.053460439)) ;
#921=CARTESIAN_POINT('Control Point',(-11.8037890515,24.1912663306,-41.775642393)) ;
#922=CARTESIAN_POINT('Control Point',(-12.1300074376,24.0855226164,-41.497824347)) ;
#923=CARTESIAN_POINT('Control Point',(-12.4562258238,23.9797789021,-41.220006301)) ;
#924=CARTESIAN_POINT('Control Point',(-11.4429386309,24.0263233737,-42.19131848)) ;
#925=CARTESIAN_POINT('Control Point',(-11.7684297121,23.8271534625,-41.961048036)) ;
#926=CARTESIAN_POINT('Control Point',(-12.0939207933,23.6279835513,-41.730777592)) ;
#927=CARTESIAN_POINT('Control Point',(-12.4194118746,23.4288136401,-41.500507148)) ;
#928=CARTESIAN_POINT('Control Point',(-11.3907688519,23.8114738417,-42.405353489)) ;
#929=CARTESIAN_POINT('Control Point',(-11.7156826155,23.5380631175,-42.24889748)) ;
#930=CARTESIAN_POINT('Control Point',(-12.0405963791,23.2646523933,-42.092441472)) ;
#931=CARTESIAN_POINT('Control Point',(-12.3655101427,22.991241669,-41.935985463)) ;
#932=CARTESIAN_POINT('Control Point',(-11.3246105327,23.6720718263,-42.681163957)) ;
#933=CARTESIAN_POINT('Control Point',(-11.6491467982,23.3504090374,-42.619850911)) ;
#934=CARTESIAN_POINT('Control Point',(-11.9736830636,23.0287462484,-42.558537866)) ;
#935=CARTESIAN_POINT('Control Point',(-12.2982193291,22.7070834594,-42.497224821)) ;
#936=CARTESIAN_POINT('Control Point',(-11.2711489212,23.6379058045,-42.906643236)) ;
#937=CARTESIAN_POINT('Control Point',(-11.5955978557,23.3043162007,-42.923045922)) ;
#938=CARTESIAN_POINT('Control Point',(-11.9200467902,22.970726597,-42.939448608)) ;
#939=CARTESIAN_POINT('Control Point',(-12.2444957249,22.6371369932,-42.955851294)) ;
#940=CARTESIAN_POINT('Control Point',(-11.241328129,23.6435869286,-43.033215986)) ;
#941=CARTESIAN_POINT('Control Point',(-11.5657854229,23.3118766455,-43.093330352)) ;
#942=CARTESIAN_POINT('Control Point',(-11.8902427168,22.9801663624,-43.153444718)) ;
#943=CARTESIAN_POINT('Control Point',(-12.2147000106,22.6484560793,-43.213559084)) ;
#944=CARTESIAN_POINT('Control Point',(-11.23482134,23.6460128794,-43.060871831)) ;
#945=CARTESIAN_POINT('Control Point',(-11.5592830276,23.3151218238,-43.130542728)) ;
#946=CARTESIAN_POINT('Control Point',(-11.8837447153,22.9842307683,-43.200213625)) ;
#947=CARTESIAN_POINT('Control Point',(-12.208206403,22.6533397127,-43.269884522)) ;
#949=CARTESIAN_POINT('Control Point',(-11.3965391426,23.4968003538,-42.995688343)) ;
#950=CARTESIAN_POINT('Control Point',(-11.6262403846,23.261672122,-43.0246873575)) ;
#951=CARTESIAN_POINT('Control Point',(-11.8559416265,23.0265438901,-43.0536863719)) ;
#952=CARTESIAN_POINT('Control Point',(-12.0856428685,22.7914156583,-43.0826853864)) ;
#953=CARTESIAN_POINT('Vertex',(-12.0856428679,22.7914156589,-43.082685387)) ;
#957=CARTESIAN_POINT('Control Point',(-12.3251001717,24.5896064134,-41.2826853908)) ;
#958=CARTESIAN_POINT('Control Point',(-12.3236434359,24.4024444163,-41.2826853909)) ;
#959=CARTESIAN_POINT('Control Point',(-12.3133212379,24.0261014343,-41.3417084321)) ;
#960=CARTESIAN_POINT('Control Point',(-12.276825895,23.5160628415,-41.6013803784)) ;
#961=CARTESIAN_POINT('Control Point',(-12.2231770653,23.1110131104,-42.0045232343)) ;
#962=CARTESIAN_POINT('Control Point',(-12.1560516201,22.8479924014,-42.524083869)) ;
#963=CARTESIAN_POINT('Control Point',(-12.1089717776,22.7912340826,-42.8964248212)) ;
#964=CARTESIAN_POINT('Control Point',(-12.085642868,22.7914156583,-43.0826853906)) ;
#973=CARTESIAN_POINT('Axis2P3D Location',(-8.62337689593,26.9072564583,-38.0806154792)) ;
#978=CARTESIAN_POINT('Line Origine',(-6.50638201903,23.1848512566,-84.8336768491)) ;
#982=CARTESIAN_POINT('Vertex',(-6.85093388149,22.8321589096,-84.8771753689)) ;
#985=CARTESIAN_POINT('Line Origine',(-9.46828837543,22.8117872836,-63.979930377)) ;
#998=CARTESIAN_POINT('Control Point',(-6.05721230678,23.6802654516,-84.704658444)) ;
#999=CARTESIAN_POINT('Control Point',(-6.37566098315,23.3603903227,-84.683621256)) ;
#1000=CARTESIAN_POINT('Control Point',(-6.69410965952,23.0405151937,-84.662584068)) ;
#1001=CARTESIAN_POINT('Control Point',(-7.01255833589,22.7206400648,-84.64154688)) ;
#1002=CARTESIAN_POINT('Control Point',(-6.047913367,23.6757938867,-84.727111419)) ;
#1003=CARTESIAN_POINT('Control Point',(-6.3663148497,23.3518918874,-84.726148068)) ;
#1004=CARTESIAN_POINT('Control Point',(-6.6847163325,23.0279898881,-84.725184717)) ;
#1005=CARTESIAN_POINT('Control Point',(-7.00311781529,22.7040878888,-84.724221365)) ;
#1006=CARTESIAN_POINT('Control Point',(-6.02127032976,23.6697141304,-84.791619617)) ;
#1007=CARTESIAN_POINT('Control Point',(-6.33960432064,23.3402403751,-84.848094826)) ;
#1008=CARTESIAN_POINT('Control Point',(-6.65793831152,23.0107666198,-84.904570034)) ;
#1009=CARTESIAN_POINT('Control Point',(-6.97627230241,22.6812928645,-84.961045242)) ;
#1010=CARTESIAN_POINT('Control Point',(-5.97711726336,23.6885993839,-84.899197374)) ;
#1011=CARTESIAN_POINT('Control Point',(-6.2955938929,23.3755579387,-85.050859178)) ;
#1012=CARTESIAN_POINT('Control Point',(-6.61407052244,23.0625164935,-85.202520982)) ;
#1013=CARTESIAN_POINT('Control Point',(-6.93254715208,22.7494750482,-85.354182786)) ;
#1014=CARTESIAN_POINT('Control Point',(-5.93166481448,23.7526105522,-85.01073742)) ;
#1015=CARTESIAN_POINT('Control Point',(-6.25057602108,23.4959873022,-85.261308615)) ;
#1016=CARTESIAN_POINT('Control Point',(-6.56948722778,23.2393640521,-85.51187981)) ;
#1017=CARTESIAN_POINT('Control Point',(-6.88839843438,22.9827408021,-85.762451005)) ;
#1018=CARTESIAN_POINT('Control Point',(-5.89834463204,23.8498007921,-85.093464457)) ;
#1019=CARTESIAN_POINT('Control Point',(-6.21792531408,23.6790799729,-85.417348391)) ;
#1020=CARTESIAN_POINT('Control Point',(-6.53750599621,23.5083591537,-85.741232325)) ;
#1021=CARTESIAN_POINT('Control Point',(-6.85708667824,23.3376383345,-86.065116259)) ;
#1022=CARTESIAN_POINT('Control Point',(-5.88070633792,23.9684398826,-85.138527581)) ;
#1023=CARTESIAN_POINT('Control Point',(-6.20110561196,23.9027566657,-85.502340143)) ;
#1024=CARTESIAN_POINT('Control Point',(-6.52150488589,23.8370734487,-85.866152705)) ;
#1025=CARTESIAN_POINT('Control Point',(-6.84190415983,23.7713902318,-86.229965266)) ;
#1026=CARTESIAN_POINT('Control Point',(-5.88045020974,24.0953848096,-85.141536157)) ;
#1027=CARTESIAN_POINT('Control Point',(-6.2017196477,24.1421542751,-85.508070925)) ;
#1028=CARTESIAN_POINT('Control Point',(-6.52298908556,24.1889237406,-85.874605693)) ;
#1029=CARTESIAN_POINT('Control Point',(-6.84425852353,24.2356932062,-86.241140462)) ;
#1030=CARTESIAN_POINT('Control Point',(-5.89849305913,24.2175967395,-85.100089007)) ;
#1031=CARTESIAN_POINT('Control Point',(-6.2206272959,24.3729966265,-85.429677407)) ;
#1032=CARTESIAN_POINT('Control Point',(-6.54276153277,24.5283965136,-85.759265807)) ;
#1033=CARTESIAN_POINT('Control Point',(-6.86489576954,24.6837964006,-86.088854208)) ;
#1034=CARTESIAN_POINT('Control Point',(-5.92602757176,24.2999858822,-85.034657937)) ;
#1035=CARTESIAN_POINT('Control Point',(-6.2486644558,24.5279681286,-85.306935103)) ;
#1036=CARTESIAN_POINT('Control Point',(-6.57130133973,24.7559503751,-85.579212269)) ;
#1037=CARTESIAN_POINT('Control Point',(-6.89393822376,24.9839326215,-85.851489434)) ;
#1038=CARTESIAN_POINT('Control Point',(-5.9471559282,24.3379362466,-84.984329006)) ;
#1039=CARTESIAN_POINT('Control Point',(-6.27016979047,24.600761288,-85.210841562)) ;
#1040=CARTESIAN_POINT('Control Point',(-6.59318365283,24.8635863294,-85.437354117)) ;
#1041=CARTESIAN_POINT('Control Point',(-6.9161975152,25.1264113709,-85.663866672)) ;
#1042=CARTESIAN_POINT('Control Point',(-5.95545880944,24.3501862164,-84.964576329)) ;
#1043=CARTESIAN_POINT('Control Point',(-6.27863754914,24.62467021,-85.172770783)) ;
#1044=CARTESIAN_POINT('Control Point',(-6.60181628874,24.8991542036,-85.380965237)) ;
#1045=CARTESIAN_POINT('Control Point',(-6.92499502834,25.1736381972,-85.589159691)) ;
#1047=CARTESIAN_POINT('Control Point',(-6.06686691941,24.4063998891,-85.128570286)) ;
#1048=CARTESIAN_POINT('Control Point',(-6.29972114672,24.5763684572,-85.315485547)) ;
#1049=CARTESIAN_POINT('Control Point',(-6.53257537402,24.7463370254,-85.5024008077)) ;
#1050=CARTESIAN_POINT('Control Point',(-6.76542960135,24.9163055935,-85.6893160682)) ;
#1051=CARTESIAN_POINT('Vertex',(-6.76542960182,24.916305594,-85.6893160683)) ;
#1055=CARTESIAN_POINT('Control Point',(-6.85093388116,22.832158909,-84.8771753757)) ;
#1056=CARTESIAN_POINT('Control Point',(-6.83374486741,22.8322926961,-85.0144143444)) ;
#1057=CARTESIAN_POINT('Control Point',(-6.79949627788,22.8802552502,-85.2908226091)) ;
#1058=CARTESIAN_POINT('Control Point',(-6.75516600573,23.0899510165,-85.6577691745)) ;
#1059=CARTESIAN_POINT('Control Point',(-6.72357456096,23.4089608496,-85.9298063601)) ;
#1060=CARTESIAN_POINT('Control Point',(-6.70805005712,23.7988308934,-86.0779742726)) ;
#1061=CARTESIAN_POINT('Control Point',(-6.71004088996,24.2161541955,-86.0880122043)) ;
#1062=CARTESIAN_POINT('Control Point',(-6.73031684654,24.6188745542,-85.951161138)) ;
#1063=CARTESIAN_POINT('Control Point',(-6.75256850205,24.8271048573,-85.7864514392)) ;
#1064=CARTESIAN_POINT('Control Point',(-6.76542960325,24.9163056081,-85.6893160519)) ;
#1074=CARTESIAN_POINT('Axis2P3D Location',(-4.93486329318,22.9727241065,-85.0376724637)) ;
#1079=CARTESIAN_POINT('Line Origine',(-6.63814720019,26.201070827,-83.7322632439)) ;
#1083=CARTESIAN_POINT('Vertex',(-6.98742840867,26.456022916,-84.0126369274)) ;
#1086=CARTESIAN_POINT('Line Origine',(-6.8764290716,25.6861647171,-84.8509759942)) ;
#1099=CARTESIAN_POINT('Control Point',(-6.14084820793,25.7883175068,-83.40481415)) ;
#1100=CARTESIAN_POINT('Control Point',(-6.46258021456,26.003217689,-83.683109818)) ;
#1101=CARTESIAN_POINT('Control Point',(-6.78431222119,26.2181178711,-83.961405486)) ;
#1102=CARTESIAN_POINT('Control Point',(-7.10604422782,26.4330180533,-84.239701155)) ;
#1103=CARTESIAN_POINT('Control Point',(-6.14547727593,25.8093549442,-83.38566599)) ;
#1104=CARTESIAN_POINT('Control Point',(-6.46725545548,26.0312210979,-83.65764277)) ;
#1105=CARTESIAN_POINT('Control Point',(-6.78903363493,26.2530872516,-83.929619551)) ;
#1106=CARTESIAN_POINT('Control Point',(-7.11081181448,26.4749534053,-84.201596332)) ;
#1107=CARTESIAN_POINT('Control Point',(-6.16078089946,25.873030345,-83.322184224)) ;
#1108=CARTESIAN_POINT('Control Point',(-6.4827087516,26.1160640349,-83.573106679)) ;
#1109=CARTESIAN_POINT('Control Point',(-6.80463660383,26.3590977248,-83.824029133)) ;
#1110=CARTESIAN_POINT('Control Point',(-7.12656445597,26.6021314147,-84.074951588)) ;
#1111=CARTESIAN_POINT('Control Point',(-6.18972121648,25.9642135967,-83.201219261)) ;
#1112=CARTESIAN_POINT('Control Point',(-6.51189710194,26.2378456918,-83.411671584)) ;
#1113=CARTESIAN_POINT('Control Point',(-6.83407298739,26.5114777868,-83.622123907)) ;
#1114=CARTESIAN_POINT('Control Point',(-7.15624887295,26.7851098819,-83.83257623)) ;
#1115=CARTESIAN_POINT('Control Point',(-6.22908592525,26.046275621,-83.035259857)) ;
#1116=CARTESIAN_POINT('Control Point',(-6.55147422179,26.3473761981,-83.190324421)) ;
#1117=CARTESIAN_POINT('Control Point',(-6.87386251822,26.6484767753,-83.345388985)) ;
#1118=CARTESIAN_POINT('Control Point',(-7.19625081466,26.9495773524,-83.50045355)) ;
#1119=CARTESIAN_POINT('Control Point',(-6.26571763198,26.0877628658,-82.879653203)) ;
#1120=CARTESIAN_POINT('Control Point',(-6.58820917673,26.4028058357,-82.982821264)) ;
#1121=CARTESIAN_POINT('Control Point',(-6.91070072147,26.7178488056,-83.085989324)) ;
#1122=CARTESIAN_POINT('Control Point',(-7.23319226611,27.0328917755,-83.189157385)) ;
#1123=CARTESIAN_POINT('Control Point',(-6.28706935482,26.0979026822,-82.788503262)) ;
#1124=CARTESIAN_POINT('Control Point',(-6.6095962421,26.4163964138,-82.86116666)) ;
#1125=CARTESIAN_POINT('Control Point',(-6.93212312937,26.7348901455,-82.933830059)) ;
#1126=CARTESIAN_POINT('Control Point',(-7.25465001654,27.0533838772,-83.006493457)) ;
#1127=CARTESIAN_POINT('Control Point',(-6.29340939594,26.0995144129,-82.761393621)) ;
#1128=CARTESIAN_POINT('Control Point',(-6.61594477712,26.4185669674,-82.824969646)) ;
#1129=CARTESIAN_POINT('Control Point',(-6.93848015829,26.7376195219,-82.888545671)) ;
#1130=CARTESIAN_POINT('Control Point',(-7.26101553947,27.0566720764,-82.952121696)) ;
#1132=CARTESIAN_POINT('Control Point',(-6.40794349915,26.2215570022,-82.881384178)) ;
#1133=CARTESIAN_POINT('Control Point',(-6.64125398022,26.4501452434,-82.9472828045)) ;
#1134=CARTESIAN_POINT('Control Point',(-6.87456446127,26.6787334847,-83.013181431)) ;
#1135=CARTESIAN_POINT('Control Point',(-7.10787494228,26.907321726,-83.0790800575)) ;
#1136=CARTESIAN_POINT('Vertex',(-7.10787494243,26.9073217261,-83.0790800571)) ;
#1140=CARTESIAN_POINT('Control Point',(-6.98742840867,26.456022916,-84.0126369274)) ;
#1141=CARTESIAN_POINT('Control Point',(-6.99856570609,26.5332678794,-83.9285208258)) ;
#1142=CARTESIAN_POINT('Control Point',(-7.02259555638,26.6715947535,-83.7452709654)) ;
#1143=CARTESIAN_POINT('Control Point',(-7.06250938032,26.8246670392,-83.4361256648)) ;
#1144=CARTESIAN_POINT('Control Point',(-7.09284640314,26.8884104524,-83.1978871665)) ;
#1145=CARTESIAN_POINT('Control Point',(-7.10787506113,26.9073218755,-83.0790791178)) ;
#1154=CARTESIAN_POINT('Axis2P3D Location',(0.574433138532,19.233269397,-85.2363899944)) ;
#1159=CARTESIAN_POINT('Line Origine',(-11.4562451591,32.4766251751,-45.8378524707)) ;
#1163=CARTESIAN_POINT('Vertex',(-11.8062109141,32.8195076127,-45.9366998251)) ;
#1166=CARTESIAN_POINT('Line Origine',(-9.45704290726,29.8634146429,-64.5078901087)) ;
#1179=CARTESIAN_POINT('Control Point',(-10.9477088427,31.9791779116,-45.785742868)) ;
#1180=CARTESIAN_POINT('Control Point',(-11.2749222994,32.2957882839,-45.898986829)) ;
#1181=CARTESIAN_POINT('Control Point',(-11.602135756,32.6123986562,-46.01223079)) ;
#1182=CARTESIAN_POINT('Control Point',(-11.9293492127,32.9290090285,-46.12547475)) ;
#1183=CARTESIAN_POINT('Control Point',(-10.9535762394,31.985587372,-45.75704918)) ;
#1184=CARTESIAN_POINT('Control Point',(-11.2808005866,32.3037512324,-45.863394165)) ;
#1185=CARTESIAN_POINT('Control Point',(-11.6080249337,32.6219150927,-45.96973915)) ;
#1186=CARTESIAN_POINT('Control Point',(-11.9352492809,32.940078953,-46.076084135)) ;
#1187=CARTESIAN_POINT('Control Point',(-10.9858586584,32.0157894463,-45.598984711)) ;
#1188=CARTESIAN_POINT('Control Point',(-11.3131353873,32.3412813529,-45.667308151)) ;
#1189=CARTESIAN_POINT('Control Point',(-11.640412116,32.6667732596,-45.735631591)) ;
#1190=CARTESIAN_POINT('Control Point',(-11.9676888448,32.9922651662,-45.803955031)) ;
#1191=CARTESIAN_POINT('Control Point',(-11.0455676221,32.0206488597,-45.304692799)) ;
#1192=CARTESIAN_POINT('Control Point',(-11.3728601524,32.3474168681,-45.302097847)) ;
#1193=CARTESIAN_POINT('Control Point',(-11.7001526826,32.6741848765,-45.299502895)) ;
#1194=CARTESIAN_POINT('Control Point',(-12.027445213,33.0009528848,-45.296907944)) ;
#1195=CARTESIAN_POINT('Control Point',(-11.1246681477,31.9052061852,-44.910124908)) ;
#1196=CARTESIAN_POINT('Control Point',(-11.4517378466,32.204371062,-44.81258681)) ;
#1197=CARTESIAN_POINT('Control Point',(-11.7788075454,32.5035359388,-44.715048712)) ;
#1198=CARTESIAN_POINT('Control Point',(-12.1058772443,32.8027008157,-44.617510614)) ;
#1199=CARTESIAN_POINT('Control Point',(-11.1712665731,31.7527768653,-44.674472406)) ;
#1200=CARTESIAN_POINT('Control Point',(-11.4980681515,32.0151946425,-44.520030578)) ;
#1201=CARTESIAN_POINT('Control Point',(-11.8248697299,32.2776124197,-44.365588751)) ;
#1202=CARTESIAN_POINT('Control Point',(-12.1516713082,32.5400301969,-44.211146924)) ;
#1203=CARTESIAN_POINT('Control Point',(-11.1940731723,31.6469100553,-44.557901323)) ;
#1204=CARTESIAN_POINT('Control Point',(-11.5206591934,31.8840181211,-44.375552289)) ;
#1205=CARTESIAN_POINT('Control Point',(-11.8472452146,32.1211261869,-44.193203254)) ;
#1206=CARTESIAN_POINT('Control Point',(-12.1738312357,32.3582342526,-44.01085422)) ;
#1207=CARTESIAN_POINT('Control Point',(-11.1982956524,31.6261025447,-44.536270838)) ;
#1208=CARTESIAN_POINT('Control Point',(-11.5248381815,31.858244454,-44.348755734)) ;
#1209=CARTESIAN_POINT('Control Point',(-11.8513807107,32.0903863633,-44.161240629)) ;
#1210=CARTESIAN_POINT('Control Point',(-12.1779232398,32.3225282725,-43.973725525)) ;
#1212=CARTESIAN_POINT('Control Point',(-11.8062107988,32.8195074676,-45.9367007392)) ;
#1213=CARTESIAN_POINT('Control Point',(-11.8327782845,32.85293886,-45.7266732615)) ;
#1214=CARTESIAN_POINT('Control Point',(-11.8865261614,32.8602596714,-45.298025226)) ;
#1215=CARTESIAN_POINT('Control Point',(-11.965054135,32.6738924048,-44.6595066114)) ;
#1216=CARTESIAN_POINT('Control Point',(-12.0061645447,32.4528476626,-44.31756101)) ;
#1217=CARTESIAN_POINT('Control Point',(-12.0246812014,32.319602218,-44.161451229)) ;
#1226=CARTESIAN_POINT('Axis2P3D Location',(-16.0352540156,37.8819501007,-12.4881762141)) ;
#1232=CARTESIAN_POINT('Control Point',(-14.2043341206,35.8975863983,-26.9822496017)) ;
#1233=CARTESIAN_POINT('Control Point',(-14.2392128636,35.6683648816,-26.689547201)) ;
#1234=CARTESIAN_POINT('Control Point',(-14.2740766688,35.4391853553,-26.3969666671)) ;
#1235=CARTESIAN_POINT('Control Point',(-14.308925486,35.2100483398,-26.1045084336)) ;
#1236=CARTESIAN_POINT('Control Point',(-14.3437590098,34.9809557837,-25.8121750597)) ;
#1237=CARTESIAN_POINT('Control Point',(-14.3785768464,34.7519101056,-25.5199698388)) ;
#1238=CARTESIAN_POINT('Vertex',(-14.2043341206,35.8975863983,-26.9822496017)) ;
#1240=CARTESIAN_POINT('Vertex',(-14.3785768464,34.7519101056,-25.5199698388)) ;
#1244=CARTESIAN_POINT('Control Point',(-14.0610960784,36.203287368,-28.1448044557)) ;
#1245=CARTESIAN_POINT('Control Point',(-14.0733802298,36.2187530989,-28.0476934098)) ;
#1246=CARTESIAN_POINT('Control Point',(-14.085745884,36.2263195347,-27.9494408225)) ;
#1247=CARTESIAN_POINT('Control Point',(-14.097985244,36.2252771049,-27.8516615753)) ;
#1248=CARTESIAN_POINT('Control Point',(-14.1286320103,36.2023701247,-27.6055658441)) ;
#1249=CARTESIAN_POINT('Control Point',(-14.1578924894,36.1296129006,-27.3674400745)) ;
#1250=CARTESIAN_POINT('Control Point',(-14.1748008028,36.0681386882,-27.2286304881)) ;
#1251=CARTESIAN_POINT('Control Point',(-14.1902754993,35.9899669044,-27.1002287945)) ;
#1252=CARTESIAN_POINT('Control Point',(-14.2043341206,35.8975863983,-26.9822496017)) ;
#1253=CARTESIAN_POINT('Vertex',(-14.0610960787,36.203287367,-28.1448044546)) ;
#1257=CARTESIAN_POINT('Control Point',(-6.77087211756,27.0175957241,-85.7764368377)) ;
#1258=CARTESIAN_POINT('Control Point',(-7.32169149595,27.7126434555,-81.422090459)) ;
#1259=CARTESIAN_POINT('Control Point',(-7.87255492955,28.4082454079,-77.0674267987)) ;
#1260=CARTESIAN_POINT('Control Point',(-8.58530291371,29.3061594186,-71.4329088892)) ;
#1261=CARTESIAN_POINT('Control Point',(-10.010952391,31.1028041927,-60.1626982642)) ;
#1262=CARTESIAN_POINT('Control Point',(-11.4366056935,32.8984115454,-48.8923926359)) ;
#1263=CARTESIAN_POINT('Control Point',(-12.3114358492,34.0002069607,-41.9765402628)) ;
#1264=CARTESIAN_POINT('Control Point',(-13.186265326,35.1017951856,-35.0606804353)) ;
#1265=CARTESIAN_POINT('Control Point',(-14.0610960786,36.2032873661,-28.1448044539)) ;
#1266=CARTESIAN_POINT('Vertex',(-6.77083518578,27.0175500959,-85.7767288525)) ;
#1270=CARTESIAN_POINT('Control Point',(-6.18628000376,24.8450574184,-90.3086025151)) ;
#1271=CARTESIAN_POINT('Control Point',(-6.1998288926,24.9384645108,-90.2062374659)) ;
#1272=CARTESIAN_POINT('Control Point',(-6.21359033837,25.0295104931,-90.1020287249)) ;
#1273=CARTESIAN_POINT('Control Point',(-6.22756922914,25.1184368228,-89.9959522717)) ;
#1274=CARTESIAN_POINT('Control Point',(-6.25655653491,25.2965656453,-89.7755971893)) ;
#1275=CARTESIAN_POINT('Control Point',(-6.28635219567,25.4658495993,-89.5482388931)) ;
#1276=CARTESIAN_POINT('Control Point',(-6.30178896381,25.5497948057,-89.4302137709)) ;
#1277=CARTESIAN_POINT('Control Point',(-6.3642189705,25.8753280204,-88.9520242168)) ;
#1278=CARTESIAN_POINT('Control Point',(-6.42958333466,26.1606651618,-88.4479101122)) ;
#1279=CARTESIAN_POINT('Control Point',(-6.48011292725,26.3509426142,-88.0563243729)) ;
#1280=CARTESIAN_POINT('Control Point',(-6.54888603359,26.571132442,-87.5209479657)) ;
#1281=CARTESIAN_POINT('Control Point',(-6.61922718685,26.7460407946,-86.9702391192)) ;
#1282=CARTESIAN_POINT('Control Point',(-6.63693737325,26.786988404,-86.8313920543)) ;
#1283=CARTESIAN_POINT('Control Point',(-6.6741316023,26.8664192202,-86.5393829846)) ;
#1284=CARTESIAN_POINT('Control Point',(-6.71163854012,26.9332569218,-86.2440948433)) ;
#1285=CARTESIAN_POINT('Control Point',(-6.73134079919,26.9649581521,-86.0887692559)) ;
#1286=CARTESIAN_POINT('Control Point',(-6.75108057418,26.9931405271,-85.9329254978)) ;
#1287=CARTESIAN_POINT('Control Point',(-6.77083518576,27.017550096,-85.7767288521)) ;
#1288=CARTESIAN_POINT('Vertex',(-6.18627083795,24.844994228,-90.3086717652)) ;
#1292=CARTESIAN_POINT('Control Point',(-5.71013343936,21.5409987115,-93.9046681028)) ;
#1293=CARTESIAN_POINT('Control Point',(-5.80535401594,22.2019512861,-93.1855334838)) ;
#1294=CARTESIAN_POINT('Control Point',(-5.90057769787,22.8628396025,-92.46637008)) ;
#1295=CARTESIAN_POINT('Control Point',(-5.99581115416,23.523464063,-91.7471122456)) ;
#1296=CARTESIAN_POINT('Control Point',(-6.09104394865,24.1841313051,-91.0278623532)) ;
#1297=CARTESIAN_POINT('Control Point',(-6.18627083788,24.8449942287,-90.3086717655)) ;
#1298=CARTESIAN_POINT('Vertex',(-5.71013343945,21.5409987115,-93.9046681023)) ;
#1301=CARTESIAN_POINT('Line Origine',(-9.99268353981,21.5076663881,-59.7123189708)) ;
#1305=CARTESIAN_POINT('Vertex',(-14.2752336404,21.4743340648,-25.5199698383)) ;
#1308=CARTESIAN_POINT('Line Origine',(-14.3269052433,28.1131220852,-25.5199698388)) ;
#1335=CARTESIAN_POINT('Axis2P3D Location',(-13.3408168751,28.9082470299,-25.3956883453)) ;
#1340=CARTESIAN_POINT('Axis2P3D Location',(-13.3863598994,34.7596328169,-25.3956883453)) ;
#1344=CARTESIAN_POINT('Vertex',(-13.3863598994,34.7596328169,-24.3956883453)) ;
#1347=CARTESIAN_POINT('Axis2P3D Location',(-13.2830166932,21.482056776,-25.3956883453)) ;
#1351=CARTESIAN_POINT('Vertex',(-13.2830166928,21.4820567758,-24.3956883453)) ;
#1354=CARTESIAN_POINT('Line Origine',(-13.3408168751,28.9082470294,-24.3956883453)) ;
#1366=CARTESIAN_POINT('Axis2P3D Location',(-13.2830166933,21.4820567758,-25.3956883448)) ;
#1372=CARTESIAN_POINT('Control Point',(-13.2752336401,20.4820870642,-25.3956883448)) ;
#1373=CARTESIAN_POINT('Control Point',(-13.3744339298,20.4813149597,-25.408113813)) ;
#1374=CARTESIAN_POINT('Control Point',(-13.4737315621,20.4930370833,-25.4205389482)) ;
#1375=CARTESIAN_POINT('Control Point',(-13.571970874,20.5173575405,-25.4328718658)) ;
#1376=CARTESIAN_POINT('Control Point',(-13.759940388,20.5910386918,-25.4562745162)) ;
#1377=CARTESIAN_POINT('Control Point',(-13.9206990632,20.7064771512,-25.476240404)) ;
#1378=CARTESIAN_POINT('Control Point',(-13.991656178,20.7726905574,-25.4851359499)) ;
#1379=CARTESIAN_POINT('Control Point',(-14.1385288987,20.9456871233,-25.5033633022)) ;
#1380=CARTESIAN_POINT('Control Point',(-14.2266603826,21.1386427111,-25.5142130347)) ;
#1381=CARTESIAN_POINT('Control Point',(-14.2580620327,21.2513466933,-25.5180364936)) ;
#1382=CARTESIAN_POINT('Control Point',(-14.2743653873,21.3627805628,-25.5199698379)) ;
#1383=CARTESIAN_POINT('Control Point',(-14.2752336404,21.4743340648,-25.5199698379)) ;
#1384=CARTESIAN_POINT('Vertex',(-13.2752336404,20.4820870642,-25.3956883444)) ;
#1388=CARTESIAN_POINT('Control Point',(-13.2752336403,20.4820870642,-25.395688345)) ;
#1389=CARTESIAN_POINT('Control Point',(-13.2752336403,20.4820870642,-25.3469551992)) ;
#1390=CARTESIAN_POINT('Control Point',(-13.2752564696,20.4850556258,-25.2982219691)) ;
#1391=CARTESIAN_POINT('Control Point',(-13.2745616981,20.4910418085,-25.2495966997)) ;
#1392=CARTESIAN_POINT('Control Point',(-13.2751440052,20.5086621373,-25.1544822872)) ;
#1393=CARTESIAN_POINT('Control Point',(-13.2760983003,20.5370193075,-25.0636860616)) ;
#1394=CARTESIAN_POINT('Control Point',(-13.2764800833,20.553693084,-25.0196202461)) ;
#1395=CARTESIAN_POINT('Control Point',(-13.2753404325,20.5925035855,-24.9330491031)) ;
#1396=CARTESIAN_POINT('Control Point',(-13.2762952044,20.6391228887,-24.8548021784)) ;
#1397=CARTESIAN_POINT('Control Point',(-13.2772179725,20.6643586478,-24.8174622983)) ;
#1398=CARTESIAN_POINT('Control Point',(-13.2769439049,20.7207372379,-24.7433642289)) ;
#1399=CARTESIAN_POINT('Control Point',(-13.2766318669,20.7819544997,-24.6794792198)) ;
#1400=CARTESIAN_POINT('Control Point',(-13.2788356572,20.814099671,-24.6495338688)) ;
#1401=CARTESIAN_POINT('Control Point',(-13.2768247104,20.9057090328,-24.573168557)) ;
#1402=CARTESIAN_POINT('Control Point',(-13.2805059904,20.9971957539,-24.5173792061)) ;
#1403=CARTESIAN_POINT('Control Point',(-13.2791884334,21.0557796895,-24.4878939699)) ;
#1404=CARTESIAN_POINT('Control Point',(-13.279249091,21.1331432,-24.456177136)) ;
#1405=CARTESIAN_POINT('Control Point',(-13.2809587453,21.2082732992,-24.4335672977)) ;
#1406=CARTESIAN_POINT('Control Point',(-13.2810971588,21.2281168476,-24.4281470546)) ;
#1407=CARTESIAN_POINT('Control Point',(-13.2807407187,21.2919586683,-24.4124525194)) ;
#1408=CARTESIAN_POINT('Control Point',(-13.2807238301,21.3545389648,-24.4024356759)) ;
#1409=CARTESIAN_POINT('Control Point',(-13.2823539203,21.3969590184,-24.3979514951)) ;
#1410=CARTESIAN_POINT('Control Point',(-13.2826855228,21.4395078565,-24.3956883448)) ;
#1411=CARTESIAN_POINT('Control Point',(-13.2830166933,21.4820567756,-24.3956883448)) ;
#1419=CARTESIAN_POINT('Axis2P3D Location',(-9.34100921823,21.5127385576,-56.8691078509)) ;
#1424=CARTESIAN_POINT('Axis2P3D Location',(-4.7179164923,21.5487214225,-93.7803866092)) ;
#1428=CARTESIAN_POINT('Vertex',(-4.71013343878,20.5487517109,-93.7803866093)) ;
#1431=CARTESIAN_POINT('Line Origine',(-9.33322616527,20.512768846,-56.8691078518)) ;
#1444=CARTESIAN_POINT('Control Point',(-4.14749238879,20.5713308901,-94.265473535)) ;
#1445=CARTESIAN_POINT('Control Point',(-3.95404116033,20.3029748651,-95.644333916)) ;
#1446=CARTESIAN_POINT('Control Point',(-3.89144819089,21.6214245144,-96.169288589)) ;
#1447=CARTESIAN_POINT('Control Point',(-4.06100942702,22.3929960308,-94.990788778)) ;
#1448=CARTESIAN_POINT('Control Point',(-4.16154220543,20.5712215362,-94.267496606)) ;
#1449=CARTESIAN_POINT('Control Point',(-4.13464816497,20.3015691495,-95.671394866)) ;
#1450=CARTESIAN_POINT('Control Point',(-4.13546623772,21.619525248,-96.205881868)) ;
#1451=CARTESIAN_POINT('Control Point',(-4.16267251387,22.3922047515,-95.005982403)) ;
#1452=CARTESIAN_POINT('Control Point',(-4.19673625562,20.5709476107,-94.266687407)) ;
#1453=CARTESIAN_POINT('Control Point',(-4.50634536282,20.2986761234,-95.654222594)) ;
#1454=CARTESIAN_POINT('Control Point',(-4.63527568121,21.6156350849,-96.182479907)) ;
#1455=CARTESIAN_POINT('Control Point',(-4.37487568375,22.3905531096,-94.996565816)) ;
#1456=CARTESIAN_POINT('Control Point',(-4.26338328053,20.5704288778,-94.242100199)) ;
#1457=CARTESIAN_POINT('Control Point',(-4.99404612388,20.2948802065,-95.454437984)) ;
#1458=CARTESIAN_POINT('Control Point',(-5.28327847808,21.6105914968,-95.915994783)) ;
#1459=CARTESIAN_POINT('Control Point',(-4.66300756459,22.3883105041,-94.879820367)) ;
#1460=CARTESIAN_POINT('Control Point',(-4.34333425137,20.5698065963,-94.179396824)) ;
#1461=CARTESIAN_POINT('Control Point',(-5.36988241875,20.2919549645,-95.142704073)) ;
#1462=CARTESIAN_POINT('Control Point',(-5.77176314949,21.6067894783,-95.50945088)) ;
#1463=CARTESIAN_POINT('Control Point',(-4.89860165828,22.3864768049,-94.686120667)) ;
#1464=CARTESIAN_POINT('Control Point',(-4.42259315307,20.5691897014,-94.074650956)) ;
#1465=CARTESIAN_POINT('Control Point',(-5.63853033488,20.2898640001,-94.77638533)) ;
#1466=CARTESIAN_POINT('Control Point',(-6.11251455736,21.6041373121,-95.04354707)) ;
#1467=CARTESIAN_POINT('Control Point',(-5.07748394516,22.3850845131,-94.443780887)) ;
#1468=CARTESIAN_POINT('Control Point',(-4.48847314371,20.5686769384,-93.930054252)) ;
#1469=CARTESIAN_POINT('Control Point',(-5.82017156149,20.2884502341,-94.369132478)) ;
#1470=CARTESIAN_POINT('Control Point',(-6.33822797765,21.6023805193,-94.536296732)) ;
#1471=CARTESIAN_POINT('Control Point',(-5.20425725768,22.3840977996,-94.161020443)) ;
#1472=CARTESIAN_POINT('Control Point',(-4.52123763379,20.5684219229,-93.786202018)) ;
#1473=CARTESIAN_POINT('Control Point',(-5.90224046068,20.2878114681,-94.004674568)) ;
#1474=CARTESIAN_POINT('Control Point',(-6.43906787078,21.6015956534,-94.087850637)) ;
#1475=CARTESIAN_POINT('Control Point',(-5.2629571071,22.3836409218,-93.901124074)) ;
#1476=CARTESIAN_POINT('Control Point',(-4.527903064,20.568370044,-93.695833441)) ;
#1477=CARTESIAN_POINT('Control Point',(-5.91937853188,20.2876780776,-93.77577103)) ;
#1478=CARTESIAN_POINT('Control Point',(-6.46019304741,21.60143123,-93.806204576)) ;
#1479=CARTESIAN_POINT('Control Point',(-5.27513140985,22.3835461656,-93.737882624)) ;
#1480=CARTESIAN_POINT('Control Point',(-4.52850898295,20.5683653279,-93.665574811)) ;
#1481=CARTESIAN_POINT('Control Point',(-5.92153537475,20.2876612903,-93.69811783)) ;
#1482=CARTESIAN_POINT('Control Point',(-6.4629403524,21.6014098469,-93.710507489)) ;
#1483=CARTESIAN_POINT('Control Point',(-5.27655315389,22.3835350997,-93.682693257)) ;
#1485=CARTESIAN_POINT('Control Point',(-4.38191143473,22.2719223362,-95.1297538544)) ;
#1486=CARTESIAN_POINT('Control Point',(-4.50207676834,22.2577366822,-95.1198232023)) ;
#1487=CARTESIAN_POINT('Control Point',(-4.61720278197,22.2384488524,-95.0980167664)) ;
#1488=CARTESIAN_POINT('Control Point',(-4.72653774033,22.2146323943,-95.0669126429)) ;
#1489=CARTESIAN_POINT('Control Point',(-4.88486432963,22.1718273738,-95.0065759504)) ;
#1490=CARTESIAN_POINT('Control Point',(-5.02663758293,22.1210921962,-94.9291153308)) ;
#1491=CARTESIAN_POINT('Control Point',(-5.0678722188,22.1049532807,-94.9040181492)) ;
#1492=CARTESIAN_POINT('Control Point',(-5.16225577537,22.0652284855,-94.8408351814)) ;
#1493=CARTESIAN_POINT('Control Point',(-5.24806530944,22.0226243405,-94.7703774156)) ;
#1494=CARTESIAN_POINT('Control Point',(-5.28956847569,22.0002346514,-94.7327337335)) ;
#1495=CARTESIAN_POINT('Control Point',(-5.37490682143,21.9498950686,-94.6472158853)) ;
#1496=CARTESIAN_POINT('Control Point',(-5.44998913485,21.8962907314,-94.5541927936)) ;
#1497=CARTESIAN_POINT('Control Point',(-5.46886198537,21.8816672077,-94.528542775)) ;
#1498=CARTESIAN_POINT('Control Point',(-5.53592372553,21.8244830501,-94.4276380296)) ;
#1499=CARTESIAN_POINT('Control Point',(-5.59091340431,21.7650471221,-94.3209468575)) ;
#1500=CARTESIAN_POINT('Control Point',(-5.61413368482,21.7365814282,-94.2694243406)) ;
#1501=CARTESIAN_POINT('Control Point',(-5.65372141154,21.6810707397,-94.1679986191)) ;
#1502=CARTESIAN_POINT('Control Point',(-5.68267479197,21.6249574166,-94.0636528728)) ;
#1503=CARTESIAN_POINT('Control Point',(-5.69490871341,21.5958048409,-94.0089735256)) ;
#1504=CARTESIAN_POINT('Control Point',(-5.70379270686,21.5683527796,-93.9569902206)) ;
#1505=CARTESIAN_POINT('Control Point',(-5.71013343942,21.540998712,-93.904668103)) ;
#1506=CARTESIAN_POINT('Vertex',(-4.38191143473,22.2719223362,-95.1297538544)) ;
#1510=CARTESIAN_POINT('Control Point',(-4.41921070083,21.1772462139,-95.3593520881)) ;
#1511=CARTESIAN_POINT('Control Point',(-4.45538377564,21.5944513818,-95.5243413317)) ;
#1512=CARTESIAN_POINT('Control Point',(-4.43489955027,22.0005729608,-95.4058568615)) ;
#1513=CARTESIAN_POINT('Control Point',(-4.38191143209,22.2719223365,-95.1297538546)) ;
#1514=CARTESIAN_POINT('Vertex',(-4.41921070083,21.1772462139,-95.3593520881)) ;
#1518=CARTESIAN_POINT('Control Point',(-4.23282765438,20.5524667195,-94.4497728768)) ;
#1519=CARTESIAN_POINT('Control Point',(-4.30928969204,20.5518715935,-94.8329493075)) ;
#1520=CARTESIAN_POINT('Control Point',(-4.38303374561,20.7600409466,-95.1943635648)) ;
#1521=CARTESIAN_POINT('Control Point',(-4.4192062534,21.177246249,-95.3593529746)) ;
#1522=CARTESIAN_POINT('Vertex',(-4.23282765438,20.5524667195,-94.4497728768)) ;
#1526=CARTESIAN_POINT('Control Point',(-4.23282810912,20.552466716,-94.4497727851)) ;
#1527=CARTESIAN_POINT('Control Point',(-4.27588481217,20.5521315932,-94.4411772701)) ;
#1528=CARTESIAN_POINT('Control Point',(-4.36299554897,20.5514535852,-94.4071404916)) ;
#1529=CARTESIAN_POINT('Control Point',(-4.48322654826,20.5505177927,-94.3105356141)) ;
#1530=CARTESIAN_POINT('Control Point',(-4.58826771853,20.5497002269,-94.1701808058)) ;
#1531=CARTESIAN_POINT('Control Point',(-4.66990673978,20.5490648069,-93.9898276912)) ;
#1532=CARTESIAN_POINT('Control Point',(-4.70111043663,20.5488219395,-93.8523831531)) ;
#1533=CARTESIAN_POINT('Control Point',(-4.71013343878,20.5487517109,-93.7803866093)) ;
#1544=CARTESIAN_POINT('Control Point',(-5.65183936783,20.9760671578,-94.23717128)) ;
#1545=CARTESIAN_POINT('Control Point',(-5.69572847939,21.6367757156,-94.850287911)) ;
#1546=CARTESIAN_POINT('Control Point',(-5.08125510718,22.1618919255,-95.251597619)) ;
#1547=CARTESIAN_POINT('Control Point',(-4.1831879972,22.2311461836,-95.196340675)) ;
#1548=CARTESIAN_POINT('Control Point',(-5.72186009772,21.4621238939,-93.708354964)) ;
#1549=CARTESIAN_POINT('Control Point',(-5.76574600233,22.1228102818,-94.321495986)) ;
#1550=CARTESIAN_POINT('Control Point',(-5.15126998822,22.647909042,-94.722824879)) ;
#1551=CARTESIAN_POINT('Control Point',(-4.25320241249,22.7171612132,-94.667570212)) ;
#1552=CARTESIAN_POINT('Control Point',(-5.90094161417,22.7051753596,-92.355876905)) ;
#1553=CARTESIAN_POINT('Control Point',(-5.94482232359,23.3658258454,-92.969057475)) ;
#1554=CARTESIAN_POINT('Control Point',(-5.33034200862,23.8908963474,-93.370417469)) ;
#1555=CARTESIAN_POINT('Control Point',(-4.43227364956,23.9601451393,-93.31516649)) ;
#1556=CARTESIAN_POINT('Control Point',(-6.08313276518,23.9689378994,-90.979860066)) ;
#1557=CARTESIAN_POINT('Control Point',(-6.12710467082,24.6302194673,-91.592348149)) ;
#1558=CARTESIAN_POINT('Control Point',(-5.51269868954,25.1557866942,-91.993163385)) ;
#1559=CARTESIAN_POINT('Control Point',(-4.61464246527,25.2250949001,-91.937847625)) ;
#1560=CARTESIAN_POINT('Control Point',(-6.19532568566,24.7475540339,-90.132536096)) ;
#1561=CARTESIAN_POINT('Control Point',(-6.23930178574,25.4088645787,-90.744992368)) ;
#1562=CARTESIAN_POINT('Control Point',(-5.62489919388,25.9344546136,-91.145782576)) ;
#1563=CARTESIAN_POINT('Control Point',(-4.72684348686,26.003765548,-91.090463834)) ;
#1564=CARTESIAN_POINT('Control Point',(-6.19845538284,24.7692743787,-90.108899442)) ;
#1565=CARTESIAN_POINT('Control Point',(-6.24243155744,25.4305854382,-90.721355149)) ;
#1566=CARTESIAN_POINT('Control Point',(-5.62802902553,25.9561758783,-91.122144912)) ;
#1567=CARTESIAN_POINT('Control Point',(-4.72997332729,26.0254868611,-91.066826118)) ;
#1569=CARTESIAN_POINT('Control Point',(-6.18627998452,24.8450576014,-90.3086026803)) ;
#1570=CARTESIAN_POINT('Control Point',(-6.12940259469,25.3848436206,-90.7962324875)) ;
#1571=CARTESIAN_POINT('Control Point',(-5.63349876216,25.8105065454,-91.1210486994)) ;
#1572=CARTESIAN_POINT('Control Point',(-4.91468318602,25.9360029936,-91.1410015057)) ;
#1573=CARTESIAN_POINT('Vertex',(-4.91484764132,25.9370097144,-91.1405942018)) ;
#1577=CARTESIAN_POINT('Control Point',(-4.38191372367,22.2719339812,-95.1297648642)) ;
#1578=CARTESIAN_POINT('Control Point',(-4.55856319346,23.4850301065,-93.8095508944)) ;
#1579=CARTESIAN_POINT('Control Point',(-4.73622905164,24.7086105468,-92.4770622181)) ;
#1580=CARTESIAN_POINT('Control Point',(-4.91477967065,25.9366712703,-91.1402742064)) ;
#1590=CARTESIAN_POINT('Control Point',(-6.17999586446,24.640876231,-90.248294735)) ;
#1591=CARTESIAN_POINT('Control Point',(-6.22515409283,25.3273355159,-90.896942807)) ;
#1592=CARTESIAN_POINT('Control Point',(-5.56037816599,25.8598878387,-91.307406439)) ;
#1593=CARTESIAN_POINT('Control Point',(-4.62023028886,25.8904052027,-91.211366678)) ;
#1594=CARTESIAN_POINT('Control Point',(-6.18300487287,24.6620944696,-90.22559043)) ;
#1595=CARTESIAN_POINT('Control Point',(-6.22848218946,25.3508180788,-90.871831568)) ;
#1596=CARTESIAN_POINT('Control Point',(-5.5639513928,25.8851090967,-91.280447012)) ;
#1597=CARTESIAN_POINT('Control Point',(-4.6238144468,25.9157029465,-91.184325966)) ;
#1598=CARTESIAN_POINT('Control Point',(-6.20056306053,24.7844973059,-90.093018425)) ;
#1599=CARTESIAN_POINT('Control Point',(-6.24794194137,25.4865438188,-90.724905823)) ;
#1600=CARTESIAN_POINT('Control Point',(-5.58487145789,26.0310650314,-91.12249955)) ;
#1601=CARTESIAN_POINT('Control Point',(-4.64479897129,26.0621089166,-91.025893674)) ;
#1602=CARTESIAN_POINT('Control Point',(-6.23277103103,24.9947216366,-89.848944651)) ;
#1603=CARTESIAN_POINT('Control Point',(-6.28394310566,25.7216642797,-90.452100442)) ;
#1604=CARTESIAN_POINT('Control Point',(-5.62378179936,26.2853023949,-90.827631727)) ;
#1605=CARTESIAN_POINT('Control Point',(-4.6838327523,26.3171872881,-90.730054732)) ;
#1606=CARTESIAN_POINT('Control Point',(-6.27738236569,25.259795174,-89.509255983)) ;
#1607=CARTESIAN_POINT('Control Point',(-6.33333065735,26.0150126301,-90.076035527)) ;
#1608=CARTESIAN_POINT('Control Point',(-5.67683805989,26.6003619848,-90.423634905)) ;
#1609=CARTESIAN_POINT('Control Point',(-4.73705198847,26.6332019659,-90.324829355)) ;
#1610=CARTESIAN_POINT('Control Point',(-6.32129694428,25.4957210795,-89.173318542)) ;
#1611=CARTESIAN_POINT('Control Point',(-6.38205979103,26.2768431219,-89.70327058)) ;
#1612=CARTESIAN_POINT('Control Point',(-5.72926381918,26.8820837127,-90.022591356)) ;
#1613=CARTESIAN_POINT('Control Point',(-4.78963996985,26.9157987334,-89.922541751)) ;
#1614=CARTESIAN_POINT('Control Point',(-6.36484984643,25.7080333855,-88.83880132)) ;
#1615=CARTESIAN_POINT('Control Point',(-6.43035275743,26.5122487928,-89.332345351)) ;
#1616=CARTESIAN_POINT('Control Point',(-5.78119659214,27.1352219775,-89.623709688)) ;
#1617=CARTESIAN_POINT('Control Point',(-4.84173296022,27.1697170728,-89.522430262)) ;
#1618=CARTESIAN_POINT('Control Point',(-6.4101761621,25.9080485384,-88.489361684)) ;
#1619=CARTESIAN_POINT('Control Point',(-6.48061446444,26.7340466914,-88.944856978)) ;
#1620=CARTESIAN_POINT('Control Point',(-5.83524799625,27.3737460917,-89.207005006)) ;
#1621=CARTESIAN_POINT('Control Point',(-4.89595105249,27.4089769911,-89.104440321)) ;
#1622=CARTESIAN_POINT('Control Point',(-6.45970817025,26.1036555631,-88.10607146)) ;
#1623=CARTESIAN_POINT('Control Point',(-6.53553251635,26.9509203601,-88.51988808)) ;
#1624=CARTESIAN_POINT('Control Point',(-5.89430180445,27.6069496791,-88.7500325)) ;
#1625=CARTESIAN_POINT('Control Point',(-4.95518679701,27.6428989488,-88.646059942)) ;
#1626=CARTESIAN_POINT('Control Point',(-6.51489449434,26.2945484179,-87.677346362)) ;
#1627=CARTESIAN_POINT('Control Point',(-6.59671133945,27.1625455443,-88.044609361)) ;
#1628=CARTESIAN_POINT('Control Point',(-5.9600820842,27.8344945003,-88.239006873)) ;
#1629=CARTESIAN_POINT('Control Point',(-5.02116953123,27.8711440914,-88.133461775)) ;
#1630=CARTESIAN_POINT('Control Point',(-6.57475285488,26.4711529146,-87.210433592)) ;
#1631=CARTESIAN_POINT('Control Point',(-6.66307528513,27.3583309832,-87.526950463)) ;
#1632=CARTESIAN_POINT('Control Point',(-6.03144133674,28.0450083207,-87.682381767)) ;
#1633=CARTESIAN_POINT('Control Point',(-5.09274839391,28.0823058299,-87.575122487)) ;
#1634=CARTESIAN_POINT('Control Point',(-6.63729461234,26.6235462738,-86.720593206)) ;
#1635=CARTESIAN_POINT('Control Point',(-6.73236264799,27.5271886132,-86.984278184)) ;
#1636=CARTESIAN_POINT('Control Point',(-6.1059088311,28.2265082902,-87.099141762)) ;
#1637=CARTESIAN_POINT('Control Point',(-5.1674443083,28.2643619451,-86.990097933)) ;
#1638=CARTESIAN_POINT('Control Point',(-6.69954031068,26.7435761167,-86.231105145)) ;
#1639=CARTESIAN_POINT('Control Point',(-6.8014855276,27.660444677,-86.440709221)) ;
#1640=CARTESIAN_POINT('Control Point',(-6.18031095545,28.3699203224,-86.514045761)) ;
#1641=CARTESIAN_POINT('Control Point',(-5.24207671288,28.4082207642,-86.403174868)) ;
#1642=CARTESIAN_POINT('Control Point',(-6.74488622692,26.8104108791,-85.873233891)) ;
#1643=CARTESIAN_POINT('Control Point',(-6.85140014976,27.733946802,-86.04677208)) ;
#1644=CARTESIAN_POINT('Control Point',(-6.23373760095,28.4485420539,-86.09241536)) ;
#1645=CARTESIAN_POINT('Control Point',(-5.29566289909,28.4870676733,-85.980326843)) ;
#1646=CARTESIAN_POINT('Control Point',(-6.76875592628,26.8387882117,-85.684430462)) ;
#1647=CARTESIAN_POINT('Control Point',(-6.87786166035,27.7654626116,-85.837471758)) ;
#1648=CARTESIAN_POINT('Control Point',(-6.26218917501,28.4824677919,-85.867376171)) ;
#1649=CARTESIAN_POINT('Control Point',(-5.32420188973,28.5210994277,-85.754595269)) ;
#1650=CARTESIAN_POINT('Control Point',(-6.77261476643,26.8431936651,-85.653896663)) ;
#1651=CARTESIAN_POINT('Control Point',(-6.88214602875,27.7703683006,-85.803571909)) ;
#1652=CARTESIAN_POINT('Control Point',(-6.26680020139,28.4877575952,-85.830891638)) ;
#1653=CARTESIAN_POINT('Control Point',(-5.32882716836,28.5264061295,-85.717997019)) ;
#1655=CARTESIAN_POINT('Control Point',(-6.77083518571,27.0175500958,-85.7767288531)) ;
#1656=CARTESIAN_POINT('Control Point',(-6.76186987203,27.7784399926,-85.8955853953)) ;
#1657=CARTESIAN_POINT('Control Point',(-6.25996594718,28.3619373319,-85.9241188203)) ;
#1658=CARTESIAN_POINT('Control Point',(-5.50422589023,28.4899729898,-85.84872088)) ;
#1659=CARTESIAN_POINT('Vertex',(-5.50422589023,28.4899729898,-85.84872088)) ;
#1663=CARTESIAN_POINT('Control Point',(-4.91477932803,25.9366702286,-91.1402732239)) ;
#1664=CARTESIAN_POINT('Control Point',(-4.92105045634,25.9868079693,-91.0855753406)) ;
#1665=CARTESIAN_POINT('Control Point',(-4.92734621457,26.0364549703,-91.0303316147)) ;
#1666=CARTESIAN_POINT('Control Point',(-4.93367775716,26.0855889951,-90.974600546)) ;
#1667=CARTESIAN_POINT('Control Point',(-4.94339388656,26.1596832005,-90.8889778279)) ;
#1668=CARTESIAN_POINT('Control Point',(-4.95320966818,26.2324922245,-90.8024775237)) ;
#1669=CARTESIAN_POINT('Control Point',(-4.95578171294,26.2514251312,-90.7797813349)) ;
#1670=CARTESIAN_POINT('Control Point',(-4.96218957372,26.2982079448,-90.7232619773)) ;
#1671=CARTESIAN_POINT('Control Point',(-4.96856287482,26.3437973223,-90.6672135586)) ;
#1672=CARTESIAN_POINT('Control Point',(-4.97171045311,26.3660774011,-90.6395952348)) ;
#1673=CARTESIAN_POINT('Control Point',(-4.98134471656,26.4336871384,-90.5550329074)) ;
#1674=CARTESIAN_POINT('Control Point',(-4.99137250956,26.50233205,-90.4668496124)) ;
#1675=CARTESIAN_POINT('Control Point',(-4.99995259049,26.5598515362,-90.3913026213)) ;
#1676=CARTESIAN_POINT('Control Point',(-5.01324807809,26.6473700376,-90.2740361784)) ;
#1677=CARTESIAN_POINT('Control Point',(-5.02661896435,26.7320688449,-90.1561634674)) ;
#1678=CARTESIAN_POINT('Control Point',(-5.0336282783,26.7755823306,-90.0944548246)) ;
#1679=CARTESIAN_POINT('Control Point',(-5.04802031389,26.863423211,-89.9673005526)) ;
#1680=CARTESIAN_POINT('Control Point',(-5.06264849759,26.9495161228,-89.8374795842)) ;
#1681=CARTESIAN_POINT('Control Point',(-5.06996314346,26.9916392221,-89.7726045073)) ;
#1682=CARTESIAN_POINT('Control Point',(-5.08099495511,27.053940915,-89.6746534089)) ;
#1683=CARTESIAN_POINT('Control Point',(-5.09209969819,27.1147907974,-89.5759114685)) ;
#1684=CARTESIAN_POINT('Control Point',(-5.09540359924,27.132742993,-89.5464580193)) ;
#1685=CARTESIAN_POINT('Control Point',(-5.10244334602,27.1705969196,-89.4838106397)) ;
#1686=CARTESIAN_POINT('Control Point',(-5.10994746963,27.2101857876,-89.4169012378)) ;
#1687=CARTESIAN_POINT('Control Point',(-5.11357124002,27.2290489969,-89.3846523568)) ;
#1688=CARTESIAN_POINT('Control Point',(-5.12447196775,27.2852753619,-89.2875271991)) ;
#1689=CARTESIAN_POINT('Control Point',(-5.13560922415,27.3410163001,-89.1881102651)) ;
#1690=CARTESIAN_POINT('Control Point',(-5.143877525,27.3815132109,-89.1141687269)) ;
#1691=CARTESIAN_POINT('Control Point',(-5.15858552849,27.4520012781,-88.9825574479)) ;
#1692=CARTESIAN_POINT('Control Point',(-5.17342192896,27.5200266299,-88.8497566204)) ;
#1693=CARTESIAN_POINT('Control Point',(-5.18102388731,27.554098612,-88.7817218456)) ;
#1694=CARTESIAN_POINT('Control Point',(-5.19577613519,27.6188201693,-88.649345528)) ;
#1695=CARTESIAN_POINT('Control Point',(-5.21068921673,27.6814326542,-88.515183849)) ;
#1696=CARTESIAN_POINT('Control Point',(-5.22152478681,27.7257356429,-88.4175985062)) ;
#1697=CARTESIAN_POINT('Control Point',(-5.23659400906,27.7857116835,-88.2817413971)) ;
#1698=CARTESIAN_POINT('Control Point',(-5.25176963229,27.8432277761,-88.1447519297)) ;
#1699=CARTESIAN_POINT('Control Point',(-5.25976360244,27.8727297337,-88.0725570559)) ;
#1700=CARTESIAN_POINT('Control Point',(-5.27593721269,27.9308187161,-87.9264252446)) ;
#1701=CARTESIAN_POINT('Control Point',(-5.29223088372,27.9861339844,-87.7790617423)) ;
#1702=CARTESIAN_POINT('Control Point',(-5.29912234889,28.0089199253,-87.7165967612)) ;
#1703=CARTESIAN_POINT('Control Point',(-5.31505382301,28.0601745761,-87.5721969448)) ;
#1704=CARTESIAN_POINT('Control Point',(-5.3310683084,28.1086624152,-87.4270155925)) ;
#1705=CARTESIAN_POINT('Control Point',(-5.33903081226,28.1320448584,-87.3548352579)) ;
#1706=CARTESIAN_POINT('Control Point',(-5.35122657301,28.1667790534,-87.2440020052)) ;
#1707=CARTESIAN_POINT('Control Point',(-5.36348990924,28.2000427044,-87.1322591332)) ;
#1708=CARTESIAN_POINT('Control Point',(-5.36722542304,28.2100045431,-87.0981872988)) ;
#1709=CARTESIAN_POINT('Control Point',(-5.37334675347,28.2260209393,-87.0425217452)) ;
#1710=CARTESIAN_POINT('Control Point',(-5.37976358392,28.2423591021,-86.9840891818)) ;
#1711=CARTESIAN_POINT('Control Point',(-5.38189145105,28.2477239675,-86.9647102205)) ;
#1712=CARTESIAN_POINT('Control Point',(-5.3925876523,28.2744478412,-86.8672481406)) ;
#1713=CARTESIAN_POINT('Control Point',(-5.40339630334,28.3002219365,-86.7684852991)) ;
#1714=CARTESIAN_POINT('Control Point',(-5.41184639587,28.3196852339,-86.6909783806)) ;
#1715=CARTESIAN_POINT('Control Point',(-5.42468805007,28.3478588814,-86.5731035174)) ;
#1716=CARTESIAN_POINT('Control Point',(-5.43608492697,28.37134432,-86.4689986577)) ;
#1717=CARTESIAN_POINT('Control Point',(-5.43961948658,28.3784779678,-86.4368661694)) ;
#1718=CARTESIAN_POINT('Control Point',(-5.45474452898,28.4083981229,-86.2992636146)) ;
#1719=CARTESIAN_POINT('Control Point',(-5.46997139055,28.4359732553,-86.1612820492)) ;
#1720=CARTESIAN_POINT('Control Point',(-5.48146530727,28.4553769124,-86.057130377)) ;
#1721=CARTESIAN_POINT('Control Point',(-5.49288852983,28.4733544644,-85.9530905033)) ;
#1722=CARTESIAN_POINT('Control Point',(-5.50422602985,28.489972924,-85.848721134)) ;
#1732=CARTESIAN_POINT('Control Point',(-6.68812589485,26.7374346442,-86.321852472)) ;
#1733=CARTESIAN_POINT('Control Point',(-6.79622937538,27.6624480269,-86.48227237)) ;
#1734=CARTESIAN_POINT('Control Point',(-6.18041034541,28.3783840642,-86.517954093)) ;
#1735=CARTESIAN_POINT('Control Point',(-5.24291005875,28.4176069811,-86.405591021)) ;
#1736=CARTESIAN_POINT('Control Point',(-6.71243454886,26.7681057636,-86.129687142)) ;
#1737=CARTESIAN_POINT('Control Point',(-6.82053874931,27.6931200458,-86.290101337)) ;
#1738=CARTESIAN_POINT('Control Point',(-6.20472028004,28.4090567739,-86.325778682)) ;
#1739=CARTESIAN_POINT('Control Point',(-5.26722002892,28.4482797217,-86.213415415)) ;
#1740=CARTESIAN_POINT('Control Point',(-7.03932009897,27.1805684086,-83.545585151)) ;
#1741=CARTESIAN_POINT('Control Point',(-7.14742722166,28.1055864616,-83.705976321)) ;
#1742=CARTESIAN_POINT('Control Point',(-6.5316109461,28.8215260864,-83.741635973)) ;
#1743=CARTESIAN_POINT('Control Point',(-5.59411072709,28.8607491648,-83.629271903)) ;
#1744=CARTESIAN_POINT('Control Point',(-7.65308733312,27.9554116519,-78.693644541)) ;
#1745=CARTESIAN_POINT('Control Point',(-7.76104985156,28.8802518609,-78.85518409)) ;
#1746=CARTESIAN_POINT('Control Point',(-7.14511891487,29.5960549129,-78.891725356)) ;
#1747=CARTESIAN_POINT('Control Point',(-6.20760887223,29.6352718964,-78.779400279)) ;
#1748=CARTESIAN_POINT('Control Point',(-8.52687878608,29.0566787207,-71.786052136)) ;
#1749=CARTESIAN_POINT('Control Point',(-8.63490474249,29.981597261,-71.947088256)) ;
#1750=CARTESIAN_POINT('Control Point',(-8.01902385762,30.6974604685,-71.983243007)) ;
#1751=CARTESIAN_POINT('Control Point',(-7.08151778771,30.7366801391,-71.870900794)) ;
#1752=CARTESIAN_POINT('Control Point',(-9.37924479013,30.1309077665,-65.047832155)) ;
#1753=CARTESIAN_POINT('Control Point',(-9.48726138784,31.0558149336,-65.208942761)) ;
#1754=CARTESIAN_POINT('Control Point',(-8.87137296947,31.7716694082,-65.245154681)) ;
#1755=CARTESIAN_POINT('Control Point',(-7.93386611212,31.8108886903,-65.132814978)) ;
#1756=CARTESIAN_POINT('Control Point',(-10.2298906178,31.2026119415,-58.323188587)) ;
#1757=CARTESIAN_POINT('Control Point',(-10.3379150388,32.1275288548,-58.484237215)) ;
#1758=CARTESIAN_POINT('Control Point',(-9.72203272075,32.8433908146,-58.520401541)) ;
#1759=CARTESIAN_POINT('Control Point',(-8.78452625622,32.8826104318,-58.408059716)) ;
#1760=CARTESIAN_POINT('Control Point',(-11.0978676425,32.2959648785,-51.461524438)) ;
#1761=CARTESIAN_POINT('Control Point',(-11.2058941265,33.2208844203,-51.622556793)) ;
#1762=CARTESIAN_POINT('Control Point',(-10.5900133682,33.9367483993,-51.658708617)) ;
#1763=CARTESIAN_POINT('Control Point',(-9.65250694105,33.9759681074,-51.546366228)) ;
#1764=CARTESIAN_POINT('Control Point',(-12.0121923424,33.447514049,-44.233454042)) ;
#1765=CARTESIAN_POINT('Control Point',(-12.1202217041,34.3724372065,-44.394463638)) ;
#1766=CARTESIAN_POINT('Control Point',(-11.5043431632,35.0883039625,-44.430597982)) ;
#1767=CARTESIAN_POINT('Control Point',(-10.5668368451,35.1275237952,-44.318254808)) ;
#1768=CARTESIAN_POINT('Control Point',(-13.0022416156,34.6942746515,-36.40674331)) ;
#1769=CARTESIAN_POINT('Control Point',(-13.1102730642,35.6192004399,-36.567736412)) ;
#1770=CARTESIAN_POINT('Control Point',(-12.4943961239,36.3350692167,-36.603858085)) ;
#1771=CARTESIAN_POINT('Control Point',(-11.5568898746,36.3742891402,-36.491514343)) ;
#1772=CARTESIAN_POINT('Control Point',(-13.7147943705,35.5914833077,-30.773740209)) ;
#1773=CARTESIAN_POINT('Control Point',(-13.8228270736,36.5164106743,-30.934723391)) ;
#1774=CARTESIAN_POINT('Control Point',(-13.206951098,37.2322806634,-30.970837447)) ;
#1775=CARTESIAN_POINT('Control Point',(-12.2694448934,37.2715006412,-30.858493362)) ;
#1776=CARTESIAN_POINT('Control Point',(-14.0998929832,36.0763563597,-27.729386411)) ;
#1777=CARTESIAN_POINT('Control Point',(-14.207926256,37.0012844442,-27.89036509)) ;
#1778=CARTESIAN_POINT('Control Point',(-13.5920507176,37.7171549847,-27.926475686)) ;
#1779=CARTESIAN_POINT('Control Point',(-12.6545445321,37.7563749873,-27.814131447)) ;
#1780=CARTESIAN_POINT('Control Point',(-14.1241938236,36.1069531688,-27.537278843)) ;
#1781=CARTESIAN_POINT('Control Point',(-14.232227132,37.0318812981,-27.698257241)) ;
#1782=CARTESIAN_POINT('Control Point',(-13.6163516208,37.7477518729,-27.734367622)) ;
#1783=CARTESIAN_POINT('Control Point',(-12.6788454365,37.7869718771,-27.622023372)) ;
#1785=CARTESIAN_POINT('Control Point',(-14.0610960669,36.2032873526,-28.1448045473)) ;
#1786=CARTESIAN_POINT('Control Point',(-14.0521396104,36.9511195678,-28.2627789896)) ;
#1787=CARTESIAN_POINT('Control Point',(-13.5642284605,37.5305696696,-28.2933493158)) ;
#1788=CARTESIAN_POINT('Control Point',(-12.8215673049,37.6704711081,-28.221687771)) ;
#1789=CARTESIAN_POINT('Vertex',(-12.8215673049,37.6704711081,-28.221687771)) ;
#1793=CARTESIAN_POINT('Control Point',(-5.50422602747,28.4899738909,-85.8487210342)) ;
#1794=CARTESIAN_POINT('Control Point',(-5.61454852541,28.6279450597,-84.9835257859)) ;
#1795=CARTESIAN_POINT('Control Point',(-5.72482530529,28.7658753477,-84.1187075577)) ;
#1796=CARTESIAN_POINT('Control Point',(-5.84087564307,28.9110477264,-83.2085442502)) ;
#1797=CARTESIAN_POINT('Control Point',(-5.99442958172,29.1031626508,-82.0040641262)) ;
#1798=CARTESIAN_POINT('Control Point',(-6.14655310956,29.293535862,-80.8103784392)) ;
#1799=CARTESIAN_POINT('Control Point',(-6.16465515219,29.3161906712,-80.6683235036)) ;
#1800=CARTESIAN_POINT('Control Point',(-6.24330161243,29.4146238344,-80.0510840659)) ;
#1801=CARTESIAN_POINT('Control Point',(-6.32163584579,29.5126811709,-79.4361373402)) ;
#1802=CARTESIAN_POINT('Control Point',(-6.35820971351,29.5584670356,-79.1489846961)) ;
#1803=CARTESIAN_POINT('Control Point',(-6.43551132792,29.6552464553,-78.5419777496)) ;
#1804=CARTESIAN_POINT('Control Point',(-6.51262733054,29.7518101564,-77.9362360356)) ;
#1805=CARTESIAN_POINT('Control Point',(-6.53126138798,29.775145298,-77.789847241)) ;
#1806=CARTESIAN_POINT('Control Point',(-6.62694409012,29.8949767747,-77.0380690792)) ;
#1807=CARTESIAN_POINT('Control Point',(-6.72259893113,30.01480116,-76.286234005)) ;
#1808=CARTESIAN_POINT('Control Point',(-6.77740947693,30.0834694391,-75.8553483668)) ;
#1809=CARTESIAN_POINT('Control Point',(-6.85071758033,30.1753206824,-75.2789590515)) ;
#1810=CARTESIAN_POINT('Control Point',(-6.92417332659,30.2673677284,-74.701305641)) ;
#1811=CARTESIAN_POINT('Control Point',(-6.94283357058,30.2907515073,-74.5545555821)) ;
#1812=CARTESIAN_POINT('Control Point',(-6.98038584266,30.3378107691,-74.2592209796)) ;
#1813=CARTESIAN_POINT('Control Point',(-7.01679210289,30.3834364519,-73.9728766578)) ;
#1814=CARTESIAN_POINT('Control Point',(-7.02860538811,30.3982415537,-73.8799598468)) ;
#1815=CARTESIAN_POINT('Control Point',(-7.06542923149,30.4443922208,-73.5903155665)) ;
#1816=CARTESIAN_POINT('Control Point',(-7.10171000173,30.4898642629,-73.3049257823)) ;
#1817=CARTESIAN_POINT('Control Point',(-7.12021921054,30.5130630634,-73.159325476)) ;
#1818=CARTESIAN_POINT('Control Point',(-7.15434235273,30.5558328183,-72.8908926122)) ;
#1819=CARTESIAN_POINT('Control Point',(-7.18789587039,30.5978905866,-72.6269264715)) ;
#1820=CARTESIAN_POINT('Control Point',(-7.20469957763,30.6189537683,-72.4947278534)) ;
#1821=CARTESIAN_POINT('Control Point',(-7.2380047363,30.6607022539,-72.2327019883)) ;
#1822=CARTESIAN_POINT('Control Point',(-7.27157630714,30.7027865148,-71.9685685682)) ;
#1823=CARTESIAN_POINT('Control Point',(-7.28995848441,30.7258303037,-71.8239389923)) ;
#1824=CARTESIAN_POINT('Control Point',(-7.34203134637,30.7911097211,-71.4142268187)) ;
#1825=CARTESIAN_POINT('Control Point',(-7.3952816402,30.8578681697,-70.9952324092)) ;
#1826=CARTESIAN_POINT('Control Point',(-7.42735385789,30.8980768985,-70.742871009)) ;
#1827=CARTESIAN_POINT('Control Point',(-7.48225451262,30.9669071481,-70.3108720479)) ;
#1828=CARTESIAN_POINT('Control Point',(-7.53719087094,31.0357853661,-69.8785706776)) ;
#1829=CARTESIAN_POINT('Control Point',(-7.55517814443,31.0583378487,-69.7370240337)) ;
#1830=CARTESIAN_POINT('Control Point',(-7.59192787783,31.1044154677,-69.4478256335)) ;
#1831=CARTESIAN_POINT('Control Point',(-7.62867967146,31.1504971423,-69.1586007624)) ;
#1832=CARTESIAN_POINT('Control Point',(-7.64364926293,31.1692672321,-69.0407928213)) ;
#1833=CARTESIAN_POINT('Control Point',(-7.67979779933,31.2145937854,-68.7563061564)) ;
#1834=CARTESIAN_POINT('Control Point',(-7.71536093657,31.2591878156,-68.4764157946)) ;
#1835=CARTESIAN_POINT('Control Point',(-7.73278059483,31.281031414,-68.3393161489)) ;
#1836=CARTESIAN_POINT('Control Point',(-7.76900853703,31.3264606298,-68.0541824092)) ;
#1837=CARTESIAN_POINT('Control Point',(-7.80603772709,31.3728960456,-67.7627314002)) ;
#1838=CARTESIAN_POINT('Control Point',(-7.82100136769,31.3916610788,-67.644952634)) ;
#1839=CARTESIAN_POINT('Control Point',(-7.94002496197,31.5409239499,-66.7081006809)) ;
#1840=CARTESIAN_POINT('Control Point',(-8.05946544807,31.6907252532,-65.7678448603)) ;
#1841=CARTESIAN_POINT('Control Point',(-8.1109274624,31.7552724935,-65.3626925201)) ;
#1842=CARTESIAN_POINT('Control Point',(-8.23494737522,31.9108409058,-64.3861847501)) ;
#1843=CARTESIAN_POINT('Control Point',(-8.35888063305,32.0663181359,-63.4102129799)) ;
#1844=CARTESIAN_POINT('Control Point',(-8.35155041347,32.0571219038,-63.4679394719)) ;
#1845=CARTESIAN_POINT('Control Point',(-8.38088381738,32.0939220547,-63.236934655)) ;
#1846=CARTESIAN_POINT('Control Point',(-8.42605468944,32.1505929651,-62.8811910902)) ;
#1847=CARTESIAN_POINT('Control Point',(-8.44422662853,32.173391708,-62.7380742304)) ;
#1848=CARTESIAN_POINT('Control Point',(-8.50110697123,32.2447562306,-62.2900890318)) ;
#1849=CARTESIAN_POINT('Control Point',(-8.55892545307,32.3173020254,-61.834682219)) ;
#1850=CARTESIAN_POINT('Control Point',(-8.59341636375,32.3605796775,-61.5630039191)) ;
#1851=CARTESIAN_POINT('Control Point',(-8.69061959359,32.4825486357,-60.7973281758)) ;
#1852=CARTESIAN_POINT('Control Point',(-8.78808911527,32.6048582199,-60.0294955696)) ;
#1853=CARTESIAN_POINT('Control Point',(-8.84601328118,32.6775461424,-59.5731704714)) ;
#1854=CARTESIAN_POINT('Control Point',(-8.92150042388,32.7722767483,-58.9784577107)) ;
#1855=CARTESIAN_POINT('Control Point',(-8.99540097198,32.8650217393,-58.3962043201)) ;
#1856=CARTESIAN_POINT('Control Point',(-9.01739766355,32.8926279991,-58.2228916575)) ;
#1857=CARTESIAN_POINT('Control Point',(-9.05177191025,32.9357689889,-57.952051023)) ;
#1858=CARTESIAN_POINT('Control Point',(-9.08658331861,32.9794599181,-57.6777566173)) ;
#1859=CARTESIAN_POINT('Control Point',(-9.10550298643,33.0032057009,-57.5286786273)) ;
#1860=CARTESIAN_POINT('Control Point',(-9.16059765867,33.0723550043,-57.0945522808)) ;
#1861=CARTESIAN_POINT('Control Point',(-9.21544391608,33.1411946933,-56.6623659195)) ;
#1862=CARTESIAN_POINT('Control Point',(-9.25182212471,33.1868553487,-56.3756994888)) ;
#1863=CARTESIAN_POINT('Control Point',(-9.3260838673,33.2800681485,-55.7904882813)) ;
#1864=CARTESIAN_POINT('Control Point',(-9.40015336787,33.3730439724,-55.2067584165)) ;
#1865=CARTESIAN_POINT('Control Point',(-9.42943452173,33.4097999836,-54.9759920961)) ;
#1866=CARTESIAN_POINT('Control Point',(-9.48549272955,33.4801702382,-54.5341823282)) ;
#1867=CARTESIAN_POINT('Control Point',(-9.54171463881,33.5507484214,-54.0910634736)) ;
#1868=CARTESIAN_POINT('Control Point',(-9.55989822718,33.5735754395,-53.9477456857)) ;
#1869=CARTESIAN_POINT('Control Point',(-9.59617317877,33.6191141768,-53.6618332304)) ;
#1870=CARTESIAN_POINT('Control Point',(-9.63255839237,33.6647922578,-53.3750443481)) ;
#1871=CARTESIAN_POINT('Control Point',(-9.65154626723,33.6886299252,-53.2253796283)) ;
#1872=CARTESIAN_POINT('Control Point',(-9.68750087529,33.7337682387,-52.9419780152)) ;
#1873=CARTESIAN_POINT('Control Point',(-9.72273799059,33.778006628,-52.664225095)) ;
#1874=CARTESIAN_POINT('Control Point',(-9.74037433084,33.8001483835,-52.5252066526)) ;
#1875=CARTESIAN_POINT('Control Point',(-9.78080635734,33.8509097563,-52.2064972564)) ;
#1876=CARTESIAN_POINT('Control Point',(-9.82245004257,33.9031933951,-51.8782281406)) ;
#1877=CARTESIAN_POINT('Control Point',(-9.822333557,33.9030471388,-51.8791464151)) ;
#1878=CARTESIAN_POINT('Control Point',(-9.95493249827,34.0695275743,-50.8338746349)) ;
#1879=CARTESIAN_POINT('Control Point',(-10.08768153,34.2362080732,-49.787326447)) ;
#1880=CARTESIAN_POINT('Control Point',(-10.197469725,34.3740663148,-48.921733373)) ;
#1881=CARTESIAN_POINT('Control Point',(-10.3233970378,34.532197977,-47.9288318234)) ;
#1882=CARTESIAN_POINT('Control Point',(-10.4494076829,34.6904429738,-46.9352031608)) ;
#1883=CARTESIAN_POINT('Control Point',(-10.4785834829,34.7270824894,-46.7051410515)) ;
#1884=CARTESIAN_POINT('Control Point',(-10.5043899454,34.7594908283,-46.5016462652)) ;
#1885=CARTESIAN_POINT('Control Point',(-10.5298637556,34.7914820643,-46.3007701103)) ;
#1886=CARTESIAN_POINT('Control Point',(-10.5575783985,34.8262875563,-46.0822224398)) ;
#1887=CARTESIAN_POINT('Control Point',(-10.6108632563,34.8932061753,-45.6620316714)) ;
#1888=CARTESIAN_POINT('Control Point',(-10.6647941867,34.9609379679,-45.2367324804)) ;
#1889=CARTESIAN_POINT('Control Point',(-10.7025038816,35.0082983761,-44.9393474458)) ;
#1890=CARTESIAN_POINT('Control Point',(-10.7808533488,35.1067005704,-44.3214586494)) ;
#1891=CARTESIAN_POINT('Control Point',(-10.8594169304,35.2053744283,-43.7018585623)) ;
#1892=CARTESIAN_POINT('Control Point',(-10.8871893621,35.240256311,-43.4828248032)) ;
#1893=CARTESIAN_POINT('Control Point',(-10.9652012416,35.3382395129,-42.8675566211)) ;
#1894=CARTESIAN_POINT('Control Point',(-11.043040423,35.4360083958,-42.2536290311)) ;
#1895=CARTESIAN_POINT('Control Point',(-11.0806981213,35.4833084921,-41.9566127572)) ;
#1896=CARTESIAN_POINT('Control Point',(-11.1357568174,35.5524662422,-41.522341937)) ;
#1897=CARTESIAN_POINT('Control Point',(-11.1902822161,35.6209557642,-41.0922650626)) ;
#1898=CARTESIAN_POINT('Control Point',(-11.2127424097,35.6491683273,-40.9151052897)) ;
#1899=CARTESIAN_POINT('Control Point',(-11.2592962537,35.7076458686,-40.5478967834)) ;
#1900=CARTESIAN_POINT('Control Point',(-11.2859814034,35.7411660446,-40.3374063567)) ;
#1901=CARTESIAN_POINT('Control Point',(-11.2693494715,35.7202741064,-40.4685977851)) ;
#1902=CARTESIAN_POINT('Control Point',(-11.5929337204,36.126743985,-37.9161674253)) ;
#1903=CARTESIAN_POINT('Control Point',(-11.9171834004,36.5340977491,-35.3581081549)) ;
#1904=CARTESIAN_POINT('Control Point',(-12.2217465358,36.9167565581,-32.9550637279)) ;
#1905=CARTESIAN_POINT('Control Point',(-12.5214951332,37.2933967167,-30.5897615365)) ;
#1906=CARTESIAN_POINT('Control Point',(-12.8215673049,37.6704711081,-28.221687771)) ;
#1916=CARTESIAN_POINT('Control Point',(-14.0409436144,35.9993755731,-28.195233339)) ;
#1917=CARTESIAN_POINT('Control Point',(-14.1496906418,36.9874070881,-28.433261287)) ;
#1918=CARTESIAN_POINT('Control Point',(-13.4390612848,37.7181793296,-28.508829877)) ;
#1919=CARTESIAN_POINT('Control Point',(-12.4286774351,37.6573416538,-28.366682324)) ;
#1920=CARTESIAN_POINT('Control Point',(-14.0443715361,36.0055345501,-28.168248806)) ;
#1921=CARTESIAN_POINT('Control Point',(-14.1558074356,36.998403622,-28.385110405)) ;
#1922=CARTESIAN_POINT('Control Point',(-13.4471500924,37.7327237187,-28.445155635)) ;
#1923=CARTESIAN_POINT('Control Point',(-12.4365794347,37.671549956,-28.304478603)) ;
#1924=CARTESIAN_POINT('Control Point',(-14.0620505293,36.0324883337,-28.028781215)) ;
#1925=CARTESIAN_POINT('Control Point',(-14.1873283293,37.0464745006,-28.136446451)) ;
#1926=CARTESIAN_POINT('Control Point',(-13.4888226099,37.7962818349,-28.116407274)) ;
#1927=CARTESIAN_POINT('Control Point',(-12.4772902933,37.733640973,-27.983316604)) ;
#1928=CARTESIAN_POINT('Control Point',(-14.0950869546,36.0387262329,-27.765418371)) ;
#1929=CARTESIAN_POINT('Control Point',(-14.2459854414,37.0573030439,-27.668822885)) ;
#1930=CARTESIAN_POINT('Control Point',(-13.5662698855,37.810477148,-27.498979279)) ;
#1931=CARTESIAN_POINT('Control Point',(-12.5529575849,37.7475173534,-27.380079517)) ;
#1932=CARTESIAN_POINT('Control Point',(-14.1385477733,35.9503522522,-27.412951995)) ;
#1933=CARTESIAN_POINT('Control Point',(-14.3225116219,36.9013095562,-27.048173231)) ;
#1934=CARTESIAN_POINT('Control Point',(-13.66704614,37.6048916413,-26.681644514)) ;
#1935=CARTESIAN_POINT('Control Point',(-12.6514366404,37.5466296771,-26.581376647)) ;
#1936=CARTESIAN_POINT('Control Point',(-14.167617043,35.8114882502,-27.172244969)) ;
#1937=CARTESIAN_POINT('Control Point',(-14.3732953913,36.6584688173,-26.627644766)) ;
#1938=CARTESIAN_POINT('Control Point',(-13.7337552828,37.2857945592,-26.129235344)) ;
#1939=CARTESIAN_POINT('Control Point',(-12.7166371794,37.2347563254,-26.041460479)) ;
#1940=CARTESIAN_POINT('Control Point',(-14.1817579186,35.7120890117,-27.053172951)) ;
#1941=CARTESIAN_POINT('Control Point',(-14.3979295142,36.4852812053,-26.420213463)) ;
#1942=CARTESIAN_POINT('Control Point',(-13.7660851334,37.0584906929,-25.857001506)) ;
#1943=CARTESIAN_POINT('Control Point',(-12.7482380172,37.0125788684,-25.775365358)) ;
#1944=CARTESIAN_POINT('Control Point',(-14.1842270657,35.6935164292,-27.032306125)) ;
#1945=CARTESIAN_POINT('Control Point',(-14.4022288772,36.4529397728,-26.383879297)) ;
#1946=CARTESIAN_POINT('Control Point',(-13.7717267732,37.0160512118,-25.809323624)) ;
#1947=CARTESIAN_POINT('Control Point',(-12.7537525036,36.971095971,-25.728762061)) ;
#1949=CARTESIAN_POINT('Control Point',(-14.2043341133,35.8975864461,-26.9822496629)) ;
#1950=CARTESIAN_POINT('Control Point',(-14.2733814667,36.5594835785,-26.4721309598)) ;
#1951=CARTESIAN_POINT('Control Point',(-13.7527418229,37.0454276159,-26.0295373111)) ;
#1952=CARTESIAN_POINT('Control Point',(-12.9262099967,37.0905360771,-25.8957214219)) ;
#1953=CARTESIAN_POINT('Vertex',(-12.9262099967,37.0905360771,-25.8957214219)) ;
#1957=CARTESIAN_POINT('Control Point',(-12.8215673055,37.6704711109,-28.2216877548)) ;
#1958=CARTESIAN_POINT('Control Point',(-12.8348008736,37.6976966303,-28.0587098074)) ;
#1959=CARTESIAN_POINT('Control Point',(-12.8473215589,37.7136435245,-27.8928674306)) ;
#1960=CARTESIAN_POINT('Control Point',(-12.8596067814,37.7181376121,-27.7161125472)) ;
#1961=CARTESIAN_POINT('Control Point',(-12.8754954551,37.7065745636,-27.4641505275)) ;
#1962=CARTESIAN_POINT('Control Point',(-12.8888118099,37.6687527346,-27.2150831377)) ;
#1963=CARTESIAN_POINT('Control Point',(-12.8929331303,37.6532274357,-27.132620798)) ;
#1964=CARTESIAN_POINT('Control Point',(-12.900624031,37.6165433956,-26.9687983656)) ;
#1965=CARTESIAN_POINT('Control Point',(-12.9071712603,37.5687200987,-26.8083300961)) ;
#1966=CARTESIAN_POINT('Control Point',(-12.9101931636,37.5418477992,-26.7283003726)) ;
#1967=CARTESIAN_POINT('Control Point',(-12.9179936333,37.4563490034,-26.5009585414)) ;
#1968=CARTESIAN_POINT('Control Point',(-12.9232030966,37.3481350682,-26.2824312226)) ;
#1969=CARTESIAN_POINT('Control Point',(-12.9253149599,37.2733611567,-26.152667718)) ;
#1970=CARTESIAN_POINT('Control Point',(-12.9263806403,37.1857930804,-26.0207829914)) ;
#1971=CARTESIAN_POINT('Control Point',(-12.9262099967,37.0905360771,-25.8957214219)) ;
#1981=CARTESIAN_POINT('Control Point',(-14.204334098,35.8975862991,-26.9822497762)) ;
#1982=CARTESIAN_POINT('Control Point',(-14.2382351666,36.2225660701,-26.7317906113)) ;
#1983=CARTESIAN_POINT('Control Point',(-14.1473410042,36.596685674,-26.4279782179)) ;
#1984=CARTESIAN_POINT('Control Point',(-13.7796014934,36.9399191239,-26.1153642581)) ;
#1985=CARTESIAN_POINT('Control Point',(-13.3320225549,37.0683887551,-25.961422845)) ;
#1986=CARTESIAN_POINT('Control Point',(-12.9262099753,37.0905362178,-25.8957216014)) ;
#1987=CARTESIAN_POINT('Control Point',(-14.2624266441,35.5158047219,-26.4947371471)) ;
#1988=CARTESIAN_POINT('Control Point',(-14.2963334714,35.8407466475,-26.244229656)) ;
#1989=CARTESIAN_POINT('Control Point',(-14.2054459204,36.2148228013,-25.9403617793)) ;
#1990=CARTESIAN_POINT('Control Point',(-13.837712436,36.5580166456,-25.6276972457)) ;
#1991=CARTESIAN_POINT('Control Point',(-13.3901357104,36.6864717335,-25.4737372617)) ;
#1992=CARTESIAN_POINT('Control Point',(-12.984323467,36.7086169867,-25.4080331967)) ;
#1993=CARTESIAN_POINT('Control Point',(-14.3205075691,35.1339124201,-26.0073104154)) ;
#1994=CARTESIAN_POINT('Control Point',(-14.3544201891,35.4588162583,-25.7567543113)) ;
#1995=CARTESIAN_POINT('Control Point',(-14.2635392887,35.8328486839,-25.452830622)) ;
#1996=CARTESIAN_POINT('Control Point',(-13.8958118664,36.1760026693,-25.1401152142)) ;
#1997=CARTESIAN_POINT('Control Point',(-13.4482373667,36.3044431208,-24.986136549)) ;
#1998=CARTESIAN_POINT('Control Point',(-13.0424254615,36.3265861502,-24.9204296458)) ;
#1999=CARTESIAN_POINT('Control Point',(-14.3785768239,34.7519090296,-25.5199699518)) ;
#2000=CARTESIAN_POINT('Control Point',(-14.4124952704,35.0767745387,-25.2693649493)) ;
#2001=CARTESIAN_POINT('Control Point',(-14.3216210594,35.4507629585,-24.9653851196)) ;
#2002=CARTESIAN_POINT('Control Point',(-13.9538997347,35.7938768319,-24.6526185389)) ;
#2003=CARTESIAN_POINT('Control Point',(-13.5063274741,35.9223025541,-24.4986210827)) ;
#2004=CARTESIAN_POINT('Control Point',(-13.1005159091,35.9444433458,-24.4329113247)) ;
#2006=CARTESIAN_POINT('Control Point',(-12.9262099967,37.0905360772,-25.8957214218)) ;
#2007=CARTESIAN_POINT('Control Point',(-12.9710970471,36.8030039442,-25.5288250033)) ;
#2008=CARTESIAN_POINT('Control Point',(-13.0159618197,36.5155452869,-25.1621544884)) ;
#2009=CARTESIAN_POINT('Control Point',(-13.0608024067,36.228172445,-24.7957256546)) ;
#2010=CARTESIAN_POINT('Vertex',(-13.0608024067,36.228172445,-24.7957256546)) ;
#2014=CARTESIAN_POINT('Control Point',(-14.3785767567,34.7519094716,-25.5199705156)) ;
#2015=CARTESIAN_POINT('Control Point',(-14.4024780433,35.1412268778,-25.353343737)) ;
#2016=CARTESIAN_POINT('Control Point',(-14.297241254,35.5832197284,-25.1556432659)) ;
#2017=CARTESIAN_POINT('Control Point',(-13.9412634368,36.0050993925,-24.9497569318)) ;
#2018=CARTESIAN_POINT('Control Point',(-13.4804363455,36.1868959718,-24.8410913673)) ;
#2019=CARTESIAN_POINT('Control Point',(-13.0608024067,36.228172445,-24.7957256546)) ;
#2029=CARTESIAN_POINT('Control Point',(-14.3785771065,34.7519119656,-25.5199686041)) ;
#2030=CARTESIAN_POINT('Control Point',(-14.4207174308,34.7515839809,-25.1835173275)) ;
#2031=CARTESIAN_POINT('Control Point',(-14.3202571232,34.7523656888,-24.8292045772)) ;
#2032=CARTESIAN_POINT('Control Point',(-14.0644998052,34.7543559041,-24.5394062382)) ;
#2033=CARTESIAN_POINT('Control Point',(-13.7254298318,34.7569944694,-24.3956877052)) ;
#2034=CARTESIAN_POINT('Control Point',(-13.3863598815,34.7596330582,-24.3956883453)) ;
#2035=CARTESIAN_POINT('Control Point',(-14.3889991736,34.9216673302,-25.4473120909)) ;
#2036=CARTESIAN_POINT('Control Point',(-14.4047163072,34.9255483057,-25.1223056928)) ;
#2037=CARTESIAN_POINT('Control Point',(-14.2887366905,34.9169067775,-24.7914227182)) ;
#2038=CARTESIAN_POINT('Control Point',(-14.0363023603,34.8945736062,-24.5269900474)) ;
#2039=CARTESIAN_POINT('Control Point',(-13.7116251835,34.8648878083,-24.3956865202)) ;
#2040=CARTESIAN_POINT('Control Point',(-13.3869480504,34.8352020672,-24.3956883453)) ;
#2041=CARTESIAN_POINT('Control Point',(-14.3732886982,35.1007802699,-25.3688996227)) ;
#2042=CARTESIAN_POINT('Control Point',(-14.3626360414,35.1026997532,-25.0586955319)) ;
#2043=CARTESIAN_POINT('Control Point',(-14.2341351457,35.0806962394,-24.7532006878)) ;
#2044=CARTESIAN_POINT('Control Point',(-13.9894726322,35.0342068687,-24.5144021697)) ;
#2045=CARTESIAN_POINT('Control Point',(-13.6840347626,34.9748002064,-24.3956860781)) ;
#2046=CARTESIAN_POINT('Control Point',(-13.3785968936,34.9153936236,-24.3956883453)) ;
#2047=CARTESIAN_POINT('Control Point',(-14.3259306818,35.2832638779,-25.2869569083)) ;
#2048=CARTESIAN_POINT('Control Point',(-14.2920159916,35.2768478578,-24.9949647074)) ;
#2049=CARTESIAN_POINT('Control Point',(-14.1561036284,35.2382944841,-24.7160081432)) ;
#2050=CARTESIAN_POINT('Control Point',(-13.9238907109,35.1688084021,-24.5021261336)) ;
#2051=CARTESIAN_POINT('Control Point',(-13.6417234668,35.0832196976,-24.3956891982)) ;
#2052=CARTESIAN_POINT('Control Point',(-13.3595562217,34.9976309777,-24.3956883453)) ;
#2053=CARTESIAN_POINT('Control Point',(-14.1372300711,35.6861793328,-25.1005139766)) ;
#2054=CARTESIAN_POINT('Control Point',(-14.064652314,35.650654845,-24.8553151946)) ;
#2055=CARTESIAN_POINT('Control Point',(-13.9264830578,35.5715744761,-24.6364377934)) ;
#2056=CARTESIAN_POINT('Control Point',(-13.7328527321,35.4542901794,-24.475800631)) ;
#2057=CARTESIAN_POINT('Control Point',(-13.5110517646,35.317468054,-24.3956872403)) ;
#2058=CARTESIAN_POINT('Control Point',(-13.2892507982,35.1806459485,-24.3956883453)) ;
#2059=CARTESIAN_POINT('Control Point',(-13.7891652113,36.0035393292,-24.9405778344)) ;
#2060=CARTESIAN_POINT('Control Point',(-13.714965234,35.929239397,-24.7439039757)) ;
#2061=CARTESIAN_POINT('Control Point',(-13.6057960864,35.8130245198,-24.5759122864)) ;
#2062=CARTESIAN_POINT('Control Point',(-13.4688436473,35.6628648778,-24.4557023921)) ;
#2063=CARTESIAN_POINT('Control Point',(-13.3178601477,35.4955397349,-24.395689777)) ;
#2064=CARTESIAN_POINT('Control Point',(-13.1668766465,35.3282145662,-24.3956883453)) ;
#2065=CARTESIAN_POINT('Control Point',(-13.5488500463,36.134467663,-24.8682474473)) ;
#2066=CARTESIAN_POINT('Control Point',(-13.4877339011,36.0409364288,-24.6954439064)) ;
#2067=CARTESIAN_POINT('Control Point',(-13.4042937027,35.9088836049,-24.5501692219)) ;
#2068=CARTESIAN_POINT('Control Point',(-13.3033720715,35.7464093831,-24.4471383424)) ;
#2069=CARTESIAN_POINT('Control Point',(-13.1936355461,35.5685807093,-24.3956879888)) ;
#2070=CARTESIAN_POINT('Control Point',(-13.083898986,35.3907520303,-24.3956883453)) ;
#2071=CARTESIAN_POINT('Control Point',(-13.2994445731,36.2046660829,-24.8215499369)) ;
#2072=CARTESIAN_POINT('Control Point',(-13.2582865932,36.0999640956,-24.6644133569)) ;
#2073=CARTESIAN_POINT('Control Point',(-13.2037796635,35.9594394485,-24.5337595813)) ;
#2074=CARTESIAN_POINT('Control Point',(-13.1389539414,35.7910895173,-24.441679887)) ;
#2075=CARTESIAN_POINT('Control Point',(-13.068931395,35.6087198054,-24.3956883497)) ;
#2076=CARTESIAN_POINT('Control Point',(-12.9989088438,35.4263500911,-24.3956883453)) ;
#2077=CARTESIAN_POINT('Control Point',(-13.06080237,36.228172212,-24.7957258328)) ;
#2078=CARTESIAN_POINT('Control Point',(-13.0409870045,36.1186766602,-24.6473458866)) ;
#2079=CARTESIAN_POINT('Control Point',(-13.0150458334,35.9753311935,-24.5247632282)) ;
#2080=CARTESIAN_POINT('Control Point',(-12.984391049,35.8059392907,-24.4386865123)) ;
#2081=CARTESIAN_POINT('Control Point',(-12.9513633755,35.623435302,-24.3956883458)) ;
#2082=CARTESIAN_POINT('Control Point',(-12.9183357019,35.4409313132,-24.3956883453)) ;
#2084=CARTESIAN_POINT('Control Point',(-13.06080237,36.228172212,-24.7957258328)) ;
#2085=CARTESIAN_POINT('Control Point',(-13.0409870045,36.1186766602,-24.6473458866)) ;
#2086=CARTESIAN_POINT('Control Point',(-13.0150458334,35.9753311935,-24.5247632282)) ;
#2087=CARTESIAN_POINT('Control Point',(-12.984391049,35.8059392907,-24.4386865123)) ;
#2088=CARTESIAN_POINT('Control Point',(-12.9513633755,35.623435302,-24.3956883458)) ;
#2089=CARTESIAN_POINT('Control Point',(-12.9183357019,35.4409313132,-24.3956883453)) ;
#2090=CARTESIAN_POINT('Vertex',(-12.9183357019,35.4409313132,-24.3956883453)) ;
#2094=CARTESIAN_POINT('Control Point',(-13.3863598815,34.7596330582,-24.3956883453)) ;
#2095=CARTESIAN_POINT('Control Point',(-13.3869480504,34.8352020672,-24.3956883453)) ;
#2096=CARTESIAN_POINT('Control Point',(-13.3785968936,34.9153936236,-24.3956883453)) ;
#2097=CARTESIAN_POINT('Control Point',(-13.3595562217,34.9976309777,-24.3956883453)) ;
#2098=CARTESIAN_POINT('Control Point',(-13.2892507982,35.1806459485,-24.3956883453)) ;
#2099=CARTESIAN_POINT('Control Point',(-13.1668766465,35.3282145662,-24.3956883453)) ;
#2100=CARTESIAN_POINT('Control Point',(-13.083898986,35.3907520303,-24.3956883453)) ;
#2101=CARTESIAN_POINT('Control Point',(-12.9989088438,35.4263500911,-24.3956883453)) ;
#2102=CARTESIAN_POINT('Control Point',(-12.9183357019,35.4409313132,-24.3956883453)) ;
#2111=CARTESIAN_POINT('Axis2P3D Location',(-21.3803279301,19.2547994535,-24.3956883453)) ;
#2116=CARTESIAN_POINT('Line Origine',(-9.72541525633,21.5097466153,-24.3956883453)) ;
#2120=CARTESIAN_POINT('Vertex',(-6.16781381998,21.5374364531,-24.3956883453)) ;
#2123=CARTESIAN_POINT('Line Origine',(-6.18727145111,24.0373607329,-24.3956883453)) ;
#2127=CARTESIAN_POINT('Vertex',(-6.20672908323,26.5372850119,-24.3956883453)) ;
#2130=CARTESIAN_POINT('Line Origine',(-8.2066685064,26.5217189062,-24.3956883453)) ;
#2134=CARTESIAN_POINT('Vertex',(-10.2066079301,26.5061527996,-24.3956883452)) ;
#2137=CARTESIAN_POINT('Axis2P3D Location',(-10.2143909856,27.5061225088,-24.3956883453)) ;
#2141=CARTESIAN_POINT('Vertex',(-11.2143606945,27.4983394592,-24.3956883453)) ;
#2144=CARTESIAN_POINT('Line Origine',(-11.2439553655,31.300674565,-24.3956883453)) ;
#2148=CARTESIAN_POINT('Vertex',(-11.2735500374,35.1030096708,-24.3956883453)) ;
#2152=CARTESIAN_POINT('Control Point',(-11.2735500369,35.1030096708,-24.3956883453)) ;
#2153=CARTESIAN_POINT('Control Point',(-11.2745673387,35.2337130059,-24.3956883453)) ;
#2154=CARTESIAN_POINT('Control Point',(-11.2624036268,35.3646505116,-24.3956883453)) ;
#2155=CARTESIAN_POINT('Control Point',(-11.2363592948,35.4941411953,-24.3956883453)) ;
#2156=CARTESIAN_POINT('Control Point',(-11.1957298855,35.6200678944,-24.3956883453)) ;
#2157=CARTESIAN_POINT('Control Point',(-11.1404974516,35.7403915354,-24.3956883453)) ;
#2158=CARTESIAN_POINT('Vertex',(-11.1403581179,35.7403275141,-24.3957374552)) ;
#2162=CARTESIAN_POINT('Control Point',(-12.918337072,35.4409303385,-24.3956883453)) ;
#2163=CARTESIAN_POINT('Control Point',(-12.5635339393,35.5051382329,-24.3956883453)) ;
#2164=CARTESIAN_POINT('Control Point',(-12.2083327422,35.5671908118,-24.3956883453)) ;
#2165=CARTESIAN_POINT('Control Point',(-11.8527294591,35.627088824,-24.3956883453)) ;
#2166=CARTESIAN_POINT('Control Point',(-11.4967857409,35.684821997,-24.3956883453)) ;
#2167=CARTESIAN_POINT('Control Point',(-11.1404975678,35.7403911546,-24.3956883453)) ;
#2181=CARTESIAN_POINT('Axis2P3D Location',(-6.22154145235,28.4403839945,-25.3956883453)) ;
#2186=CARTESIAN_POINT('Axis2P3D Location',(-6.16781381949,21.5374364532,-25.3956883453)) ;
#2190=CARTESIAN_POINT('Vertex',(-5.1678441079,21.5452195061,-25.3956883453)) ;
#2193=CARTESIAN_POINT('Line Origine',(-5.22157174077,28.4481670484,-25.3956883453)) ;
#2197=CARTESIAN_POINT('Vertex',(-5.20675937215,26.545068064,-25.3956883453)) ;
#2200=CARTESIAN_POINT('Axis2P3D Location',(-6.20672908374,26.5372850111,-25.3956883453)) ;
#2212=CARTESIAN_POINT('Axis2P3D Location',(-5.15100027351,19.3811169943,-23.8956883453)) ;
#2217=CARTESIAN_POINT('Line Origine',(-5.16784410791,21.5452195068,-31.1456883453)) ;
#2221=CARTESIAN_POINT('Vertex',(-5.1678441079,21.545219506,-36.8956883451)) ;
#2224=CARTESIAN_POINT('Line Origine',(-5.18730174004,24.0451437857,-36.8956883453)) ;
#2228=CARTESIAN_POINT('Vertex',(-5.20675937216,26.5450680647,-36.8956883453)) ;
#2231=CARTESIAN_POINT('Line Origine',(-5.20675937216,26.5450680647,-31.1456883453)) ;
#2243=CARTESIAN_POINT('Axis2P3D Location',(-3.17894039966,22.9786586348,-36.8956883453)) ;
#2248=CARTESIAN_POINT('Line Origine',(-3.17894040009,22.9786586352,-38.8956883453)) ;
#2252=CARTESIAN_POINT('Vertex',(-3.2068199494,26.5606341691,-38.8956883453)) ;
#2254=CARTESIAN_POINT('Vertex',(-3.16790468446,21.5607856122,-38.8956883453)) ;
#2257=CARTESIAN_POINT('Axis2P3D Location',(-3.20681994898,26.5606341691,-36.8956883453)) ;
#2262=CARTESIAN_POINT('Axis2P3D Location',(-3.16790468473,21.5607856111,-36.8956883453)) ;
#2274=CARTESIAN_POINT('Axis2P3D Location',(-0.151151715582,19.4200322586,-38.8956883453)) ;
#2279=CARTESIAN_POINT('Line Origine',(-1.70686538161,26.5723087497,-38.8956883453)) ;
#2283=CARTESIAN_POINT('Vertex',(-0.206910814235,26.583983329,-38.8956883453)) ;
#2286=CARTESIAN_POINT('Line Origine',(-1.66795011736,21.5724601918,-38.8956883453)) ;
#2290=CARTESIAN_POINT('Vertex',(-0.167995549698,21.5841347703,-38.8956883453)) ;
#2293=CARTESIAN_POINT('Line Origine',(-0.187453182109,24.08405905,-38.8956883453)) ;
#2305=CARTESIAN_POINT('Axis2P3D Location',(-0.167995549698,21.5841347702,-39.8956883453)) ;
#2310=CARTESIAN_POINT('Axis2P3D Location',(-3.16790468445,21.5607856116,-39.8956883453)) ;
#2314=CARTESIAN_POINT('Vertex',(-3.1601216328,20.5608159001,-39.8956883444)) ;
#2317=CARTESIAN_POINT('Line Origine',(-0.160212496296,20.5841650586,-39.8956883453)) ;
#2321=CARTESIAN_POINT('Vertex',(2.83969663672,20.6075142172,-39.8956883444)) ;
#2324=CARTESIAN_POINT('Axis2P3D Location',(2.8319135832,21.6074839287,-39.8956883453)) ;
#2328=CARTESIAN_POINT('Vertex',(2.8319135832,21.6074839288,-38.8956883453)) ;
#2331=CARTESIAN_POINT('Line Origine',(-0.167995549738,21.5841347703,-38.8956883453)) ;
#2344=CARTESIAN_POINT('Axis2P3D Location',(2.83191358479,21.6074839288,-36.8956883453)) ;
#2349=CARTESIAN_POINT('Axis2P3D Location',(2.83969663764,20.6075142172,-36.8956883453)) ;
#2353=CARTESIAN_POINT('Vertex',(5.83960577147,20.6308633757,-36.8956883444)) ;
#2357=CARTESIAN_POINT('Control Point',(5.83960577239,20.6308633758,-36.8956883453)) ;
#2358=CARTESIAN_POINT('Control Point',(5.44691858493,20.6278069781,-36.8956883453)) ;
#2359=CARTESIAN_POINT('Control Point',(5.04756778657,20.8342742244,-36.8956883453)) ;
#2360=CARTESIAN_POINT('Control Point',(4.83490940567,21.230362847,-36.8956883453)) ;
#2361=CARTESIAN_POINT('Control Point',(4.83185300796,21.6230500345,-36.8956883453)) ;
#2362=CARTESIAN_POINT('Vertex',(4.83185300795,21.623050035,-36.8956883451)) ;
#2365=CARTESIAN_POINT('Axis2P3D Location',(2.83191358479,21.6074839288,-36.8956883453)) ;
#2377=CARTESIAN_POINT('Axis2P3D Location',(5.83182271954,21.6308330873,-59.6333803399)) ;
#2382=CARTESIAN_POINT('Line Origine',(5.83960577239,20.6308633757,-59.6333803404)) ;
#2386=CARTESIAN_POINT('Vertex',(5.83960577147,20.6308633757,-27.3956883444)) ;
#2389=CARTESIAN_POINT('Axis2P3D Location',(5.83182271954,21.6308330873,-27.3956883451)) ;
#2393=CARTESIAN_POINT('Vertex',(4.83185300795,21.6230500345,-27.3956883451)) ;
#2396=CARTESIAN_POINT('Line Origine',(4.83185300795,21.6230500345,-59.6333803404)) ;
#2408=CARTESIAN_POINT('Axis2P3D Location',(7.83176214271,21.646399193,-27.3956883453)) ;
#2413=CARTESIAN_POINT('Axis2P3D Location',(7.83954519556,20.6464294814,-27.3956883453)) ;
#2417=CARTESIAN_POINT('Vertex',(7.83954519464,20.6464294814,-25.3956883444)) ;
#2420=CARTESIAN_POINT('Axis2P3D Location',(7.83176214271,21.646399193,-25.3956883453)) ;
#2424=CARTESIAN_POINT('Vertex',(7.83176214271,21.646399193,-24.3956883453)) ;
#2427=CARTESIAN_POINT('Axis2P3D Location',(7.83176214271,21.646399193,-27.3956883453)) ;
#2439=CARTESIAN_POINT('Axis2P3D Location',(-0.167995549698,21.5841347702,-25.3956883453)) ;
#2444=CARTESIAN_POINT('Line Origine',(-0.160212496296,20.5841650586,-25.3956883453)) ;
#2448=CARTESIAN_POINT('Vertex',(12.9548086462,20.6862430531,-25.3956883444)) ;
#2451=CARTESIAN_POINT('Axis2P3D Location',(12.9470255927,21.6862127647,-25.3956883453)) ;
#2455=CARTESIAN_POINT('Vertex',(12.9470255933,21.6862127644,-24.3956883453)) ;
#2458=CARTESIAN_POINT('Line Origine',(-0.167995549738,21.5841347702,-24.3956883453)) ;
#2470=CARTESIAN_POINT('Axis2P3D Location',(16.6198214799,20.7147689057,-11.6575810692)) ;
#2475=CARTESIAN_POINT('Axis2P3D Location',(-3.16012163285,20.5608159001,-36.8956883445)) ;
#2479=CARTESIAN_POINT('Vertex',(-6.16003076755,20.5374667415,-36.8956883444)) ;
#2482=CARTESIAN_POINT('Line Origine',(-6.16003076755,20.5374667415,-31.1456883444)) ;
#2486=CARTESIAN_POINT('Vertex',(-6.16003076755,20.5374667415,-25.3956883444)) ;
#2489=CARTESIAN_POINT('Line Origine',(-9.71763220397,20.5097769029,-25.3956883444)) ;
#2495=CARTESIAN_POINT('Control Point',(3.91240322661,20.6158634022,-94.4497723884)) ;
#2496=CARTESIAN_POINT('Control Point',(2.30218760093,20.6033306292,-94.7711131935)) ;
#2497=CARTESIAN_POINT('Control Point',(0.661224313683,20.5905585384,-94.9401109695)) ;
#2498=CARTESIAN_POINT('Control Point',(-0.981549676852,20.5777723543,-94.9400794521)) ;
#2499=CARTESIAN_POINT('Control Point',(-2.62261010792,20.5649995074,-94.7711138258)) ;
#2500=CARTESIAN_POINT('Control Point',(-4.23282810907,20.552466716,-94.4497727851)) ;
#2501=CARTESIAN_POINT('Vertex',(3.91240283128,20.6158633991,-94.449772468)) ;
#2505=CARTESIAN_POINT('Control Point',(4.38970849421,20.6195784068,-93.7803862157)) ;
#2506=CARTESIAN_POINT('Control Point',(4.3758262416,20.6194703572,-93.8912122857)) ;
#2507=CARTESIAN_POINT('Control Point',(4.3478479635,20.6192525942,-94.0004037159)) ;
#2508=CARTESIAN_POINT('Control Point',(4.30612498815,20.6189278522,-94.104988829)) ;
#2509=CARTESIAN_POINT('Control Point',(4.2321795441,20.6183523135,-94.2317714226)) ;
#2510=CARTESIAN_POINT('Control Point',(4.13395814346,20.617587828,-94.3312872308)) ;
#2511=CARTESIAN_POINT('Control Point',(4.10871437957,20.6173913485,-94.3535982132)) ;
#2512=CARTESIAN_POINT('Control Point',(4.05689404688,20.6169880159,-94.3928929181)) ;
#2513=CARTESIAN_POINT('Control Point',(4.00055749645,20.6165495323,-94.4226309214)) ;
#2514=CARTESIAN_POINT('Control Point',(3.97155400015,20.6163237897,-94.4348009509)) ;
#2515=CARTESIAN_POINT('Control Point',(3.94216485036,20.6160950455,-94.4438354294)) ;
#2516=CARTESIAN_POINT('Control Point',(3.91240322661,20.6158634022,-94.4497723884)) ;
#2517=CARTESIAN_POINT('Vertex',(4.38970849421,20.6195784068,-93.7803862157)) ;
#2520=CARTESIAN_POINT('Line Origine',(8.67225857019,20.65291073,-59.5880372801)) ;
#2541=CARTESIAN_POINT('Axis2P3D Location',(-3.16790468473,21.5607856117,-36.8956883453)) ;
#2546=CARTESIAN_POINT('Axis2P3D Location',(-6.16781381949,21.5374364531,-36.8956883453)) ;
#2558=CARTESIAN_POINT('Axis2P3D Location',(-6.16781381949,21.5374364531,-59.6333803399)) ;
#2563=CARTESIAN_POINT('Axis2P3D Location',(-6.16781381949,21.5374364531,-25.3956883451)) ;
#2567=CARTESIAN_POINT('Vertex',(-5.19990284726,21.286143099,-25.3956883451)) ;
#2570=CARTESIAN_POINT('Axis2P3D Location',(-6.16781381949,21.5374364531,-25.3956883451)) ;
#2583=CARTESIAN_POINT('Axis2P3D Location',(-6.16781381949,21.5374364531,-25.3956883453)) ;
#2588=CARTESIAN_POINT('Axis2P3D Location',(-6.16781381949,21.5374364531,-25.3956883453)) ;
#2600=CARTESIAN_POINT('Axis2P3D Location',(-0.230619940962,21.5836473465,-25.3956883453)) ;
#2612=CARTESIAN_POINT('Axis2P3D Location',(-10.2440518059,31.316956788,-19.3956880485)) ;
#2618=CARTESIAN_POINT('Control Point',(-11.2440215206,31.3091741384,-19.3956881888)) ;
#2619=CARTESIAN_POINT('Control Point',(-11.2440216655,31.3091856704,-19.0029891047)) ;
#2620=CARTESIAN_POINT('Control Point',(-11.0344583678,31.3107463132,-18.6052572898)) ;
#2621=CARTESIAN_POINT('Control Point',(-10.6367390697,31.3139029163,-18.3956880487)) ;
#2622=CARTESIAN_POINT('Control Point',(-10.2440518134,31.316957687,-18.3956880485)) ;
#2623=CARTESIAN_POINT('Vertex',(-11.2440215568,31.3091787786,-19.395688345)) ;
#2625=CARTESIAN_POINT('Vertex',(-10.2440518126,31.3169576864,-18.395688345)) ;
#2629=CARTESIAN_POINT('Control Point',(-10.3615947579,32.1077255009,-18.7949647368)) ;
#2630=CARTESIAN_POINT('Control Point',(-10.3411796505,31.9703822734,-18.6101768701)) ;
#2631=CARTESIAN_POINT('Control Point',(-10.312303606,31.776100751,-18.4675871343)) ;
#2632=CARTESIAN_POINT('Control Point',(-10.2781397224,31.5462821339,-18.3956882549)) ;
#2633=CARTESIAN_POINT('Control Point',(-10.2440518134,31.316957687,-18.3956880485)) ;
#2634=CARTESIAN_POINT('Vertex',(-10.3615991641,32.10772485,-18.7949647363)) ;
#2637=CARTESIAN_POINT('Axis2P3D Location',(-10.2440518059,31.316956788,-19.3956880485)) ;
#2648=CARTESIAN_POINT('Axis2P3D Location',(15.8997567053,32.4131867919,-18.395688345)) ;
#2653=CARTESIAN_POINT('Line Origine',(-0.214693866803,27.5839530393,-18.395688345)) ;
#2657=CARTESIAN_POINT('Vertex',(9.78500324965,27.6617835682,-18.395688345)) ;
#2659=CARTESIAN_POINT('Vertex',(-10.2143909827,27.5061225108,-18.395688345)) ;
#2662=CARTESIAN_POINT('Line Origine',(9.77017285225,29.5671988209,-18.395688345)) ;
#2666=CARTESIAN_POINT('Vertex',(9.75534238647,31.4726229611,-18.395688345)) ;
#2670=CARTESIAN_POINT('Control Point',(-10.2440518126,31.3169576864,-18.395688345)) ;
#2671=CARTESIAN_POINT('Control Point',(-6.27438881865,31.9070270255,-18.395688345)) ;
#2672=CARTESIAN_POINT('Control Point',(-2.26317934308,32.219599788,-18.395688345)) ;
#2673=CARTESIAN_POINT('Control Point',(1.76158360263,32.2508889864,-18.395688345)) ;
#2674=CARTESIAN_POINT('Control Point',(5.77703781766,32.0008058972,-18.395688345)) ;
#2675=CARTESIAN_POINT('Control Point',(9.75534245544,31.4726140739,-18.395688345)) ;
#2677=CARTESIAN_POINT('Line Origine',(-10.2292213976,29.4115400986,-18.395688345)) ;
#2689=CARTESIAN_POINT('Axis2P3D Location',(9.75534247034,31.4726121258,-19.3956877018)) ;
#2694=CARTESIAN_POINT('Axis2P3D Location',(9.75534247034,31.4726121258,-19.3956877018)) ;
#2698=CARTESIAN_POINT('Vertex',(10.7553120976,31.4804060145,-19.3956884366)) ;
#2700=CARTESIAN_POINT('Vertex',(9.86056607675,32.2651181606,-18.7949696502)) ;
#2704=CARTESIAN_POINT('Control Point',(9.86056037362,32.2651152401,-18.7949647984)) ;
#2705=CARTESIAN_POINT('Control Point',(9.84235834574,32.1280185894,-18.6109120493)) ;
#2706=CARTESIAN_POINT('Control Point',(9.81658556266,31.9338880761,-18.468034912)) ;
#2707=CARTESIAN_POINT('Control Point',(9.78592981077,31.7030003751,-18.3956902049)) ;
#2708=CARTESIAN_POINT('Control Point',(9.75534327257,31.4726228434,-18.3956877019)) ;
#2711=CARTESIAN_POINT('Control Point',(10.7553121751,31.4803960536,-19.3956880062)) ;
#2712=CARTESIAN_POINT('Control Point',(10.7553121645,31.4803996327,-19.3389160658)) ;
#2713=CARTESIAN_POINT('Control Point',(10.7512834595,31.4803718517,-19.2821441246)) ;
#2714=CARTESIAN_POINT('Control Point',(10.7432201652,31.4803102794,-19.218897303)) ;
#2715=CARTESIAN_POINT('Control Point',(10.7116955592,31.4800623355,-19.0773368663)) ;
#2716=CARTESIAN_POINT('Control Point',(10.6402034229,31.4794970538,-18.9170736617)) ;
#2717=CARTESIAN_POINT('Control Point',(10.5920151839,31.4791169693,-18.8350069409)) ;
#2718=CARTESIAN_POINT('Control Point',(10.4708452109,31.4781669988,-18.6801636978)) ;
#2719=CARTESIAN_POINT('Control Point',(10.3160066974,31.4769625759,-18.5589899322)) ;
#2720=CARTESIAN_POINT('Control Point',(10.2339424551,31.4763265405,-18.5108001569)) ;
#2721=CARTESIAN_POINT('Control Point',(10.0736840614,31.4750861007,-18.4393057141)) ;
#2722=CARTESIAN_POINT('Control Point',(9.93212785268,31.473989793,-18.4077800742)) ;
#2723=CARTESIAN_POINT('Control Point',(9.86888292323,31.4734988021,-18.3997165208)) ;
#2724=CARTESIAN_POINT('Control Point',(9.81211268944,31.4730564384,-18.3956877018)) ;
#2725=CARTESIAN_POINT('Control Point',(9.75534245564,31.4726140748,-18.3956877018)) ;
#2733=CARTESIAN_POINT('Axis2P3D Location',(-0.214693868065,27.5839530397,-19.395688345)) ;
#2738=CARTESIAN_POINT('Line Origine',(-0.20691081509,26.5839833281,-19.395688345)) ;
#2742=CARTESIAN_POINT('Vertex',(9.79278630163,26.6618138566,-19.3956883452)) ;
#2744=CARTESIAN_POINT('Vertex',(-10.2066079292,26.5061527996,-19.395688345)) ;
#2747=CARTESIAN_POINT('Axis2P3D Location',(9.78500324965,27.6617835682,-19.395688345)) ;
#2751=CARTESIAN_POINT('Vertex',(9.79252110141,26.6958869983,-19.1368692999)) ;
#2754=CARTESIAN_POINT('Axis2P3D Location',(9.78500324965,27.6617835682,-19.395688345)) ;
#2759=CARTESIAN_POINT('Axis2P3D Location',(-10.2143909821,27.5061225112,-19.395688345)) ;
#2763=CARTESIAN_POINT('Vertex',(-10.2123765798,27.2473113053,-18.4297625187)) ;
#2766=CARTESIAN_POINT('Axis2P3D Location',(-10.2143909821,27.5061225112,-19.395688345)) ;
#2780=CARTESIAN_POINT('Axis2P3D Location',(-10.2444558841,31.3688729133,-19.395688345)) ;
#2785=CARTESIAN_POINT('Axis2P3D Location',(-10.214390983,27.5061225115,-19.395688345)) ;
#2789=CARTESIAN_POINT('Vertex',(-11.2143606945,27.4983394592,-19.3956883453)) ;
#2792=CARTESIAN_POINT('Line Origine',(-11.2444255957,31.3610898592,-19.395688345)) ;
#2804=CARTESIAN_POINT('Axis2P3D Location',(-0.253609131318,32.5838015977,-33.8956883457)) ;
#2809=CARTESIAN_POINT('Line Origine',(-2.35354552565,32.5674571861,-33.8956883457)) ;
#2813=CARTESIAN_POINT('Vertex',(-2.30684720854,26.5676389171,-33.8956883457)) ;
#2815=CARTESIAN_POINT('Vertex',(-2.35354552565,32.5674571867,-33.8956883457)) ;
#2819=CARTESIAN_POINT('Control Point',(-2.30684720854,26.5676389171,-33.8956883457)) ;
#2820=CARTESIAN_POINT('Control Point',(-2.30684720854,26.5676389171,-34.555422803)) ;
#2821=CARTESIAN_POINT('Control Point',(-2.04777794005,26.569655328,-35.2151572602)) ;
#2822=CARTESIAN_POINT('Control Point',(-1.5263397641,26.5737138318,-35.7366112302)) ;
#2823=CARTESIAN_POINT('Control Point',(-0.206910814216,26.5839833281,-36.2547654612)) ;
#2824=CARTESIAN_POINT('Control Point',(1.11251813567,26.5942528245,-35.7366112302)) ;
#2825=CARTESIAN_POINT('Control Point',(1.63395631162,26.5983113283,-35.2151572602)) ;
#2826=CARTESIAN_POINT('Control Point',(1.89302558011,26.6003277392,-34.555422803)) ;
#2827=CARTESIAN_POINT('Control Point',(1.89302558011,26.6003277392,-33.8956883457)) ;
#2828=CARTESIAN_POINT('Vertex',(1.89302558011,26.6003277392,-33.8956883457)) ;
#2831=CARTESIAN_POINT('Line Origine',(1.846327263,32.6001460087,-33.8956883457)) ;
#2835=CARTESIAN_POINT('Vertex',(1.84632726264,32.6001460087,-33.8956883457)) ;
#2839=CARTESIAN_POINT('Control Point',(-2.35354552565,32.5674571867,-33.8956883457)) ;
#2840=CARTESIAN_POINT('Control Point',(-2.35354552565,32.5674571867,-34.555422803)) ;
#2841=CARTESIAN_POINT('Control Point',(-2.09447625715,32.5694735976,-35.2151572602)) ;
#2842=CARTESIAN_POINT('Control Point',(-1.5730380812,32.5735321014,-35.7366112302)) ;
#2843=CARTESIAN_POINT('Control Point',(-0.253609131318,32.5838015977,-36.2547654612)) ;
#2844=CARTESIAN_POINT('Control Point',(1.06581981857,32.594071094,-35.7366112302)) ;
#2845=CARTESIAN_POINT('Control Point',(1.58725799452,32.5981295978,-35.2151572602)) ;
#2846=CARTESIAN_POINT('Control Point',(1.84632726301,32.6001460087,-34.555422803)) ;
#2847=CARTESIAN_POINT('Control Point',(1.84632726301,32.6001460087,-33.8956883457)) ;
#2856=CARTESIAN_POINT('Axis2P3D Location',(-0.206910814216,26.5839833282,-33.8956883457)) ;
#2861=CARTESIAN_POINT('Axis2P3D Location',(-0.253609131318,32.5838015977,-33.8956883457)) ;
#2873=CARTESIAN_POINT('Axis2P3D Location',(-0.253609131318,32.5838015977,-23.8956883457)) ;
#2878=CARTESIAN_POINT('Axis2P3D Location',(-0.253609131318,32.5838015977,-23.8956883457)) ;
#2882=CARTESIAN_POINT('Vertex',(-2.35354552565,32.5674571867,-23.8956883457)) ;
#2884=CARTESIAN_POINT('Vertex',(1.84632726301,32.6001460087,-23.8956883457)) ;
#2887=CARTESIAN_POINT('Line Origine',(1.846327263,32.6001460087,-23.8956883457)) ;
#2891=CARTESIAN_POINT('Vertex',(1.89302558099,26.6003277391,-23.8956883453)) ;
#2894=CARTESIAN_POINT('Axis2P3D Location',(-0.206910814216,26.5839833282,-23.8956883457)) ;
#2898=CARTESIAN_POINT('Vertex',(-2.30684720879,26.5676389171,-23.8956883453)) ;
#2901=CARTESIAN_POINT('Line Origine',(-2.35354552565,32.5674571861,-23.8956883457)) ;
#2914=CARTESIAN_POINT('Control Point',(-2.30684720854,26.5676389171,-23.8956883457)) ;
#2915=CARTESIAN_POINT('Control Point',(-2.30684720854,26.5676389171,-24.555422803)) ;
#2916=CARTESIAN_POINT('Control Point',(-2.04777794005,26.569655328,-25.2151572602)) ;
#2917=CARTESIAN_POINT('Control Point',(-1.5263397641,26.5737138318,-25.7366112302)) ;
#2918=CARTESIAN_POINT('Control Point',(-0.206910814216,26.5839833281,-26.2547654612)) ;
#2919=CARTESIAN_POINT('Control Point',(1.11251813567,26.5942528245,-25.7366112302)) ;
#2920=CARTESIAN_POINT('Control Point',(1.63395631162,26.5983113283,-25.2151572602)) ;
#2921=CARTESIAN_POINT('Control Point',(1.89302558011,26.6003277392,-24.555422803)) ;
#2922=CARTESIAN_POINT('Control Point',(1.89302558011,26.6003277392,-23.8956883457)) ;
#2925=CARTESIAN_POINT('Control Point',(-2.35354552565,32.5674571867,-23.8956883457)) ;
#2926=CARTESIAN_POINT('Control Point',(-2.35354552565,32.5674571867,-24.555422803)) ;
#2927=CARTESIAN_POINT('Control Point',(-2.09447625715,32.5694735976,-25.2151572602)) ;
#2928=CARTESIAN_POINT('Control Point',(-1.5730380812,32.5735321014,-25.7366112302)) ;
#2929=CARTESIAN_POINT('Control Point',(-0.253609131318,32.5838015977,-26.2547654612)) ;
#2930=CARTESIAN_POINT('Control Point',(1.06581981857,32.594071094,-25.7366112302)) ;
#2931=CARTESIAN_POINT('Control Point',(1.58725799452,32.5981295978,-25.2151572602)) ;
#2932=CARTESIAN_POINT('Control Point',(1.84632726301,32.6001460087,-24.555422803)) ;
#2933=CARTESIAN_POINT('Control Point',(1.84632726301,32.6001460087,-23.8956883457)) ;
#2942=CARTESIAN_POINT('Axis2P3D Location',(-0.253609131318,32.5838015977,-6.39488462184E-014)) ;
#2947=CARTESIAN_POINT('Axis2P3D Location',(-0.253609131318,32.5838015977,-23.8956883457)) ;
#2951=CARTESIAN_POINT('Vertex',(3.39628031597,32.6122097404,-23.8956883457)) ;
#2953=CARTESIAN_POINT('Vertex',(-3.90349857898,32.5553934548,-23.8956883457)) ;
#2957=CARTESIAN_POINT('Control Point',(-3.90349857898,32.5553934548,-23.8956883457)) ;
#2958=CARTESIAN_POINT('Control Point',(-3.90349857898,32.5553934548,-23.521323903)) ;
#2959=CARTESIAN_POINT('Control Point',(-3.85550388851,32.5557670113,-23.1469599225)) ;
#2960=CARTESIAN_POINT('Control Point',(-3.75946798513,32.5565144865,-22.7807613493)) ;
#2961=CARTESIAN_POINT('Control Point',(-3.47576443354,32.5587226331,-22.0812714061)) ;
#2962=CARTESIAN_POINT('Control Point',(-3.02480419294,32.5622325868,-21.4759664167)) ;
#2963=CARTESIAN_POINT('Control Point',(-2.76148149623,32.5642821033,-21.2039884111)) ;
#2964=CARTESIAN_POINT('Control Point',(-2.17107017326,32.568877445,-20.7336979591)) ;
#2965=CARTESIAN_POINT('Control Point',(-1.48112258537,32.5742475062,-20.4275531919)) ;
#2966=CARTESIAN_POINT('Control Point',(-1.11822150885,32.57707207,-20.3197427201)) ;
#2967=CARTESIAN_POINT('Control Point',(-0.372994269746,32.5828723887,-20.1996139157)) ;
#2968=CARTESIAN_POINT('Control Point',(0.378433298178,32.5887209663,-20.2713938241)) ;
#2969=CARTESIAN_POINT('Control Point',(0.747485621743,32.5915934071,-20.3555423639)) ;
#2970=CARTESIAN_POINT('Control Point',(1.45576057154,32.5971061154,-20.6165297446)) ;
#2971=CARTESIAN_POINT('Control Point',(2.0753036619,32.6019281981,-21.0477306142)) ;
#2972=CARTESIAN_POINT('Control Point',(2.35562756289,32.6041100399,-21.3021328669)) ;
#2973=CARTESIAN_POINT('Control Point',(2.84472906849,32.6079168581,-21.877068934)) ;
#2974=CARTESIAN_POINT('Control Point',(3.17297815625,32.6104717155,-22.5567984902)) ;
#2975=CARTESIAN_POINT('Control Point',(3.29244152005,32.6114015333,-22.9160421541)) ;
#2976=CARTESIAN_POINT('Control Point',(3.37358187271,32.6120330721,-23.333183813)) ;
#2977=CARTESIAN_POINT('Control Point',(3.39399613849,32.6121919622,-23.7542539891)) ;
#2978=CARTESIAN_POINT('Control Point',(3.39551920559,32.6122038167,-23.8014013307)) ;
#2979=CARTESIAN_POINT('Control Point',(3.39628031634,32.6122097406,-23.8485448345)) ;
#2980=CARTESIAN_POINT('Control Point',(3.39628031634,32.6122097406,-23.8956883457)) ;
#2991=CARTESIAN_POINT('Axis2P3D Location',(-10.2143909829,27.5061225112,-29.1456883452)) ;
#2996=CARTESIAN_POINT('Line Origine',(-10.2066079301,26.5061527996,-29.1456883457)) ;
#3001=CARTESIAN_POINT('Axis2P3D Location',(-10.2143909829,27.5061225112,-19.3956883452)) ;
#3006=CARTESIAN_POINT('Line Origine',(-11.2143606945,27.4983394583,-29.1456883457)) ;
#3018=CARTESIAN_POINT('Axis2P3D Location',(-11.150818543,19.3344186772,-23.8956883453)) ;
#3024=CARTESIAN_POINT('Control Point',(-11.2440215567,31.3091787791,-19.3956883807)) ;
#3025=CARTESIAN_POINT('Control Point',(-11.2499274002,32.0679638938,-20.3956773778)) ;
#3026=CARTESIAN_POINT('Control Point',(-11.2558331998,32.8267433606,-21.3956724207)) ;
#3027=CARTESIAN_POINT('Control Point',(-11.2617389257,33.5855133593,-22.3956729618)) ;
#3028=CARTESIAN_POINT('Control Point',(-11.2676445481,34.3442700696,-23.3956784525)) ;
#3029=CARTESIAN_POINT('Control Point',(-11.2735500374,35.1030096708,-24.3956883453)) ;
#3038=CARTESIAN_POINT('Axis2P3D Location',(9.75493834827,31.5245338883,-19.395688345)) ;
#3043=CARTESIAN_POINT('Axis2P3D Location',(9.78500324878,27.6617835685,-19.395688345)) ;
#3047=CARTESIAN_POINT('Vertex',(10.7849729604,27.6695666219,-19.3956883453)) ;
#3050=CARTESIAN_POINT('Line Origine',(10.7549080599,31.5323169418,-19.395688345)) ;
#3063=CARTESIAN_POINT('Control Point',(3.9679262196,20.634495535,-94.24479174)) ;
#3064=CARTESIAN_POINT('Control Point',(4.25242972685,20.3635835133,-95.628200634)) ;
#3065=CARTESIAN_POINT('Control Point',(4.34754021602,21.702183812,-96.145171816)) ;
#3066=CARTESIAN_POINT('Control Point',(4.09795075319,22.4644817016,-94.95153752)) ;
#3067=CARTESIAN_POINT('Control Point',(3.93699661764,20.634254801,-94.251105835)) ;
#3068=CARTESIAN_POINT('Control Point',(4.21948092245,20.3633270633,-95.634926978)) ;
#3069=CARTESIAN_POINT('Control Point',(4.31383684838,21.701921489,-96.152052215)) ;
#3070=CARTESIAN_POINT('Control Point',(4.06598959587,22.4642329386,-94.958062222)) ;
#3071=CARTESIAN_POINT('Control Point',(3.36192879236,20.6297788822,-94.367186362)) ;
#3072=CARTESIAN_POINT('Control Point',(3.60681214217,20.3585584853,-95.758597924)) ;
#3073=CARTESIAN_POINT('Control Point',(3.68711682831,21.6970435463,-96.278559653)) ;
#3074=CARTESIAN_POINT('Control Point',(3.47171247073,22.4596075084,-95.078020486)) ;
#3075=CARTESIAN_POINT('Control Point',(2.27659844329,20.6213314429,-94.540396714)) ;
#3076=CARTESIAN_POINT('Control Point',(2.44852641548,20.3495432124,-95.943516754)) ;
#3077=CARTESIAN_POINT('Control Point',(2.50156813696,21.687816082,-96.467853867)) ;
#3078=CARTESIAN_POINT('Control Point',(2.34911121393,22.4508699845,-95.257212379)) ;
#3079=CARTESIAN_POINT('Control Point',(0.707007501554,20.6091148636,-94.667391402)) ;
#3080=CARTESIAN_POINT('Control Point',(0.769996334433,20.3364787287,-96.079368327)) ;
#3081=CARTESIAN_POINT('Control Point',(0.782328186297,21.6744347401,-96.607015203)) ;
#3082=CARTESIAN_POINT('Control Point',(0.723866244428,22.4382202319,-95.388731808)) ;
#3083=CARTESIAN_POINT('Control Point',(-0.852172528124,20.5969793154,-94.675283813)) ;
#3084=CARTESIAN_POINT('Control Point',(-0.898612854909,20.3234914618,-96.087817856)) ;
#3085=CARTESIAN_POINT('Control Point',(-0.927173990125,21.6611291914,-96.615672923)) ;
#3086=CARTESIAN_POINT('Control Point',(-0.891218151045,22.425649564,-95.396908835)) ;
#3087=CARTESIAN_POINT('Control Point',(-2.49053495732,20.5842274679,-94.555795905)) ;
#3088=CARTESIAN_POINT('Control Point',(-2.65095883702,20.3098524471,-95.959972467)) ;
#3089=CARTESIAN_POINT('Control Point',(-2.72211490747,21.6471586493,-96.484704397)) ;
#3090=CARTESIAN_POINT('Control Point',(-2.58781166098,22.412444489,-95.273151319)) ;
#3091=CARTESIAN_POINT('Control Point',(-3.6436447217,20.5752524817,-94.375057858)) ;
#3092=CARTESIAN_POINT('Control Point',(-3.88172731107,20.3002730216,-95.766984148)) ;
#3093=CARTESIAN_POINT('Control Point',(-3.98190395168,21.6373533443,-96.287138227)) ;
#3094=CARTESIAN_POINT('Control Point',(-3.78059513682,22.4031607053,-95.086154943)) ;
#3095=CARTESIAN_POINT('Control Point',(-4.25770314988,20.5704730878,-94.25110655)) ;
#3096=CARTESIAN_POINT('Control Point',(-4.53593599813,20.2951811266,-95.634927703)) ;
#3097=CARTESIAN_POINT('Control Point',(-4.65111653738,21.6321446695,-96.152052944)) ;
#3098=CARTESIAN_POINT('Control Point',(-4.41516523451,22.398221663,-94.958062942)) ;
#3099=CARTESIAN_POINT('Control Point',(-4.28863181077,20.5702323611,-94.244792608)) ;
#3100=CARTESIAN_POINT('Control Point',(-4.56888378636,20.2949246845,-95.628201516)) ;
#3101=CARTESIAN_POINT('Control Point',(-4.68481886075,21.6318823546,-96.145172703)) ;
#3102=CARTESIAN_POINT('Control Point',(-4.44712541236,22.3979729077,-94.951538395)) ;
#3104=CARTESIAN_POINT('Control Point',(4.0347042312,22.337425605,-95.1297594531)) ;
#3105=CARTESIAN_POINT('Control Point',(3.91970738825,22.3370790591,-95.152126591)) ;
#3106=CARTESIAN_POINT('Control Point',(3.8045942204,22.3367201959,-95.1737460622)) ;
#3107=CARTESIAN_POINT('Control Point',(3.69390475813,22.3363441377,-95.193775444)) ;
#3108=CARTESIAN_POINT('Control Point',(3.50244972896,22.3356691994,-95.2272977194)) ;
#3109=CARTESIAN_POINT('Control Point',(3.30898805919,22.3349620274,-95.2589931833)) ;
#3110=CARTESIAN_POINT('Control Point',(3.2245341184,22.3346514431,-95.2724300751)) ;
#3111=CARTESIAN_POINT('Control Point',(3.10985613177,22.3342255356,-95.2900783698)) ;
#3112=CARTESIAN_POINT('Control Point',(2.99445183117,22.3337606018,-95.3070885472)) ;
#3113=CARTESIAN_POINT('Control Point',(2.96617406112,22.333643698,-95.3112133133)) ;
#3114=CARTESIAN_POINT('Control Point',(2.90883062921,22.3334058566,-95.3194775805)) ;
#3115=CARTESIAN_POINT('Control Point',(2.85346594838,22.3331577987,-95.3272917627)) ;
#3116=CARTESIAN_POINT('Control Point',(2.8271356569,22.3330341944,-95.3309692728)) ;
#3117=CARTESIAN_POINT('Control Point',(2.77530250084,22.3328042094,-95.3381230948)) ;
#3118=CARTESIAN_POINT('Control Point',(2.72217679484,22.3325851166,-95.345272617)) ;
#3119=CARTESIAN_POINT('Control Point',(2.69679264963,22.3324819253,-95.3486512844)) ;
#3120=CARTESIAN_POINT('Control Point',(2.61081293559,22.3321049121,-95.3599703406)) ;
#3121=CARTESIAN_POINT('Control Point',(2.52445481993,22.3317162317,-95.3709100599)) ;
#3122=CARTESIAN_POINT('Control Point',(2.46712884322,22.3314498855,-95.3779864526)) ;
#3123=CARTESIAN_POINT('Control Point',(2.28989293866,22.3305887094,-95.3992999318)) ;
#3124=CARTESIAN_POINT('Control Point',(2.11246596522,22.3296103311,-95.4188937443)) ;
#3125=CARTESIAN_POINT('Control Point',(2.02236672817,22.3290500629,-95.4283123303)) ;
#3126=CARTESIAN_POINT('Control Point',(1.7985719455,22.3277990082,-95.4502013775)) ;
#3127=CARTESIAN_POINT('Control Point',(1.57296315332,22.3264992556,-95.4693017657)) ;
#3128=CARTESIAN_POINT('Control Point',(1.44280392595,22.3257345586,-95.4794240422)) ;
#3129=CARTESIAN_POINT('Control Point',(1.22776526544,22.3244510739,-95.4947078749)) ;
#3130=CARTESIAN_POINT('Control Point',(1.01649162853,22.3231525015,-95.507090186)) ;
#3131=CARTESIAN_POINT('Control Point',(0.909473164011,22.322484768,-95.5126873405)) ;
#3132=CARTESIAN_POINT('Control Point',(0.592169797075,22.3204405718,-95.5273631687)) ;
#3133=CARTESIAN_POINT('Control Point',(0.276240775296,22.3182135986,-95.5362144551)) ;
#3134=CARTESIAN_POINT('Control Point',(0.0687579618578,22.3166633028,-95.5396958619)) ;
#3135=CARTESIAN_POINT('Control Point',(-0.262835474619,22.3141101493,-95.5409383738)) ;
#3136=CARTESIAN_POINT('Control Point',(-0.59873374797,22.3113484881,-95.5356854735)) ;
#3137=CARTESIAN_POINT('Control Point',(-0.712128192681,22.3104414641,-95.5331589386)) ;
#3138=CARTESIAN_POINT('Control Point',(-0.94827088774,22.3086208407,-95.5261182211)) ;
#3139=CARTESIAN_POINT('Control Point',(-1.18980990626,22.306474616,-95.5157865107)) ;
#3140=CARTESIAN_POINT('Control Point',(-1.31909218908,22.3051781451,-95.5094144044)) ;
#3141=CARTESIAN_POINT('Control Point',(-1.49240315855,22.3034653849,-95.499627715)) ;
#3142=CARTESIAN_POINT('Control Point',(-1.66021598877,22.3018876859,-95.4883935311)) ;
#3143=CARTESIAN_POINT('Control Point',(-1.69324080725,22.301577789,-95.4860924221)) ;
#3144=CARTESIAN_POINT('Control Point',(-1.90611069279,22.2995365762,-95.4707009917)) ;
#3145=CARTESIAN_POINT('Control Point',(-2.11851632237,22.2973923464,-95.4527757622)) ;
#3146=CARTESIAN_POINT('Control Point',(-2.27378967643,22.2957493692,-95.4383154322)) ;
#3147=CARTESIAN_POINT('Control Point',(-2.79027188696,22.2901572485,-95.3856116256)) ;
#3148=CARTESIAN_POINT('Control Point',(-3.30280102738,22.2844276448,-95.3177651317)) ;
#3149=CARTESIAN_POINT('Control Point',(-3.6578957551,22.2808453982,-95.2630237769)) ;
#3150=CARTESIAN_POINT('Control Point',(-4.02047841134,22.2764595647,-95.2000585089)) ;
#3151=CARTESIAN_POINT('Control Point',(-4.38191143357,22.2719223357,-95.1297538543)) ;
#3152=CARTESIAN_POINT('Vertex',(4.0347042312,22.337425605,-95.1297594531)) ;
#3156=CARTESIAN_POINT('Control Point',(4.08903719723,21.2434645642,-95.3593503254)) ;
#3157=CARTESIAN_POINT('Control Point',(4.11868751472,21.6608309249,-95.5242026994)) ;
#3158=CARTESIAN_POINT('Control Point',(4.09196981221,22.0666472043,-95.4061504795)) ;
#3159=CARTESIAN_POINT('Control Point',(4.03470422963,22.3374256055,-95.1297594528)) ;
#3160=CARTESIAN_POINT('Vertex',(4.08903719723,21.2434645642,-95.3593503254)) ;
#3164=CARTESIAN_POINT('Control Point',(3.91240283128,20.6158633991,-94.449772468)) ;
#3165=CARTESIAN_POINT('Control Point',(3.98878570373,20.616457909,-94.8325419845)) ;
#3166=CARTESIAN_POINT('Control Point',(4.05933820591,20.8253999168,-95.1942219511)) ;
#3167=CARTESIAN_POINT('Control Point',(4.08903813821,21.2434645715,-95.3593501376)) ;
#3179=CARTESIAN_POINT('Control Point',(-3.90349857898,32.5553934548,-33.8956883457)) ;
#3180=CARTESIAN_POINT('Control Point',(-3.90349857898,32.5553934548,-33.521323903)) ;
#3181=CARTESIAN_POINT('Control Point',(-3.85550388851,32.5557670113,-33.1469599225)) ;
#3182=CARTESIAN_POINT('Control Point',(-3.75946798514,32.5565144865,-32.7807613493)) ;
#3183=CARTESIAN_POINT('Control Point',(-3.47576443354,32.5587226331,-32.0812714061)) ;
#3184=CARTESIAN_POINT('Control Point',(-3.02480419295,32.5622325868,-31.4759664167)) ;
#3185=CARTESIAN_POINT('Control Point',(-2.76148149622,32.5642821033,-31.2039884111)) ;
#3186=CARTESIAN_POINT('Control Point',(-2.17107017326,32.568877445,-30.7336979591)) ;
#3187=CARTESIAN_POINT('Control Point',(-1.48112258539,32.5742475062,-30.4275531919)) ;
#3188=CARTESIAN_POINT('Control Point',(-1.11822150883,32.57707207,-30.3197427201)) ;
#3189=CARTESIAN_POINT('Control Point',(-0.372994269731,32.5828723887,-30.1996139157)) ;
#3190=CARTESIAN_POINT('Control Point',(0.378433298189,32.5887209663,-30.2713938241)) ;
#3191=CARTESIAN_POINT('Control Point',(0.747485621733,32.5915934071,-30.3555423639)) ;
#3192=CARTESIAN_POINT('Control Point',(1.45576057153,32.5971061154,-30.6165297446)) ;
#3193=CARTESIAN_POINT('Control Point',(2.07530366189,32.6019281981,-31.0477306142)) ;
#3194=CARTESIAN_POINT('Control Point',(2.3556275629,32.6041100399,-31.3021328669)) ;
#3195=CARTESIAN_POINT('Control Point',(2.84472906849,32.6079168581,-31.877068934)) ;
#3196=CARTESIAN_POINT('Control Point',(3.17297815625,32.6104717155,-32.5567984902)) ;
#3197=CARTESIAN_POINT('Control Point',(3.29244152005,32.6114015333,-32.9160421541)) ;
#3198=CARTESIAN_POINT('Control Point',(3.37358187271,32.6120330721,-33.333183813)) ;
#3199=CARTESIAN_POINT('Control Point',(3.39399613849,32.6121919622,-33.7542539891)) ;
#3200=CARTESIAN_POINT('Control Point',(3.39551920559,32.6122038167,-33.8014013307)) ;
#3201=CARTESIAN_POINT('Control Point',(3.39628031634,32.6122097406,-33.8485448345)) ;
#3202=CARTESIAN_POINT('Control Point',(3.39628031634,32.6122097406,-33.8956883457)) ;
#3203=CARTESIAN_POINT('Vertex',(-3.90349857898,32.5553934548,-33.8956883457)) ;
#3205=CARTESIAN_POINT('Vertex',(3.39628031597,32.6122097404,-33.8956883457)) ;
#3208=CARTESIAN_POINT('Axis2P3D Location',(-0.253609131318,32.5838015977,-33.8956883457)) ;
#3222=CARTESIAN_POINT('Axis2P3D Location',(7.77578580932,28.8382606692,-27.3956883453)) ;
#3227=CARTESIAN_POINT('Line Origine',(7.77578580932,28.8382606693,-24.3956883453)) ;
#3231=CARTESIAN_POINT('Vertex',(7.79284687846,26.6462477507,-24.3956883453)) ;
#3234=CARTESIAN_POINT('Axis2P3D Location',(7.79284687847,26.6462477507,-27.3956883453)) ;
#3238=CARTESIAN_POINT('Vertex',(4.7929377437,26.6228985932,-27.3956883453)) ;
#3241=CARTESIAN_POINT('Line Origine',(4.77587667457,28.8149115108,-27.3956883453)) ;
#3253=CARTESIAN_POINT('Axis2P3D Location',(10.8485151119,19.5056458399,-38.8956883453)) ;
#3259=CARTESIAN_POINT('Control Point',(10.7257836146,35.2742372041,-24.3956883453)) ;
#3260=CARTESIAN_POINT('Control Point',(10.7316891263,34.5154947193,-23.3956747397)) ;
#3261=CARTESIAN_POINT('Control Point',(10.7375947496,33.7567379088,-22.3956692092)) ;
#3262=CARTESIAN_POINT('Control Point',(10.7435004652,32.9979692217,-21.3956704903)) ;
#3263=CARTESIAN_POINT('Control Point',(10.7494062543,32.2391911073,-20.3956773205)) ;
#3264=CARTESIAN_POINT('Control Point',(10.7553120976,31.4804060145,-19.3956884366)) ;
#3265=CARTESIAN_POINT('Vertex',(10.7257836142,35.2742372033,-24.3956883453)) ;
#3268=CARTESIAN_POINT('Line Origine',(10.7849729604,27.669566621,-21.8956883453)) ;
#3272=CARTESIAN_POINT('Vertex',(10.78497296,27.6695666211,-24.3956883453)) ;
#3275=CARTESIAN_POINT('Line Origine',(10.7553782875,31.4719019121,-24.3956883453)) ;
#3287=CARTESIAN_POINT('Axis2P3D Location',(9.78500324878,27.6617835682,-29.1456883452)) ;
#3292=CARTESIAN_POINT('Axis2P3D Location',(9.78500324878,27.6617835682,-19.3956883452)) ;
#3297=CARTESIAN_POINT('Line Origine',(9.79278630163,26.6618138566,-29.1456883457)) ;
#3301=CARTESIAN_POINT('Vertex',(9.7927863031,26.6618138567,-24.3956883453)) ;
#3304=CARTESIAN_POINT('Axis2P3D Location',(9.78500324878,27.6617835682,-24.3956883452)) ;
#3316=CARTESIAN_POINT('Axis2P3D Location',(21.0222654002,26.7492161332,-38.8956883453)) ;
#3321=CARTESIAN_POINT('Line Origine',(1.29304375255,26.5956579074,-38.8956883453)) ;
#3325=CARTESIAN_POINT('Vertex',(2.79299832052,26.6073324875,-38.8956883453)) ;
#3328=CARTESIAN_POINT('Axis2P3D Location',(2.79299831996,26.6073324867,-36.8956883453)) ;
#3332=CARTESIAN_POINT('Vertex',(4.79293774369,26.6228985919,-36.8956883453)) ;
#3335=CARTESIAN_POINT('Line Origine',(4.79293774309,26.6228985924,-32.1456883453)) ;
#3340=CARTESIAN_POINT('Line Origine',(8.79281659037,26.6540308038,-24.3956883453)) ;
#3369=CARTESIAN_POINT('Axis2P3D Location',(9.78500324878,27.6617835682,-19.395688345)) ;
#3381=CARTESIAN_POINT('Axis2P3D Location',(4.84869684235,19.4589475228,-38.8956883453)) ;
#3386=CARTESIAN_POINT('Line Origine',(4.81239537582,24.1229743142,-36.8956883453)) ;
#3398=CARTESIAN_POINT('Axis2P3D Location',(-0.285147703311,36.6358898137,-33.8956883457)) ;
#3404=CARTESIAN_POINT('Control Point',(3.35632259758,37.7459932193,-33.8956883457)) ;
#3405=CARTESIAN_POINT('Control Point',(3.35706272873,37.6509008756,-34.4480807428)) ;
#3406=CARTESIAN_POINT('Control Point',(3.2532683137,37.5599565156,-35.0015140593)) ;
#3407=CARTESIAN_POINT('Control Point',(3.04225917383,37.4771368369,-35.5355358405)) ;
#3408=CARTESIAN_POINT('Control Point',(2.48161530009,37.3479936225,-36.4069775076)) ;
#3409=CARTESIAN_POINT('Control Point',(1.6518789948,37.2594346569,-37.0388961099)) ;
#3410=CARTESIAN_POINT('Control Point',(1.23385784801,37.2285086233,-37.2622658107)) ;
#3411=CARTESIAN_POINT('Control Point',(0.160523863207,37.1755307836,-37.6280234112)) ;
#3412=CARTESIAN_POINT('Control Point',(-0.990364550442,37.1739971465,-37.5696650695)) ;
#3413=CARTESIAN_POINT('Control Point',(-1.64203448175,37.1908567272,-37.3814437172)) ;
#3414=CARTESIAN_POINT('Control Point',(-2.78819779535,37.2606439163,-36.7437481391)) ;
#3415=CARTESIAN_POINT('Control Point',(-3.5546368345,37.4004685988,-35.7032667913)) ;
#3416=CARTESIAN_POINT('Control Point',(-3.81439160797,37.4861624121,-35.117193722)) ;
#3417=CARTESIAN_POINT('Control Point',(-3.94263882167,37.5841473803,-34.5058060924)) ;
#3418=CARTESIAN_POINT('Control Point',(-3.943456297,37.6891769332,-33.8956883457)) ;
#3419=CARTESIAN_POINT('Vertex',(3.35632259758,37.7459932193,-33.8956883457)) ;
#3421=CARTESIAN_POINT('Vertex',(-3.943456297,37.6891769332,-33.8956883457)) ;
#3424=CARTESIAN_POINT('Line Origine',(-3.9350371506,36.6074816696,-33.8956883457)) ;
#3429=CARTESIAN_POINT('Line Origine',(3.36474174398,36.664297957,-33.8956883457)) ;
#3442=CARTESIAN_POINT('Control Point',(3.35632259758,37.745993219,-33.8956883457)) ;
#3443=CARTESIAN_POINT('Control Point',(3.35595407629,37.7933409799,-33.6206447192)) ;
#3444=CARTESIAN_POINT('Control Point',(3.32966957721,37.841716907,-33.3458587687)) ;
#3445=CARTESIAN_POINT('Control Point',(3.27731465195,37.8913673371,-33.0698545582)) ;
#3446=CARTESIAN_POINT('Control Point',(3.11737369658,37.9910859401,-32.5266865638)) ;
#3447=CARTESIAN_POINT('Control Point',(2.85518805681,38.0872438304,-32.0218337529)) ;
#3448=CARTESIAN_POINT('Control Point',(2.70016906654,38.1333302837,-31.7843122659)) ;
#3449=CARTESIAN_POINT('Control Point',(2.24259733363,38.2461322837,-31.2086681127)) ;
#3450=CARTESIAN_POINT('Control Point',(1.64565463735,38.3372917064,-30.7547607416)) ;
#3451=CARTESIAN_POINT('Control Point',(1.22981009379,38.3821389861,-30.5316551351)) ;
#3452=CARTESIAN_POINT('Control Point',(0.429798975451,38.435583145,-30.2574935114)) ;
#3453=CARTESIAN_POINT('Control Point',(-0.415215827017,38.43752597,-30.2190483339)) ;
#3454=CARTESIAN_POINT('Control Point',(-0.787976112836,38.4278113604,-30.2500122111)) ;
#3455=CARTESIAN_POINT('Control Point',(-1.42905844898,38.3928135388,-30.3869235479)) ;
#3456=CARTESIAN_POINT('Control Point',(-2.01801236248,38.3298810039,-30.657985187)) ;
#3457=CARTESIAN_POINT('Control Point',(-2.2572362034,38.2982862611,-30.7972805335)) ;
#3458=CARTESIAN_POINT('Control Point',(-2.74089468377,38.2213843475,-31.1438800354)) ;
#3459=CARTESIAN_POINT('Control Point',(-3.14289586171,38.1292073032,-31.5780734103)) ;
#3460=CARTESIAN_POINT('Control Point',(-3.33208707585,38.0764855562,-31.8323942594)) ;
#3461=CARTESIAN_POINT('Control Point',(-3.65181989645,37.9667325525,-32.3775194804)) ;
#3462=CARTESIAN_POINT('Control Point',(-3.8471831696,37.8533811286,-32.9739908936)) ;
#3463=CARTESIAN_POINT('Control Point',(-3.91177853528,37.7970627229,-33.2797386809)) ;
#3464=CARTESIAN_POINT('Control Point',(-3.94386915832,37.7422215197,-33.5875518004)) ;
#3465=CARTESIAN_POINT('Control Point',(-3.943456297,37.6891769332,-33.8956883457)) ;
#3474=CARTESIAN_POINT('Axis2P3D Location',(2.82087786985,23.0253569519,-36.8956883453)) ;
#3479=CARTESIAN_POINT('Line Origine',(2.82087786972,23.0253569521,-38.8956883453)) ;
#3498=CARTESIAN_POINT('Axis2P3D Location',(-0.285147703311,36.6358898137,-23.8956883457)) ;
#3503=CARTESIAN_POINT('Line Origine',(-3.9350371506,36.6074816696,-23.8956883457)) ;
#3507=CARTESIAN_POINT('Vertex',(-3.93519037313,36.6271677626,-23.8956883457)) ;
#3511=CARTESIAN_POINT('Control Point',(3.36458852307,36.6839838395,-23.8956883457)) ;
#3512=CARTESIAN_POINT('Control Point',(3.36766198896,36.2891037252,-23.3729587072)) ;
#3513=CARTESIAN_POINT('Control Point',(3.2771381166,35.8964093723,-22.8480209435)) ;
#3514=CARTESIAN_POINT('Control Point',(3.09100980308,35.5147564366,-22.332747038)) ;
#3515=CARTESIAN_POINT('Control Point',(2.60056153781,34.9104666362,-21.5079897606)) ;
#3516=CARTESIAN_POINT('Control Point',(1.81810923078,34.4382903436,-20.8560582585)) ;
#3517=CARTESIAN_POINT('Control Point',(1.44629274691,34.2728867599,-20.6272827241)) ;
#3518=CARTESIAN_POINT('Control Point',(0.727069558083,34.0549803101,-20.3276444505)) ;
#3519=CARTESIAN_POINT('Control Point',(-0.0641261924407,33.9779910373,-20.2272641554)) ;
#3520=CARTESIAN_POINT('Control Point',(-0.407432791932,33.9733867641,-20.2245410541)) ;
#3521=CARTESIAN_POINT('Control Point',(-1.20042040851,34.0290732793,-20.312465772)) ;
#3522=CARTESIAN_POINT('Control Point',(-1.9277643973,34.2275102262,-20.6007843595)) ;
#3523=CARTESIAN_POINT('Control Point',(-2.30529964168,34.3826925461,-20.8233893212)) ;
#3524=CARTESIAN_POINT('Control Point',(-3.11624320901,34.8398056178,-21.4715786644)) ;
#3525=CARTESIAN_POINT('Control Point',(-3.63214530593,35.4402290873,-22.3022428638)) ;
#3526=CARTESIAN_POINT('Control Point',(-3.83148261296,35.8249793558,-22.826455527)) ;
#3527=CARTESIAN_POINT('Control Point',(-3.93205377817,36.2241768006,-23.3622218133)) ;
#3528=CARTESIAN_POINT('Control Point',(-3.93519037313,36.6271677623,-23.8956883457)) ;
#3529=CARTESIAN_POINT('Vertex',(3.36458852307,36.6839838387,-23.8956883457)) ;
#3532=CARTESIAN_POINT('Line Origine',(3.36474174398,36.664297957,-23.8956883457)) ;
#3545=CARTESIAN_POINT('Control Point',(-3.37227673672,38.1423986242,-25.8616401791)) ;
#3546=CARTESIAN_POINT('Control Point',(-3.75432595186,37.667930132,-25.2582475509)) ;
#3547=CARTESIAN_POINT('Control Point',(-3.93920278342,37.1426838252,-24.5781120045)) ;
#3548=CARTESIAN_POINT('Control Point',(-3.93519037313,36.6271677623,-23.8956883457)) ;
#3549=CARTESIAN_POINT('Vertex',(-3.37227701232,38.142404688,-25.8616398217)) ;
#3553=CARTESIAN_POINT('Control Point',(2.77815579187,38.190271544,-25.8616429068)) ;
#3554=CARTESIAN_POINT('Control Point',(3.16754529794,37.7218066034,-25.2582496311)) ;
#3555=CARTESIAN_POINT('Control Point',(3.36057610644,37.1995007162,-24.5781130646)) ;
#3556=CARTESIAN_POINT('Control Point',(3.36458852307,36.6839838387,-23.8956883457)) ;
#3557=CARTESIAN_POINT('Vertex',(2.77815793883,38.1902787526,-25.8616394606)) ;
#3561=CARTESIAN_POINT('Control Point',(2.77815793886,38.1902787526,-25.8616394606)) ;
#3562=CARTESIAN_POINT('Control Point',(2.63184762531,38.3663011635,-26.0883607144)) ;
#3563=CARTESIAN_POINT('Control Point',(2.45083131037,38.5077041627,-26.3237525595)) ;
#3564=CARTESIAN_POINT('Control Point',(2.23294153775,38.6101048032,-26.5521876952)) ;
#3565=CARTESIAN_POINT('Control Point',(1.71353525128,38.7620191851,-26.9862825845)) ;
#3566=CARTESIAN_POINT('Control Point',(1.09428957302,38.814992049,-27.2974643557)) ;
#3567=CARTESIAN_POINT('Control Point',(0.748438654732,38.8267833336,-27.4194398269)) ;
#3568=CARTESIAN_POINT('Control Point',(-0.0584224067296,38.837831246,-27.5956347083)) ;
#3569=CARTESIAN_POINT('Control Point',(-0.886503491082,38.8252199436,-27.5427529924)) ;
#3570=CARTESIAN_POINT('Control Point',(-1.34074639815,38.8160358841,-27.4406813311)) ;
#3571=CARTESIAN_POINT('Control Point',(-2.1144145734,38.7716510983,-27.1297010712)) ;
#3572=CARTESIAN_POINT('Control Point',(-2.75785204911,38.6062314174,-26.6302979369)) ;
#3573=CARTESIAN_POINT('Control Point',(-3.00766507481,38.4981226002,-26.3788831685)) ;
#3574=CARTESIAN_POINT('Control Point',(-3.21194988588,38.3415154717,-26.1148538751)) ;
#3575=CARTESIAN_POINT('Control Point',(-3.37227701233,38.1424046889,-25.8616398218)) ;
#3587=CARTESIAN_POINT('Control Point',(-13.0608023214,36.2281717997,-24.7957262344)) ;
#3588=CARTESIAN_POINT('Control Point',(-13.040987163,36.1186762251,-24.6473461517)) ;
#3589=CARTESIAN_POINT('Control Point',(-13.0150462535,35.9753306745,-24.5247633675)) ;
#3590=CARTESIAN_POINT('Control Point',(-12.984391772,35.8059386369,-24.4386865582)) ;
#3591=CARTESIAN_POINT('Control Point',(-12.9513644223,35.6234344877,-24.3956883453)) ;
#3592=CARTESIAN_POINT('Control Point',(-12.9183370726,35.4409303384,-24.3956883453)) ;
#3593=CARTESIAN_POINT('Control Point',(-12.5289927974,36.3242477861,-24.7955105936)) ;
#3594=CARTESIAN_POINT('Control Point',(-12.509965793,36.2146018051,-24.647203632)) ;
#3595=CARTESIAN_POINT('Control Point',(-12.4850619116,36.0710881985,-24.5246882447)) ;
#3596=CARTESIAN_POINT('Control Point',(-12.4556363534,35.9015167025,-24.4386615625)) ;
#3597=CARTESIAN_POINT('Control Point',(-12.4239345475,35.7188274565,-24.3956883453)) ;
#3598=CARTESIAN_POINT('Control Point',(-12.3922327417,35.5361382106,-24.3956883453)) ;
#3599=CARTESIAN_POINT('Control Point',(-11.996287798,36.4155443458,-24.7953062409)) ;
#3600=CARTESIAN_POINT('Control Point',(-11.9780502177,36.3057555226,-24.6470685829)) ;
#3601=CARTESIAN_POINT('Control Point',(-11.9541842303,36.1620823279,-24.5246170627)) ;
#3602=CARTESIAN_POINT('Control Point',(-11.9259880892,35.9923404251,-24.438637878)) ;
#3603=CARTESIAN_POINT('Control Point',(-11.8956121311,35.8094754228,-24.3956883453)) ;
#3604=CARTESIAN_POINT('Control Point',(-11.8652361729,35.6266104205,-24.3956883453)) ;
#3605=CARTESIAN_POINT('Control Point',(-11.4627458451,36.5020509385,-24.7951131828)) ;
#3606=CARTESIAN_POINT('Control Point',(-11.4452989783,36.3921268291,-24.6469410066)) ;
#3607=CARTESIAN_POINT('Control Point',(-11.4224718304,36.2483024872,-24.5245498222)) ;
#3608=CARTESIAN_POINT('Control Point',(-11.3955057309,36.0783991873,-24.4386155048)) ;
#3609=CARTESIAN_POINT('Control Point',(-11.3664560806,35.8953677191,-24.3956883453)) ;
#3610=CARTESIAN_POINT('Control Point',(-11.3374064301,35.712336251,-24.3956883453)) ;
#3611=CARTESIAN_POINT('Control Point',(-10.9284260985,36.5837576743,-24.794931428)) ;
#3612=CARTESIAN_POINT('Control Point',(-10.9117712124,36.4737058326,-24.6468209069)) ;
#3613=CARTESIAN_POINT('Control Point',(-10.8899838748,36.3297387667,-24.5244865246)) ;
#3614=CARTESIAN_POINT('Control Point',(-10.8642485072,36.1596830488,-24.4385944436)) ;
#3615=CARTESIAN_POINT('Control Point',(-10.8365257116,35.9764943686,-24.3956883453)) ;
#3616=CARTESIAN_POINT('Control Point',(-10.8088029155,35.7933056885,-24.3956883453)) ;
#3617=CARTESIAN_POINT('Control Point',(-10.3933881833,36.6606554992,-24.7947609861)) ;
#3618=CARTESIAN_POINT('Control Point',(-10.377526493,36.5504834809,-24.6467082885)) ;
#3619=CARTESIAN_POINT('Control Point',(-10.3567799223,36.4063821029,-24.5244271717)) ;
#3620=CARTESIAN_POINT('Control Point',(-10.3322759968,36.2361829247,-24.4385746948)) ;
#3621=CARTESIAN_POINT('Control Point',(-10.3058806395,36.0528462595,-24.3956883453)) ;
#3622=CARTESIAN_POINT('Control Point',(-10.2794852815,35.8695095944,-24.3956883453)) ;
#3624=CARTESIAN_POINT('Control Point',(-11.1404974521,35.740391535,-24.3956883453)) ;
#3625=CARTESIAN_POINT('Control Point',(-11.0299026484,35.9813197337,-24.3956884242)) ;
#3626=CARTESIAN_POINT('Control Point',(-10.8862279778,36.1930232399,-24.4576860196)) ;
#3627=CARTESIAN_POINT('Control Point',(-10.7264249588,36.3716025566,-24.5394500176)) ;
#3628=CARTESIAN_POINT('Control Point',(-10.566021203,36.5337002093,-24.6603392257)) ;
#3629=CARTESIAN_POINT('Control Point',(-10.393392575,36.660654868,-24.7947609875)) ;
#3630=CARTESIAN_POINT('Vertex',(-10.3933891885,36.6606624924,-24.7947606188)) ;
#3634=CARTESIAN_POINT('Control Point',(-13.0608023214,36.2281717997,-24.7957262344)) ;
#3635=CARTESIAN_POINT('Control Point',(-12.5289927974,36.3242477861,-24.7955105936)) ;
#3636=CARTESIAN_POINT('Control Point',(-11.996287798,36.4155443458,-24.7953062409)) ;
#3637=CARTESIAN_POINT('Control Point',(-11.4627458451,36.5020509385,-24.7951131828)) ;
#3638=CARTESIAN_POINT('Control Point',(-10.9284260985,36.5837576743,-24.794931428)) ;
#3639=CARTESIAN_POINT('Control Point',(-10.3933881833,36.6606554992,-24.7947609861)) ;
#3649=CARTESIAN_POINT('Control Point',(-10.3615989301,32.107729654,-18.7949647057)) ;
#3650=CARTESIAN_POINT('Control Point',(-10.6514076255,32.0795774374,-18.81461484)) ;
#3651=CARTESIAN_POINT('Control Point',(-10.9287022942,31.9672403209,-18.8982178324)) ;
#3652=CARTESIAN_POINT('Control Point',(-11.1411839052,31.7749544804,-19.0428681739)) ;
#3653=CARTESIAN_POINT('Control Point',(-11.2458309655,31.5416523387,-19.2192782773)) ;
#3654=CARTESIAN_POINT('Control Point',(-11.2440215567,31.3091787785,-19.3956883808)) ;
#3655=CARTESIAN_POINT('Control Point',(-10.367950066,33.0183481774,-19.99490806)) ;
#3656=CARTESIAN_POINT('Control Point',(-10.6579313651,32.9903525627,-20.0144381019)) ;
#3657=CARTESIAN_POINT('Control Point',(-10.9354642688,32.8780785458,-20.0979907675)) ;
#3658=CARTESIAN_POINT('Control Point',(-11.1481646514,32.6857370014,-20.2426802846)) ;
#3659=CARTESIAN_POINT('Control Point',(-11.252918915,32.4523148967,-20.419178587)) ;
#3660=CARTESIAN_POINT('Control Point',(-11.2511085791,32.2197222151,-20.5956768893)) ;
#3661=CARTESIAN_POINT('Control Point',(-10.374303798,33.9289610781,-21.1948643278)) ;
#3662=CARTESIAN_POINT('Control Point',(-10.6644568971,33.90112168,-21.2142744834)) ;
#3663=CARTESIAN_POINT('Control Point',(-10.9422271884,33.7889105556,-21.2977765829)) ;
#3664=CARTESIAN_POINT('Control Point',(-11.1551456791,33.5965132597,-21.4425046176)) ;
#3665=CARTESIAN_POINT('Control Point',(-11.260006816,33.3629712192,-21.6190902471)) ;
#3666=CARTESIAN_POINT('Control Point',(-11.2581955531,33.1302594409,-21.7956758766)) ;
#3667=CARTESIAN_POINT('Control Point',(-10.3806611234,34.8395590143,-22.3948310387)) ;
#3668=CARTESIAN_POINT('Control Point',(-10.6709849705,34.8118752263,-22.4141217028)) ;
#3669=CARTESIAN_POINT('Control Point',(-10.9489914559,34.6997267267,-22.4975731169)) ;
#3670=CARTESIAN_POINT('Control Point',(-11.1621270722,34.507273768,-22.6423390302)) ;
#3671=CARTESIAN_POINT('Control Point',(-11.2670945965,34.273612062,-22.8190110786)) ;
#3672=CARTESIAN_POINT('Control Point',(-11.2652824087,34.0407814533,-22.9956831269)) ;
#3673=CARTESIAN_POINT('Control Point',(-10.387022703,35.7501244297,-23.5947923002)) ;
#3674=CARTESIAN_POINT('Control Point',(-10.6775160636,35.7225954767,-23.6139640115)) ;
#3675=CARTESIAN_POINT('Control Point',(-10.9557572918,35.610509286,-23.6973647135)) ;
#3676=CARTESIAN_POINT('Control Point',(-11.1691088117,35.4180008554,-23.8421678836)) ;
#3677=CARTESIAN_POINT('Control Point',(-11.2741821204,35.1842199368,-24.0189254173)) ;
#3678=CARTESIAN_POINT('Control Point',(-11.2723690112,34.951270946,-24.1956829509)) ;
#3679=CARTESIAN_POINT('Control Point',(-10.3933891885,36.6606624924,-24.7947606188)) ;
#3680=CARTESIAN_POINT('Control Point',(-10.6840506907,36.6332874674,-24.8138140283)) ;
#3681=CARTESIAN_POINT('Control Point',(-10.9625250122,36.5212632321,-24.8971640665)) ;
#3682=CARTESIAN_POINT('Control Point',(-11.1760910285,36.3286995998,-25.0420038889)) ;
#3683=CARTESIAN_POINT('Control Point',(-11.2812694283,36.0948000649,-25.2188459588)) ;
#3684=CARTESIAN_POINT('Control Point',(-11.2794554023,35.8617332829,-25.3956880288)) ;
#3686=CARTESIAN_POINT('Control Point',(-10.3615989301,32.107729654,-18.7949647057)) ;
#3687=CARTESIAN_POINT('Control Point',(-10.367950066,33.0183481774,-19.99490806)) ;
#3688=CARTESIAN_POINT('Control Point',(-10.374303798,33.9289610781,-21.1948643278)) ;
#3689=CARTESIAN_POINT('Control Point',(-10.3806611234,34.8395590143,-22.3948310387)) ;
#3690=CARTESIAN_POINT('Control Point',(-10.387022703,35.7501244297,-23.5947923002)) ;
#3691=CARTESIAN_POINT('Control Point',(-10.3933891885,36.6606624924,-24.7947606188)) ;
#3702=CARTESIAN_POINT('Control Point',(-10.3615991641,32.10772485,-18.7949647363)) ;
#3703=CARTESIAN_POINT('Control Point',(-10.3452341435,31.9976337077,-18.6468429186)) ;
#3704=CARTESIAN_POINT('Control Point',(-10.3238251702,31.8536107792,-18.5244981261)) ;
#3705=CARTESIAN_POINT('Control Point',(-10.2985361804,31.6834861222,-18.4385983034)) ;
#3706=CARTESIAN_POINT('Control Point',(-10.2712939972,31.5002219045,-18.3956883448)) ;
#3707=CARTESIAN_POINT('Control Point',(-10.2440518134,31.316957687,-18.395688345)) ;
#3708=CARTESIAN_POINT('Control Point',(-6.34768699399,32.7032738738,-18.7935235593)) ;
#3709=CARTESIAN_POINT('Control Point',(-6.33747055625,32.5922181938,-18.6458906178)) ;
#3710=CARTESIAN_POINT('Control Point',(-6.32413399864,32.4471268386,-18.5239962219)) ;
#3711=CARTESIAN_POINT('Control Point',(-6.30839948322,32.2758684244,-18.438431302)) ;
#3712=CARTESIAN_POINT('Control Point',(-6.29145793999,32.0914382434,-18.3956883439)) ;
#3713=CARTESIAN_POINT('Control Point',(-6.27451639398,31.9070080627,-18.395688345)) ;
#3714=CARTESIAN_POINT('Control Point',(-2.29176324213,33.0187845095,-18.7928004307)) ;
#3715=CARTESIAN_POINT('Control Point',(-2.28776270838,32.9072226405,-18.6454132387)) ;
#3716=CARTESIAN_POINT('Control Point',(-2.28254514812,32.7615692983,-18.5237447584)) ;
#3717=CARTESIAN_POINT('Control Point',(-2.2763925832,32.589713383,-18.4383476241)) ;
#3718=CARTESIAN_POINT('Control Point',(-2.26976938905,32.404668165,-18.3956883392)) ;
#3719=CARTESIAN_POINT('Control Point',(-2.26314618688,32.2196229479,-18.395688345)) ;
#3720=CARTESIAN_POINT('Control Point',(1.77791859311,33.0504008881,-18.7928008927)) ;
#3721=CARTESIAN_POINT('Control Point',(1.77565548158,32.9387908433,-18.6454135416)) ;
#3722=CARTESIAN_POINT('Control Point',(1.77270629531,32.7930746231,-18.5237449155)) ;
#3723=CARTESIAN_POINT('Control Point',(1.76923019785,32.621144531,-18.4383476738)) ;
#3724=CARTESIAN_POINT('Control Point',(1.76548889793,32.4360194485,-18.3956883366)) ;
#3725=CARTESIAN_POINT('Control Point',(1.76174760635,32.2508943655,-18.395688345)) ;
#3726=CARTESIAN_POINT('Control Point',(5.83799621902,32.7980865312,-18.7935238264)) ;
#3727=CARTESIAN_POINT('Control Point',(5.82950963319,32.6868856424,-18.645890793)) ;
#3728=CARTESIAN_POINT('Control Point',(5.81843308709,32.541604709,-18.5239963127)) ;
#3729=CARTESIAN_POINT('Control Point',(5.80536617865,32.3701226146,-18.4384313307)) ;
#3730=CARTESIAN_POINT('Control Point',(5.79129741826,32.1854515875,-18.3956883424)) ;
#3731=CARTESIAN_POINT('Control Point',(5.77722866151,32.0007805601,-18.395688345)) ;
#3732=CARTESIAN_POINT('Control Point',(9.86056669484,32.2651144212,-18.7949648124)) ;
#3733=CARTESIAN_POINT('Control Point',(9.84591730371,32.1547819952,-18.6468429685)) ;
#3734=CARTESIAN_POINT('Control Point',(9.826752745,32.0104434048,-18.5244981519)) ;
#3735=CARTESIAN_POINT('Control Point',(9.80411493362,31.8399458701,-18.4385983115)) ;
#3736=CARTESIAN_POINT('Control Point',(9.77972869408,31.6562799725,-18.3956883443)) ;
#3737=CARTESIAN_POINT('Control Point',(9.75534245567,31.4726140747,-18.395688345)) ;
#3739=CARTESIAN_POINT('Control Point',(-10.3615991641,32.10772485,-18.7949647363)) ;
#3740=CARTESIAN_POINT('Control Point',(-6.34768820624,32.7032736939,-18.7935235597)) ;
#3741=CARTESIAN_POINT('Control Point',(-2.29176569201,33.0187843189,-18.7928004311)) ;
#3742=CARTESIAN_POINT('Control Point',(1.77791490582,33.0504008595,-18.7928008927)) ;
#3743=CARTESIAN_POINT('Control Point',(5.83799131424,32.798086836,-18.7935238255)) ;
#3744=CARTESIAN_POINT('Control Point',(9.8605606205,32.265115226,-18.7949648102)) ;
#3754=CARTESIAN_POINT('Control Point',(9.82148401708,36.8180011746,-24.7947607763)) ;
#3755=CARTESIAN_POINT('Control Point',(10.1125363057,36.7951536949,-24.813814264)) ;
#3756=CARTESIAN_POINT('Control Point',(10.3927204653,36.6874776207,-24.8971643389)) ;
#3757=CARTESIAN_POINT('Control Point',(10.6092578413,36.498261647,-25.0420041433)) ;
#3758=CARTESIAN_POINT('Control Point',(10.7180642229,36.2660277003,-25.2188461654)) ;
#3759=CARTESIAN_POINT('Control Point',(10.7198782483,36.0329610011,-25.3956881874)) ;
#3760=CARTESIAN_POINT('Control Point',(9.82929147434,35.9074680754,-23.5947843222)) ;
#3761=CARTESIAN_POINT('Control Point',(10.1201780329,35.8844640651,-23.6139561149)) ;
#3762=CARTESIAN_POINT('Control Point',(10.4001300853,35.7767224132,-23.6973568549)) ;
#3763=CARTESIAN_POINT('Control Point',(10.6164521256,35.5875582972,-23.8421600062)) ;
#3764=CARTESIAN_POINT('Control Point',(10.7251515795,35.3554413199,-24.0189174898)) ;
#3765=CARTESIAN_POINT('Control Point',(10.726964688,35.1224924153,-24.1956749734)) ;
#3766=CARTESIAN_POINT('Control Point',(9.83710427554,34.996905911,-22.3948125689)) ;
#3767=CARTESIAN_POINT('Control Point',(10.1278237465,34.9737444423,-22.4141033172)) ;
#3768=CARTESIAN_POINT('Control Point',(10.4075420483,34.8659368337,-22.4975547704)) ;
#3769=CARTESIAN_POINT('Control Point',(10.6236473421,34.6768248238,-22.6423206639)) ;
#3770=CARTESIAN_POINT('Control Point',(10.732239166,34.444825401,-22.8189926603)) ;
#3771=CARTESIAN_POINT('Control Point',(10.7340513531,34.2119948814,-22.9956646567)) ;
#3772=CARTESIAN_POINT('Control Point',(9.84492171123,34.0863251108,-21.1948535904)) ;
#3773=CARTESIAN_POINT('Control Point',(10.1354728768,34.0630053924,-21.2142638307)) ;
#3774=CARTESIAN_POINT('Control Point',(10.4149559873,33.95513149,-21.2977659696)) ;
#3775=CARTESIAN_POINT('Control Point',(10.630843315,33.7660717567,-21.4424939846)) ;
#3776=CARTESIAN_POINT('Control Point',(10.7393269015,33.5341903297,-21.6190795619)) ;
#3777=CARTESIAN_POINT('Control Point',(10.7411381638,33.3014786412,-21.7956651393)) ;
#3778=CARTESIAN_POINT('Control Point',(9.85274295996,33.1757303465,-19.9949062733)) ;
#3779=CARTESIAN_POINT('Control Point',(10.1431247788,33.1522517573,-20.014436399)) ;
#3780=CARTESIAN_POINT('Control Point',(10.4223715107,33.0443112754,-20.0979891036)) ;
#3781=CARTESIAN_POINT('Control Point',(10.6380398903,32.8553038917,-20.2426786012)) ;
#3782=CARTESIAN_POINT('Control Point',(10.7464147503,32.6235407216,-20.4191768518)) ;
#3783=CARTESIAN_POINT('Control Point',(10.7482250855,32.3909481291,-20.5956751024)) ;
#3784=CARTESIAN_POINT('Control Point',(9.86056693164,32.265124609,-18.7949647623)) ;
#3785=CARTESIAN_POINT('Control Point',(10.1507786068,32.2414867516,-18.8146149793)) ;
#3786=CARTESIAN_POINT('Control Point',(10.4297881168,32.13347947,-18.8982180103)) ;
#3787=CARTESIAN_POINT('Control Point',(10.6452368862,31.9445243776,-19.0428683323)) ;
#3788=CARTESIAN_POINT('Control Point',(10.7535026895,31.7128794862,-19.2192783845)) ;
#3789=CARTESIAN_POINT('Control Point',(10.7553120976,31.480406014,-19.3956884368)) ;
#3791=CARTESIAN_POINT('Control Point',(10.5826847843,35.9094106556,-24.3957377013)) ;
#3792=CARTESIAN_POINT('Control Point',(10.4404733374,36.2066733598,-24.3957957906)) ;
#3793=CARTESIAN_POINT('Control Point',(10.2415435693,36.4569486989,-24.4929044207)) ;
#3794=CARTESIAN_POINT('Control Point',(10.0358619242,36.6614599943,-24.6244685829)) ;
#3795=CARTESIAN_POINT('Control Point',(9.82148725688,36.8180009203,-24.7947609884)) ;
#3796=CARTESIAN_POINT('Vertex',(9.82148471815,36.8180063463,-24.7947608616)) ;
#3798=CARTESIAN_POINT('Vertex',(10.5828229878,35.9094767829,-24.3956883453)) ;
#3802=CARTESIAN_POINT('Control Point',(9.82148401708,36.8180011746,-24.7947607763)) ;
#3803=CARTESIAN_POINT('Control Point',(9.82929147434,35.9074680754,-23.5947843222)) ;
#3804=CARTESIAN_POINT('Control Point',(9.83710427554,34.996905911,-22.3948125689)) ;
#3805=CARTESIAN_POINT('Control Point',(9.84492171123,34.0863251108,-21.1948535904)) ;
#3806=CARTESIAN_POINT('Control Point',(9.85274295996,33.1757303465,-19.9949062733)) ;
#3807=CARTESIAN_POINT('Control Point',(9.86056693164,32.265124609,-18.7949647623)) ;
#3810=CARTESIAN_POINT('Control Point',(10.7257836145,35.2742372037,-24.3956883452)) ;
#3811=CARTESIAN_POINT('Control Point',(10.7240872371,35.4921884575,-24.3956883452)) ;
#3812=CARTESIAN_POINT('Control Point',(10.6777809642,35.7106321255,-24.3956985295)) ;
#3813=CARTESIAN_POINT('Control Point',(10.5826847843,35.9094106556,-24.3957377013)) ;
#3824=CARTESIAN_POINT('Control Point',(12.9743867984,36.3466196979,-24.7959237161)) ;
#3825=CARTESIAN_POINT('Control Point',(12.9555688614,36.2369554463,-24.6474766732)) ;
#3826=CARTESIAN_POINT('Control Point',(12.9309289172,36.0933626061,-24.5248321671)) ;
#3827=CARTESIAN_POINT('Control Point',(12.9018087791,35.9236607892,-24.4387094499)) ;
#3828=CARTESIAN_POINT('Control Point',(12.870433242,35.7408153091,-24.3956883453)) ;
#3829=CARTESIAN_POINT('Control Point',(12.8390577048,35.557969829,-24.3956883453)) ;
#3830=CARTESIAN_POINT('Control Point',(12.3459466007,36.4542614165,-24.7956596931)) ;
#3831=CARTESIAN_POINT('Control Point',(12.3280609137,36.3444276273,-24.6473021679)) ;
#3832=CARTESIAN_POINT('Control Point',(12.3046477181,36.2006481927,-24.5247401816)) ;
#3833=CARTESIAN_POINT('Control Point',(12.2769814121,36.0307493295,-24.4386788434)) ;
#3834=CARTESIAN_POINT('Control Point',(12.2471740459,35.8477016665,-24.3956883452)) ;
#3835=CARTESIAN_POINT('Control Point',(12.2173666794,35.6646540036,-24.3956883453)) ;
#3836=CARTESIAN_POINT('Control Point',(11.7163309834,36.555236778,-24.7954113776)) ;
#3837=CARTESIAN_POINT('Control Point',(11.6993795926,36.4452439213,-24.6471380598)) ;
#3838=CARTESIAN_POINT('Control Point',(11.6771947052,36.3012895971,-24.5246536813)) ;
#3839=CARTESIAN_POINT('Control Point',(11.6509833309,36.1312061862,-24.438650062)) ;
#3840=CARTESIAN_POINT('Control Point',(11.6227449994,35.9479692313,-24.3956883451)) ;
#3841=CARTESIAN_POINT('Control Point',(11.5945066674,35.7647322765,-24.3956883453)) ;
#3842=CARTESIAN_POINT('Control Point',(11.0856498739,36.6495288069,-24.7951787898)) ;
#3843=CARTESIAN_POINT('Control Point',(11.069634289,36.5393874214,-24.6469843583)) ;
#3844=CARTESIAN_POINT('Control Point',(11.0486786553,36.3952699747,-24.5245726703)) ;
#3845=CARTESIAN_POINT('Control Point',(11.023922646,36.2250145712,-24.4386231069)) ;
#3846=CARTESIAN_POINT('Control Point',(10.997253521,36.0416012685,-24.395688345)) ;
#3847=CARTESIAN_POINT('Control Point',(10.9705843952,35.8581879659,-24.3956883453)) ;
#3848=CARTESIAN_POINT('Control Point',(10.4540029186,36.73712285,-24.7949619464)) ;
#3849=CARTESIAN_POINT('Control Point',(10.4389243783,36.6268435123,-24.6468410715)) ;
#3850=CARTESIAN_POINT('Control Point',(10.4191986799,36.4825747357,-24.5244971515)) ;
#3851=CARTESIAN_POINT('Control Point',(10.395898217,36.3121599097,-24.4385979792)) ;
#3852=CARTESIAN_POINT('Control Point',(10.3707982249,36.1285832133,-24.395688345)) ;
#3853=CARTESIAN_POINT('Control Point',(10.3456982317,35.9450065171,-24.3956883453)) ;
#3854=CARTESIAN_POINT('Control Point',(9.82148471814,36.8180063463,-24.7947608616)) ;
#3855=CARTESIAN_POINT('Control Point',(9.80734432622,36.7075996523,-24.646708206)) ;
#3856=CARTESIAN_POINT('Control Point',(9.7888491584,36.5631913429,-24.5244271279)) ;
#3857=CARTESIAN_POINT('Control Point',(9.76700438174,36.3926296569,-24.4385746799)) ;
#3858=CARTESIAN_POINT('Control Point',(9.74347342994,36.2089025073,-24.3956883449)) ;
#3859=CARTESIAN_POINT('Control Point',(9.71994247686,36.0251753578,-24.3956883453)) ;
#3861=CARTESIAN_POINT('Control Point',(12.8390577048,35.557969829,-24.3956883453)) ;
#3862=CARTESIAN_POINT('Control Point',(12.388957371,35.6352084904,-24.3956883453)) ;
#3863=CARTESIAN_POINT('Control Point',(11.9382442932,35.7089845577,-24.3956883453)) ;
#3864=CARTESIAN_POINT('Control Point',(11.4869589735,35.7792917003,-24.3956883453)) ;
#3865=CARTESIAN_POINT('Control Point',(11.0351396176,35.8461241721,-24.3956883453)) ;
#3866=CARTESIAN_POINT('Control Point',(10.582822988,35.9094767823,-24.3956883453)) ;
#3867=CARTESIAN_POINT('Vertex',(12.8390577048,35.5579698283,-24.3956883453)) ;
#3871=CARTESIAN_POINT('Control Point',(12.9743867984,36.3466196979,-24.7959237161)) ;
#3872=CARTESIAN_POINT('Control Point',(12.9555688614,36.2369554463,-24.6474766732)) ;
#3873=CARTESIAN_POINT('Control Point',(12.9309289172,36.0933626061,-24.5248321671)) ;
#3874=CARTESIAN_POINT('Control Point',(12.9018087791,35.9236607892,-24.4387094499)) ;
#3875=CARTESIAN_POINT('Control Point',(12.870433242,35.7408153091,-24.3956883453)) ;
#3876=CARTESIAN_POINT('Control Point',(12.8390577048,35.557969829,-24.3956883453)) ;
#3877=CARTESIAN_POINT('Vertex',(12.9743867575,36.3466197049,-24.7959237161)) ;
#3881=CARTESIAN_POINT('Control Point',(12.9743867984,36.3466196979,-24.7959237161)) ;
#3882=CARTESIAN_POINT('Control Point',(12.3459466007,36.4542614165,-24.7956596931)) ;
#3883=CARTESIAN_POINT('Control Point',(11.7163309834,36.555236778,-24.7954113776)) ;
#3884=CARTESIAN_POINT('Control Point',(11.0856498739,36.6495288069,-24.7951787898)) ;
#3885=CARTESIAN_POINT('Control Point',(10.4540029186,36.73712285,-24.7949619464)) ;
#3886=CARTESIAN_POINT('Control Point',(9.82148471814,36.8180063463,-24.7947608616)) ;
#3895=CARTESIAN_POINT('Axis2P3D Location',(-10.2143909829,27.5061225112,-19.395688345)) ;
#3908=CARTESIAN_POINT('Control Point',(4.20785610539,20.6363629786,-93.665355722)) ;
#3909=CARTESIAN_POINT('Control Point',(5.60482784942,20.3773779232,-93.69755607)) ;
#3910=CARTESIAN_POINT('Control Point',(6.12563186926,21.6993718617,-93.709815521)) ;
#3911=CARTESIAN_POINT('Control Point',(4.92744500076,22.4629467252,-93.682294464)) ;
#3912=CARTESIAN_POINT('Control Point',(4.20721034135,20.6363579524,-93.695717213)) ;
#3913=CARTESIAN_POINT('Control Point',(5.60284063031,20.3773624561,-93.775479422)) ;
#3914=CARTESIAN_POINT('Control Point',(6.12313392572,21.6993524195,-93.805846823)) ;
#3915=CARTESIAN_POINT('Control Point',(4.92609357469,22.4629362067,-93.737675501)) ;
#3916=CARTESIAN_POINT('Control Point',(4.20259248422,20.6363220103,-93.758114979)) ;
#3917=CARTESIAN_POINT('Control Point',(5.59108812189,20.377270983,-93.933530513)) ;
#3918=CARTESIAN_POINT('Control Point',(6.10866508307,21.6992398043,-94.000315448)) ;
#3919=CARTESIAN_POINT('Control Point',(4.91772258985,22.4628710529,-93.850390953)) ;
#3920=CARTESIAN_POINT('Control Point',(4.18640855402,20.6361960461,-93.848496312)) ;
#3921=CARTESIAN_POINT('Control Point',(5.5501821184,20.3769525997,-94.16248429)) ;
#3922=CARTESIAN_POINT('Control Point',(6.05834678848,21.6988481625,-94.282027107)) ;
#3923=CARTESIAN_POINT('Control Point',(4.88853380575,22.4626438681,-94.01366724)) ;
#3924=CARTESIAN_POINT('Control Point',(4.16257154533,20.6360105158,-93.931580722)) ;
#3925=CARTESIAN_POINT('Control Point',(5.48830074945,20.3764709592,-94.378987822)) ;
#3926=CARTESIAN_POINT('Control Point',(5.98198101145,21.6982537857,-94.549326524)) ;
#3927=CARTESIAN_POINT('Control Point',(4.84468385784,22.4623025713,-94.166935739)) ;
#3928=CARTESIAN_POINT('Control Point',(4.13416868883,20.6357894482,-94.003324428)) ;
#3929=CARTESIAN_POINT('Control Point',(5.4107271493,20.3758671815,-94.575780744)) ;
#3930=CARTESIAN_POINT('Control Point',(5.88568692003,21.6975043009,-94.793728708)) ;
#3931=CARTESIAN_POINT('Control Point',(4.790415115,22.461880182,-94.304460611)) ;
#3932=CARTESIAN_POINT('Control Point',(4.10300915063,20.6355469245,-94.064252913)) ;
#3933=CARTESIAN_POINT('Control Point',(5.31933233989,20.3751558293,-94.755343312)) ;
#3934=CARTESIAN_POINT('Control Point',(5.77135908614,21.6966144544,-95.018458141)) ;
#3935=CARTESIAN_POINT('Control Point',(4.72756928186,22.4613910348,-94.42779563)) ;
#3936=CARTESIAN_POINT('Control Point',(4.0706192402,20.6352948245,-94.11496806)) ;
#3937=CARTESIAN_POINT('Control Point',(5.21537893887,20.37434673,-94.918959905)) ;
#3938=CARTESIAN_POINT('Control Point',(5.64015973358,21.695593292,-95.225059044)) ;
#3939=CARTESIAN_POINT('Control Point',(4.65753395509,22.4608459296,-94.537901703)) ;
#3940=CARTESIAN_POINT('Control Point',(4.03828688383,20.6350431724,-94.156204699)) ;
#3941=CARTESIAN_POINT('Control Point',(5.09989468151,20.3734478827,-95.067093265)) ;
#3942=CARTESIAN_POINT('Control Point',(5.49301753662,21.6944480418,-95.413890571)) ;
#3943=CARTESIAN_POINT('Control Point',(4.58146018941,22.4602538256,-94.635370529)) ;
#3944=CARTESIAN_POINT('Control Point',(4.00703180552,20.6347999051,-94.188892147)) ;
#3945=CARTESIAN_POINT('Control Point',(4.97382570615,20.3724666514,-95.19977126)) ;
#3946=CARTESIAN_POINT('Control Point',(5.33085061765,21.6931858499,-95.584637385)) ;
#3947=CARTESIAN_POINT('Control Point',(4.50032899962,22.4596223581,-94.720657224)) ;
#3948=CARTESIAN_POINT('Control Point',(3.9775899928,20.634570751,-94.214097555)) ;
#3949=CARTESIAN_POINT('Control Point',(4.83816551511,20.371410769,-95.316723493)) ;
#3950=CARTESIAN_POINT('Control Point',(5.15475052121,21.691815212,-95.736519853)) ;
#3951=CARTESIAN_POINT('Control Point',(4.41501183702,22.45895831,-94.794125334)) ;
#3952=CARTESIAN_POINT('Control Point',(3.95028471825,20.6343582262,-94.23304087)) ;
#3953=CARTESIAN_POINT('Control Point',(4.69333211442,20.3702834889,-95.417982229)) ;
#3954=CARTESIAN_POINT('Control Point',(4.96517132073,21.6903396625,-95.869118061)) ;
#3955=CARTESIAN_POINT('Control Point',(4.32588180791,22.4582645854,-94.856370035)) ;
#3956=CARTESIAN_POINT('Control Point',(3.92461726,20.6341584489,-94.247148572)) ;
#3957=CARTESIAN_POINT('Control Point',(4.53603276801,20.3690591827,-95.505230909)) ;
#3958=CARTESIAN_POINT('Control Point',(4.75775653109,21.688725293,-95.984213279)) ;
#3959=CARTESIAN_POINT('Control Point',(4.23097042101,22.4575258621,-94.908952978)) ;
#3960=CARTESIAN_POINT('Control Point',(3.8994568699,20.6339626184,-94.257552205)) ;
#3961=CARTESIAN_POINT('Control Point',(4.35717754492,20.3676671006,-95.58003645)) ;
#3962=CARTESIAN_POINT('Control Point',(4.52038596818,21.6868777706,-96.083538185)) ;
#3963=CARTESIAN_POINT('Control Point',(4.12496006208,22.4567007549,-94.953234733)) ;
#3964=CARTESIAN_POINT('Control Point',(3.86549205207,20.6336982603,-94.266677235)) ;
#3965=CARTESIAN_POINT('Control Point',(4.07537915319,20.365473784,-95.657814848)) ;
#3966=CARTESIAN_POINT('Control Point',(4.1442313413,21.6839500439,-96.187454581)) ;
#3967=CARTESIAN_POINT('Control Point',(3.96062432469,22.455421671,-94.998474332)) ;
#3968=CARTESIAN_POINT('Control Point',(3.84203514826,20.6335156886,-94.267538463)) ;
#3969=CARTESIAN_POINT('Control Point',(3.83398509647,20.3635949422,-95.671006407)) ;
#3970=CARTESIAN_POINT('Control Point',(3.81986333992,21.6814254036,-96.205340594)) ;
#3971=CARTESIAN_POINT('Control Point',(3.82252328035,22.454346807,-95.005821835)) ;
#3972=CARTESIAN_POINT('Control Point',(3.82755563913,20.633402991,-94.266342959)) ;
#3973=CARTESIAN_POINT('Control Point',(3.66763648703,20.3623001941,-95.649007517)) ;
#3974=CARTESIAN_POINT('Control Point',(3.59569449065,21.67968067,-96.175421352)) ;
#3975=CARTESIAN_POINT('Control Point',(3.72815421433,22.4536123697,-94.993682871)) ;
#3977=CARTESIAN_POINT('Control Point',(5.37414238878,21.6272708292,-93.904667709)) ;
#3978=CARTESIAN_POINT('Control Point',(5.36705485053,21.6559601488,-93.9594668586)) ;
#3979=CARTESIAN_POINT('Control Point',(5.35712753209,21.6847686095,-94.0140669154)) ;
#3980=CARTESIAN_POINT('Control Point',(5.34569042573,21.7105922417,-94.0627386087)) ;
#3981=CARTESIAN_POINT('Control Point',(5.32305037981,21.7528641084,-94.1418968473)) ;
#3982=CARTESIAN_POINT('Control Point',(5.29382945003,21.7951742689,-94.2204415902)) ;
#3983=CARTESIAN_POINT('Control Point',(5.28364449796,21.8088401125,-94.2457516771)) ;
#3984=CARTESIAN_POINT('Control Point',(5.24123518894,21.8621445948,-94.3442491131)) ;
#3985=CARTESIAN_POINT('Control Point',(5.18978579964,21.9133193398,-94.4372428941)) ;
#3986=CARTESIAN_POINT('Control Point',(5.14193754022,21.9542729371,-94.5111892624)) ;
#3987=CARTESIAN_POINT('Control Point',(5.02235904082,22.041421715,-94.6664792913)) ;
#3988=CARTESIAN_POINT('Control Point',(4.87431089894,22.1200354253,-94.8021281622)) ;
#3989=CARTESIAN_POINT('Control Point',(4.78213517759,22.1611420364,-94.8714083585)) ;
#3990=CARTESIAN_POINT('Control Point',(4.63372513845,22.216285444,-94.9616790186)) ;
#3991=CARTESIAN_POINT('Control Point',(4.46954591739,22.2615550064,-95.0310598705)) ;
#3992=CARTESIAN_POINT('Control Point',(4.42179218733,22.2734235888,-95.0487889265)) ;
#3993=CARTESIAN_POINT('Control Point',(4.3135348626,22.2975402277,-95.0833929292)) ;
#3994=CARTESIAN_POINT('Control Point',(4.20041865517,22.3168383523,-95.1084731764)) ;
#3995=CARTESIAN_POINT('Control Point',(4.14949739784,22.3244951457,-95.1173869709)) ;
#3996=CARTESIAN_POINT('Control Point',(4.09246719655,22.3316041615,-95.1248890124)) ;
#3997=CARTESIAN_POINT('Control Point',(4.03470423037,22.337425605,-95.1297594529)) ;
#3998=CARTESIAN_POINT('Vertex',(5.37414238874,21.6272708285,-93.9046677095)) ;
#4002=CARTESIAN_POINT('Control Point',(4.38970849421,20.6195784068,-93.7803862157)) ;
#4003=CARTESIAN_POINT('Control Point',(4.92966917158,20.6237810764,-93.8480197301)) ;
#4004=CARTESIAN_POINT('Control Point',(5.37901604726,21.0011012796,-93.9046677086)) ;
#4005=CARTESIAN_POINT('Control Point',(5.37414238883,21.6272708294,-93.9046677085)) ;
#4016=CARTESIAN_POINT('Control Point',(-5.13834813246,26.0394625786,-90.983722856)) ;
#4017=CARTESIAN_POINT('Control Point',(-4.97005371833,24.6502062454,-92.4887643)) ;
#4018=CARTESIAN_POINT('Control Point',(-4.80175930429,23.2609499122,-93.993805745)) ;
#4019=CARTESIAN_POINT('Control Point',(-4.63346489026,21.871693579,-95.498847189)) ;
#4020=CARTESIAN_POINT('Control Point',(-1.87528254275,26.4707132894,-91.252280468)) ;
#4021=CARTESIAN_POINT('Control Point',(-1.8111019913,25.0676971417,-92.748753108)) ;
#4022=CARTESIAN_POINT('Control Point',(-1.74692143984,23.664680994,-94.245225748)) ;
#4023=CARTESIAN_POINT('Control Point',(-1.68274088829,22.2616648463,-95.741698389)) ;
#4024=CARTESIAN_POINT('Control Point',(1.46302190583,26.4966962765,-91.252280468)) ;
#4025=CARTESIAN_POINT('Control Point',(1.42068796624,25.0928510957,-92.748753108)) ;
#4026=CARTESIAN_POINT('Control Point',(1.37835402655,23.689005915,-94.245225748)) ;
#4027=CARTESIAN_POINT('Control Point',(1.33602008696,22.2851607342,-95.741698389)) ;
#4028=CARTESIAN_POINT('Control Point',(4.73240486002,26.116289498,-90.983722856)) ;
#4029=CARTESIAN_POINT('Control Point',(4.58575549119,24.7245818665,-92.4887643)) ;
#4030=CARTESIAN_POINT('Control Point',(4.43910612227,23.3328742349,-93.993805745)) ;
#4031=CARTESIAN_POINT('Control Point',(4.29245675334,21.9411666033,-95.49884719)) ;
#4033=CARTESIAN_POINT('Control Point',(-4.91484759817,25.9370087057,-91.1405952778)) ;
#4034=CARTESIAN_POINT('Control Point',(-3.04411976112,26.1741280031,-91.2878649384)) ;
#4035=CARTESIAN_POINT('Control Point',(-1.1536037257,26.300121878,-91.3614997697)) ;
#4036=CARTESIAN_POINT('Control Point',(0.744085754386,26.314892146,-91.3614997717)) ;
#4037=CARTESIAN_POINT('Control Point',(2.63633392539,26.2183406229,-91.2878649445)) ;
#4038=CARTESIAN_POINT('Control Point',(4.5105260336,26.0103691243,-91.1405952879)) ;
#4039=CARTESIAN_POINT('Vertex',(4.5105260336,26.0103691243,-91.1405952879)) ;
#4043=CARTESIAN_POINT('Control Point',(4.5105259107,26.0103689609,-91.1405954854)) ;
#4044=CARTESIAN_POINT('Control Point',(4.3510991694,24.7795931151,-92.4774088516)) ;
#4045=CARTESIAN_POINT('Control Point',(4.19244080794,23.553081575,-93.8094663795)) ;
#4046=CARTESIAN_POINT('Control Point',(4.03470089317,22.337407083,-95.1297419999)) ;
#4055=CARTESIAN_POINT('Axis2P3D Location',(12.9470255933,21.6862127647,-25.3956883453)) ;
#4061=CARTESIAN_POINT('Control Point',(13.4556508964,20.8275230857,-25.4585559538)) ;
#4062=CARTESIAN_POINT('Control Point',(13.6783678051,20.9614962334,-25.4865815789)) ;
#4063=CARTESIAN_POINT('Control Point',(13.8537779458,21.1731505472,-25.508772758)) ;
#4064=CARTESIAN_POINT('Control Point',(13.9412601348,21.4347141586,-25.5199698384)) ;
#4065=CARTESIAN_POINT('Control Point',(13.9392425404,21.6939354756,-25.5199698384)) ;
#4066=CARTESIAN_POINT('Vertex',(13.4556508965,20.8275230857,-25.4585559533)) ;
#4068=CARTESIAN_POINT('Vertex',(13.9392425406,21.6939354756,-25.5199698375)) ;
#4071=CARTESIAN_POINT('Axis2P3D Location',(12.9470255933,21.6862127647,-25.3956883453)) ;
#4077=CARTESIAN_POINT('Control Point',(12.9548086459,20.6862430531,-25.3956883453)) ;
#4078=CARTESIAN_POINT('Control Point',(13.1303056532,20.6876089969,-25.4176704634)) ;
#4079=CARTESIAN_POINT('Control Point',(13.3054921382,20.7371965738,-25.4396606976)) ;
#4080=CARTESIAN_POINT('Control Point',(13.4556508964,20.8275230857,-25.4585559538)) ;
#4089=CARTESIAN_POINT('Line Origine',(12.8930416496,28.6220912967,-24.3956883453)) ;
#4106=CARTESIAN_POINT('Control Point',(-5.61783148155,28.4884445608,-85.752799543)) ;
#4107=CARTESIAN_POINT('Control Point',(-5.40938103201,28.1821011433,-87.792295707)) ;
#4108=CARTESIAN_POINT('Control Point',(-5.21000055987,27.2640483487,-89.691961985)) ;
#4109=CARTESIAN_POINT('Control Point',(-5.04637617606,25.8527185019,-91.199749028)) ;
#4110=CARTESIAN_POINT('Control Point',(-2.02473113778,29.043271751,-85.747789093)) ;
#4111=CARTESIAN_POINT('Control Point',(-1.95350056593,28.7165912267,-87.894307122)) ;
#4112=CARTESIAN_POINT('Control Point',(-1.8818836532,27.747938936,-89.88563636)) ;
#4113=CARTESIAN_POINT('Control Point',(-1.81950010047,26.2698670084,-91.464544575)) ;
#4114=CARTESIAN_POINT('Control Point',(1.5724696923,29.071266836,-85.747789121)) ;
#4115=CARTESIAN_POINT('Control Point',(1.50633041795,28.743517231,-87.894306547)) ;
#4116=CARTESIAN_POINT('Control Point',(1.44979770167,27.7738677942,-89.885635269)) ;
#4117=CARTESIAN_POINT('Control Point',(1.41042711178,26.2950042562,-91.464543083)) ;
#4118=CARTESIAN_POINT('Control Point',(5.1737710087,28.5724298158,-85.752799627)) ;
#4119=CARTESIAN_POINT('Control Point',(4.97011191953,28.2628791564,-87.792293983)) ;
#4120=CARTESIAN_POINT('Control Point',(4.78504350495,27.3418349233,-89.691958713)) ;
#4121=CARTESIAN_POINT('Control Point',(4.64340546088,25.9281302452,-91.199744555)) ;
#4123=CARTESIAN_POINT('Control Point',(-5.50415078662,28.489477531,-85.8486339863)) ;
#4124=CARTESIAN_POINT('Control Point',(-3.39367749328,28.8093930401,-85.848641214)) ;
#4125=CARTESIAN_POINT('Control Point',(-1.28202320009,28.9775732194,-85.8486448279)) ;
#4126=CARTESIAN_POINT('Control Point',(0.830812092975,28.9940180688,-85.8486448277)) ;
#4127=CARTESIAN_POINT('Control Point',(2.9448283859,28.8587275883,-85.8486412137)) ;
#4128=CARTESIAN_POINT('Control Point',(5.06002567869,28.571701778,-85.8486339857)) ;
#4129=CARTESIAN_POINT('Vertex',(5.06002567869,28.571701778,-85.8486339857)) ;
#4133=CARTESIAN_POINT('Control Point',(4.51040088897,26.0096918072,-91.1399591586)) ;
#4134=CARTESIAN_POINT('Control Point',(4.51621114553,26.0628269787,-91.0820888734)) ;
#4135=CARTESIAN_POINT('Control Point',(4.52207319783,26.1155224728,-91.0235857788)) ;
#4136=CARTESIAN_POINT('Control Point',(4.52822335778,26.1694021267,-90.962630857)) ;
#4137=CARTESIAN_POINT('Control Point',(4.54130426349,26.2818433833,-90.8327118093)) ;
#4138=CARTESIAN_POINT('Control Point',(4.55460125529,26.391415486,-90.700608398)) ;
#4139=CARTESIAN_POINT('Control Point',(4.55854075282,26.4232426493,-90.6614740828)) ;
#4140=CARTESIAN_POINT('Control Point',(4.57752984544,26.5730899007,-90.4740594186)) ;
#4141=CARTESIAN_POINT('Control Point',(4.59693351431,26.7166058624,-90.2833492529)) ;
#4142=CARTESIAN_POINT('Control Point',(4.61028732672,26.8111038967,-90.1525856301)) ;
#4143=CARTESIAN_POINT('Control Point',(4.63624589653,26.9873964362,-89.8989081822)) ;
#4144=CARTESIAN_POINT('Control Point',(4.66310590744,27.1549544126,-89.6371781527)) ;
#4145=CARTESIAN_POINT('Control Point',(4.67298821847,27.2142506041,-89.5410760381)) ;
#4146=CARTESIAN_POINT('Control Point',(4.69973664741,27.3679686389,-89.2814073472)) ;
#4147=CARTESIAN_POINT('Control Point',(4.7271681381,27.5121288072,-89.0159940251)) ;
#4148=CARTESIAN_POINT('Control Point',(4.74183154404,27.5867233678,-88.87424153)) ;
#4149=CARTESIAN_POINT('Control Point',(4.77369528752,27.7387033759,-88.5668831687)) ;
#4150=CARTESIAN_POINT('Control Point',(4.80634423782,27.8777465633,-88.253222771)) ;
#4151=CARTESIAN_POINT('Control Point',(4.82181410473,27.939030905,-88.1049938115)) ;
#4152=CARTESIAN_POINT('Control Point',(4.87503735873,28.1416264765,-87.5960647033)) ;
#4153=CARTESIAN_POINT('Control Point',(4.93035109691,28.3113059729,-87.0699874106)) ;
#4154=CARTESIAN_POINT('Control Point',(4.97281106533,28.4186546009,-86.6683050549)) ;
#4155=CARTESIAN_POINT('Control Point',(5.01623687954,28.505543308,-86.2611049183)) ;
#4156=CARTESIAN_POINT('Control Point',(5.06002567864,28.5717017781,-85.8486339856)) ;
#4166=CARTESIAN_POINT('Control Point',(-13.4612607861,37.7768126272,-27.020149997)) ;
#4167=CARTESIAN_POINT('Control Point',(-11.0673925946,34.5695524597,-47.0140888)) ;
#4168=CARTESIAN_POINT('Control Point',(-8.67352440292,31.3622922922,-67.008027603)) ;
#4169=CARTESIAN_POINT('Control Point',(-6.27965621136,28.1550321247,-87.001966406)) ;
#4170=CARTESIAN_POINT('Control Point',(-4.77781567032,39.3188403881,-27.020149997)) ;
#4171=CARTESIAN_POINT('Control Point',(-3.94617836035,35.8341553787,-47.0140888)) ;
#4172=CARTESIAN_POINT('Control Point',(-3.11454105038,32.3494703693,-67.008027603)) ;
#4173=CARTESIAN_POINT('Control Point',(-2.2829037405,28.8647853599,-87.001966406)) ;
#4174=CARTESIAN_POINT('Control Point',(4.1652146607,39.3884465447,-27.020149997)) ;
#4175=CARTESIAN_POINT('Control Point',(3.38791934392,35.8912387536,-47.0140888)) ;
#4176=CARTESIAN_POINT('Control Point',(2.61062402725,32.3940309626,-67.008027603)) ;
#4177=CARTESIAN_POINT('Control Point',(1.83332871047,28.8968231715,-87.001966406)) ;
#4178=CARTESIAN_POINT('Control Point',(12.8716103922,37.9817688767,-27.020149997)) ;
#4179=CARTESIAN_POINT('Control Point',(10.5279551689,34.7376352128,-47.0140888)) ;
#4180=CARTESIAN_POINT('Control Point',(8.18429994577,31.4935015489,-67.008027603)) ;
#4181=CARTESIAN_POINT('Control Point',(5.84064472253,28.249367885,-87.001966406)) ;
#4183=CARTESIAN_POINT('Control Point',(-12.8215651069,37.6704582441,-28.2216854274)) ;
#4184=CARTESIAN_POINT('Control Point',(-12.19801623,37.7778742122,-28.2168666493)) ;
#4185=CARTESIAN_POINT('Control Point',(-11.5731048699,37.878899686,-28.2122922914)) ;
#4186=CARTESIAN_POINT('Control Point',(-10.9421044679,37.9742753733,-28.2080615442)) ;
#4187=CARTESIAN_POINT('Control Point',(-10.2558720407,38.0706512921,-28.2037270422)) ;
#4188=CARTESIAN_POINT('Control Point',(-9.56946204322,38.1592133704,-28.1997421792)) ;
#4189=CARTESIAN_POINT('Control Point',(-9.52528763857,38.164875085,-28.1994873834)) ;
#4190=CARTESIAN_POINT('Control Point',(-9.42262433812,38.1779498331,-28.1988916183)) ;
#4191=CARTESIAN_POINT('Control Point',(-9.32670142948,38.1900094796,-28.1983342829)) ;
#4192=CARTESIAN_POINT('Control Point',(-9.28149565843,38.1956573154,-28.198072048)) ;
#4193=CARTESIAN_POINT('Control Point',(-9.15032927188,38.2119527566,-28.1973177373)) ;
#4194=CARTESIAN_POINT('Control Point',(-9.02923308897,38.2267298051,-28.196651535)) ;
#4195=CARTESIAN_POINT('Control Point',(-8.95191623148,38.2360846793,-28.1962487795)) ;
#4196=CARTESIAN_POINT('Control Point',(-8.81108691393,38.2529092652,-28.1955224828)) ;
#4197=CARTESIAN_POINT('Control Point',(-8.65521408152,38.2711324523,-28.1947175364)) ;
#4198=CARTESIAN_POINT('Control Point',(-8.60855978477,38.276547595,-28.1944750536)) ;
#4199=CARTESIAN_POINT('Control Point',(-8.17631388108,38.3263409238,-28.1922519494)) ;
#4200=CARTESIAN_POINT('Control Point',(-7.746907789,38.3727305093,-28.1901812427)) ;
#4201=CARTESIAN_POINT('Control Point',(-7.42178924343,38.40592078,-28.1887006731)) ;
#4202=CARTESIAN_POINT('Control Point',(-6.8420173316,38.4618938454,-28.18635743)) ;
#4203=CARTESIAN_POINT('Control Point',(-6.24693082947,38.5135706293,-28.184198007)) ;
#4204=CARTESIAN_POINT('Control Point',(-6.03259279282,38.531416272,-28.183459547)) ;
#4205=CARTESIAN_POINT('Control Point',(-5.57422220213,38.5679896942,-28.1819567444)) ;
#4206=CARTESIAN_POINT('Control Point',(-5.11541810107,38.6011742593,-28.1806084726)) ;
#4207=CARTESIAN_POINT('Control Point',(-4.87149639424,38.6178507598,-28.1799338138)) ;
#4208=CARTESIAN_POINT('Control Point',(-4.54094219491,38.6391422321,-28.1790748263)) ;
#4209=CARTESIAN_POINT('Control Point',(-4.21023637883,38.6586725847,-28.1782888169)) ;
#4210=CARTESIAN_POINT('Control Point',(-4.12101832631,38.6638251655,-28.1780847769)) ;
#4211=CARTESIAN_POINT('Control Point',(-3.9022086277,38.676123896,-28.1776045984)) ;
#4212=CARTESIAN_POINT('Control Point',(-3.66440672123,38.6886258823,-28.1771199799)) ;
#4213=CARTESIAN_POINT('Control Point',(-3.52132466494,38.695823538,-28.1768381258)) ;
#4214=CARTESIAN_POINT('Control Point',(-3.23784880222,38.7094085195,-28.1762987061)) ;
#4215=CARTESIAN_POINT('Control Point',(-2.95585966925,38.7216384734,-28.1757976629)) ;
#4216=CARTESIAN_POINT('Control Point',(-2.81400504446,38.7274536543,-28.1755557538)) ;
#4217=CARTESIAN_POINT('Control Point',(-2.54725923315,38.737798428,-28.1751201639)) ;
#4218=CARTESIAN_POINT('Control Point',(-2.30694085421,38.7461319204,-28.1747765756)) ;
#4219=CARTESIAN_POINT('Control Point',(-2.19435324273,38.7498320082,-28.1746333388)) ;
#4220=CARTESIAN_POINT('Control Point',(-1.86173537265,38.760162308,-28.1742221515)) ;
#4221=CARTESIAN_POINT('Control Point',(-1.5351168984,38.7685633078,-28.1738609473)) ;
#4222=CARTESIAN_POINT('Control Point',(-1.32711516567,38.7731954725,-28.1736460222)) ;
#4223=CARTESIAN_POINT('Control Point',(-0.898720455068,38.7813624233,-28.1732938767)) ;
#4224=CARTESIAN_POINT('Control Point',(-0.465002061888,38.7866167856,-28.1731148496)) ;
#4225=CARTESIAN_POINT('Control Point',(-0.312665304337,38.7880006422,-28.1730704432)) ;
#4226=CARTESIAN_POINT('Control Point',(0.128533922076,38.7905300073,-28.1730321127)) ;
#4227=CARTESIAN_POINT('Control Point',(0.569596490725,38.7899181004,-28.17319647)) ;
#4228=CARTESIAN_POINT('Control Point',(0.780875497356,38.7889060508,-28.173320843)) ;
#4229=CARTESIAN_POINT('Control Point',(1.21411552849,38.7853559275,-28.1736549867)) ;
#4230=CARTESIAN_POINT('Control Point',(1.6495142204,38.7787445263,-28.174132534)) ;
#4231=CARTESIAN_POINT('Control Point',(1.82341723119,38.7755358479,-28.1743413408)) ;
#4232=CARTESIAN_POINT('Control Point',(2.26040922778,38.7660382512,-28.1749446673)) ;
#4233=CARTESIAN_POINT('Control Point',(2.69881050219,38.7534158727,-28.1757013481)) ;
#4234=CARTESIAN_POINT('Control Point',(2.91375476985,38.7464833821,-28.1761051965)) ;
#4235=CARTESIAN_POINT('Control Point',(3.35511047257,38.7307113201,-28.177000109)) ;
#4236=CARTESIAN_POINT('Control Point',(3.79309966383,38.7119461413,-28.17804847)) ;
#4237=CARTESIAN_POINT('Control Point',(3.95595061315,38.7044402425,-28.1784710741)) ;
#4238=CARTESIAN_POINT('Control Point',(4.53570304057,38.6758448848,-28.1801051776)) ;
#4239=CARTESIAN_POINT('Control Point',(5.11033563205,38.6421039016,-28.1820391564)) ;
#4240=CARTESIAN_POINT('Control Point',(5.45939721375,38.6196555983,-28.1833410789)) ;
#4241=CARTESIAN_POINT('Control Point',(5.87442805494,38.5905603545,-28.1849507538)) ;
#4242=CARTESIAN_POINT('Control Point',(6.29107175663,38.5585214645,-28.1866720413)) ;
#4243=CARTESIAN_POINT('Control Point',(6.3487909416,38.5540291549,-28.1869122076)) ;
#4244=CARTESIAN_POINT('Control Point',(6.46795601225,38.5446428728,-28.1874172107)) ;
#4245=CARTESIAN_POINT('Control Point',(6.59516795519,38.5343658494,-28.1879736508)) ;
#4246=CARTESIAN_POINT('Control Point',(6.66126150025,38.5289579192,-28.1882669578)) ;
#4247=CARTESIAN_POINT('Control Point',(6.86409514393,38.5121333569,-28.1891776634)) ;
#4248=CARTESIAN_POINT('Control Point',(7.08089585248,38.4934313337,-28.190179443)) ;
#4249=CARTESIAN_POINT('Control Point',(7.23169023366,38.4800516699,-28.1908869242)) ;
#4250=CARTESIAN_POINT('Control Point',(7.52744624302,38.453064753,-28.1922941608)) ;
#4251=CARTESIAN_POINT('Control Point',(7.81543313591,38.425412296,-28.1937049884)) ;
#4252=CARTESIAN_POINT('Control Point',(7.96048050329,38.411118857,-28.1944260079)) ;
#4253=CARTESIAN_POINT('Control Point',(8.15602348559,38.3914216101,-28.195419309)) ;
#4254=CARTESIAN_POINT('Control Point',(8.33352666451,38.3730191731,-28.1963561141)) ;
#4255=CARTESIAN_POINT('Control Point',(8.39103568423,38.3670026739,-28.1966641341)) ;
#4256=CARTESIAN_POINT('Control Point',(9.19706175697,38.2819220807,-28.2010068161)) ;
#4257=CARTESIAN_POINT('Control Point',(10.0018093922,38.1862734737,-28.2058139243)) ;
#4258=CARTESIAN_POINT('Control Point',(10.7473225764,38.0884171461,-28.2106794522)) ;
#4259=CARTESIAN_POINT('Control Point',(11.4913358606,37.9814780578,-28.2159620099)) ;
#4260=CARTESIAN_POINT('Control Point',(12.2336478797,37.8654704313,-28.2216834976)) ;
#4261=CARTESIAN_POINT('Vertex',(12.2336478797,37.8654704313,-28.2216834976)) ;
#4265=CARTESIAN_POINT('Control Point',(12.2336478801,37.8654704312,-28.2216834976)) ;
#4266=CARTESIAN_POINT('Control Point',(11.9444114539,37.4901669776,-30.5500684301)) ;
#4267=CARTESIAN_POINT('Control Point',(11.6554912401,37.1153007644,-32.8756916297)) ;
#4268=CARTESIAN_POINT('Control Point',(11.3623095555,36.7349358259,-35.2353726188)) ;
#4269=CARTESIAN_POINT('Control Point',(11.0408060272,36.3178668963,-37.8226888579)) ;
#4270=CARTESIAN_POINT('Control Point',(10.720026119,35.9017862537,-40.403790679)) ;
#4271=CARTESIAN_POINT('Control Point',(10.6719661957,35.839449043,-40.7904898164)) ;
#4272=CARTESIAN_POINT('Control Point',(10.6021994371,35.7489580776,-41.3518342363)) ;
#4273=CARTESIAN_POINT('Control Point',(10.5317042711,35.657525223,-41.9190175452)) ;
#4274=CARTESIAN_POINT('Control Point',(10.494719403,35.6095562778,-42.2165810556)) ;
#4275=CARTESIAN_POINT('Control Point',(10.4181052513,35.5101899691,-42.8329728214)) ;
#4276=CARTESIAN_POINT('Control Point',(10.3411127221,35.4103355613,-43.452386773)) ;
#4277=CARTESIAN_POINT('Control Point',(10.3131063859,35.3740135535,-43.6776974565)) ;
#4278=CARTESIAN_POINT('Control Point',(10.2354000721,35.2732357673,-44.3028338637)) ;
#4279=CARTESIAN_POINT('Control Point',(10.1580128656,35.1728746071,-44.9253798858)) ;
#4280=CARTESIAN_POINT('Control Point',(10.1207532366,35.1245544072,-45.2251114274)) ;
#4281=CARTESIAN_POINT('Control Point',(10.059348016,35.0449224266,-45.7190687516)) ;
#4282=CARTESIAN_POINT('Control Point',(9.99874820959,34.9663373707,-46.206528549)) ;
#4283=CARTESIAN_POINT('Control Point',(10.0063291317,34.9761683059,-46.14554817)) ;
#4284=CARTESIAN_POINT('Control Point',(9.95331474647,34.9074206192,-46.5719853621)) ;
#4285=CARTESIAN_POINT('Control Point',(9.91301807566,34.8551662147,-46.89611414)) ;
#4286=CARTESIAN_POINT('Control Point',(9.89629806576,34.8334847939,-47.0306016095)) ;
#4287=CARTESIAN_POINT('Control Point',(9.76918043577,34.6686482406,-48.0530617787)) ;
#4288=CARTESIAN_POINT('Control Point',(9.64215566761,34.5039415438,-49.0746993337)) ;
#4289=CARTESIAN_POINT('Control Point',(9.53374743284,34.3633812384,-49.9465493209)) ;
#4290=CARTESIAN_POINT('Control Point',(9.40630580276,34.1981518298,-50.971397828)) ;
#4291=CARTESIAN_POINT('Control Point',(9.27900595468,34.0331177599,-51.9950150224)) ;
#4292=CARTESIAN_POINT('Control Point',(9.26558135035,34.01571399,-52.102960914)) ;
#4293=CARTESIAN_POINT('Control Point',(9.22904158506,33.968343948,-52.3967701546)) ;
#4294=CARTESIAN_POINT('Control Point',(9.19280503587,33.9213679682,-52.6881336144)) ;
#4295=CARTESIAN_POINT('Control Point',(9.17520174149,33.8985478154,-52.829672781)) ;
#4296=CARTESIAN_POINT('Control Point',(9.14085242608,33.8540192293,-53.1058549844)) ;
#4297=CARTESIAN_POINT('Control Point',(9.10625178621,33.8091656186,-53.384051502)) ;
#4298=CARTESIAN_POINT('Control Point',(9.08340843578,33.779553575,-53.5677143403)) ;
#4299=CARTESIAN_POINT('Control Point',(9.04902894395,33.7349875982,-53.8441251196)) ;
#4300=CARTESIAN_POINT('Control Point',(9.01475093796,33.6905540654,-54.1197128843)) ;
#4301=CARTESIAN_POINT('Control Point',(8.99701208062,33.667559972,-54.2623275237)) ;
#4302=CARTESIAN_POINT('Control Point',(8.9399721367,33.5936224393,-54.7209037152)) ;
#4303=CARTESIAN_POINT('Control Point',(8.88306992768,33.5198661172,-55.1783516814)) ;
#4304=CARTESIAN_POINT('Control Point',(8.86324429368,33.4941687727,-55.3377296931)) ;
#4305=CARTESIAN_POINT('Control Point',(8.78882975838,33.3977170318,-55.9359317483)) ;
#4306=CARTESIAN_POINT('Control Point',(8.71405417523,33.3008018428,-56.5370001056)) ;
#4307=CARTESIAN_POINT('Control Point',(8.67844381293,33.2546489159,-56.8232388503)) ;
#4308=CARTESIAN_POINT('Control Point',(8.62470239834,33.1849985285,-57.2552049052)) ;
#4309=CARTESIAN_POINT('Control Point',(8.57079432588,33.1151343049,-57.6884925185)) ;
#4310=CARTESIAN_POINT('Control Point',(8.55301092477,33.0920874061,-57.8314254265)) ;
#4311=CARTESIAN_POINT('Control Point',(8.51708754471,33.0455322697,-58.1201515737)) ;
#4312=CARTESIAN_POINT('Control Point',(8.48013754425,32.997648522,-58.4171158277)) ;
#4313=CARTESIAN_POINT('Control Point',(8.46227942677,32.9745065415,-58.5606367938)) ;
#4314=CARTESIAN_POINT('Control Point',(8.40491729524,32.9001733191,-59.0216319317)) ;
#4315=CARTESIAN_POINT('Control Point',(8.34624818492,32.8241497685,-59.4931047922)) ;
#4316=CARTESIAN_POINT('Control Point',(8.31166620175,32.7793392241,-59.7710025865)) ;
#4317=CARTESIAN_POINT('Control Point',(8.23284192355,32.6772019688,-60.4044126379)) ;
#4318=CARTESIAN_POINT('Control Point',(8.15421429971,32.5753227186,-61.0362102755)) ;
#4319=CARTESIAN_POINT('Control Point',(8.11539317836,32.5250222838,-61.3481421455)) ;
#4320=CARTESIAN_POINT('Control Point',(8.05750350662,32.4500162387,-61.8132781462)) ;
#4321=CARTESIAN_POINT('Control Point',(8.00095266595,32.376748337,-62.2676296437)) ;
#4322=CARTESIAN_POINT('Control Point',(7.98178688116,32.3519174098,-62.4216114547)) ;
#4323=CARTESIAN_POINT('Control Point',(7.9448439009,32.3040557207,-62.7184108448)) ;
#4324=CARTESIAN_POINT('Control Point',(7.90862126691,32.2571297007,-63.0094061186)) ;
#4325=CARTESIAN_POINT('Control Point',(7.89243873579,32.2361658679,-63.1394056726)) ;
#4326=CARTESIAN_POINT('Control Point',(7.85270015494,32.1846878854,-63.4586265523)) ;
#4327=CARTESIAN_POINT('Control Point',(7.81140907591,32.1312000322,-63.7903072513)) ;
#4328=CARTESIAN_POINT('Control Point',(7.79485936395,32.1097623571,-63.9232426183)) ;
#4329=CARTESIAN_POINT('Control Point',(7.72473202035,32.0189242584,-64.4865295184)) ;
#4330=CARTESIAN_POINT('Control Point',(7.65655901191,31.9306234897,-65.0340730162)) ;
#4331=CARTESIAN_POINT('Control Point',(7.61076816089,31.8713167104,-65.4018240682)) ;
#4332=CARTESIAN_POINT('Control Point',(7.54515825257,31.7863459312,-65.9287073233)) ;
#4333=CARTESIAN_POINT('Control Point',(7.47740586334,31.6986053838,-66.4727545755)) ;
#4334=CARTESIAN_POINT('Control Point',(7.44890659384,31.661698934,-66.701596705)) ;
#4335=CARTESIAN_POINT('Control Point',(7.37990219043,31.5723401134,-67.2556717871)) ;
#4336=CARTESIAN_POINT('Control Point',(7.31094935212,31.4830534155,-67.809288473)) ;
#4337=CARTESIAN_POINT('Control Point',(7.26487233867,31.423391053,-68.1792154391)) ;
#4338=CARTESIAN_POINT('Control Point',(7.18232073961,31.3165045131,-68.8419377185)) ;
#4339=CARTESIAN_POINT('Control Point',(7.09984051502,31.2097169556,-69.504027566)) ;
#4340=CARTESIAN_POINT('Control Point',(7.04042567384,31.1327943734,-69.9809455931)) ;
#4341=CARTESIAN_POINT('Control Point',(6.97632478197,31.0498073717,-70.4954551853)) ;
#4342=CARTESIAN_POINT('Control Point',(6.91266403558,30.9673928717,-71.0064024592)) ;
#4343=CARTESIAN_POINT('Control Point',(6.88024606546,30.9254251816,-71.2665866109)) ;
#4344=CARTESIAN_POINT('Control Point',(6.81289536108,30.8382353298,-71.8071239614)) ;
#4345=CARTESIAN_POINT('Control Point',(6.7471987038,30.7531908142,-72.3343471115)) ;
#4346=CARTESIAN_POINT('Control Point',(6.71502829343,30.711547614,-72.5925060052)) ;
#4347=CARTESIAN_POINT('Control Point',(6.665944993,30.6480143495,-72.9863637409)) ;
#4348=CARTESIAN_POINT('Control Point',(6.61542767494,30.5826292168,-73.391693985)) ;
#4349=CARTESIAN_POINT('Control Point',(6.59845410264,30.5606606141,-73.5278791033)) ;
#4350=CARTESIAN_POINT('Control Point',(6.56424284942,30.51638254,-73.8023605825)) ;
#4351=CARTESIAN_POINT('Control Point',(6.52961382127,30.4715658273,-74.0801773944)) ;
#4352=CARTESIAN_POINT('Control Point',(6.51253684051,30.4494653551,-74.2171762426)) ;
#4353=CARTESIAN_POINT('Control Point',(6.47908465059,30.4061740309,-74.4855338289)) ;
#4354=CARTESIAN_POINT('Control Point',(6.44462241496,30.3615784134,-74.7619732447)) ;
#4355=CARTESIAN_POINT('Control Point',(6.42343595002,30.3341632534,-74.9319132685)) ;
#4356=CARTESIAN_POINT('Control Point',(6.31833337336,30.1981662938,-75.7749205413)) ;
#4357=CARTESIAN_POINT('Control Point',(6.21359519427,30.0626719916,-76.6147816975)) ;
#4358=CARTESIAN_POINT('Control Point',(6.1260639617,29.9494658239,-77.3164708335)) ;
#4359=CARTESIAN_POINT('Control Point',(6.01956994231,29.811783656,-78.1698534355)) ;
#4360=CARTESIAN_POINT('Control Point',(5.91245920176,29.6733559005,-79.027826783)) ;
#4361=CARTESIAN_POINT('Control Point',(5.89894387267,29.6558898689,-79.1360802936)) ;
#4362=CARTESIAN_POINT('Control Point',(5.84579959517,29.5872145443,-79.5617237632)) ;
#4363=CARTESIAN_POINT('Control Point',(5.79282081601,29.5187651294,-79.9859586058)) ;
#4364=CARTESIAN_POINT('Control Point',(5.75683036319,29.4722692107,-80.2741259484)) ;
#4365=CARTESIAN_POINT('Control Point',(5.59689045618,29.2656628476,-81.5545855124)) ;
#4366=CARTESIAN_POINT('Control Point',(5.43597609859,29.0578718429,-82.8422764073)) ;
#4367=CARTESIAN_POINT('Control Point',(5.30965773461,28.8947762272,-83.8528945184)) ;
#4368=CARTESIAN_POINT('Control Point',(5.18493086743,28.7337391565,-84.8506466189)) ;
#4369=CARTESIAN_POINT('Control Point',(5.06014986216,28.5726164503,-85.84879537)) ;
#4383=CARTESIAN_POINT('Control Point',(24.9710151467,35.4191126329,-28.3131260017)) ;
#4384=CARTESIAN_POINT('Control Point',(25.0026756441,35.5016886592,-27.8427890311)) ;
#4385=CARTESIAN_POINT('Control Point',(25.0061267012,35.4985661347,-27.3354855266)) ;
#4386=CARTESIAN_POINT('Control Point',(24.9727648956,35.3847795691,-26.8239976689)) ;
#4387=CARTESIAN_POINT('Control Point',(24.9064068307,35.1733461904,-26.3668398654)) ;
#4388=CARTESIAN_POINT('Control Point',(24.8189708621,34.9005376798,-25.9820529572)) ;
#4389=CARTESIAN_POINT('Control Point',(22.4651719254,35.9231792428,-28.2943232351)) ;
#4390=CARTESIAN_POINT('Control Point',(22.4935589184,36.0057710566,-27.823854755)) ;
#4391=CARTESIAN_POINT('Control Point',(22.4965992329,36.0020397084,-27.3165564731)) ;
#4392=CARTESIAN_POINT('Control Point',(22.4665677488,35.8868881933,-26.8052503805)) ;
#4393=CARTESIAN_POINT('Control Point',(22.4069000794,35.6734898886,-26.3484300896)) ;
#4394=CARTESIAN_POINT('Control Point',(22.3283053661,35.3983836136,-25.9640785697)) ;
#4395=CARTESIAN_POINT('Control Point',(19.9593287041,36.4272458526,-28.2755204684)) ;
#4396=CARTESIAN_POINT('Control Point',(19.9844421927,36.5098534541,-27.8049204789)) ;
#4397=CARTESIAN_POINT('Control Point',(19.9870717647,36.5055132821,-27.2976274196)) ;
#4398=CARTESIAN_POINT('Control Point',(19.9603706021,36.3889968175,-26.786503092)) ;
#4399=CARTESIAN_POINT('Control Point',(19.907393328,36.1736335868,-26.3300203138)) ;
#4400=CARTESIAN_POINT('Control Point',(19.8376398702,35.8962295475,-25.9461041822)) ;
#4401=CARTESIAN_POINT('Control Point',(17.4534854828,36.9313124625,-28.2567177018)) ;
#4402=CARTESIAN_POINT('Control Point',(17.475325467,37.0139358515,-27.7859862028)) ;
#4403=CARTESIAN_POINT('Control Point',(17.4775442964,37.0089868559,-27.2786983662)) ;
#4404=CARTESIAN_POINT('Control Point',(17.4541734554,36.8911054417,-26.7677558036)) ;
#4405=CARTESIAN_POINT('Control Point',(17.4078865767,36.6737772849,-26.311610538)) ;
#4406=CARTESIAN_POINT('Control Point',(17.3469743742,36.3940754813,-25.9281297947)) ;
#4407=CARTESIAN_POINT('Control Point',(9.93275661532,38.4441558326,-28.2002853964)) ;
#4408=CARTESIAN_POINT('Control Point',(9.94474941354,38.5268311235,-27.7291590315)) ;
#4409=CARTESIAN_POINT('Control Point',(9.94571473385,38.5200590375,-27.2218867128)) ;
#4410=CARTESIAN_POINT('Control Point',(9.93232240083,38.3980843676,-26.7114895551)) ;
#4411=CARTESIAN_POINT('Control Point',(9.90610450219,38.1748610598,-26.2563571862)) ;
#4412=CARTESIAN_POINT('Control Point',(9.87172191699,37.8882641013,-25.8741831348)) ;
#4413=CARTESIAN_POINT('Control Point',(2.26310733536,39.0192260802,-28.1772746492)) ;
#4414=CARTESIAN_POINT('Control Point',(2.26560653463,39.1018299505,-27.7059945984)) ;
#4415=CARTESIAN_POINT('Control Point',(2.26586530398,39.0942702531,-27.1987350719)) ;
#4416=CARTESIAN_POINT('Control Point',(2.26320166608,38.9706486914,-26.6885651037)) ;
#4417=CARTESIAN_POINT('Control Point',(2.25792034204,38.7451076162,-26.2338483308)) ;
#4418=CARTESIAN_POINT('Control Point',(2.25096797651,38.4558287451,-25.8522077891)) ;
#4419=CARTESIAN_POINT('Control Point',(-2.87003258225,38.9792704556,-28.1772745443)) ;
#4420=CARTESIAN_POINT('Control Point',(-2.87381094962,39.0618256449,-27.7059944769)) ;
#4421=CARTESIAN_POINT('Control Point',(-2.87394561955,39.0542630808,-27.1987349296)) ;
#4422=CARTESIAN_POINT('Control Point',(-2.86935209927,38.9306982039,-26.6885649369)) ;
#4423=CARTESIAN_POINT('Control Point',(-2.86055588914,38.7052668801,-26.2338481391)) ;
#4424=CARTESIAN_POINT('Control Point',(-2.84909790836,38.4161314577,-25.8522075738)) ;
#4425=CARTESIAN_POINT('Control Point',(-7.97681169316,38.5163433797,-28.1926155623)) ;
#4426=CARTESIAN_POINT('Control Point',(-7.98692028564,38.598847993,-27.7214379302)) ;
#4427=CARTESIAN_POINT('Control Point',(-7.98753504041,38.5918034656,-27.2141698275)) ;
#4428=CARTESIAN_POINT('Control Point',(-7.97580754404,38.4694480771,-26.7038483438)) ;
#4429=CARTESIAN_POINT('Control Point',(-7.95307942622,38.2457793276,-26.2488544502)) ;
#4430=CARTESIAN_POINT('Control Point',(-7.9233643808,37.9587165477,-25.8668581819)) ;
#4431=CARTESIAN_POINT('Control Point',(-13.0105740411,37.6377212649,-28.222812795)) ;
#4432=CARTESIAN_POINT('Control Point',(-13.0271681823,37.7201180086,-27.7518448228)) ;
#4433=CARTESIAN_POINT('Control Point',(-13.0285126501,37.7140478176,-27.2445669969)) ;
#4434=CARTESIAN_POINT('Control Point',(-13.0100013917,37.5939837633,-26.7339526454)) ;
#4435=CARTESIAN_POINT('Control Point',(-12.9737521014,37.3736612163,-26.2784162432)) ;
#4436=CARTESIAN_POINT('Control Point',(-12.9262101682,37.0905370412,-25.8957206873)) ;
#4438=CARTESIAN_POINT('Control Point',(-3.37227701232,38.142404688,-25.8616398217)) ;
#4439=CARTESIAN_POINT('Control Point',(-5.29365806595,38.0510368204,-25.8643084904)) ;
#4440=CARTESIAN_POINT('Control Point',(-7.21221425313,37.8999919094,-25.8690611894)) ;
#4441=CARTESIAN_POINT('Control Point',(-9.12547589222,37.6893762312,-25.8758921691)) ;
#4442=CARTESIAN_POINT('Control Point',(-11.0309679753,37.4194319346,-25.8847866229)) ;
#4443=CARTESIAN_POINT('Control Point',(-12.9262101682,37.0905370412,-25.8957206873)) ;
#4446=CARTESIAN_POINT('Control Point',(12.8268974517,37.2102000008,-25.8985285278)) ;
#4447=CARTESIAN_POINT('Control Point',(12.7310231935,37.2258876344,-25.8979567394)) ;
#4448=CARTESIAN_POINT('Control Point',(12.6351277102,37.241441205,-25.8973895766)) ;
#4449=CARTESIAN_POINT('Control Point',(12.539210216,37.256855367,-25.8968272238)) ;
#4450=CARTESIAN_POINT('Control Point',(10.5435608,37.5744690587,-25.8852337952)) ;
#4451=CARTESIAN_POINT('Control Point',(8.53766946955,37.8268572747,-25.8758908417)) ;
#4452=CARTESIAN_POINT('Control Point',(6.62138227801,38.0076678559,-25.8690602945)) ;
#4453=CARTESIAN_POINT('Control Point',(4.70072412616,38.128830867,-25.8643078883)) ;
#4454=CARTESIAN_POINT('Control Point',(2.77815793883,38.1902787526,-25.8616394606)) ;
#4455=CARTESIAN_POINT('Vertex',(12.8271866156,37.210187583,-25.8985762236)) ;
#4459=CARTESIAN_POINT('Control Point',(12.8268967047,37.2102113394,-25.8985432761)) ;
#4460=CARTESIAN_POINT('Control Point',(12.820128685,37.3129439407,-26.0321700862)) ;
#4461=CARTESIAN_POINT('Control Point',(12.8120900166,37.4061897042,-26.1764100687)) ;
#4462=CARTESIAN_POINT('Control Point',(12.8027019924,37.4870095521,-26.328893186)) ;
#4463=CARTESIAN_POINT('Vertex',(12.8027019717,37.4870094273,-26.3288932509)) ;
#4467=CARTESIAN_POINT('Control Point',(12.8027020134,37.4870092887,-26.3288926861)) ;
#4468=CARTESIAN_POINT('Control Point',(12.7863289694,37.6279622144,-26.5948289994)) ;
#4469=CARTESIAN_POINT('Control Point',(12.7272258639,37.752035689,-26.8965377452)) ;
#4470=CARTESIAN_POINT('Control Point',(12.6304394276,37.8364560249,-27.2175603273)) ;
#4471=CARTESIAN_POINT('Control Point',(12.5028646215,37.8845815105,-27.5715453236)) ;
#4472=CARTESIAN_POINT('Control Point',(12.364290802,37.8846148678,-27.9131799634)) ;
#4473=CARTESIAN_POINT('Control Point',(12.3482141281,37.8839788824,-27.9524264624)) ;
#4474=CARTESIAN_POINT('Control Point',(12.3158370688,37.8814598286,-28.0304759502)) ;
#4475=CARTESIAN_POINT('Control Point',(12.283094969,37.8764963913,-28.1075545515)) ;
#4476=CARTESIAN_POINT('Control Point',(12.2685371664,37.8730963155,-28.1459547736)) ;
#4477=CARTESIAN_POINT('Control Point',(12.2510720732,37.8696230807,-28.1837429914)) ;
#4478=CARTESIAN_POINT('Control Point',(12.233646115,37.8654774799,-28.2216829701)) ;
#4491=CARTESIAN_POINT('Control Point',(12.8027020134,37.4870092887,-26.3288926861)) ;
#4492=CARTESIAN_POINT('Control Point',(13.0927992399,37.4646240361,-26.3785687691)) ;
#4493=CARTESIAN_POINT('Control Point',(13.3670105279,37.3466405162,-26.4779362769)) ;
#4494=CARTESIAN_POINT('Control Point',(13.5717108451,37.1362009998,-26.6183514632)) ;
#4495=CARTESIAN_POINT('Control Point',(13.66441052,36.8769864448,-26.7706683295)) ;
#4496=CARTESIAN_POINT('Control Point',(13.6490513031,36.6169308363,-26.9094501313)) ;
#4497=CARTESIAN_POINT('Control Point',(12.783454933,37.6548130301,-26.6451594896)) ;
#4498=CARTESIAN_POINT('Control Point',(13.0170558287,37.6544413346,-26.7325797372)) ;
#4499=CARTESIAN_POINT('Control Point',(13.239365392,37.5853938006,-26.841025851)) ;
#4500=CARTESIAN_POINT('Control Point',(13.4264835789,37.4462237796,-26.9573310525)) ;
#4501=CARTESIAN_POINT('Control Point',(13.5556683606,37.2490439793,-27.0684281967)) ;
#4502=CARTESIAN_POINT('Control Point',(13.6144541209,37.019459938,-27.1655715777)) ;
#4503=CARTESIAN_POINT('Control Point',(12.7006513963,37.8103356657,-27.0359275583)) ;
#4504=CARTESIAN_POINT('Control Point',(12.8593758974,37.8011931865,-27.1264996995)) ;
#4505=CARTESIAN_POINT('Control Point',(13.0125483366,37.7571879407,-27.2167984471)) ;
#4506=CARTESIAN_POINT('Control Point',(13.1579688335,37.6808173483,-27.3036707631)) ;
#4507=CARTESIAN_POINT('Control Point',(13.2930181978,37.5712021956,-27.3854307915)) ;
#4508=CARTESIAN_POINT('Control Point',(13.4092495113,37.4264032236,-27.4591850724)) ;
#4509=CARTESIAN_POINT('Control Point',(12.5561157492,37.8934738353,-27.4493739146)) ;
#4510=CARTESIAN_POINT('Control Point',(12.657362435,37.8751916233,-27.5110420528)) ;
#4511=CARTESIAN_POINT('Control Point',(12.7570838059,37.8470043387,-27.5711651443)) ;
#4512=CARTESIAN_POINT('Control Point',(12.8543693687,37.8084348126,-27.63015696)) ;
#4513=CARTESIAN_POINT('Control Point',(12.9485951303,37.7604600515,-27.6876288189)) ;
#4514=CARTESIAN_POINT('Control Point',(13.0418130255,37.7040462458,-27.7436151568)) ;
#4515=CARTESIAN_POINT('Control Point',(12.3953429126,37.9073051,-27.8519215157)) ;
#4516=CARTESIAN_POINT('Control Point',(12.4434588361,37.8947132138,-27.8814344603)) ;
#4517=CARTESIAN_POINT('Control Point',(12.49156188,37.8820533665,-27.9108806688)) ;
#4518=CARTESIAN_POINT('Control Point',(12.5398726497,37.8694230696,-27.940142924)) ;
#4519=CARTESIAN_POINT('Control Point',(12.5885296552,37.8565773802,-27.9693140744)) ;
#4520=CARTESIAN_POINT('Control Point',(12.6370231506,37.8433305267,-27.9984002736)) ;
#4521=CARTESIAN_POINT('Control Point',(12.2336464098,37.8654793828,-28.2216833134)) ;
#4522=CARTESIAN_POINT('Control Point',(12.2336464098,37.8654793828,-28.2216833134)) ;
#4523=CARTESIAN_POINT('Control Point',(12.2336464098,37.8654793828,-28.2216833134)) ;
#4524=CARTESIAN_POINT('Control Point',(12.2336464098,37.8654793828,-28.2216833134)) ;
#4525=CARTESIAN_POINT('Control Point',(12.2336464098,37.8654793828,-28.2216833134)) ;
#4526=CARTESIAN_POINT('Control Point',(12.2336464098,37.8654793828,-28.2216833134)) ;
#4528=CARTESIAN_POINT('Control Point',(12.8027020134,37.4870092887,-26.3288926861)) ;
#4529=CARTESIAN_POINT('Control Point',(13.0927992399,37.4646240361,-26.3785687691)) ;
#4530=CARTESIAN_POINT('Control Point',(13.3670105279,37.3466405162,-26.4779362769)) ;
#4531=CARTESIAN_POINT('Control Point',(13.5717108451,37.1362009998,-26.6183514632)) ;
#4532=CARTESIAN_POINT('Control Point',(13.66441052,36.8769864448,-26.7706683295)) ;
#4533=CARTESIAN_POINT('Control Point',(13.6490513031,36.6169308363,-26.9094501313)) ;
#4534=CARTESIAN_POINT('Vertex',(13.6490512425,36.6169308532,-26.9094506147)) ;
#4538=CARTESIAN_POINT('Control Point',(13.6490513031,36.6169308363,-26.9094501313)) ;
#4539=CARTESIAN_POINT('Control Point',(13.6144541209,37.019459938,-27.1655715777)) ;
#4540=CARTESIAN_POINT('Control Point',(13.4092495113,37.4264032236,-27.4591850724)) ;
#4541=CARTESIAN_POINT('Control Point',(13.0418130255,37.7040462458,-27.7436151568)) ;
#4542=CARTESIAN_POINT('Control Point',(12.6370231506,37.8433305267,-27.9984002736)) ;
#4543=CARTESIAN_POINT('Control Point',(12.2336464098,37.8654793828,-28.2216833134)) ;
#4552=CARTESIAN_POINT('Control Point',(-13.4553004657,29.5486386247,-16.1329096933)) ;
#4553=CARTESIAN_POINT('Control Point',(-13.551784585,30.034758569,-16.7950033864)) ;
#4554=CARTESIAN_POINT('Control Point',(-13.6482687044,30.5208785134,-17.4570970796)) ;
#4555=CARTESIAN_POINT('Control Point',(-13.7447528238,31.0069984577,-18.1191907727)) ;
#4556=CARTESIAN_POINT('Control Point',(-14.034205182,32.4653582908,-20.1054718522)) ;
#4557=CARTESIAN_POINT('Control Point',(-14.3236575402,33.9237181238,-22.0917529311)) ;
#4558=CARTESIAN_POINT('Control Point',(-14.5166257789,34.8959580125,-23.4159403168)) ;
#4559=CARTESIAN_POINT('Control Point',(-14.7095940177,35.8681979012,-24.7401277024)) ;
#4560=CARTESIAN_POINT('Control Point',(-14.9025622565,36.8404377898,-26.064315088)) ;
#4561=CARTESIAN_POINT('Control Point',(-13.3768033498,29.5641844475,-16.1330964411)) ;
#4562=CARTESIAN_POINT('Control Point',(-13.4727387373,30.0504233769,-16.7951354916)) ;
#4563=CARTESIAN_POINT('Control Point',(-13.5686741247,30.5366623062,-17.4571745421)) ;
#4564=CARTESIAN_POINT('Control Point',(-13.6646095122,31.0229012356,-18.1192135926)) ;
#4565=CARTESIAN_POINT('Control Point',(-13.9524156746,32.4816180237,-20.1053307441)) ;
#4566=CARTESIAN_POINT('Control Point',(-14.240221837,33.9403348117,-22.0914478957)) ;
#4567=CARTESIAN_POINT('Control Point',(-14.4320926119,34.9128126704,-23.4155259968)) ;
#4568=CARTESIAN_POINT('Control Point',(-14.6239633869,35.8852905291,-24.7396040979)) ;
#4569=CARTESIAN_POINT('Control Point',(-14.8158341618,36.8577683877,-26.063682199)) ;
#4570=CARTESIAN_POINT('Control Point',(-13.2982830081,29.579619583,-16.1332818117)) ;
#4571=CARTESIAN_POINT('Control Point',(-13.3936694676,30.0659766435,-16.7952666225)) ;
#4572=CARTESIAN_POINT('Control Point',(-13.4890559271,30.5523337039,-17.4572514332)) ;
#4573=CARTESIAN_POINT('Control Point',(-13.5844423866,31.0386907643,-18.119236244)) ;
#4574=CARTESIAN_POINT('Control Point',(-13.8706017651,32.4977619455,-20.1051906762)) ;
#4575=CARTESIAN_POINT('Control Point',(-14.1567611436,33.9568331267,-22.0911451089)) ;
#4576=CARTESIAN_POINT('Control Point',(-14.3475340627,34.9295472474,-23.4151147308)) ;
#4577=CARTESIAN_POINT('Control Point',(-14.5383069817,35.9022613682,-24.7390843529)) ;
#4578=CARTESIAN_POINT('Control Point',(-14.7290799007,36.8749754889,-26.0630539749)) ;
#4579=CARTESIAN_POINT('Control Point',(-13.2197396563,29.5949439734,-16.1334658042)) ;
#4580=CARTESIAN_POINT('Control Point',(-13.3145769938,30.0814183106,-16.7953967784)) ;
#4581=CARTESIAN_POINT('Control Point',(-13.4094143312,30.5678926477,-17.4573277526)) ;
#4582=CARTESIAN_POINT('Control Point',(-13.5042516687,31.0543669849,-18.1192587268)) ;
#4583=CARTESIAN_POINT('Control Point',(-13.788763681,32.5137899963,-20.1050516493)) ;
#4584=CARTESIAN_POINT('Control Point',(-14.0732756934,33.9732130078,-22.0908445725)) ;
#4585=CARTESIAN_POINT('Control Point',(-14.2629503683,34.9461616821,-23.4147065214)) ;
#4586=CARTESIAN_POINT('Control Point',(-14.4526250432,35.9191103563,-24.7385684705)) ;
#4587=CARTESIAN_POINT('Control Point',(-14.6422997181,36.8920590306,-26.0624304196)) ;
#4588=CARTESIAN_POINT('Control Point',(-11.8700082395,29.8563066324,-16.1366030221)) ;
#4589=CARTESIAN_POINT('Control Point',(-11.9554086031,30.3447810499,-16.7976160398)) ;
#4590=CARTESIAN_POINT('Control Point',(-12.0408089667,30.8332554674,-17.4586290575)) ;
#4591=CARTESIAN_POINT('Control Point',(-12.1262093304,31.3217298849,-18.1196420752)) ;
#4592=CARTESIAN_POINT('Control Point',(-12.3824104212,32.7871531373,-20.1026811282)) ;
#4593=CARTESIAN_POINT('Control Point',(-12.6386115121,34.2525763898,-22.0857201815)) ;
#4594=CARTESIAN_POINT('Control Point',(-12.8094122393,35.2295252248,-23.4077462172)) ;
#4595=CARTESIAN_POINT('Control Point',(-12.9802129665,36.2064740597,-24.7297722528)) ;
#4596=CARTESIAN_POINT('Control Point',(-13.1510136938,37.1834228947,-26.0517982885)) ;
#4597=CARTESIAN_POINT('Control Point',(-10.5136131196,30.0849501291,-16.1393329947)) ;
#4598=CARTESIAN_POINT('Control Point',(-10.5895203646,30.5751722987,-16.7995472168)) ;
#4599=CARTESIAN_POINT('Control Point',(-10.6654276097,31.0653944684,-17.4597614389)) ;
#4600=CARTESIAN_POINT('Control Point',(-10.7413348547,31.5556166381,-18.119975661)) ;
#4601=CARTESIAN_POINT('Control Point',(-10.9690565899,33.026283147,-20.1006183272)) ;
#4602=CARTESIAN_POINT('Control Point',(-11.196778325,34.496949656,-22.0812609936)) ;
#4603=CARTESIAN_POINT('Control Point',(-11.3485928151,35.4773939954,-23.401689438)) ;
#4604=CARTESIAN_POINT('Control Point',(-11.5004073052,36.4578383347,-24.7221178823)) ;
#4605=CARTESIAN_POINT('Control Point',(-11.6522217953,37.438282674,-26.0425463267)) ;
#4606=CARTESIAN_POINT('Control Point',(-9.23120459294,30.2711107475,-16.1415400913)) ;
#4607=CARTESIAN_POINT('Control Point',(-9.29812957781,30.7627543285,-16.8011085124)) ;
#4608=CARTESIAN_POINT('Control Point',(-9.36505456267,31.2543979096,-17.4606769335)) ;
#4609=CARTESIAN_POINT('Control Point',(-9.43197954754,31.7460414907,-18.1202453547)) ;
#4610=CARTESIAN_POINT('Control Point',(-9.63275450213,33.2209722339,-20.0989506181)) ;
#4611=CARTESIAN_POINT('Control Point',(-9.83352945668,34.6959029771,-22.0776558817)) ;
#4612=CARTESIAN_POINT('Control Point',(-9.96737942638,35.6791901393,-23.3967927242)) ;
#4613=CARTESIAN_POINT('Control Point',(-10.1012293961,36.6624773014,-24.7159295667)) ;
#4614=CARTESIAN_POINT('Control Point',(-10.2350793658,37.6457644635,-26.0350664093)) ;
#4615=CARTESIAN_POINT('Control Point',(-6.65833880651,30.5847785408,-16.1452208422)) ;
#4616=CARTESIAN_POINT('Control Point',(-6.70723197268,31.0788141348,-16.8037122681)) ;
#4617=CARTESIAN_POINT('Control Point',(-6.75612513885,31.5728497288,-17.462203694)) ;
#4618=CARTESIAN_POINT('Control Point',(-6.80501830502,32.0668853228,-18.1206951199)) ;
#4619=CARTESIAN_POINT('Control Point',(-6.95169780352,33.5489921047,-20.0961693976)) ;
#4620=CARTESIAN_POINT('Control Point',(-7.09837730202,35.0310988867,-22.0716436758)) ;
#4621=CARTESIAN_POINT('Control Point',(-7.19616363436,36.0191700746,-23.3886265281)) ;
#4622=CARTESIAN_POINT('Control Point',(-7.29394996669,37.0072412626,-24.7056093804)) ;
#4623=CARTESIAN_POINT('Control Point',(-7.39173629903,37.9953124505,-26.0225922326)) ;
#4624=CARTESIAN_POINT('Control Point',(-4.07314784084,30.7805278873,-16.1474236962)) ;
#4625=CARTESIAN_POINT('Control Point',(-4.10390689086,31.2760506799,-16.8052705624)) ;
#4626=CARTESIAN_POINT('Control Point',(-4.13466594088,31.7715734725,-17.4631174286)) ;
#4627=CARTESIAN_POINT('Control Point',(-4.1654249909,32.2670962651,-18.1209642949)) ;
#4628=CARTESIAN_POINT('Control Point',(-4.25770214096,33.7536646428,-20.0945048936)) ;
#4629=CARTESIAN_POINT('Control Point',(-4.34997929105,35.2402330206,-22.0680454927)) ;
#4630=CARTESIAN_POINT('Control Point',(-4.41149739112,36.2312786057,-23.3837392254)) ;
#4631=CARTESIAN_POINT('Control Point',(-4.47301549118,37.2223241909,-24.6994329582)) ;
#4632=CARTESIAN_POINT('Control Point',(-4.53453359122,38.213369776,-26.0151266908)) ;
#4633=CARTESIAN_POINT('Control Point',(-2.77842917565,30.8488669812,-16.148154749)) ;
#4634=CARTESIAN_POINT('Control Point',(-2.80010359493,31.3449068758,-16.8057877077)) ;
#4635=CARTESIAN_POINT('Control Point',(-2.82177801421,31.8409467704,-17.4634206663)) ;
#4636=CARTESIAN_POINT('Control Point',(-2.84345243349,32.336986665,-18.1210536249)) ;
#4637=CARTESIAN_POINT('Control Point',(-2.90847569134,33.8251063489,-20.0939525007)) ;
#4638=CARTESIAN_POINT('Control Point',(-2.97349894922,35.3132260327,-22.0668513768)) ;
#4639=CARTESIAN_POINT('Control Point',(-3.01684778782,36.3053058219,-23.3821172943)) ;
#4640=CARTESIAN_POINT('Control Point',(-3.06019662641,37.2973856111,-24.6973832116)) ;
#4641=CARTESIAN_POINT('Control Point',(-3.10354546498,38.2894654003,-26.0126491288)) ;
#4642=CARTESIAN_POINT('Control Point',(-0.18666170548,30.926362075,-16.1488743069)) ;
#4643=CARTESIAN_POINT('Control Point',(-0.190147721345,31.4229825917,-16.8062967213)) ;
#4644=CARTESIAN_POINT('Control Point',(-0.19363373721,31.9196031084,-17.4637191357)) ;
#4645=CARTESIAN_POINT('Control Point',(-0.197119753075,32.4162236252,-18.1211415502)) ;
#4646=CARTESIAN_POINT('Control Point',(-0.207577800669,33.9060851754,-20.0934087935)) ;
#4647=CARTESIAN_POINT('Control Point',(-0.218035848325,35.3959467256,-22.0656760368)) ;
#4648=CARTESIAN_POINT('Control Point',(-0.225007880105,36.3891877591,-23.3805208657)) ;
#4649=CARTESIAN_POINT('Control Point',(-0.231979911879,37.3824287925,-24.6953656945)) ;
#4650=CARTESIAN_POINT('Control Point',(-0.238951943628,38.375669826,-26.010210523)) ;
#4651=CARTESIAN_POINT('Control Point',(2.40593359441,30.8852671103,-16.1481051694)) ;
#4652=CARTESIAN_POINT('Control Point',(2.42064225905,31.3815599105,-16.805752635)) ;
#4653=CARTESIAN_POINT('Control Point',(2.43535092369,31.8778527107,-17.4634001007)) ;
#4654=CARTESIAN_POINT('Control Point',(2.45005958832,32.3741455109,-18.1210475664)) ;
#4655=CARTESIAN_POINT('Control Point',(2.49418558224,33.8630239116,-20.0939899634)) ;
#4656=CARTESIAN_POINT('Control Point',(2.53831157609,35.3519023122,-22.0669323605)) ;
#4657=CARTESIAN_POINT('Control Point',(2.5677289053,36.3444879127,-23.3822272918)) ;
#4658=CARTESIAN_POINT('Control Point',(2.59714623452,37.3370735131,-24.6975222232)) ;
#4659=CARTESIAN_POINT('Control Point',(2.62656356376,38.3296591135,-26.0128171544)) ;
#4660=CARTESIAN_POINT('Control Point',(3.70147907937,30.8351148234,-16.1473493576)) ;
#4661=CARTESIAN_POINT('Control Point',(3.72527864494,31.3310168579,-16.8052179754)) ;
#4662=CARTESIAN_POINT('Control Point',(3.74907821051,31.8269188924,-17.4630865932)) ;
#4663=CARTESIAN_POINT('Control Point',(3.77287777608,32.3228209269,-18.120955211)) ;
#4664=CARTESIAN_POINT('Control Point',(3.84427647279,33.8105270304,-20.0945610643)) ;
#4665=CARTESIAN_POINT('Control Point',(3.91567516943,35.2982331339,-22.0681669177)) ;
#4666=CARTESIAN_POINT('Control Point',(3.9632743005,36.2900372029,-23.3839041532)) ;
#4667=CARTESIAN_POINT('Control Point',(4.01087343158,37.2818412719,-24.6996413889)) ;
#4668=CARTESIAN_POINT('Control Point',(4.05847256267,38.273645341,-26.0153786245)) ;
#4669=CARTESIAN_POINT('Control Point',(6.28914747444,30.6756860602,-16.1450971099)) ;
#4670=CARTESIAN_POINT('Control Point',(6.33109994605,31.1703531028,-16.8036247401)) ;
#4671=CARTESIAN_POINT('Control Point',(6.37305241765,31.6650201455,-17.4621523703)) ;
#4672=CARTESIAN_POINT('Control Point',(6.41500488926,32.1596871881,-18.1206800005)) ;
#4673=CARTESIAN_POINT('Control Point',(6.54086230408,33.643688316,-20.096262891)) ;
#4674=CARTESIAN_POINT('Control Point',(6.66671971884,35.1276894439,-22.0718457817)) ;
#4675=CARTESIAN_POINT('Control Point',(6.75062466198,36.1170235292,-23.3889010422)) ;
#4676=CARTESIAN_POINT('Control Point',(6.83452960512,37.1063576144,-24.7059563029)) ;
#4677=CARTESIAN_POINT('Control Point',(6.91843454827,38.0956916997,-26.0230115638)) ;
#4678=CARTESIAN_POINT('Control Point',(8.86613423017,30.3981797586,-16.1413673371)) ;
#4679=CARTESIAN_POINT('Control Point',(8.92614978179,30.8907055973,-16.8009863066)) ;
#4680=CARTESIAN_POINT('Control Point',(8.98616533342,31.383231436,-17.4606052761)) ;
#4681=CARTESIAN_POINT('Control Point',(9.04618088505,31.8757572747,-18.1202242456)) ;
#4682=CARTESIAN_POINT('Control Point',(9.22622753993,33.3533347908,-20.099081154)) ;
#4683=CARTESIAN_POINT('Control Point',(9.40627419475,34.8309123069,-22.0779380629)) ;
#4684=CARTESIAN_POINT('Control Point',(9.52630529793,35.8159639843,-23.3971760023)) ;
#4685=CARTESIAN_POINT('Control Point',(9.64633640111,36.8010156618,-24.7164139418)) ;
#4686=CARTESIAN_POINT('Control Point',(9.76636750429,37.7860673392,-26.0356518814)) ;
#4687=CARTESIAN_POINT('Control Point',(10.1510126324,30.2300469482,-16.1391358525)) ;
#4688=CARTESIAN_POINT('Control Point',(10.2200291824,30.7212763134,-16.799407759)) ;
#4689=CARTESIAN_POINT('Control Point',(10.2890457324,31.2125056786,-17.4596796655)) ;
#4690=CARTESIAN_POINT('Control Point',(10.3580622824,31.7037350438,-18.119951572)) ;
#4691=CARTESIAN_POINT('Control Point',(10.5651119323,33.1774231393,-20.1007672914)) ;
#4692=CARTESIAN_POINT('Control Point',(10.7721615822,34.6511112349,-22.0815830112)) ;
#4693=CARTESIAN_POINT('Control Point',(10.9101946821,35.6335699653,-23.4021268246)) ;
#4694=CARTESIAN_POINT('Control Point',(11.048227782,36.6160286957,-24.722670638)) ;
#4695=CARTESIAN_POINT('Control Point',(11.1862608819,37.5984874262,-26.0432144516)) ;
#4696=CARTESIAN_POINT('Control Point',(11.4891766728,30.0237568454,-16.1364232963)) ;
#4697=CARTESIAN_POINT('Control Point',(11.5675605169,30.5133957977,-16.7974889022)) ;
#4698=CARTESIAN_POINT('Control Point',(11.6459443611,31.0030347501,-17.4585545081)) ;
#4699=CARTESIAN_POINT('Control Point',(11.7243282052,31.4926737025,-18.119620114)) ;
#4700=CARTESIAN_POINT('Control Point',(11.9594797375,32.9615905596,-20.1028169316)) ;
#4701=CARTESIAN_POINT('Control Point',(12.1946312698,34.4305074167,-22.0860137494)) ;
#4702=CARTESIAN_POINT('Control Point',(12.351398958,35.4097853215,-23.4081449613)) ;
#4703=CARTESIAN_POINT('Control Point',(12.5081666461,36.3890632263,-24.7302761732)) ;
#4704=CARTESIAN_POINT('Control Point',(12.6649343343,37.3683411311,-26.0524073852)) ;
#4705=CARTESIAN_POINT('Control Point',(12.8213280164,29.7856776204,-16.1333163479)) ;
#4706=CARTESIAN_POINT('Control Point',(12.9090281264,30.2734809063,-16.795291053)) ;
#4707=CARTESIAN_POINT('Control Point',(12.9967282365,30.7612841922,-17.457265758)) ;
#4708=CARTESIAN_POINT('Control Point',(13.0844283465,31.2490874781,-18.1192404631)) ;
#4709=CARTESIAN_POINT('Control Point',(13.3475286766,32.7124973358,-20.1051645783)) ;
#4710=CARTESIAN_POINT('Control Point',(13.6106290066,34.1759071936,-22.0910886929)) ;
#4711=CARTESIAN_POINT('Control Point',(13.7860292266,35.1515137654,-23.4150381024)) ;
#4712=CARTESIAN_POINT('Control Point',(13.9614294466,36.1271203373,-24.7389875118)) ;
#4713=CARTESIAN_POINT('Control Point',(14.1368296666,37.1027269091,-26.0629369213)) ;
#4714=CARTESIAN_POINT('Control Point',(12.8789019636,29.7753267255,-16.1331813065)) ;
#4715=CARTESIAN_POINT('Control Point',(12.9670046943,30.2630502024,-16.795195525)) ;
#4716=CARTESIAN_POINT('Control Point',(13.055107425,30.7507736793,-17.4572097434)) ;
#4717=CARTESIAN_POINT('Control Point',(13.1432101557,31.2384971562,-18.1192239618)) ;
#4718=CARTESIAN_POINT('Control Point',(13.4075183477,32.7016675869,-20.1052666172)) ;
#4719=CARTESIAN_POINT('Control Point',(13.6718265397,34.1648380176,-22.0913092719)) ;
#4720=CARTESIAN_POINT('Control Point',(13.8480320009,35.1402849715,-23.4153377081)) ;
#4721=CARTESIAN_POINT('Control Point',(14.0242374622,36.1157319253,-24.7393661443)) ;
#4722=CARTESIAN_POINT('Control Point',(14.2004429235,37.0911788791,-26.0633945805)) ;
#4723=CARTESIAN_POINT('Control Point',(12.9364645063,29.7649164724,-16.1330455292)) ;
#4724=CARTESIAN_POINT('Control Point',(13.0249697607,30.2525596823,-16.7950994763)) ;
#4725=CARTESIAN_POINT('Control Point',(13.1134750152,30.7402028921,-17.4571534235)) ;
#4726=CARTESIAN_POINT('Control Point',(13.2019802696,31.2278461019,-18.1192073707)) ;
#4727=CARTESIAN_POINT('Control Point',(13.467496033,32.6907757315,-20.1053692123)) ;
#4728=CARTESIAN_POINT('Control Point',(13.7330117963,34.1537053611,-22.0915310532)) ;
#4729=CARTESIAN_POINT('Control Point',(13.9100223051,35.1289917808,-23.4156389469)) ;
#4730=CARTESIAN_POINT('Control Point',(14.0870328139,36.1042782006,-24.7397468406)) ;
#4731=CARTESIAN_POINT('Control Point',(14.2640433228,37.0795646203,-26.0638547342)) ;
#4732=CARTESIAN_POINT('Control Point',(12.9940155598,29.7544468824,-16.1329090163)) ;
#4733=CARTESIAN_POINT('Control Point',(13.0829232403,30.2420093673,-16.7950029074)) ;
#4734=CARTESIAN_POINT('Control Point',(13.1718309209,30.7295718522,-17.4570967986)) ;
#4735=CARTESIAN_POINT('Control Point',(13.2607386015,31.2171343371,-18.1191906897)) ;
#4736=CARTESIAN_POINT('Control Point',(13.5274616433,32.6798217918,-20.1054723633)) ;
#4737=CARTESIAN_POINT('Control Point',(13.7941846851,34.1425092465,-22.0917540361)) ;
#4738=CARTESIAN_POINT('Control Point',(13.9720000462,35.1176342162,-23.4159418178)) ;
#4739=CARTESIAN_POINT('Control Point',(14.1498154074,36.092759186,-24.7401295994)) ;
#4740=CARTESIAN_POINT('Control Point',(14.3276307685,37.0678841558,-26.064317381)) ;
#4742=CARTESIAN_POINT('Control Point',(12.9743906811,36.3466178134,-24.7959237373)) ;
#4743=CARTESIAN_POINT('Control Point',(12.9253261196,36.6344954509,-25.1633918553)) ;
#4744=CARTESIAN_POINT('Control Point',(12.8762568055,36.9223250427,-25.5309335317)) ;
#4745=CARTESIAN_POINT('Control Point',(12.8271833148,37.2101040622,-25.89854432)) ;
#4762=CARTESIAN_POINT('Axis2P3D Location',(12.8390577135,35.5579687134,-25.3956883453)) ;
#4768=CARTESIAN_POINT('Control Point',(13.7575521049,35.5651180614,-25.0003189739)) ;
#4769=CARTESIAN_POINT('Control Point',(13.8263476861,35.565653339,-25.160149722)) ;
#4770=CARTESIAN_POINT('Control Point',(13.8534803238,35.5658643165,-25.3426773878)) ;
#4771=CARTESIAN_POINT('Control Point',(13.8312746617,35.5656912856,-25.5199698384)) ;
#4772=CARTESIAN_POINT('Vertex',(13.7575520996,35.5651187353,-25.0003189739)) ;
#4774=CARTESIAN_POINT('Vertex',(13.8312746605,35.565691425,-25.5199698392)) ;
#4778=CARTESIAN_POINT('Control Point',(12.9743908291,36.3466177869,-24.7959237359)) ;
#4779=CARTESIAN_POINT('Control Point',(13.0736130337,36.3421582761,-24.8124486539)) ;
#4780=CARTESIAN_POINT('Control Point',(13.1711509583,36.3277032228,-24.8365792114)) ;
#4781=CARTESIAN_POINT('Control Point',(13.2497648132,36.305208212,-24.8645195787)) ;
#4782=CARTESIAN_POINT('Control Point',(13.3878792697,36.2567698121,-24.9205900271)) ;
#4783=CARTESIAN_POINT('Control Point',(13.5092727834,36.1873428737,-24.9908990105)) ;
#4784=CARTESIAN_POINT('Control Point',(13.5724312534,36.1454802235,-25.0319749403)) ;
#4785=CARTESIAN_POINT('Control Point',(13.7127384128,36.0154519644,-25.1522212435)) ;
#4786=CARTESIAN_POINT('Control Point',(13.7998211578,35.8560168281,-25.2885031153)) ;
#4787=CARTESIAN_POINT('Control Point',(13.8296350898,35.761475888,-25.3664481741)) ;
#4788=CARTESIAN_POINT('Control Point',(13.8399696239,35.6635689381,-25.4444703024)) ;
#4789=CARTESIAN_POINT('Control Point',(13.8312746751,35.5656915865,-25.5199697132)) ;
#4792=CARTESIAN_POINT('Control Point',(12.8390577048,35.557969829,-24.3956883453)) ;
#4793=CARTESIAN_POINT('Control Point',(13.0659727958,35.5597359746,-24.3956883453)) ;
#4794=CARTESIAN_POINT('Control Point',(13.2846907587,35.5614599948,-24.4607195891)) ;
#4795=CARTESIAN_POINT('Control Point',(13.4897064253,35.5630065592,-24.5782395399)) ;
#4796=CARTESIAN_POINT('Control Point',(13.6590744744,35.5643518369,-24.7715287949)) ;
#4797=CARTESIAN_POINT('Control Point',(13.7575521049,35.5651180614,-25.0003189739)) ;
#4806=CARTESIAN_POINT('Axis2P3D Location',(9.00501814205,21.6555309831,-56.8691076616)) ;
#4811=CARTESIAN_POINT('Line Origine',(9.99723508931,21.6632536939,-56.9933891557)) ;
#4825=CARTESIAN_POINT('Control Point',(3.83663796109,22.2935555652,-95.196352079)) ;
#4826=CARTESIAN_POINT('Control Point',(4.73567424896,22.2382886295,-95.251609088)) ;
#4827=CARTESIAN_POINT('Control Point',(5.35824688599,21.7228002381,-94.850299891)) ;
#4828=CARTESIAN_POINT('Control Point',(5.32464736307,21.0614879679,-94.237183906)) ;
#4829=CARTESIAN_POINT('Control Point',(3.8993442185,22.7826723994,-94.665333606)) ;
#4830=CARTESIAN_POINT('Control Point',(4.79838094497,22.7274075849,-94.720588308)) ;
#4831=CARTESIAN_POINT('Control Point',(5.42095598268,22.2119369101,-94.319259676)) ;
#4832=CARTESIAN_POINT('Control Point',(5.38735935827,21.5506471466,-93.706118983)) ;
#4833=CARTESIAN_POINT('Control Point',(4.05904598892,24.0282961,-93.312929074)) ;
#4834=CARTESIAN_POINT('Control Point',(4.95808348049,23.9730348594,-93.368179889)) ;
#4835=CARTESIAN_POINT('Control Point',(5.58066258302,23.4575940325,-92.966818485)) ;
#4836=CARTESIAN_POINT('Control Point',(5.54707084385,22.7963421868,-92.353636121)) ;
#4837=CARTESIAN_POINT('Control Point',(4.22170380417,25.2959353525,-91.935603375)) ;
#4838=CARTESIAN_POINT('Control Point',(5.12073005708,25.240614357,-91.990919145)) ;
#4839=CARTESIAN_POINT('Control Point',(5.74324238871,24.7246743787,-91.590103955)) ;
#4840=CARTESIAN_POINT('Control Point',(5.70956907021,24.0627884186,-90.977615927)) ;
#4841=CARTESIAN_POINT('Control Point',(4.3215056071,26.0741906628,-91.090464695)) ;
#4842=CARTESIAN_POINT('Control Point',(5.22053138596,26.0188669349,-91.145783442)) ;
#4843=CARTESIAN_POINT('Control Point',(5.84304068775,25.5029041309,-90.744993245)) ;
#4844=CARTESIAN_POINT('Control Point',(5.80936363172,24.8409891731,-90.132536984)) ;
#4845=CARTESIAN_POINT('Control Point',(4.32429688623,26.0959574691,-91.066827623)) ;
#4846=CARTESIAN_POINT('Control Point',(5.22332265697,26.0406336928,-91.122146423)) ;
#4847=CARTESIAN_POINT('Control Point',(5.84583190532,25.5246704832,-90.72135667)) ;
#4848=CARTESIAN_POINT('Control Point',(5.8121547828,24.8627550103,-90.108900974)) ;
#4850=CARTESIAN_POINT('Control Point',(4.51045361827,26.0099540266,-91.1403574337)) ;
#4851=CARTESIAN_POINT('Control Point',(5.23113581592,25.8956615031,-91.1204045824)) ;
#4852=CARTESIAN_POINT('Control Point',(5.73360527607,25.477768915,-90.7955881533)) ;
#4853=CARTESIAN_POINT('Control Point',(5.79887754253,24.9389334205,-90.3079581824)) ;
#4854=CARTESIAN_POINT('Vertex',(5.79879331498,24.9382778105,-90.3086713625)) ;
#4858=CARTESIAN_POINT('Control Point',(5.37414238874,21.6272708285,-93.9046677095)) ;
#4859=CARTESIAN_POINT('Control Point',(5.41868788485,21.9747112967,-93.5274435767)) ;
#4860=CARTESIAN_POINT('Control Point',(5.56023298712,23.078617189,-92.3288049732)) ;
#4861=CARTESIAN_POINT('Control Point',(5.7017890616,24.181848022,-91.1301207196)) ;
#4862=CARTESIAN_POINT('Control Point',(5.79879331497,24.9382778102,-90.3086713626)) ;
#4871=CARTESIAN_POINT('Axis2P3D Location',(12.8910492599,28.8780742408,-25.3956883453)) ;
#4876=CARTESIAN_POINT('Line Origine',(13.883266207,28.8857969511,-25.5199698384)) ;
#4890=CARTESIAN_POINT('Control Point',(4.21665696975,25.9591248438,-91.211451068)) ;
#4891=CARTESIAN_POINT('Control Point',(5.15716738046,25.9432477134,-91.307490956)) ;
#4892=CARTESIAN_POINT('Control Point',(5.83015740169,25.4211340897,-90.896997762)) ;
#4893=CARTESIAN_POINT('Control Point',(5.79569430327,24.7340889915,-90.248310371)) ;
#4894=CARTESIAN_POINT('Control Point',(4.21985183311,25.9845015059,-91.184368825)) ;
#4895=CARTESIAN_POINT('Control Point',(5.16035246591,25.9685470306,-91.280490782)) ;
#4896=CARTESIAN_POINT('Control Point',(5.83312238248,25.4446751239,-90.87186356)) ;
#4897=CARTESIAN_POINT('Control Point',(5.79837273487,24.7553401922,-90.22560626)) ;
#4898=CARTESIAN_POINT('Control Point',(4.24024315783,26.1444269646,-91.011635734)) ;
#4899=CARTESIAN_POINT('Control Point',(5.18068109715,26.1279791712,-91.108288083)) ;
#4900=CARTESIAN_POINT('Control Point',(5.85202792289,25.5928925684,-90.711718645)) ;
#4901=CARTESIAN_POINT('Control Point',(5.81542506007,24.8889525951,-90.081164362)) ;
#4902=CARTESIAN_POINT('Control Point',(4.28177929391,26.4456317153,-90.661250865)) ;
#4903=CARTESIAN_POINT('Control Point',(5.22208684927,26.4281995785,-90.75904402)) ;
#4904=CARTESIAN_POINT('Control Point',(5.89036422098,25.8707348504,-90.3883956)) ;
#4905=CARTESIAN_POINT('Control Point',(5.8497593323,25.1376515222,-89.79159801)) ;
#4906=CARTESIAN_POINT('Control Point',(4.3456341805,26.8526002693,-90.126193473)) ;
#4907=CARTESIAN_POINT('Control Point',(5.28574590825,26.8339371489,-90.225610435)) ;
#4908=CARTESIAN_POINT('Control Point',(5.94961533265,26.2484885291,-89.891881866)) ;
#4909=CARTESIAN_POINT('Control Point',(5.90327184652,25.478961436,-89.343165712)) ;
#4910=CARTESIAN_POINT('Control Point',(4.42170038689,27.2674875122,-89.493121073)) ;
#4911=CARTESIAN_POINT('Control Point',(5.36157772761,27.2475403237,-89.594494066)) ;
#4912=CARTESIAN_POINT('Control Point',(6.02010520904,26.6329005844,-89.305230704)) ;
#4913=CARTESIAN_POINT('Control Point',(5.9668042454,25.8253575183,-88.814422084)) ;
#4914=CARTESIAN_POINT('Control Point',(4.51151241711,27.6749816795,-88.750775584)) ;
#4915=CARTESIAN_POINT('Control Point',(5.45111381,27.65378449,-88.854428411)) ;
#4916=CARTESIAN_POINT('Control Point',(6.10337056824,27.0107282087,-88.616993344)) ;
#4917=CARTESIAN_POINT('Control Point',(6.04190326975,26.1661779174,-88.193681387)) ;
#4918=CARTESIAN_POINT('Control Point',(4.61651645382,28.0544819038,-87.888885048)) ;
#4919=CARTESIAN_POINT('Control Point',(5.5557959611,28.0321210255,-87.995177312)) ;
#4920=CARTESIAN_POINT('Control Point',(6.20074254053,27.3626103957,-87.817746077)) ;
#4921=CARTESIAN_POINT('Control Point',(6.12975542494,26.4836082706,-87.472577919)) ;
#4922=CARTESIAN_POINT('Control Point',(4.73747294844,28.3784504429,-86.903061643)) ;
#4923=CARTESIAN_POINT('Control Point',(5.67638040483,28.3550912958,-87.012399918)) ;
#4924=CARTESIAN_POINT('Control Point',(6.31283184823,27.6628865024,-86.904209722)) ;
#4925=CARTESIAN_POINT('Control Point',(6.23077977104,26.7543294651,-86.649214849)) ;
#4926=CARTESIAN_POINT('Control Point',(4.82899957407,28.5382268552,-86.162479393)) ;
#4927=CARTESIAN_POINT('Control Point',(5.76763075423,28.5143949979,-86.274013348)) ;
#4928=CARTESIAN_POINT('Control Point',(6.39790879502,27.8114448097,-86.215751463)) ;
#4929=CARTESIAN_POINT('Control Point',(6.30782173427,26.8888939441,-86.025779458)) ;
#4930=CARTESIAN_POINT('Control Point',(4.87961438789,28.6005254198,-85.754518418)) ;
#4931=CARTESIAN_POINT('Control Point',(5.81809077856,28.5765006563,-85.867300189)) ;
#4932=CARTESIAN_POINT('Control Point',(6.44484982162,27.8691650866,-85.8374052)) ;
#4933=CARTESIAN_POINT('Control Point',(6.35017991925,26.9409030825,-85.684375766)) ;
#4934=CARTESIAN_POINT('Control Point',(4.8841546356,28.6059076017,-85.717936021)) ;
#4935=CARTESIAN_POINT('Control Point',(5.82261712262,28.5818660621,-85.830830042)) ;
#4936=CARTESIAN_POINT('Control Point',(6.44905953058,27.8741491134,-85.80348678)) ;
#4937=CARTESIAN_POINT('Control Point',(6.35397724567,26.9453904342,-85.653780491)) ;
#4939=CARTESIAN_POINT('Control Point',(5.06009323947,28.5721983822,-85.8487208091)) ;
#4940=CARTESIAN_POINT('Control Point',(5.81773562298,28.4559423447,-85.9241189308)) ;
#4941=CARTESIAN_POINT('Control Point',(6.32866185641,27.8803276613,-85.8955854129)) ;
#4942=CARTESIAN_POINT('Control Point',(6.34946961628,27.1196688299,-85.7767286199)) ;
#4943=CARTESIAN_POINT('Vertex',(6.34946961628,27.1196688299,-85.7767286199)) ;
#4947=CARTESIAN_POINT('Control Point',(5.79879331499,24.9382778105,-90.3086713625)) ;
#4948=CARTESIAN_POINT('Control Point',(5.81354968656,25.0524964131,-90.183764598)) ;
#4949=CARTESIAN_POINT('Control Point',(5.84585201094,25.2865063331,-89.9113338134)) ;
#4950=CARTESIAN_POINT('Control Point',(5.90053053139,25.635220969,-89.4531322298)) ;
#4951=CARTESIAN_POINT('Control Point',(5.96547655744,25.9893412179,-88.9126228244)) ;
#4952=CARTESIAN_POINT('Control Point',(6.04223483659,26.337680824,-88.2781680114)) ;
#4953=CARTESIAN_POINT('Control Point',(6.13202125285,26.6621111744,-87.54118712)) ;
#4954=CARTESIAN_POINT('Control Point',(6.23528228204,26.9388065903,-86.6995961535)) ;
#4955=CARTESIAN_POINT('Control Point',(6.31010783513,27.0695026192,-86.0940956267)) ;
#4956=CARTESIAN_POINT('Control Point',(6.34946960395,27.1196692838,-85.7767286901)) ;
#4966=CARTESIAN_POINT('Control Point',(5.05996455226,28.5720316534,-85.8497583258)) ;
#4967=CARTESIAN_POINT('Control Point',(5.25114279812,28.5427013849,-85.8687556634)) ;
#4968=CARTESIAN_POINT('Control Point',(5.44946883978,28.4810202691,-85.8834443083)) ;
#4969=CARTESIAN_POINT('Control Point',(5.64584426422,28.3802136336,-85.8916080865)) ;
#4970=CARTESIAN_POINT('Control Point',(5.99843441203,28.1027873683,-85.8907810139)) ;
#4971=CARTESIAN_POINT('Control Point',(6.23142971872,27.7207406866,-85.8583229195)) ;
#4972=CARTESIAN_POINT('Control Point',(6.30751189504,27.5147024112,-85.8346709153)) ;
#4973=CARTESIAN_POINT('Control Point',(6.34423146498,27.3116562427,-85.8066181805)) ;
#4974=CARTESIAN_POINT('Control Point',(6.34950430719,27.1197134653,-85.7764488871)) ;
#4975=CARTESIAN_POINT('Control Point',(6.51977536367,30.474178854,-74.0769651667)) ;
#4976=CARTESIAN_POINT('Control Point',(6.71095429667,30.4448491304,-74.0959588872)) ;
#4977=CARTESIAN_POINT('Control Point',(6.90928150895,30.3831691307,-74.1106400823)) ;
#4978=CARTESIAN_POINT('Control Point',(7.10565867448,30.2823643003,-74.1187917833)) ;
#4979=CARTESIAN_POINT('Control Point',(7.45825336082,30.0049429753,-74.117931618)) ;
#4980=CARTESIAN_POINT('Control Point',(7.69125457736,29.6229030597,-74.0854281451)) ;
#4981=CARTESIAN_POINT('Control Point',(7.76733987408,29.4168684261,-74.0617517063)) ;
#4982=CARTESIAN_POINT('Control Point',(7.80406246759,29.2138258409,-74.033674921)) ;
#4983=CARTESIAN_POINT('Control Point',(7.80933812837,29.0218864465,-74.0034829149)) ;
#4984=CARTESIAN_POINT('Control Point',(7.97933449581,32.3743772362,-62.306214877)) ;
#4985=CARTESIAN_POINT('Control Point',(8.17052475885,32.3450594944,-62.3251326436)) ;
#4986=CARTESIAN_POINT('Control Point',(8.36887330058,32.2834040615,-62.3396577687)) ;
#4987=CARTESIAN_POINT('Control Point',(8.56528375913,32.1826389857,-62.3475566976)) ;
#4988=CARTESIAN_POINT('Control Point',(8.9179677674,31.9053264859,-62.3460042659)) ;
#4989=CARTESIAN_POINT('Control Point',(9.15108889463,31.523435652,-62.3125520107)) ;
#4990=CARTESIAN_POINT('Control Point',(9.22723825186,31.3174812646,-62.2883647853)) ;
#4991=CARTESIAN_POINT('Control Point',(9.26402350684,31.1145176416,-62.2597853212)) ;
#4992=CARTESIAN_POINT('Control Point',(9.26935804187,30.9226528001,-62.2291186562)) ;
#4993=CARTESIAN_POINT('Control Point',(9.43967430274,34.2722597111,-50.5295948572)) ;
#4994=CARTESIAN_POINT('Control Point',(9.63085072013,34.2429272398,-50.5486059361)) ;
#4995=CARTESIAN_POINT('Control Point',(9.8291731346,34.1812416048,-50.5633228014)) ;
#4996=CARTESIAN_POINT('Control Point',(10.0255427677,34.0804276544,-50.5715322744)) ;
#4997=CARTESIAN_POINT('Control Point',(10.3781171777,33.8029813631,-50.5708303261)) ;
#4998=CARTESIAN_POINT('Control Point',(10.6110910804,33.420907245,-50.5385436872)) ;
#4999=CARTESIAN_POINT('Control Point',(10.6871617661,33.2148542011,-50.5149839799)) ;
#5000=CARTESIAN_POINT('Control Point',(10.7238700526,33.0117935003,-50.4870220692)) ;
#5001=CARTESIAN_POINT('Control Point',(10.7291322594,32.8198370021,-50.4569385303)) ;
#5002=CARTESIAN_POINT('Control Point',(10.899455979,36.1709913667,-38.7572153305)) ;
#5003=CARTESIAN_POINT('Control Point',(11.0906373214,36.1416640951,-38.7761934478)) ;
#5004=CARTESIAN_POINT('Control Point',(11.2889690018,36.0799891228,-38.790842563)) ;
#5005=CARTESIAN_POINT('Control Point',(11.4853530942,35.9791924279,-38.7989422961)) ;
#5006=CARTESIAN_POINT('Control Point',(11.8379662921,35.7017933728,-38.7979397926)) ;
#5007=CARTESIAN_POINT('Control Point',(12.0709922598,35.3197839644,-38.7652412236)) ;
#5008=CARTESIAN_POINT('Control Point',(12.1470907594,35.1137657517,-38.7414597508)) ;
#5009=CARTESIAN_POINT('Control Point',(12.1838262521,34.9107393243,-38.7132795981)) ;
#5010=CARTESIAN_POINT('Control Point',(12.1891140205,34.7188151852,-38.6829899867)) ;
#5011=CARTESIAN_POINT('Control Point',(12.3593966167,38.0691114009,-26.983648397)) ;
#5012=CARTESIAN_POINT('Control Point',(12.5505778883,38.0397840375,-27.0026270782)) ;
#5013=CARTESIAN_POINT('Control Point',(12.7489094238,37.978108876,-27.0172773603)) ;
#5014=CARTESIAN_POINT('Control Point',(12.9452932818,37.8773118743,-27.0253789875)) ;
#5015=CARTESIAN_POINT('Control Point',(13.2979058377,37.5999119791,-27.0243816747)) ;
#5016=CARTESIAN_POINT('Control Point',(13.5309309249,37.2179014197,-26.9916902199)) ;
#5017=CARTESIAN_POINT('Control Point',(13.6070289504,37.0118825874,-26.967912576)) ;
#5018=CARTESIAN_POINT('Control Point',(13.643763976,36.8088555506,-26.9397361892)) ;
#5019=CARTESIAN_POINT('Control Point',(13.6490513031,36.6169308363,-26.9094501313)) ;
#5021=CARTESIAN_POINT('Control Point',(6.34950580146,27.1197154123,-85.7764368364)) ;
#5022=CARTESIAN_POINT('Control Point',(7.80933932394,29.021888003,-74.0034732732)) ;
#5023=CARTESIAN_POINT('Control Point',(9.26935893839,30.9226539653,-62.2291114263)) ;
#5024=CARTESIAN_POINT('Control Point',(10.7291328572,32.8198377796,-50.4569337096)) ;
#5025=CARTESIAN_POINT('Control Point',(12.1891143194,34.7188155738,-38.6829875765)) ;
#5026=CARTESIAN_POINT('Control Point',(13.6490513031,36.6169308363,-26.9094501313)) ;
#5036=CARTESIAN_POINT('Control Point',(12.8268974517,37.2102000008,-25.8985285277)) ;
#5037=CARTESIAN_POINT('Control Point',(13.12413017,37.1974708531,-25.9475278792)) ;
#5038=CARTESIAN_POINT('Control Point',(13.4062852754,37.0950802144,-26.0646964092)) ;
#5039=CARTESIAN_POINT('Control Point',(13.6159672167,36.9044865543,-26.2413543677)) ;
#5040=CARTESIAN_POINT('Control Point',(13.7075768469,36.6671379265,-26.4390842726)) ;
#5041=CARTESIAN_POINT('Control Point',(13.6864331057,36.4289117067,-26.6226910995)) ;
#5042=CARTESIAN_POINT('Control Point',(12.8228297983,37.2719446845,-25.9788403348)) ;
#5043=CARTESIAN_POINT('Control Point',(13.1186004868,37.2573570345,-26.0283062234)) ;
#5044=CARTESIAN_POINT('Control Point',(13.399083124,37.1516304209,-26.1423342788)) ;
#5045=CARTESIAN_POINT('Control Point',(13.6076674252,36.9565578148,-26.312186934)) ;
#5046=CARTESIAN_POINT('Control Point',(13.6994195819,36.7141735012,-26.501286088)) ;
#5047=CARTESIAN_POINT('Control Point',(13.6793809312,36.4709190874,-26.6763827313)) ;
#5048=CARTESIAN_POINT('Control Point',(12.8183927146,37.3308116562,-26.0622544182)) ;
#5049=CARTESIAN_POINT('Control Point',(13.112707089,37.3143039153,-26.1120302101)) ;
#5050=CARTESIAN_POINT('Control Point',(13.391546262,37.2053163012,-26.2226924004)) ;
#5051=CARTESIAN_POINT('Control Point',(13.5990750934,37.005982358,-26.3854780502)) ;
#5052=CARTESIAN_POINT('Control Point',(13.6910075355,36.7588550609,-26.5656683565)) ;
#5053=CARTESIAN_POINT('Control Point',(13.6721065985,36.5108651248,-26.7319760806)) ;
#5054=CARTESIAN_POINT('Control Point',(12.813558952,37.3864563615,-26.1485796048)) ;
#5055=CARTESIAN_POINT('Control Point',(13.106436248,37.3679924903,-26.1984950796)) ;
#5056=CARTESIAN_POINT('Control Point',(13.3836763319,37.2558575217,-26.3055801333)) ;
#5057=CARTESIAN_POINT('Control Point',(13.5902024656,37.0525263751,-26.4610799044)) ;
#5058=CARTESIAN_POINT('Control Point',(13.6823534804,36.8009987786,-26.632140323)) ;
#5059=CARTESIAN_POINT('Control Point',(13.6646154956,36.5486158949,-26.7894364543)) ;
#5060=CARTESIAN_POINT('Control Point',(12.8083256007,37.4385962453,-26.2375522656)) ;
#5061=CARTESIAN_POINT('Control Point',(13.0997948331,37.4181658241,-26.2874338524)) ;
#5062=CARTESIAN_POINT('Control Point',(13.3754901009,37.3030252987,-26.3907483356)) ;
#5063=CARTESIAN_POINT('Control Point',(13.5810722276,37.0959870472,-26.5387812091)) ;
#5064=CARTESIAN_POINT('Control Point',(13.6734793189,36.8404261234,-26.7005383057)) ;
#5065=CARTESIAN_POINT('Control Point',(13.6569234465,36.5840171167,-26.8486471052)) ;
#5066=CARTESIAN_POINT('Control Point',(12.8027019717,37.4870094273,-26.3288932509)) ;
#5067=CARTESIAN_POINT('Control Point',(13.0927991946,37.4646241598,-26.3785693208)) ;
#5068=CARTESIAN_POINT('Control Point',(13.3670104776,37.3466406166,-26.4779368109)) ;
#5069=CARTESIAN_POINT('Control Point',(13.5717107898,37.1362010712,-26.6183519774)) ;
#5070=CARTESIAN_POINT('Control Point',(13.6644104611,36.876986487,-26.7706688263)) ;
#5071=CARTESIAN_POINT('Control Point',(13.6490512424,36.616930853,-26.9094506156)) ;
#5073=CARTESIAN_POINT('Control Point',(12.8271866156,37.210187583,-25.8985762236)) ;
#5074=CARTESIAN_POINT('Control Point',(13.1243497543,37.1973911426,-25.9476190848)) ;
#5075=CARTESIAN_POINT('Control Point',(13.4064076583,37.0949689551,-26.064799531)) ;
#5076=CARTESIAN_POINT('Control Point',(13.6160028622,36.9043941903,-26.2414313136)) ;
#5077=CARTESIAN_POINT('Control Point',(13.7075727329,36.6670915737,-26.4391199978)) ;
#5078=CARTESIAN_POINT('Control Point',(13.6864331057,36.4289117067,-26.6226910995)) ;
#5079=CARTESIAN_POINT('Vertex',(13.6864331057,36.4289117071,-26.6226910994)) ;
#5083=CARTESIAN_POINT('Control Point',(13.6864331057,36.4289117067,-26.6226910995)) ;
#5084=CARTESIAN_POINT('Control Point',(13.6793809312,36.4709190874,-26.6763827313)) ;
#5085=CARTESIAN_POINT('Control Point',(13.6721065985,36.5108651248,-26.7319760806)) ;
#5086=CARTESIAN_POINT('Control Point',(13.6646154956,36.5486158949,-26.7894364543)) ;
#5087=CARTESIAN_POINT('Control Point',(13.6569234465,36.5840171167,-26.8486471052)) ;
#5088=CARTESIAN_POINT('Control Point',(13.6490512424,36.616930853,-26.9094506156)) ;
#5098=CARTESIAN_POINT('Control Point',(12.9743907099,36.3466179813,-24.7959236096)) ;
#5099=CARTESIAN_POINT('Control Point',(13.2709936769,36.3332872446,-24.845321144)) ;
#5100=CARTESIAN_POINT('Control Point',(13.5522716809,36.2306507276,-24.9626353807)) ;
#5101=CARTESIAN_POINT('Control Point',(13.7611553282,36.0402833497,-25.1391369808)) ;
#5102=CARTESIAN_POINT('Control Point',(13.8523937945,35.8034247238,-25.3365900987)) ;
#5103=CARTESIAN_POINT('Control Point',(13.831274675,35.5656915865,-25.5199697132)) ;
#5104=CARTESIAN_POINT('Control Point',(12.944951584,36.5193468417,-25.016407392)) ;
#5105=CARTESIAN_POINT('Control Point',(13.2416676686,36.5061238098,-25.0657336822)) ;
#5106=CARTESIAN_POINT('Control Point',(13.5231029368,36.4035313988,-25.1830222044)) ;
#5107=CARTESIAN_POINT('Control Point',(13.7321295711,36.2131237614,-25.3595524351)) ;
#5108=CARTESIAN_POINT('Control Point',(13.8234344651,35.9761777636,-25.5570558729)) ;
#5109=CARTESIAN_POINT('Control Point',(13.80231084,35.7383567022,-25.7404769224)) ;
#5110=CARTESIAN_POINT('Control Point',(12.9155112278,36.6920601349,-25.2369117734)) ;
#5111=CARTESIAN_POINT('Control Point',(13.2123400639,36.6789446336,-25.2861669419)) ;
#5112=CARTESIAN_POINT('Control Point',(13.4939322006,36.5763963105,-25.403429752)) ;
#5113=CARTESIAN_POINT('Control Point',(13.703101513,36.3859485491,-25.5799885058)) ;
#5114=CARTESIAN_POINT('Control Point',(13.794472692,36.1489153939,-25.7775421149)) ;
#5115=CARTESIAN_POINT('Control Point',(13.7733445757,35.9110066243,-25.9610044706)) ;
#5116=CARTESIAN_POINT('Control Point',(12.8860696957,36.8647576306,-25.4574363407)) ;
#5117=CARTESIAN_POINT('Control Point',(13.1830109175,36.8517494848,-25.5066205109)) ;
#5118=CARTESIAN_POINT('Control Point',(13.4647595268,36.7492452305,-25.6238576121)) ;
#5119=CARTESIAN_POINT('Control Point',(13.6740712074,36.558757481,-25.8004447826)) ;
#5120=CARTESIAN_POINT('Control Point',(13.7655085281,36.3216373837,-25.9980484155)) ;
#5121=CARTESIAN_POINT('Control Point',(13.7443759349,36.0836411225,-26.1815519495)) ;
#5122=CARTESIAN_POINT('Control Point',(12.8566270424,37.0374390939,-25.6779806696)) ;
#5123=CARTESIAN_POINT('Control Point',(13.153680285,37.0245381272,-25.7270939654)) ;
#5124=CARTESIAN_POINT('Control Point',(13.4355849709,36.9220779222,-25.8443053622)) ;
#5125=CARTESIAN_POINT('Control Point',(13.6450387091,36.7315503205,-26.0209208438)) ;
#5126=CARTESIAN_POINT('Control Point',(13.736542028,36.4943434972,-26.2185743538)) ;
#5127=CARTESIAN_POINT('Control Point',(13.7154049722,36.2562599615,-26.4021189392)) ;
#5128=CARTESIAN_POINT('Control Point',(12.8271833191,37.2101043095,-25.8985443569)) ;
#5129=CARTESIAN_POINT('Control Point',(13.1243482186,37.197310345,-25.947586903)) ;
#5130=CARTESIAN_POINT('Control Point',(13.4064085851,37.094894169,-26.0647726004)) ;
#5131=CARTESIAN_POINT('Control Point',(13.6160040703,36.904326851,-26.2414162884)) ;
#5132=CARTESIAN_POINT('Control Point',(13.7075732436,36.6670335181,-26.4391195299)) ;
#5133=CARTESIAN_POINT('Control Point',(13.6864317391,36.4288629256,-26.6227050409)) ;
#5135=CARTESIAN_POINT('Control Point',(13.831274675,35.5656915865,-25.5199697132)) ;
#5136=CARTESIAN_POINT('Control Point',(13.80231084,35.7383567022,-25.7404769224)) ;
#5137=CARTESIAN_POINT('Control Point',(13.7733445757,35.9110066243,-25.9610044706)) ;
#5138=CARTESIAN_POINT('Control Point',(13.7443759349,36.0836411225,-26.1815519495)) ;
#5139=CARTESIAN_POINT('Control Point',(13.7154049722,36.2562599615,-26.4021189392)) ;
#5140=CARTESIAN_POINT('Control Point',(13.6864317391,36.4288629256,-26.6227050409)) ;
#5149=CARTESIAN_POINT('Axis2P3D Location',(4.29522455615,38.0379669446,-101.498602041)) ;
#5163=CARTESIAN_POINT('Line Origine',(9.11206133758,22.9564035073,-63.979930383)) ;
#5167=CARTESIAN_POINT('Vertex',(11.729415831,22.9767751327,-43.0826853906)) ;
#5169=CARTESIAN_POINT('Vertex',(6.49470684415,22.9360318819,-84.8771753754)) ;
#5173=CARTESIAN_POINT('Control Point',(11.9408541443,24.7784753397,-41.2826853914)) ;
#5174=CARTESIAN_POINT('Control Point',(11.9418652003,24.6485744627,-41.2826853914)) ;
#5175=CARTESIAN_POINT('Control Point',(11.9414300907,24.5186751172,-41.2942309413)) ;
#5176=CARTESIAN_POINT('Control Point',(11.9395063548,24.3890998697,-41.3176409884)) ;
#5177=CARTESIAN_POINT('Control Point',(11.9308610513,24.0735846709,-41.4062676134)) ;
#5178=CARTESIAN_POINT('Control Point',(11.9133699136,23.7838556299,-41.5639137468)) ;
#5179=CARTESIAN_POINT('Control Point',(11.9001459415,23.6242945122,-41.6794039394)) ;
#5180=CARTESIAN_POINT('Control Point',(11.8733076925,23.3881536722,-41.908344003)) ;
#5181=CARTESIAN_POINT('Control Point',(11.8402233761,23.2109027412,-42.1834909799)) ;
#5182=CARTESIAN_POINT('Control Point',(11.8259203718,23.1488538128,-42.3015364656)) ;
#5183=CARTESIAN_POINT('Control Point',(11.7988893802,23.0558486973,-42.5231210223)) ;
#5184=CARTESIAN_POINT('Control Point',(11.7701381077,23.0016194129,-42.7560301725)) ;
#5185=CARTESIAN_POINT('Control Point',(11.756543174,22.9849752607,-42.8656012855)) ;
#5186=CARTESIAN_POINT('Control Point',(11.7430119548,22.9768809553,-42.9741324488)) ;
#5187=CARTESIAN_POINT('Control Point',(11.729415831,22.9767751327,-43.0826853906)) ;
#5188=CARTESIAN_POINT('Vertex',(11.9408541443,24.7784753397,-41.2826853914)) ;
#5191=CARTESIAN_POINT('Line Origine',(11.924285361,26.9072391815,-41.2826853914)) ;
#5195=CARTESIAN_POINT('Vertex',(11.9077165776,29.0360030233,-41.2826853914)) ;
#5199=CARTESIAN_POINT('Control Point',(11.7979120413,30.7093257944,-42.0553453546)) ;
#5200=CARTESIAN_POINT('Control Point',(11.8197466604,30.5683382052,-41.8897867334)) ;
#5201=CARTESIAN_POINT('Control Point',(11.8395782052,30.4065857363,-41.7415102129)) ;
#5202=CARTESIAN_POINT('Control Point',(11.8566539225,30.2303772197,-41.6161334716)) ;
#5203=CARTESIAN_POINT('Control Point',(11.8821272884,29.8917002499,-41.4338086496)) ;
#5204=CARTESIAN_POINT('Control Point',(11.8982731821,29.5235056157,-41.3277850713)) ;
#5205=CARTESIAN_POINT('Control Point',(11.9033053235,29.3622743428,-41.2976290647)) ;
#5206=CARTESIAN_POINT('Control Point',(11.9064466775,29.1991603225,-41.2826853896)) ;
#5207=CARTESIAN_POINT('Control Point',(11.9077165783,29.0360029637,-41.2826853896)) ;
#5208=CARTESIAN_POINT('Vertex',(11.7979120413,30.7093257944,-42.0553453546)) ;
#5211=CARTESIAN_POINT('Line Origine',(11.6590306609,31.6060921174,-43.1083982995)) ;
#5215=CARTESIAN_POINT('Vertex',(11.5201492805,32.5028584404,-44.1614512444)) ;
#5219=CARTESIAN_POINT('Control Point',(11.2939240055,32.9993024823,-45.9367007397)) ;
#5220=CARTESIAN_POINT('Control Point',(11.3206582871,33.0340404498,-45.7211056591)) ;
#5221=CARTESIAN_POINT('Control Point',(11.3481415013,33.0419705692,-45.5011971895)) ;
#5222=CARTESIAN_POINT('Control Point',(11.3753885884,33.0228813577,-45.2848528217)) ;
#5223=CARTESIAN_POINT('Control Point',(11.4230619151,32.94197606,-44.9092741787)) ;
#5224=CARTESIAN_POINT('Control Point',(11.4679499188,32.7838246823,-44.5607324974)) ;
#5225=CARTESIAN_POINT('Control Point',(11.4863613224,32.702367923,-44.4188043692)) ;
#5226=CARTESIAN_POINT('Control Point',(11.5038125974,32.6083454906,-44.2853223646)) ;
#5227=CARTESIAN_POINT('Control Point',(11.5201492824,32.5028584273,-44.1614512296)) ;
#5228=CARTESIAN_POINT('Vertex',(11.2939240055,32.9993024823,-45.9367007397)) ;
#5231=CARTESIAN_POINT('Line Origine',(8.99105419394,30.007001524,-64.5078899949)) ;
#5235=CARTESIAN_POINT('Vertex',(6.68818438236,27.0147005657,-83.0790792501)) ;
#5239=CARTESIAN_POINT('Control Point',(6.57477709301,26.561581476,-84.0126369282)) ;
#5240=CARTESIAN_POINT('Control Point',(6.58572746986,26.6469139762,-83.9199107513)) ;
#5241=CARTESIAN_POINT('Control Point',(6.59770676445,26.7239231017,-83.8194872851)) ;
#5242=CARTESIAN_POINT('Control Point',(6.61073753887,26.7937339854,-83.7111164879)) ;
#5243=CARTESIAN_POINT('Control Point',(6.63331516302,26.8908843818,-83.5248283677)) ;
#5244=CARTESIAN_POINT('Control Point',(6.65764847045,26.959633937,-83.326288325)) ;
#5245=CARTESIAN_POINT('Control Point',(6.66772621229,26.9828908838,-83.244386244)) ;
#5246=CARTESIAN_POINT('Control Point',(6.67789068729,27.0013251544,-83.1620913934)) ;
#5247=CARTESIAN_POINT('Control Point',(6.68818439885,27.0147005881,-83.079079117)) ;
#5248=CARTESIAN_POINT('Vertex',(6.57477709301,26.561581476,-84.0126369282)) ;
#5251=CARTESIAN_POINT('Line Origine',(6.47577447649,25.7900883156,-84.8509764904)) ;
#5255=CARTESIAN_POINT('Vertex',(6.37677185997,25.0185951552,-85.6893160527)) ;
#5259=CARTESIAN_POINT('Control Point',(6.49470684415,22.9360318819,-84.8771753754)) ;
#5260=CARTESIAN_POINT('Control Point',(6.48134524309,22.9359278848,-84.9838558619)) ;
#5261=CARTESIAN_POINT('Control Point',(6.46788859877,22.9476416908,-85.0905607934)) ;
#5262=CARTESIAN_POINT('Control Point',(6.45450537881,22.9711354241,-85.195947541)) ;
#5263=CARTESIAN_POINT('Control Point',(6.42851871946,23.0420695427,-85.3990075421)) ;
#5264=CARTESIAN_POINT('Control Point',(6.40469942799,23.1557045004,-85.5821107072)) ;
#5265=CARTESIAN_POINT('Control Point',(6.39366607021,23.2213712004,-85.666116454)) ;
#5266=CARTESIAN_POINT('Control Point',(6.36827423773,23.4097932475,-85.8571270134)) ;
#5267=CARTESIAN_POINT('Control Point',(6.34975251034,23.6454279633,-85.9903554822)) ;
#5268=CARTESIAN_POINT('Control Point',(6.3415286507,23.8006954332,-86.0463635568)) ;
#5269=CARTESIAN_POINT('Control Point',(6.33340379886,24.0669214195,-86.0946863538)) ;
#5270=CARTESIAN_POINT('Control Point',(6.33468118608,24.3343484632,-86.0678705593)) ;
#5271=CARTESIAN_POINT('Control Point',(6.33677181503,24.4389359736,-86.0446808108)) ;
#5272=CARTESIAN_POINT('Control Point',(6.34330619664,24.6320636938,-85.9805120153)) ;
#5273=CARTESIAN_POINT('Control Point',(6.35468650688,24.8069437846,-85.8787890255)) ;
#5274=CARTESIAN_POINT('Control Point',(6.36117375071,24.8841585693,-85.8221992586)) ;
#5275=CARTESIAN_POINT('Control Point',(6.36856885312,24.9546719589,-85.7587779055)) ;
#5276=CARTESIAN_POINT('Control Point',(6.37677185997,25.0185951552,-85.6893160527)) ;
#5291=CARTESIAN_POINT('Axis2P3D Location',(15.6810419229,19.618659997,-39.0099351037)) ;
#5296=CARTESIAN_POINT('Line Origine',(6.14470684483,23.2833183316,-84.8336768513)) ;
#5300=CARTESIAN_POINT('Vertex',(5.794706845,23.6306047819,-84.7901783269)) ;
#5303=CARTESIAN_POINT('Line Origine',(8.41206133822,23.6509764073,-63.892933336)) ;
#5307=CARTESIAN_POINT('Vertex',(11.0294158314,23.6713480327,-42.9956883451)) ;
#5310=CARTESIAN_POINT('Line Origine',(11.3794158314,23.3240615825,-43.0391868676)) ;
#5323=CARTESIAN_POINT('Control Point',(6.65804136727,22.8262344044,-84.64165686)) ;
#5324=CARTESIAN_POINT('Control Point',(6.3346511429,23.141309612,-84.66266605)) ;
#5325=CARTESIAN_POINT('Control Point',(6.01126091863,23.4563848195,-84.68367524)) ;
#5326=CARTESIAN_POINT('Control Point',(5.68787069427,23.771460027,-84.704684431)) ;
#5327=CARTESIAN_POINT('Control Point',(6.64881055411,22.8101478213,-84.724725656)) ;
#5328=CARTESIAN_POINT('Control Point',(6.32540574975,23.1291021687,-84.725566209)) ;
#5329=CARTESIAN_POINT('Control Point',(6.00200094539,23.4480565161,-84.726406762)) ;
#5330=CARTESIAN_POINT('Control Point',(5.67859614093,23.7670108635,-84.727247315)) ;
#5331=CARTESIAN_POINT('Control Point',(6.62240918648,22.7875249348,-84.960745371)) ;
#5332=CARTESIAN_POINT('Control Point',(6.29898581739,23.1119093316,-84.904343433)) ;
#5333=CARTESIAN_POINT('Control Point',(5.97556244841,23.4362937285,-84.847941495)) ;
#5334=CARTESIAN_POINT('Control Point',(5.65213907942,23.7606781253,-84.791539558)) ;
#5335=CARTESIAN_POINT('Control Point',(6.57809570858,22.8531043707,-85.349860449)) ;
#5336=CARTESIAN_POINT('Control Point',(6.25478216623,23.1615206874,-85.199245439)) ;
#5337=CARTESIAN_POINT('Control Point',(5.93146862388,23.4699370041,-85.048630428)) ;
#5338=CARTESIAN_POINT('Control Point',(5.60815508154,23.7783533209,-84.898015418)) ;
#5339=CARTESIAN_POINT('Control Point',(6.52991378721,23.0863022748,-85.761704828)) ;
#5340=CARTESIAN_POINT('Control Point',(6.20704504035,23.3381428333,-85.51131444)) ;
#5341=CARTESIAN_POINT('Control Point',(5.88417629339,23.5899833919,-85.260924052)) ;
#5342=CARTESIAN_POINT('Control Point',(5.56130754653,23.8418239504,-85.010533664)) ;
#5343=CARTESIAN_POINT('Control Point',(6.49314425447,23.4395374392,-86.063891924)) ;
#5344=CARTESIAN_POINT('Control Point',(6.17094112988,23.605749862,-85.740304545)) ;
#5345=CARTESIAN_POINT('Control Point',(5.84873800538,23.7719622847,-85.416717166)) ;
#5346=CARTESIAN_POINT('Control Point',(5.52653488079,23.9381747074,-85.093129787)) ;
#5347=CARTESIAN_POINT('Control Point',(6.47106192694,23.874442887,-86.229973837)) ;
#5348=CARTESIAN_POINT('Control Point',(6.14967799676,23.9352680134,-85.866159215)) ;
#5349=CARTESIAN_POINT('Control Point',(5.82829406648,23.9960931397,-85.502344593)) ;
#5350=CARTESIAN_POINT('Control Point',(5.5069101362,24.0569182661,-85.138529971)) ;
#5351=CARTESIAN_POINT('Control Point',(6.46618329655,24.3380233614,-86.241246777)) ;
#5352=CARTESIAN_POINT('Control Point',(6.14567839983,24.2865661787,-85.874686211)) ;
#5353=CARTESIAN_POINT('Control Point',(5.82517350312,24.2351089961,-85.508125645)) ;
#5354=CARTESIAN_POINT('Control Point',(5.50466860641,24.1836518135,-85.141565079)) ;
#5355=CARTESIAN_POINT('Control Point',(6.47979052083,24.7868947259,-86.089392462)) ;
#5356=CARTESIAN_POINT('Control Point',(6.16011270928,24.6266851267,-85.759673842)) ;
#5357=CARTESIAN_POINT('Control Point',(5.84043489772,24.4664755274,-85.429955221)) ;
#5358=CARTESIAN_POINT('Control Point',(5.52075708617,24.3062659282,-85.100236601)) ;
#5359=CARTESIAN_POINT('Control Point',(6.50418074886,25.0879489595,-85.851787359)) ;
#5360=CARTESIAN_POINT('Control Point',(6.18513125215,24.8550368071,-85.579437688)) ;
#5361=CARTESIAN_POINT('Control Point',(5.86608175554,24.6221246546,-85.307088016)) ;
#5362=CARTESIAN_POINT('Control Point',(5.54703225893,24.3892125021,-85.034738344)) ;
#5363=CARTESIAN_POINT('Control Point',(6.52421950179,25.2307864477,-85.664163226)) ;
#5364=CARTESIAN_POINT('Control Point',(6.20533545674,24.9630226424,-85.437578563)) ;
#5365=CARTESIAN_POINT('Control Point',(5.8864514116,24.695258837,-85.2109939)) ;
#5366=CARTESIAN_POINT('Control Point',(5.56756736646,24.4274950316,-84.984409237)) ;
#5367=CARTESIAN_POINT('Control Point',(6.53225688448,25.2779937138,-85.589678738)) ;
#5368=CARTESIAN_POINT('Control Point',(6.21338945546,24.9986070624,-85.381357431)) ;
#5369=CARTESIAN_POINT('Control Point',(5.89452202635,24.7192204109,-85.173036124)) ;
#5370=CARTESIAN_POINT('Control Point',(5.57565459723,24.4398337594,-84.964714818)) ;
#5372=CARTESIAN_POINT('Control Point',(6.37677186016,25.0185951551,-85.6893160526)) ;
#5373=CARTESIAN_POINT('Control Point',(6.14659151194,24.8450226522,-85.5024007948)) ;
#5374=CARTESIAN_POINT('Control Point',(5.91641116373,24.6714501493,-85.3154855368)) ;
#5375=CARTESIAN_POINT('Control Point',(5.68623081552,24.4978776464,-85.1285702788)) ;
#5376=CARTESIAN_POINT('Vertex',(5.68623081517,24.497877647,-85.1285702787)) ;
#5380=CARTESIAN_POINT('Control Point',(5.64049280829,24.1294196291,-85.2902580747)) ;
#5381=CARTESIAN_POINT('Control Point',(5.64029800586,24.154377649,-85.2902598942)) ;
#5382=CARTESIAN_POINT('Control Point',(5.64152637014,24.2367407467,-85.2840412482)) ;
#5383=CARTESIAN_POINT('Control Point',(5.65430978161,24.3731971416,-85.2379840732)) ;
#5384=CARTESIAN_POINT('Control Point',(5.67440272567,24.4607285637,-85.1688783849)) ;
#5385=CARTESIAN_POINT('Control Point',(5.68623081633,24.4978776471,-85.1285702794)) ;
#5386=CARTESIAN_POINT('Vertex',(5.64049280829,24.1294196291,-85.2902580747)) ;
#5390=CARTESIAN_POINT('Control Point',(5.79470684382,23.6306047827,-84.7901783304)) ;
#5391=CARTESIAN_POINT('Control Point',(5.77764831008,23.6304720112,-84.8469271647)) ;
#5392=CARTESIAN_POINT('Control Point',(5.7432266858,23.6495053723,-84.9609382727)) ;
#5393=CARTESIAN_POINT('Control Point',(5.69619332734,23.7366118148,-85.1151399578)) ;
#5394=CARTESIAN_POINT('Control Point',(5.66114258271,23.868735678,-85.2283157928)) ;
#5395=CARTESIAN_POINT('Control Point',(5.64407764565,24.0078496174,-85.2814806645)) ;
#5396=CARTESIAN_POINT('Control Point',(5.64074477263,24.097137968,-85.2902557206)) ;
#5397=CARTESIAN_POINT('Control Point',(5.64049280767,24.129419629,-85.290258074)) ;
#5407=CARTESIAN_POINT('Axis2P3D Location',(7.31172954313,25.1091786187,-87.2586370093)) ;
#5412=CARTESIAN_POINT('Line Origine',(6.22950656929,26.3012227123,-83.7322640491)) ;
#5416=CARTESIAN_POINT('Vertex',(5.88423604718,26.0408639605,-83.4518911611)) ;
#5419=CARTESIAN_POINT('Line Origine',(5.78523343194,25.269370804,-84.2902307194)) ;
#5432=CARTESIAN_POINT('Control Point',(6.69402386037,26.5429812019,-84.237066668)) ;
#5433=CARTESIAN_POINT('Control Point',(6.3756794496,26.3226744649,-83.959209191)) ;
#5434=CARTESIAN_POINT('Control Point',(6.05733503883,26.1023677279,-83.681351714)) ;
#5435=CARTESIAN_POINT('Control Point',(5.73899062816,25.882060991,-83.403494237)) ;
#5436=CARTESIAN_POINT('Control Point',(6.69801890645,26.5839129454,-84.200056278)) ;
#5437=CARTESIAN_POINT('Control Point',(6.37973516442,26.356818165,-83.928336103)) ;
#5438=CARTESIAN_POINT('Control Point',(6.06145142239,26.1297233846,-83.656615928)) ;
#5439=CARTESIAN_POINT('Control Point',(5.74316768025,25.9026286043,-83.384895754)) ;
#5440=CARTESIAN_POINT('Control Point',(6.71186713469,26.712049631,-84.072701262)) ;
#5441=CARTESIAN_POINT('Control Point',(6.39376436213,26.4636668689,-83.822152977)) ;
#5442=CARTESIAN_POINT('Control Point',(6.07566158947,26.2152841067,-83.571604692)) ;
#5443=CARTESIAN_POINT('Control Point',(5.7575588169,25.9669013446,-83.321056407)) ;
#5444=CARTESIAN_POINT('Control Point',(6.73932433162,26.8985652742,-83.824762888)) ;
#5445=CARTESIAN_POINT('Control Point',(6.42145347967,26.6190666898,-83.615614331)) ;
#5446=CARTESIAN_POINT('Control Point',(6.10358262772,26.3395681054,-83.406465774)) ;
#5447=CARTESIAN_POINT('Control Point',(5.78571177577,26.060069521,-83.197317217)) ;
#5448=CARTESIAN_POINT('Control Point',(6.77691980696,27.0612541433,-83.491440033)) ;
#5449=CARTESIAN_POINT('Control Point',(6.45926127056,26.7546851253,-83.337878346)) ;
#5450=CARTESIAN_POINT('Control Point',(6.14160273415,26.4481161074,-83.184316659)) ;
#5451=CARTESIAN_POINT('Control Point',(5.82394419775,26.1415470894,-83.030754972)) ;
#5452=CARTESIAN_POINT('Control Point',(6.81167481749,27.1420948316,-83.187938971)) ;
#5453=CARTESIAN_POINT('Control Point',(6.49412582899,26.8220887741,-83.084975048)) ;
#5454=CARTESIAN_POINT('Control Point',(6.17657684059,26.5020827165,-82.982011126)) ;
#5455=CARTESIAN_POINT('Control Point',(5.8590278521,26.182076659,-82.879047204)) ;
#5456=CARTESIAN_POINT('Control Point',(6.83245845379,27.1628661151,-83.008301741)) ;
#5457=CARTESIAN_POINT('Control Point',(6.51492814904,26.8394177476,-82.93533596)) ;
#5458=CARTESIAN_POINT('Control Point',(6.19739784429,26.5159693801,-82.86237018)) ;
#5459=CARTESIAN_POINT('Control Point',(5.87986753954,26.1925210125,-82.789404399)) ;
#5460=CARTESIAN_POINT('Control Point',(6.83871284376,27.1664834577,-82.954421894)) ;
#5461=CARTESIAN_POINT('Control Point',(6.52118322797,26.842437865,-82.8904606)) ;
#5462=CARTESIAN_POINT('Control Point',(6.20365361217,26.5183922723,-82.826499307)) ;
#5463=CARTESIAN_POINT('Control Point',(5.88612399638,26.1943466796,-82.762538014)) ;
#5465=CARTESIAN_POINT('Control Point',(6.68818438196,27.0147005661,-83.0790792501)) ;
#5466=CARTESIAN_POINT('Control Point',(6.45846029863,26.7825083871,-83.0131807312)) ;
#5467=CARTESIAN_POINT('Control Point',(6.22873621531,26.5503162081,-82.9472822128)) ;
#5468=CARTESIAN_POINT('Control Point',(5.99901213199,26.3181240291,-82.8813836941)) ;
#5469=CARTESIAN_POINT('Vertex',(5.99901210551,26.318123918,-82.881384178)) ;
#5473=CARTESIAN_POINT('Control Point',(5.88423604931,26.0408639674,-83.4518911543)) ;
#5474=CARTESIAN_POINT('Control Point',(5.89462717413,26.0892418236,-83.3993569886)) ;
#5475=CARTESIAN_POINT('Control Point',(5.91757917829,26.1760183477,-83.2840816271)) ;
#5476=CARTESIAN_POINT('Control Point',(5.95572352204,26.268725973,-83.0944594)) ;
#5477=CARTESIAN_POINT('Control Point',(5.98452026261,26.3066172128,-82.9525246141)) ;
#5478=CARTESIAN_POINT('Control Point',(5.99901211681,26.3181240102,-82.8813836041)) ;
#5487=CARTESIAN_POINT('Axis2P3D Location',(12.5247981487,32.7644881899,-89.079885097)) ;
#5492=CARTESIAN_POINT('Line Origine',(10.949337883,32.6510142176,-45.8378528463)) ;
#5496=CARTESIAN_POINT('Vertex',(10.6047517231,32.3027259049,-45.739005225)) ;
#5499=CARTESIAN_POINT('Line Origine',(8.30188190767,29.310424937,-64.310194647)) ;
#5512=CARTESIAN_POINT('Control Point',(11.4157012474,33.1112237253,-46.122397639)) ;
#5513=CARTESIAN_POINT('Control Point',(11.0934562867,32.7894867036,-46.009583577)) ;
#5514=CARTESIAN_POINT('Control Point',(10.771211326,32.4677496819,-45.896769515)) ;
#5515=CARTESIAN_POINT('Control Point',(10.4489663653,32.1460126602,-45.783955453)) ;
#5516=CARTESIAN_POINT('Control Point',(11.4212991571,33.1222019972,-46.074116089)) ;
#5517=CARTESIAN_POINT('Control Point',(11.0990672634,32.7989368001,-45.968046092)) ;
#5518=CARTESIAN_POINT('Control Point',(10.7768353696,32.475671603,-45.861976095)) ;
#5519=CARTESIAN_POINT('Control Point',(10.4546034758,32.1524064059,-45.755906097)) ;
#5520=CARTESIAN_POINT('Control Point',(11.4525817651,33.174408087,-45.804913075)) ;
#5521=CARTESIAN_POINT('Control Point',(11.1304109871,32.8438813987,-45.73645583)) ;
#5522=CARTESIAN_POINT('Control Point',(10.808240209,32.5133547104,-45.667998585)) ;
#5523=CARTESIAN_POINT('Control Point',(10.4860694309,32.1828280221,-45.599541341)) ;
#5524=CARTESIAN_POINT('Control Point',(11.5120372055,33.1829202476,-45.299285152)) ;
#5525=CARTESIAN_POINT('Control Point',(11.1898692672,32.8512719292,-45.301547999)) ;
#5526=CARTESIAN_POINT('Control Point',(10.8677013288,32.5196236109,-45.303810847)) ;
#5527=CARTESIAN_POINT('Control Point',(10.5455333904,32.1879752925,-45.306073694)) ;
#5528=CARTESIAN_POINT('Control Point',(11.5914838375,32.9958640373,-44.636744637)) ;
#5529=CARTESIAN_POINT('Control Point',(11.2691201458,32.6904244527,-44.731592672)) ;
#5530=CARTESIAN_POINT('Control Point',(10.946756454,32.384984868,-44.826440707)) ;
#5531=CARTESIAN_POINT('Control Point',(10.6243927623,32.0795452834,-44.921288741)) ;
#5532=CARTESIAN_POINT('Control Point',(11.6432497809,32.7287194836,-44.214681556)) ;
#5533=CARTESIAN_POINT('Control Point',(11.3205758429,32.4607610757,-44.368631401)) ;
#5534=CARTESIAN_POINT('Control Point',(10.9979019047,32.1928026678,-44.522581246)) ;
#5535=CARTESIAN_POINT('Control Point',(10.6752279666,31.9248442599,-44.67653109)) ;
#5536=CARTESIAN_POINT('Control Point',(11.6684313203,32.5454951858,-44.012854585)) ;
#5537=CARTESIAN_POINT('Control Point',(11.3455773621,32.3030964165,-44.194924329)) ;
#5538=CARTESIAN_POINT('Control Point',(11.0227234039,32.0606976472,-44.376994073)) ;
#5539=CARTESIAN_POINT('Control Point',(10.6998694457,31.8182988779,-44.559063816)) ;
#5540=CARTESIAN_POINT('Control Point',(11.6729107385,32.510898083,-43.977083357)) ;
#5541=CARTESIAN_POINT('Control Point',(11.3500239568,32.2733204414,-44.164130096)) ;
#5542=CARTESIAN_POINT('Control Point',(11.027137175,32.0357427997,-44.351176835)) ;
#5543=CARTESIAN_POINT('Control Point',(10.7042503933,31.798165158,-44.538223573)) ;
#5545=CARTESIAN_POINT('Control Point',(11.5201492803,32.5028584405,-44.1614512443)) ;
#5546=CARTESIAN_POINT('Control Point',(11.2900139491,32.3235029569,-44.2838367738)) ;
#5547=CARTESIAN_POINT('Control Point',(11.0598786178,32.1441474732,-44.4062223033)) ;
#5548=CARTESIAN_POINT('Control Point',(10.8297432865,31.9647919896,-44.5286078323)) ;
#5549=CARTESIAN_POINT('Vertex',(10.829743251,31.9647922197,-44.5286081031)) ;
#5553=CARTESIAN_POINT('Control Point',(10.6047517231,32.3027259049,-45.739005225)) ;
#5554=CARTESIAN_POINT('Control Point',(10.6306922429,32.3256990662,-45.5968277715)) ;
#5555=CARTESIAN_POINT('Control Point',(10.684246003,32.3307697771,-45.3050994026)) ;
#5556=CARTESIAN_POINT('Control Point',(10.7631896585,32.2110553368,-44.8804509758)) ;
#5557=CARTESIAN_POINT('Control Point',(10.8090399234,32.057372847,-44.6373816295)) ;
#5558=CARTESIAN_POINT('Control Point',(10.82974327,31.9647919668,-44.5286078322)) ;
#5567=CARTESIAN_POINT('Axis2P3D Location',(12.6045433963,34.0544186348,-44.2730720235)) ;
#5572=CARTESIAN_POINT('Line Origine',(11.4527090361,30.4402925574,-42.2389236475)) ;
#5576=CARTESIAN_POINT('Vertex',(11.1075060296,30.171259334,-42.4225019566)) ;
#5579=CARTESIAN_POINT('Line Origine',(10.9686246405,31.0680257739,-43.4755550266)) ;
#5592=CARTESIAN_POINT('Control Point',(11.9257330518,30.9142258338,-42.097425124)) ;
#5593=CARTESIAN_POINT('Control Point',(11.6007782659,30.6476147877,-42.253675575)) ;
#5594=CARTESIAN_POINT('Control Point',(11.2758234799,30.3810037415,-42.409926027)) ;
#5595=CARTESIAN_POINT('Control Point',(10.950868694,30.1143926954,-42.566176478)) ;
#5596=CARTESIAN_POINT('Control Point',(11.9306951628,30.8842447601,-42.057201674)) ;
#5597=CARTESIAN_POINT('Control Point',(11.6057022912,30.6218757379,-42.219132867)) ;
#5598=CARTESIAN_POINT('Control Point',(11.2807094195,30.3595067157,-42.38106406)) ;
#5599=CARTESIAN_POINT('Control Point',(10.9557165479,30.0971376935,-42.542995253)) ;
#5600=CARTESIAN_POINT('Control Point',(11.9573391452,30.7126033154,-41.841919132)) ;
#5601=CARTESIAN_POINT('Control Point',(11.632137108,30.4744810255,-42.034220455)) ;
#5602=CARTESIAN_POINT('Control Point',(11.3069350709,30.2363587355,-42.226521778)) ;
#5603=CARTESIAN_POINT('Control Point',(10.9817330337,29.9982364456,-42.418823101)) ;
#5604=CARTESIAN_POINT('Control Point',(11.9998234392,30.3310268311,-41.505721454)) ;
#5605=CARTESIAN_POINT('Control Point',(11.6742238348,30.1465083315,-41.745187069)) ;
#5606=CARTESIAN_POINT('Control Point',(11.3486242305,29.9619898318,-41.984652684)) ;
#5607=CARTESIAN_POINT('Control Point',(11.0230246261,29.7774713321,-42.224118299)) ;
#5608=CARTESIAN_POINT('Control Point',(12.0384711308,29.702230121,-41.218570168)) ;
#5609=CARTESIAN_POINT('Control Point',(11.7121757754,29.6061730701,-41.498442134)) ;
#5610=CARTESIAN_POINT('Control Point',(11.3858804201,29.5101160192,-41.7783141)) ;
#5611=CARTESIAN_POINT('Control Point',(11.0595850647,29.4140589682,-42.058186066)) ;
#5612=CARTESIAN_POINT('Control Point',(12.0504724835,29.2086562461,-41.149148336)) ;
#5613=CARTESIAN_POINT('Control Point',(11.7236386849,29.1820085393,-41.438770889)) ;
#5614=CARTESIAN_POINT('Control Point',(11.3968048862,29.1553608324,-41.728393443)) ;
#5615=CARTESIAN_POINT('Control Point',(11.0699710877,29.1287131255,-42.018015997)) ;
#5616=CARTESIAN_POINT('Control Point',(12.0515705843,28.9359068554,-41.157867079)) ;
#5617=CARTESIAN_POINT('Control Point',(11.7244382665,28.9475841418,-41.446265048)) ;
#5618=CARTESIAN_POINT('Control Point',(11.3973059486,28.9592614283,-41.734663018)) ;
#5619=CARTESIAN_POINT('Control Point',(11.0701736308,28.9709387147,-42.023060988)) ;
#5620=CARTESIAN_POINT('Control Point',(12.0515854364,28.8853291081,-41.161089974)) ;
#5621=CARTESIAN_POINT('Control Point',(11.7243977014,28.9041120246,-41.449035422)) ;
#5622=CARTESIAN_POINT('Control Point',(11.3972099665,28.9228949411,-41.73698087)) ;
#5623=CARTESIAN_POINT('Control Point',(11.0700222315,28.9416778575,-42.024926318)) ;
#5625=CARTESIAN_POINT('Control Point',(11.9077165778,29.0360030223,-41.2826853905)) ;
#5626=CARTESIAN_POINT('Control Point',(11.6761992902,29.0342010502,-41.4870197084)) ;
#5627=CARTESIAN_POINT('Control Point',(11.4446820026,29.0323990782,-41.6913540267)) ;
#5628=CARTESIAN_POINT('Control Point',(11.2131647151,29.0305971061,-41.8956883451)) ;
#5629=CARTESIAN_POINT('Vertex',(11.213164715,29.0305970921,-41.895688345)) ;
#5633=CARTESIAN_POINT('Control Point',(11.1075060295,30.1712593341,-42.4225019565)) ;
#5634=CARTESIAN_POINT('Control Point',(11.1283570456,30.0780181071,-42.3129523142)) ;
#5635=CARTESIAN_POINT('Control Point',(11.1656581457,29.858302275,-42.1192169938)) ;
#5636=CARTESIAN_POINT('Control Point',(11.2025233679,29.4561381203,-41.9355841862)) ;
#5637=CARTESIAN_POINT('Control Point',(11.2120588227,29.1726825934,-41.8956883451)) ;
#5638=CARTESIAN_POINT('Control Point',(11.2131647154,29.0305970661,-41.8956883451)) ;
#5647=CARTESIAN_POINT('Axis2P3D Location',(12.1745649604,29.6549320769,-41.0429311125)) ;
#5652=CARTESIAN_POINT('Line Origine',(11.5935782126,24.77577239,-41.5891868682)) ;
#5656=CARTESIAN_POINT('Vertex',(11.2463022816,24.7730694413,-41.8956883451)) ;
#5659=CARTESIAN_POINT('Line Origine',(11.2297334988,26.9018332663,-41.8956883449)) ;
#5672=CARTESIAN_POINT('Control Point',(12.0819061293,24.9515426482,-41.163718238)) ;
#5673=CARTESIAN_POINT('Control Point',(11.7551112549,24.9198697751,-41.451077405)) ;
#5674=CARTESIAN_POINT('Control Point',(11.4283163806,24.8881969021,-41.738436573)) ;
#5675=CARTESIAN_POINT('Control Point',(11.1015215064,24.856524029,-42.025795741)) ;
#5676=CARTESIAN_POINT('Control Point',(12.0829277638,24.8943107164,-41.158749237)) ;
#5677=CARTESIAN_POINT('Control Point',(11.756057455,24.8723301821,-41.44695067)) ;
#5678=CARTESIAN_POINT('Control Point',(11.4291871461,24.8503496478,-41.735152103)) ;
#5679=CARTESIAN_POINT('Control Point',(11.1023168373,24.8283691135,-42.023353537)) ;
#5680=CARTESIAN_POINT('Control Point',(12.0862383547,24.6364119594,-41.147509648)) ;
#5681=CARTESIAN_POINT('Control Point',(11.7590280187,24.6581189808,-41.437616249)) ;
#5682=CARTESIAN_POINT('Control Point',(11.4318176827,24.6798260022,-41.727722849)) ;
#5683=CARTESIAN_POINT('Control Point',(11.1046073467,24.7015330237,-42.01782945)) ;
#5684=CARTESIAN_POINT('Control Point',(12.0817037679,24.1786118553,-41.217344954)) ;
#5685=CARTESIAN_POINT('Control Point',(11.7538892898,24.2779347057,-41.495614117)) ;
#5686=CARTESIAN_POINT('Control Point',(11.4260748116,24.3772575561,-41.77388328)) ;
#5687=CARTESIAN_POINT('Control Point',(11.0982603334,24.4765804065,-42.052152443)) ;
#5688=CARTESIAN_POINT('Control Point',(12.0532476694,23.6187189335,-41.500331922)) ;
#5689=CARTESIAN_POINT('Control Point',(11.7246950597,23.8128953228,-41.730632072)) ;
#5690=CARTESIAN_POINT('Control Point',(11.39614245,24.007071712,-41.960932221)) ;
#5691=CARTESIAN_POINT('Control Point',(11.0675898401,24.2012481013,-42.191232371)) ;
#5692=CARTESIAN_POINT('Control Point',(12.0062900964,23.1819114381,-41.934614849)) ;
#5693=CARTESIAN_POINT('Control Point',(11.6771611772,23.4500659349,-42.091303174)) ;
#5694=CARTESIAN_POINT('Control Point',(11.3480322579,23.7182204318,-42.2479915)) ;
#5695=CARTESIAN_POINT('Control Point',(11.0189033387,23.9863749286,-42.404679825)) ;
#5696=CARTESIAN_POINT('Control Point',(11.9430021391,22.8947529111,-42.499682136)) ;
#5697=CARTESIAN_POINT('Control Point',(11.6134969677,23.2114957996,-42.560578695)) ;
#5698=CARTESIAN_POINT('Control Point',(11.2839917961,23.5282386881,-42.621475254)) ;
#5699=CARTESIAN_POINT('Control Point',(10.9544866247,23.8449815766,-42.682371813)) ;
#5700=CARTESIAN_POINT('Control Point',(11.8905950053,22.8250831224,-42.956326785)) ;
#5701=CARTESIAN_POINT('Control Point',(11.5609929943,23.1535658277,-42.939843394)) ;
#5702=CARTESIAN_POINT('Control Point',(11.2313909833,23.482048533,-42.923360003)) ;
#5703=CARTESIAN_POINT('Control Point',(10.9017889722,23.8105312382,-42.906876612)) ;
#5704=CARTESIAN_POINT('Control Point',(11.8606375097,22.8358273544,-43.21394886)) ;
#5705=CARTESIAN_POINT('Control Point',(11.531056224,23.1624494439,-43.153768428)) ;
#5706=CARTESIAN_POINT('Control Point',(11.2014749383,23.4890715334,-43.093587997)) ;
#5707=CARTESIAN_POINT('Control Point',(10.8718936526,23.8156936229,-43.033407565)) ;
#5708=CARTESIAN_POINT('Control Point',(11.8540348367,22.8405562102,-43.270569652)) ;
#5709=CARTESIAN_POINT('Control Point',(11.5244618434,23.1663680604,-43.200782608)) ;
#5710=CARTESIAN_POINT('Control Point',(11.19488885,23.4921799106,-43.130995565)) ;
#5711=CARTESIAN_POINT('Control Point',(10.8653158567,23.8179917608,-43.061208522)) ;
#5713=CARTESIAN_POINT('Control Point',(11.2463022816,24.7730694413,-41.8956883451)) ;
#5714=CARTESIAN_POINT('Control Point',(11.2471853079,24.6596178686,-41.8956883452)) ;
#5715=CARTESIAN_POINT('Control Point',(11.2418641098,24.4330706247,-41.9302526938)) ;
#5716=CARTESIAN_POINT('Control Point',(11.2115169656,24.116186383,-42.0903461276)) ;
#5717=CARTESIAN_POINT('Control Point',(11.1630829247,23.8689060522,-42.3360402843)) ;
#5718=CARTESIAN_POINT('Control Point',(11.0988310333,23.7062278669,-42.6556952126)) ;
#5719=CARTESIAN_POINT('Control Point',(11.0526849155,23.6715291429,-42.8821543398)) ;
#5720=CARTESIAN_POINT('Control Point',(11.0294158312,23.671348033,-42.9956883451)) ;
#5729=CARTESIAN_POINT('Line Origine',(7.92285136636,23.6471687454,-42.9956883453)) ;
#5733=CARTESIAN_POINT('Vertex',(4.81628690314,23.6229894576,-42.995688345)) ;
#5736=CARTESIAN_POINT('Line Origine',(5.30549687372,23.62679712,-84.7901783275)) ;
#5740=CARTESIAN_POINT('Vertex',(4.81628690226,23.6229894577,-84.7901783275)) ;
#5743=CARTESIAN_POINT('Line Origine',(4.81628690226,23.6229894576,-63.8929333362)) ;
#5756=CARTESIAN_POINT('Control Point',(3.80853413783,24.6151761164,-83.5075076367)) ;
#5757=CARTESIAN_POINT('Control Point',(3.80853413783,24.6151761164,-83.5075076367)) ;
#5758=CARTESIAN_POINT('Control Point',(3.80853413783,24.6151761164,-83.5075076367)) ;
#5759=CARTESIAN_POINT('Control Point',(3.80853413783,24.6151761164,-83.5075076367)) ;
#5760=CARTESIAN_POINT('Control Point',(3.80853413783,24.6151761164,-83.5075076367)) ;
#5761=CARTESIAN_POINT('Control Point',(3.80853413783,24.6151761164,-83.5075076367)) ;
#5762=CARTESIAN_POINT('Control Point',(3.80853413783,24.6151761164,-83.5075076367)) ;
#5763=CARTESIAN_POINT('Control Point',(3.80853413783,24.6151761164,-83.5075076367)) ;
#5764=CARTESIAN_POINT('Control Point',(3.80853413783,24.6151761164,-83.5075076367)) ;
#5765=CARTESIAN_POINT('Control Point',(3.80958660016,24.4799553386,-83.6809522475)) ;
#5766=CARTESIAN_POINT('Control Point',(3.80949523457,24.4916940268,-83.6855282637)) ;
#5767=CARTESIAN_POINT('Control Point',(3.80940386897,24.5034327149,-83.6901042798)) ;
#5768=CARTESIAN_POINT('Control Point',(3.80931250337,24.515171403,-83.694680296)) ;
#5769=CARTESIAN_POINT('Control Point',(3.80912977218,24.5386487792,-83.7038323283)) ;
#5770=CARTESIAN_POINT('Control Point',(3.80894704098,24.5621261554,-83.7129843607)) ;
#5771=CARTESIAN_POINT('Control Point',(3.80885567539,24.5738648435,-83.7175603768)) ;
#5772=CARTESIAN_POINT('Control Point',(3.80876430979,24.5856035317,-83.722136393)) ;
#5773=CARTESIAN_POINT('Control Point',(3.80867294419,24.5973422198,-83.7267124092)) ;
#5774=CARTESIAN_POINT('Control Point',(3.83346973401,24.3448996648,-83.8544276727)) ;
#5775=CARTESIAN_POINT('Control Point',(3.82925335208,24.3683552516,-83.8635402139)) ;
#5776=CARTESIAN_POINT('Control Point',(3.82604083901,24.3918252947,-83.8726527305)) ;
#5777=CARTESIAN_POINT('Control Point',(3.82383792998,24.4153008891,-83.8817735456)) ;
#5778=CARTESIAN_POINT('Control Point',(3.82145204776,24.4622554709,-83.900047351)) ;
#5779=CARTESIAN_POINT('Control Point',(3.82310695442,24.5092169183,-83.9183842184)) ;
#5780=CARTESIAN_POINT('Control Point',(3.82494437713,24.5326991521,-83.9275686669)) ;
#5781=CARTESIAN_POINT('Control Point',(3.82779141641,24.5561853248,-83.9367607854)) ;
#5782=CARTESIAN_POINT('Control Point',(3.83164241421,24.5796744368,-83.9459483897)) ;
#5783=CARTESIAN_POINT('Control Point',(3.88034135146,24.2122438229,-84.0250366698)) ;
#5784=CARTESIAN_POINT('Control Point',(3.86833341991,24.2459617562,-84.0395034613)) ;
#5785=CARTESIAN_POINT('Control Point',(3.85924524791,24.2803629223,-84.0539703539)) ;
#5786=CARTESIAN_POINT('Control Point',(3.85308078082,24.3152940539,-84.0683200957)) ;
#5787=CARTESIAN_POINT('Control Point',(3.84664071046,24.3858481916,-84.0965550903)) ;
#5788=CARTESIAN_POINT('Control Point',(3.85197802258,24.4569768695,-84.123551383)) ;
#5789=CARTESIAN_POINT('Control Point',(3.85759425198,24.4924835325,-84.1366599468)) ;
#5790=CARTESIAN_POINT('Control Point',(3.86614042283,24.5277188888,-84.1493390053)) ;
#5791=CARTESIAN_POINT('Control Point',(3.8776152788,24.5624907167,-84.1615711304)) ;
#5792=CARTESIAN_POINT('Control Point',(3.9871532244,24.0200371525,-84.2726357804)) ;
#5793=CARTESIAN_POINT('Control Point',(3.95691641681,24.065540205,-84.2957508601)) ;
#5794=CARTESIAN_POINT('Control Point',(3.93373571956,24.1148010701,-84.3188657485)) ;
#5795=CARTESIAN_POINT('Control Point',(3.91802218729,24.1666797861,-84.3416437484)) ;
#5796=CARTESIAN_POINT('Control Point',(3.90187759398,24.2735063361,-84.3858444239)) ;
#5797=CARTESIAN_POINT('Control Point',(3.91634418326,24.3822704086,-84.4256860336)) ;
#5798=CARTESIAN_POINT('Control Point',(3.93123507588,24.4360847605,-84.4441096726)) ;
#5799=CARTESIAN_POINT('Control Point',(3.95362594701,24.4883010672,-84.4605529677)) ;
#5800=CARTESIAN_POINT('Control Point',(3.98312296239,24.5378468111,-84.4744901399)) ;
#5801=CARTESIAN_POINT('Control Point',(4.16479796328,23.8512732391,-84.490870025)) ;
#5802=CARTESIAN_POINT('Control Point',(4.11243633045,23.8956785523,-84.5310657049)) ;
#5803=CARTESIAN_POINT('Control Point',(4.07028555484,23.9518218148,-84.5712618987)) ;
#5804=CARTESIAN_POINT('Control Point',(4.04097498638,24.0174133429,-84.609456759)) ;
#5805=CARTESIAN_POINT('Control Point',(4.01107994319,24.1605211549,-84.6778615699)) ;
#5806=CARTESIAN_POINT('Control Point',(4.03867779588,24.3125572878,-84.7245107967)) ;
#5807=CARTESIAN_POINT('Control Point',(4.06689779443,24.3870826137,-84.7409367751)) ;
#5808=CARTESIAN_POINT('Control Point',(4.1080737764,24.4561812236,-84.749562803)) ;
#5809=CARTESIAN_POINT('Control Point',(4.15961815211,24.5167774288,-84.7502991796)) ;
#5810=CARTESIAN_POINT('Control Point',(4.23118558111,23.799485395,-84.5579578961)) ;
#5811=CARTESIAN_POINT('Control Point',(4.17203065104,23.8421549718,-84.6043961618)) ;
#5812=CARTESIAN_POINT('Control Point',(4.12387121476,23.8996996173,-84.6508350551)) ;
#5813=CARTESIAN_POINT('Control Point',(4.09019302789,23.9694254863,-84.694620158)) ;
#5814=CARTESIAN_POINT('Control Point',(4.05587911445,24.12432877,-84.7715990021)) ;
#5815=CARTESIAN_POINT('Control Point',(4.0876908244,24.2909095811,-84.8199422044)) ;
#5816=CARTESIAN_POINT('Control Point',(4.12019267086,24.3723203938,-84.8350737277)) ;
#5817=CARTESIAN_POINT('Control Point',(4.1673248624,24.4467565596,-84.8400840527)) ;
#5818=CARTESIAN_POINT('Control Point',(4.22565239227,24.5103916869,-84.8350858559)) ;
#5819=CARTESIAN_POINT('Control Point',(4.37234110388,23.7124040788,-84.6710603402)) ;
#5820=CARTESIAN_POINT('Control Point',(4.3005988463,23.7460042232,-84.7353076816)) ;
#5821=CARTESIAN_POINT('Control Point',(4.24025661631,23.8018122012,-84.7995580862)) ;
#5822=CARTESIAN_POINT('Control Point',(4.19728073042,23.8769639322,-84.8587706847)) ;
#5823=CARTESIAN_POINT('Control Point',(4.15359406104,24.0527495583,-84.9571696318)) ;
#5824=CARTESIAN_POINT('Control Point',(4.19438254182,24.2493243507,-85.0039255164)) ;
#5825=CARTESIAN_POINT('Control Point',(4.23602652973,24.3452953998,-85.0114205943)) ;
#5826=CARTESIAN_POINT('Control Point',(4.29526987919,24.4306720272,-85.0022072629)) ;
#5827=CARTESIAN_POINT('Control Point',(4.36621215422,24.4998539569,-84.9780267865)) ;
#5828=CARTESIAN_POINT('Control Point',(4.54610602246,23.652294985,-84.7498928843)) ;
#5829=CARTESIAN_POINT('Control Point',(4.48070999971,23.6693590283,-84.8406136926)) ;
#5830=CARTESIAN_POINT('Control Point',(4.42388920314,23.7166248316,-84.9313448696)) ;
#5831=CARTESIAN_POINT('Control Point',(4.38260855582,23.7923277737,-85.0128025478)) ;
#5832=CARTESIAN_POINT('Control Point',(4.34054275043,23.9832989891,-85.1390612372)) ;
#5833=CARTESIAN_POINT('Control Point',(4.37935859442,24.2098841002,-85.1755758053)) ;
#5834=CARTESIAN_POINT('Control Point',(4.41918289907,24.321292642,-85.1670585755)) ;
#5835=CARTESIAN_POINT('Control Point',(4.4748811245,24.4182552228,-85.1325510082)) ;
#5836=CARTESIAN_POINT('Control Point',(4.53956182668,24.4930958505,-85.0776567979)) ;
#5837=CARTESIAN_POINT('Control Point',(4.63317597182,23.6320289672,-84.7767558891)) ;
#5838=CARTESIAN_POINT('Control Point',(4.57626862994,23.6385475579,-84.884648004)) ;
#5839=CARTESIAN_POINT('Control Point',(4.52568924868,23.6789902353,-84.9925573715)) ;
#5840=CARTESIAN_POINT('Control Point',(4.48839881542,23.7527688297,-85.0881863545)) ;
#5841=CARTESIAN_POINT('Control Point',(4.45029368701,23.9482899849,-85.231060212)) ;
#5842=CARTESIAN_POINT('Control Point',(4.48500027092,24.1894151727,-85.2584013485)) ;
#5843=CARTESIAN_POINT('Control Point',(4.52078613748,24.3089439033,-85.2381280983)) ;
#5844=CARTESIAN_POINT('Control Point',(4.57024531605,24.412425311,-85.1863237175)) ;
#5845=CARTESIAN_POINT('Control Point',(4.62649027598,24.4910098156,-85.1116067868)) ;
#5846=CARTESIAN_POINT('Control Point',(4.72479074159,23.6222773166,-84.7901783303)) ;
#5847=CARTESIAN_POINT('Control Point',(4.69664551212,23.6220582542,-84.9100887037)) ;
#5848=CARTESIAN_POINT('Control Point',(4.67150067371,23.6577700133,-85.0300222694)) ;
#5849=CARTESIAN_POINT('Control Point',(4.65278303391,23.7297202605,-85.1354796179)) ;
#5850=CARTESIAN_POINT('Control Point',(4.63315576407,23.9269359173,-85.2894897775)) ;
#5851=CARTESIAN_POINT('Control Point',(4.6493048758,24.1765953918,-85.3096820336)) ;
#5852=CARTESIAN_POINT('Control Point',(4.66649283684,24.3011788766,-85.2808381472)) ;
#5853=CARTESIAN_POINT('Control Point',(4.69052073627,24.4089718801,-85.2168461064)) ;
#5854=CARTESIAN_POINT('Control Point',(4.71803434446,24.4903418943,-85.1285702789)) ;
#5855=CARTESIAN_POINT('Control Point',(4.81628690226,23.6229894576,-84.7901783303)) ;
#5856=CARTESIAN_POINT('Control Point',(4.81628690226,23.6229894576,-84.9100887037)) ;
#5857=CARTESIAN_POINT('Control Point',(4.816007441,23.6588947511,-85.0300222694)) ;
#5858=CARTESIAN_POINT('Control Point',(4.81544633155,23.7309863159,-85.1354796179)) ;
#5859=CARTESIAN_POINT('Control Point',(4.81391024922,23.9283427816,-85.2894897775)) ;
#5860=CARTESIAN_POINT('Control Point',(4.81196817343,24.1778614472,-85.3096820336)) ;
#5861=CARTESIAN_POINT('Control Point',(4.81099960413,24.3023036145,-85.2808381472)) ;
#5862=CARTESIAN_POINT('Control Point',(4.81016212641,24.4099030835,-85.2168461064)) ;
#5863=CARTESIAN_POINT('Control Point',(4.80953050514,24.4910540353,-85.1285702789)) ;
#5865=CARTESIAN_POINT('Control Point',(3.80853413783,24.6151761164,-83.5075076367)) ;
#5866=CARTESIAN_POINT('Control Point',(3.80853666241,24.6148517571,-83.5114944887)) ;
#5867=CARTESIAN_POINT('Control Point',(3.80853918699,24.6145273978,-83.5154813407)) ;
#5868=CARTESIAN_POINT('Control Point',(3.8085643881,24.6142030677,-83.5194681922)) ;
#5869=CARTESIAN_POINT('Control Point',(3.80863428934,24.6133041386,-83.5305216999)) ;
#5870=CARTESIAN_POINT('Control Point',(3.80876229243,24.6124056603,-83.5415752246)) ;
#5871=CARTESIAN_POINT('Control Point',(3.80886790277,24.6118314667,-83.5486415152)) ;
#5872=CARTESIAN_POINT('Control Point',(3.81168404092,24.5993371645,-83.7024515617)) ;
#5873=CARTESIAN_POINT('Control Point',(3.82576609626,24.5869499062,-83.8560261051)) ;
#5874=CARTESIAN_POINT('Control Point',(3.84952721124,24.5753151563,-84.0012777003)) ;
#5875=CARTESIAN_POINT('Control Point',(3.89869563323,24.5591661825,-84.2044285915)) ;
#5876=CARTESIAN_POINT('Control Point',(3.97246987734,24.5438786082,-84.3993537711)) ;
#5877=CARTESIAN_POINT('Control Point',(3.99645027909,24.5394604485,-84.4559418401)) ;
#5878=CARTESIAN_POINT('Control Point',(4.0348156233,24.5331765612,-84.5368321048)) ;
#5879=CARTESIAN_POINT('Control Point',(4.07850567722,24.5271631662,-84.6149092836)) ;
#5880=CARTESIAN_POINT('Control Point',(4.09272548949,24.5253085524,-84.6390605078)) ;
#5881=CARTESIAN_POINT('Control Point',(4.12225356036,24.5216637916,-84.6866743892)) ;
#5882=CARTESIAN_POINT('Control Point',(4.15404963488,24.5181566121,-84.7328152588)) ;
#5883=CARTESIAN_POINT('Control Point',(4.17054407569,24.5164390566,-84.7554997626)) ;
#5884=CARTESIAN_POINT('Control Point',(4.20311049742,24.51324502,-84.7978653114)) ;
#5885=CARTESIAN_POINT('Control Point',(4.2379089036,24.5102153662,-84.8384251118)) ;
#5886=CARTESIAN_POINT('Control Point',(4.25499117465,24.5088134506,-84.8572869767)) ;
#5887=CARTESIAN_POINT('Control Point',(4.29017765155,24.5060999329,-84.893998095)) ;
#5888=CARTESIAN_POINT('Control Point',(4.32749777828,24.5035785974,-84.9285524793)) ;
#5889=CARTESIAN_POINT('Control Point',(4.34670098507,24.5023699054,-84.9452427014)) ;
#5890=CARTESIAN_POINT('Control Point',(4.38465703166,24.5001559429,-84.9760797256)) ;
#5891=CARTESIAN_POINT('Control Point',(4.4246093768,24.498171218,-85.0042915341)) ;
#5892=CARTESIAN_POINT('Control Point',(4.44423346142,24.4972757925,-85.0171723004)) ;
#5893=CARTESIAN_POINT('Control Point',(4.48437449239,24.4956074315,-85.0415135401)) ;
#5894=CARTESIAN_POINT('Control Point',(4.52623148263,24.4942020743,-85.0627877395)) ;
#5895=CARTESIAN_POINT('Control Point',(4.54758032798,24.4935693377,-85.0726052914)) ;
#5896=CARTESIAN_POINT('Control Point',(4.61054003062,24.4919530906,-85.0984885693)) ;
#5897=CARTESIAN_POINT('Control Point',(4.6763655651,24.490999815,-85.1165003022)) ;
#5898=CARTESIAN_POINT('Control Point',(4.72041497602,24.4906877979,-85.1245472175)) ;
#5899=CARTESIAN_POINT('Control Point',(4.7649740867,24.4907072398,-85.1285702789)) ;
#5900=CARTESIAN_POINT('Control Point',(4.80953050514,24.4910540353,-85.1285702789)) ;
#5901=CARTESIAN_POINT('Vertex',(4.80953050514,24.491054035,-85.1285702792)) ;
#5903=CARTESIAN_POINT('Vertex',(3.80853413783,24.6151761164,-83.5075076367)) ;
#5907=CARTESIAN_POINT('Control Point',(3.80853413783,24.6151761164,-83.5075076367)) ;
#5908=CARTESIAN_POINT('Control Point',(3.8085532798,24.6127167483,-83.5106622122)) ;
#5909=CARTESIAN_POINT('Control Point',(3.80857242177,24.6102573801,-83.5138167876)) ;
#5910=CARTESIAN_POINT('Control Point',(3.80861423828,24.6077982972,-83.5169714623)) ;
#5911=CARTESIAN_POINT('Control Point',(3.80873020924,24.600980313,-83.5257175834)) ;
#5912=CARTESIAN_POINT('Control Point',(3.8089042821,24.5941627705,-83.534463718)) ;
#5913=CARTESIAN_POINT('Control Point',(3.80903934391,24.5898046412,-83.5400549416)) ;
#5914=CARTESIAN_POINT('Control Point',(3.812496544,24.4949464472,-83.6617576097)) ;
#5915=CARTESIAN_POINT('Control Point',(3.82721868235,24.4003210702,-83.783273804)) ;
#5916=CARTESIAN_POINT('Control Point',(3.8515851899,24.3109052431,-83.8982045096)) ;
#5917=CARTESIAN_POINT('Control Point',(3.90160031577,24.1859714195,-84.0589485128)) ;
#5918=CARTESIAN_POINT('Control Point',(3.97618698703,24.0663028837,-84.2131835435)) ;
#5919=CARTESIAN_POINT('Control Point',(4.0004032414,24.0315822861,-84.2579590109)) ;
#5920=CARTESIAN_POINT('Control Point',(4.0391057254,23.9819825452,-84.3219637391)) ;
#5921=CARTESIAN_POINT('Control Point',(4.08312119632,23.9341594443,-84.3837425132)) ;
#5922=CARTESIAN_POINT('Control Point',(4.09744166807,23.919372061,-84.4028522403)) ;
#5923=CARTESIAN_POINT('Control Point',(4.12716818754,23.8902305466,-84.4405268886)) ;
#5924=CARTESIAN_POINT('Control Point',(4.15915657216,23.8620152883,-84.4770359691)) ;
#5925=CARTESIAN_POINT('Control Point',(4.17574555934,23.848150378,-84.4949851489)) ;
#5926=CARTESIAN_POINT('Control Point',(4.20848855517,23.8222700308,-84.5285070413)) ;
#5927=CARTESIAN_POINT('Control Point',(4.24345601024,23.7975209091,-84.5606000832)) ;
#5928=CARTESIAN_POINT('Control Point',(4.26061689534,23.7860186287,-84.5755245889)) ;
#5929=CARTESIAN_POINT('Control Point',(4.29595637934,23.7636466976,-84.6045723962)) ;
#5930=CARTESIAN_POINT('Control Point',(4.33342052515,23.742621735,-84.6319136322)) ;
#5931=CARTESIAN_POINT('Control Point',(4.35269329483,23.7324755745,-84.6451198194)) ;
#5932=CARTESIAN_POINT('Control Point',(4.39077786597,23.7137487278,-84.6695197337)) ;
#5933=CARTESIAN_POINT('Control Point',(4.43084779506,23.6966567694,-84.6918423879)) ;
#5934=CARTESIAN_POINT('Control Point',(4.4505255652,23.6888638082,-84.7020343329)) ;
#5935=CARTESIAN_POINT('Control Point',(4.49076804711,23.6741609905,-84.7212944355)) ;
#5936=CARTESIAN_POINT('Control Point',(4.53271370616,23.6613634294,-84.7381276864)) ;
#5937=CARTESIAN_POINT('Control Point',(4.55410346986,23.6554734859,-84.7458958557)) ;
#5938=CARTESIAN_POINT('Control Point',(4.61717105037,23.6399970482,-84.766376106)) ;
#5939=CARTESIAN_POINT('Control Point',(4.68307165671,23.6293985104,-84.7806278892)) ;
#5940=CARTESIAN_POINT('Control Point',(4.7271546055,23.6247775338,-84.7869950709)) ;
#5941=CARTESIAN_POINT('Control Point',(4.77173048383,23.6226426622,-84.7901783303)) ;
#5942=CARTESIAN_POINT('Control Point',(4.81628690226,23.6229894576,-84.7901783303)) ;
#5945=CARTESIAN_POINT('Control Point',(4.81628690226,23.6229894576,-84.7901783303)) ;
#5946=CARTESIAN_POINT('Control Point',(4.81628690226,23.6229894576,-85.029999077)) ;
#5947=CARTESIAN_POINT('Control Point',(4.81517861452,23.7653827053,-85.272255218)) ;
#5948=CARTESIAN_POINT('Control Point',(4.81288571975,24.0599747334,-85.3870941055)) ;
#5949=CARTESIAN_POINT('Control Point',(4.81079374769,24.3287521317,-85.3051219339)) ;
#5950=CARTESIAN_POINT('Control Point',(4.80953050514,24.4910540353,-85.1285702789)) ;
#5958=CARTESIAN_POINT('Axis2P3D Location',(4.80850384941,24.6229591692,-63.592933338)) ;
#5963=CARTESIAN_POINT('Line Origine',(3.80853413783,24.6151761164,-63.592933338)) ;
#5967=CARTESIAN_POINT('Vertex',(3.80853413783,24.6151761164,-42.9956883448)) ;
#5970=CARTESIAN_POINT('Axis2P3D Location',(4.80850384941,24.6229591692,-42.9956883448)) ;
#5982=CARTESIAN_POINT('Line Origine',(-0.190318053588,24.4521387716,-85.128570279)) ;
#5995=CARTESIAN_POINT('Line Origine',(5.34088488334,26.036634901,-83.4518911617)) ;
#5999=CARTESIAN_POINT('Vertex',(4.79753371919,26.0324058427,-83.4518911611)) ;
#6002=CARTESIAN_POINT('Line Origine',(4.80353211217,25.2617299386,-84.2902307204)) ;
#6014=CARTESIAN_POINT('Axis2P3D Location',(4.78261236935,27.9495067776,-79.8888964392)) ;
#6019=CARTESIAN_POINT('Axis2P3D Location',(4.8032634606,25.2962463983,-82.7751072645)) ;
#6023=CARTESIAN_POINT('Vertex',(3.80329374896,25.2884633522,-82.7751072574)) ;
#6026=CARTESIAN_POINT('Line Origine',(3.78264265777,27.9417237248,-79.8888964392)) ;
#6038=CARTESIAN_POINT('Axis2P3D Location',(4.80383643468,25.2226304612,-82.707428867)) ;
#6042=CARTESIAN_POINT('Vertex',(4.79538280797,26.3087557238,-82.881384178)) ;
#6045=CARTESIAN_POINT('Line Origine',(-0.204465696588,26.26984046,-82.881384178)) ;
#6057=CARTESIAN_POINT('Axis2P3D Location',(4.80383643468,25.2226304612,-82.707428867)) ;
#6062=CARTESIAN_POINT('Axis2P3D Location',(3.8038667231,25.2148474084,-82.707428867)) ;
#6066=CARTESIAN_POINT('Vertex',(3.80309821226,25.313585985,-82.7232435079)) ;
#6069=CARTESIAN_POINT('Axis2P3D Location',(4.8030679232,25.3213691215,-82.7232429862)) ;
#6081=CARTESIAN_POINT('Line Origine',(7.67691824237,32.2799377499,-45.7390051145)) ;
#6085=CARTESIAN_POINT('Vertex',(4.74908474229,32.2571495769,-45.739005115)) ;
#6088=CARTESIAN_POINT('Line Origine',(4.7722337753,29.2829526503,-64.310194646)) ;
#6100=CARTESIAN_POINT('Axis2P3D Location',(4.7792219456,28.3851097645,-63.592933338)) ;
#6105=CARTESIAN_POINT('Line Origine',(3.77925223401,28.3773267117,-63.592933338)) ;
#6109=CARTESIAN_POINT('Vertex',(3.75680014633,31.2619798263,-45.580864519)) ;
#6112=CARTESIAN_POINT('Axis2P3D Location',(4.75676985782,31.2697628908,-45.5808644448)) ;
#6124=CARTESIAN_POINT('Axis2P3D Location',(4.76061241572,30.7760695303,-45.501794221)) ;
#6128=CARTESIAN_POINT('Vertex',(4.75172844766,31.917485264,-44.5286081146)) ;
#6131=CARTESIAN_POINT('Line Origine',(-0.248120084405,31.8785699998,-44.5286081144)) ;
#6143=CARTESIAN_POINT('Axis2P3D Location',(4.76061241572,30.7760695303,-45.501794221)) ;
#6148=CARTESIAN_POINT('Axis2P3D Location',(3.76064270414,30.7682864774,-45.501794221)) ;
#6152=CARTESIAN_POINT('Vertex',(3.7576813802,31.1487585489,-45.1773990402)) ;
#6155=CARTESIAN_POINT('Axis2P3D Location',(4.75765109304,31.1565414415,-45.1773988521)) ;
#6167=CARTESIAN_POINT('Line Origine',(7.93660502163,30.1465792381,-42.4225018891)) ;
#6171=CARTESIAN_POINT('Vertex',(4.76570401178,30.1218992535,-42.4225019506)) ;
#6174=CARTESIAN_POINT('Line Origine',(4.75871623013,31.0196922059,-43.4755549709)) ;
#6186=CARTESIAN_POINT('Axis2P3D Location',(4.78261236935,27.9495067776,-41.4157547808)) ;
#6191=CARTESIAN_POINT('Line Origine',(3.78264265777,27.9417237248,-41.4157547808)) ;
#6195=CARTESIAN_POINT('Vertex',(3.77165694429,29.3531725418,-43.0712928802)) ;
#6198=CARTESIAN_POINT('Axis2P3D Location',(4.77162665673,29.3609554855,-43.0712927529)) ;
#6210=CARTESIAN_POINT('Axis2P3D Location',(4.77458797793,28.9804837653,-43.395688345)) ;
#6214=CARTESIAN_POINT('Vertex',(4.77458797728,28.9804838483,-41.895688345)) ;
#6217=CARTESIAN_POINT('Line Origine',(-0.225260579959,28.941568501,-41.895688345)) ;
#6229=CARTESIAN_POINT('Axis2P3D Location',(4.77458797793,28.9804837653,-43.395688345)) ;
#6234=CARTESIAN_POINT('Axis2P3D Location',(3.77461826634,28.9727007124,-43.395688345)) ;
#6238=CARTESIAN_POINT('Vertex',(3.77461826569,28.9727007955,-42.895688345)) ;
#6241=CARTESIAN_POINT('Axis2P3D Location',(4.77458797793,28.9804837653,-42.895688345)) ;
#6253=CARTESIAN_POINT('Line Origine',(8.02701391278,24.7480127915,-41.895688345)) ;
#6257=CARTESIAN_POINT('Vertex',(4.80772554413,24.7229561404,-41.895688345)) ;
#6260=CARTESIAN_POINT('Line Origine',(4.7911567607,26.8517199947,-41.895688345)) ;
#6272=CARTESIAN_POINT('Axis2P3D Location',(4.78261236935,27.9495067776,-42.895688345)) ;
#6277=CARTESIAN_POINT('Line Origine',(3.78264265777,27.9417237248,-42.895688345)) ;
#6281=CARTESIAN_POINT('Vertex',(3.80775583254,24.7151730875,-42.895688345)) ;
#6284=CARTESIAN_POINT('Axis2P3D Location',(4.80772554412,24.7229561411,-42.895688345)) ;
#6296=CARTESIAN_POINT('Axis2P3D Location',(4.80772554413,24.7229561404,-42.995688345)) ;
#6308=CARTESIAN_POINT('Axis2P3D Location',(4.80772554413,24.7229561404,-42.995688345)) ;
#6313=CARTESIAN_POINT('Axis2P3D Location',(3.80775583254,24.7151730875,-42.995688345)) ;
#6325=CARTESIAN_POINT('Axis2P3D Location',(3.81631719068,23.6152064048,-39.609527758)) ;
#32=DIRECTION('Axis2P3D Direction',(-0.999969711585,-0.00778305285034,7.549645382E-032)) ;
#33=DIRECTION('Axis2P3D XDirection',(-3.93294432857E-018,5.05306244419E-016,1.)) ;
#37=DIRECTION('Vector Direction',(0.,5.26174396621E-016,1.)) ;
#46=DIRECTION('Axis2P3D Direction',(-0.999969711585,-0.00778305285034,7.549645382E-032)) ;
#53=DIRECTION('Vector Direction',(0.00778305285034,-0.999969711585,0.)) ;
#60=DIRECTION('Axis2P3D Direction',(-0.999969711585,-0.00778305285034,7.549645382E-032)) ;
#67=DIRECTION('Vector Direction',(0.00504957406283,-0.64877127476,0.760966710736)) ;
#74=DIRECTION('Axis2P3D Direction',(-0.999969711585,-0.00778305285034,7.549645382E-032)) ;
#81=DIRECTION('Vector Direction',(-0.00123081719004,0.158135879867,0.987416593231)) ;
#88=DIRECTION('Axis2P3D Direction',(-0.999969711585,-0.00778305285034,7.549645382E-032)) ;
#95=DIRECTION('Vector Direction',(-0.00526744483971,0.67676339843,0.736181741536)) ;
#112=DIRECTION('Axis2P3D Direction',(-0.999969711585,-0.00778305285034,-2.11354371504E-015)) ;
#113=DIRECTION('Axis2P3D XDirection',(-3.5527136788E-015,7.1054273576E-014,1.)) ;
#117=DIRECTION('Axis2P3D Direction',(0.00778305285034,-0.999969711585,2.84112651036E-014)) ;
#124=DIRECTION('Axis2P3D Direction',(-0.999969711585,-0.00778305285034,-2.11354371504E-015)) ;
#131=DIRECTION('Axis2P3D Direction',(0.00504957409391,-0.648771278753,0.760966707331)) ;
#143=DIRECTION('Axis2P3D Direction',(0.00778305285034,-0.999969711585,0.)) ;
#144=DIRECTION('Axis2P3D XDirection',(0.999969711585,0.00778305285034,-1.83697019872E-016)) ;
#148=DIRECTION('Axis2P3D Direction',(0.00778305285034,-0.999969711585,0.)) ;
#155=DIRECTION('Vector Direction',(0.00778305285034,-0.999969711585,0.)) ;
#167=DIRECTION('Axis2P3D Direction',(-0.999969711585,-0.00778305285035,7.55038392919E-016)) ;
#168=DIRECTION('Axis2P3D XDirection',(0.00778305285035,-0.999969711585,-2.13162820728E-013)) ;
#172=DIRECTION('Axis2P3D Direction',(-8.56978432824E-016,1.30943583895E-014,-1.)) ;
#179=DIRECTION('Axis2P3D Direction',(-0.999969711585,-0.00778305285035,7.55038392919E-016)) ;
#191=DIRECTION('Axis2P3D Direction',(4.55128895553E-018,3.54239954147E-020,1.)) ;
#192=DIRECTION('Axis2P3D XDirection',(0.00778305285034,-0.999969711585,0.)) ;
#212=DIRECTION('Vector Direction',(0.,0.,1.)) ;
#387=DIRECTION('Axis2P3D Direction',(-0.00526744483971,0.67676339843,0.736181741536)) ;
#388=DIRECTION('Axis2P3D XDirection',(0.999969711585,0.00778305285034,5.74073413964E-016)) ;
#392=DIRECTION('Axis2P3D Direction',(-0.00526744483971,0.67676339843,0.736181741536)) ;
#399=DIRECTION('Vector Direction',(-0.00526744483971,0.67676339843,0.736181741536)) ;
#411=DIRECTION('Axis2P3D Direction',(-0.999969711585,-0.00778305285034,-6.50521303491E-019)) ;
#412=DIRECTION('Axis2P3D XDirection',(-0.0076851148796,0.98738660233,-0.158141191816)) ;
#416=DIRECTION('Axis2P3D Direction',(-0.00123082125372,0.15813640197,0.98741650961)) ;
#423=DIRECTION('Axis2P3D Direction',(-0.999969711585,-0.00778305285034,-6.50521303491E-019)) ;
#435=DIRECTION('Axis2P3D Direction',(-0.00123081719004,0.158135879867,0.987416593231)) ;
#436=DIRECTION('Axis2P3D XDirection',(0.999969711585,0.00778305285034,1.16658550656E-016)) ;
#440=DIRECTION('Axis2P3D Direction',(-0.00123081719004,0.158135879867,0.987416593231)) ;
#447=DIRECTION('Vector Direction',(-0.00123081719004,0.158135879867,0.987416593231)) ;
#459=DIRECTION('Axis2P3D Direction',(-0.999969711585,-0.00778305285034,4.33680868994E-019)) ;
#460=DIRECTION('Axis2P3D XDirection',(-0.00592264537352,0.760943822412,0.648790737761)) ;
#464=DIRECTION('Axis2P3D Direction',(0.0050495726008,-0.648771086918,0.760966870893)) ;
#471=DIRECTION('Axis2P3D Direction',(-0.999969711585,-0.00778305285034,4.33680868994E-019)) ;
#483=DIRECTION('Axis2P3D Direction',(0.00504957406283,-0.64877127476,0.760966710736)) ;
#484=DIRECTION('Axis2P3D XDirection',(0.999969711585,0.00778305285034,-6.45789310384E-016)) ;
#488=DIRECTION('Vector Direction',(0.00504957406283,-0.64877127476,0.760966710736)) ;
#500=DIRECTION('Axis2P3D Direction',(-0.999969711585,-0.00778305285034,1.23248026931E-016)) ;
#501=DIRECTION('Axis2P3D XDirection',(1.20264498691E-016,3.83804519672E-016,1.)) ;
#505=DIRECTION('Vector Direction',(-0.999969711585,-0.00778305285034,1.23247900774E-016)) ;
#537=DIRECTION('Vector Direction',(-0.999969711585,-0.00778305285034,1.23247900774E-016)) ;
#549=DIRECTION('Axis2P3D Direction',(-1.19311349615E-016,-5.06265490326E-016,-1.)) ;
#550=DIRECTION('Axis2P3D XDirection',(-0.999969711585,-0.00778305285034,1.23248026931E-016)) ;
#554=DIRECTION('Vector Direction',(-0.999969711585,-0.00778305285034,0.)) ;
#561=DIRECTION('Vector Direction',(-0.00778305241288,0.999969711589,0.)) ;
#573=DIRECTION('Axis2P3D Direction',(-0.999969711585,-0.00778305285034,1.23248026931E-016)) ;
#574=DIRECTION('Axis2P3D XDirection',(-1.19311349615E-016,-5.06265490326E-016,-1.)) ;
#578=DIRECTION('Vector Direction',(-0.999969711585,-0.00778305285034,1.23247900774E-016)) ;
#612=DIRECTION('Axis2P3D Direction',(-0.00778305285034,0.999969711585,-5.05321549807E-016)) ;
#613=DIRECTION('Axis2P3D XDirection',(-0.999969711585,-0.00778305285034,1.23248026931E-016)) ;
#617=DIRECTION('Vector Direction',(-0.999969711585,-0.00778305285034,-1.55782813006E-010)) ;
#624=DIRECTION('Vector Direction',(-0.124277728806,-0.000967289429084,0.992247000738)) ;
#636=DIRECTION('Axis2P3D Direction',(-0.999969711585,-0.00778305285034,1.23248026931E-016)) ;
#637=DIRECTION('Axis2P3D XDirection',(-1.19311349615E-016,-5.06265490326E-016,-1.)) ;
#641=DIRECTION('Vector Direction',(-0.999969711585,-0.00778305285034,1.23247900774E-016)) ;
#672=DIRECTION('Axis2P3D Direction',(0.00572974140183,-0.736159443758,0.676783897141)) ;
#673=DIRECTION('Axis2P3D XDirection',(-0.999969711585,-0.00778305285034,1.23248026931E-016)) ;
#677=DIRECTION('Vector Direction',(-0.999969711585,-0.00778305285034,0.)) ;
#684=DIRECTION('Vector Direction',(0.097061600893,-0.673189910468,-0.733071886022)) ;
#696=DIRECTION('Axis2P3D Direction',(-0.999969711585,-0.00778305285034,1.23248026931E-016)) ;
#697=DIRECTION('Axis2P3D XDirection',(1.20264498691E-016,3.83804519672E-016,1.)) ;
#701=DIRECTION('Vector Direction',(-0.999969711585,-0.00778305285034,1.23247900774E-016)) ;
#723=DIRECTION('Axis2P3D Direction',(0.00768511553042,-0.987386685948,0.158140669697)) ;
#724=DIRECTION('Axis2P3D XDirection',(-0.999969711585,-0.00778305285034,-1.67030784731E-015)) ;
#728=DIRECTION('Vector Direction',(0.999969711585,0.00778305285034,2.4267814627E-015)) ;
#735=DIRECTION('Vector Direction',(0.123959112983,-0.155984864468,-0.979950437709)) ;
#747=DIRECTION('Axis2P3D Direction',(0.999969711585,0.00778305285034,-1.23248026931E-016)) ;
#748=DIRECTION('Axis2P3D XDirection',(-1.19311349615E-016,-5.06265490326E-016,-1.)) ;
#752=DIRECTION('Vector Direction',(0.999969711585,0.00778305285034,-1.23247900774E-016)) ;
#780=DIRECTION('Axis2P3D Direction',(0.00592264412701,-0.760943662261,-0.648790925608)) ;
#781=DIRECTION('Axis2P3D XDirection',(-0.999969711585,-0.00778305285034,1.93671247275E-015)) ;
#785=DIRECTION('Vector Direction',(-0.0898533784685,-0.646582775385,0.757533553681)) ;
#797=DIRECTION('Axis2P3D Direction',(-0.670891783692,-0.522858088644,-0.525855145181)) ;
#798=DIRECTION('Axis2P3D XDirection',(-0.614578001065,-0.00478343794587,0.788841555275)) ;
#802=DIRECTION('Vector Direction',(-0.736091488037,0.555472446119,0.386807035667)) ;
#809=DIRECTION('Vector Direction',(0.0898533626775,0.646582776404,-0.757533554685)) ;
#816=DIRECTION('Vector Direction',(-0.736091385585,0.555473183365,0.386806171913)) ;
#884=DIRECTION('Axis2P3D Direction',(-0.661689299996,-0.00515011878128,-0.749760459445)) ;
#885=DIRECTION('Axis2P3D XDirection',(-0.749737750389,-0.00583542528096,0.661709342123)) ;
#889=DIRECTION('Vector Direction',(-0.749737750389,-0.00583542528096,0.661709342123)) ;
#896=DIRECTION('Vector Direction',(-0.00778305285033,0.999969711585,2.50328779888E-014)) ;
#974=DIRECTION('Axis2P3D Direction',(-0.707106781187,0.701624582834,-0.0878802865442)) ;
#975=DIRECTION('Axis2P3D XDirection',(-0.704349681319,-0.709853172442,-5.45861655547E-014)) ;
#979=DIRECTION('Vector Direction',(-0.696099882974,-0.712546145258,-0.0878802810766)) ;
#986=DIRECTION('Vector Direction',(-0.124277728834,-0.000967289456773,0.992247000735)) ;
#1075=DIRECTION('Axis2P3D Direction',(-0.728878612265,-0.549626786215,0.40822342468)) ;
#1076=DIRECTION('Axis2P3D XDirection',(0.602078643967,-0.798436789282,1.76681531754E-013)) ;
#1080=DIRECTION('Vector Direction',(-0.677727888402,0.494697966833,-0.544020983872)) ;
#1087=DIRECTION('Vector Direction',(0.0970615552457,-0.673189913718,-0.733071889081)) ;
#1155=DIRECTION('Axis2P3D Direction',(-0.703112897721,-0.710666967852,0.0241808573476)) ;
#1156=DIRECTION('Axis2P3D XDirection',(0.710874827424,-0.703318547839,-3.08103655218E-015)) ;
#1160=DIRECTION('Vector Direction',(-0.700190354878,0.686018481234,-0.197767819275)) ;
#1167=DIRECTION('Vector Direction',(0.123959109904,-0.155984864541,-0.979950438087)) ;
#1227=DIRECTION('Axis2P3D Direction',(-0.99221694715,-0.00772271084734,-0.124281493096)) ;
#1228=DIRECTION('Axis2P3D XDirection',(0.00778305285034,-0.999969711585,-4.46251713947E-016)) ;
#1302=DIRECTION('Vector Direction',(0.124277728807,0.000967289429086,-0.992247000738)) ;
#1309=DIRECTION('Vector Direction',(0.00778305285034,-0.999969711585,-2.67564355256E-016)) ;
#1336=DIRECTION('Axis2P3D Direction',(0.00778305285034,-0.999969711585,9.25881421752E-016)) ;
#1337=DIRECTION('Axis2P3D XDirection',(2.77555756156E-017,9.26125495737E-016,1.)) ;
#1341=DIRECTION('Axis2P3D Direction',(0.00778305285034,-0.999969711585,9.25881421752E-016)) ;
#1348=DIRECTION('Axis2P3D Direction',(0.00778305285034,-0.999969711585,9.25881421752E-016)) ;
#1355=DIRECTION('Vector Direction',(0.00778305285034,-0.999969711585,9.25881593616E-016)) ;
#1367=DIRECTION('Axis2P3D Direction',(-0.661689299828,-0.0051501187615,-0.749760459594)) ;
#1368=DIRECTION('Axis2P3D XDirection',(0.00778305299525,-0.999969711584,-1.52567736222E-010)) ;
#1420=DIRECTION('Axis2P3D Direction',(0.124277728807,0.000967289429058,-0.992247000738)) ;
#1421=DIRECTION('Axis2P3D XDirection',(0.99221694715,0.00772271084734,0.124281493096)) ;
#1425=DIRECTION('Axis2P3D Direction',(0.124277728807,0.000967289429058,-0.992247000738)) ;
#1432=DIRECTION('Vector Direction',(0.124277728807,0.000967289429058,-0.992247000738)) ;
#2112=DIRECTION('Axis2P3D Direction',(1.19311349615E-016,5.06265490326E-016,1.)) ;
#2113=DIRECTION('Axis2P3D XDirection',(-0.999969711585,-0.00778305285034,1.23248026931E-016)) ;
#2117=DIRECTION('Vector Direction',(-0.999969711585,-0.00778305285034,4.99297930825E-016)) ;
#2124=DIRECTION('Vector Direction',(0.00778305285034,-0.999969711585,7.1054273576E-016)) ;
#2131=DIRECTION('Vector Direction',(-0.999969711585,-0.00778305285034,8.881784197E-016)) ;
#2138=DIRECTION('Axis2P3D Direction',(1.19311349615E-016,5.06265490326E-016,1.)) ;
#2145=DIRECTION('Vector Direction',(-0.00778305285034,0.999969711585,-4.6716109626E-016)) ;
#2182=DIRECTION('Axis2P3D Direction',(-0.00778305285034,0.999969711585,-6.38429376476E-016)) ;
#2183=DIRECTION('Axis2P3D XDirection',(-1.88660385559E-016,6.36980315848E-016,1.)) ;
#2187=DIRECTION('Axis2P3D Direction',(-0.00778305285034,0.999969711585,-6.38429376476E-016)) ;
#2194=DIRECTION('Vector Direction',(-0.00778305285034,0.999969711585,-6.38429398236E-016)) ;
#2201=DIRECTION('Axis2P3D Direction',(-0.00778305285034,0.999969711585,-6.38429376476E-016)) ;
#2213=DIRECTION('Axis2P3D Direction',(0.999969711585,0.00778305285034,-1.23248026931E-016)) ;
#2214=DIRECTION('Axis2P3D XDirection',(-1.19311349615E-016,-5.06265490326E-016,-1.)) ;
#2218=DIRECTION('Vector Direction',(-1.54465812122E-016,-6.17863248487E-016,-1.)) ;
#2225=DIRECTION('Vector Direction',(0.00778305285034,-0.999969711585,1.42108547152E-015)) ;
#2232=DIRECTION('Vector Direction',(-1.54465812122E-016,-6.17863248487E-016,-1.)) ;
#2244=DIRECTION('Axis2P3D Direction',(0.00778305285064,-0.999969711585,2.85018218776E-013)) ;
#2245=DIRECTION('Axis2P3D XDirection',(-0.999969711585,-0.00778305285064,1.23248026931E-016)) ;
#2249=DIRECTION('Vector Direction',(0.00778305285064,-0.999969711585,2.85018218449E-013)) ;
#2258=DIRECTION('Axis2P3D Direction',(0.00778305285064,-0.999969711585,2.85018218776E-013)) ;
#2263=DIRECTION('Axis2P3D Direction',(0.00778305285064,-0.999969711585,2.85018218776E-013)) ;
#2275=DIRECTION('Axis2P3D Direction',(1.19311349615E-016,5.06265490326E-016,1.)) ;
#2276=DIRECTION('Axis2P3D XDirection',(-0.999969711585,-0.00778305285034,1.23248026931E-016)) ;
#2280=DIRECTION('Vector Direction',(0.999969711585,0.00778305285034,0.)) ;
#2287=DIRECTION('Vector Direction',(-0.999969711585,-0.00778305285034,0.)) ;
#2294=DIRECTION('Vector Direction',(-0.00778305285034,0.999969711585,-1.42108547152E-015)) ;
#2306=DIRECTION('Axis2P3D Direction',(-0.999969711585,-0.00778305285034,0.)) ;
#2307=DIRECTION('Axis2P3D XDirection',(0.00778305285034,-0.999969711585,0.)) ;
#2311=DIRECTION('Axis2P3D Direction',(-0.999969711585,-0.00778305285034,0.)) ;
#2318=DIRECTION('Vector Direction',(-0.999969711585,-0.00778305285034,0.)) ;
#2325=DIRECTION('Axis2P3D Direction',(-0.999969711585,-0.00778305285034,0.)) ;
#2332=DIRECTION('Vector Direction',(-0.999969711585,-0.00778305285034,0.)) ;
#2345=DIRECTION('Axis2P3D Direction',(0.00778305285348,-0.999969711585,-3.10748735771E-012)) ;
#2346=DIRECTION('Axis2P3D XDirection',(-2.98501112717E-010,7.84261544595E-013,-1.)) ;
#2350=DIRECTION('Axis2P3D Direction',(0.00778305285348,-0.999969711585,-3.10719138912E-012)) ;
#2366=DIRECTION('Axis2P3D Direction',(0.00778305285348,-0.999969711585,-3.10719138912E-012)) ;
#2378=DIRECTION('Axis2P3D Direction',(-1.29942497148E-016,-1.0113799559E-018,-1.)) ;
#2379=DIRECTION('Axis2P3D XDirection',(0.00778305285034,-0.999969711585,0.)) ;
#2383=DIRECTION('Vector Direction',(-1.29942456795E-016,-1.01145758435E-018,-1.)) ;
#2390=DIRECTION('Axis2P3D Direction',(-1.29942497148E-016,-1.0113799559E-018,-1.)) ;
#2397=DIRECTION('Vector Direction',(-1.29942456795E-016,-1.01145758435E-018,-1.)) ;
#2409=DIRECTION('Axis2P3D Direction',(0.00778305285034,-0.999969711585,5.05321549807E-016)) ;
#2410=DIRECTION('Axis2P3D XDirection',(-1.7763568394E-015,0.,1.)) ;
#2414=DIRECTION('Axis2P3D Direction',(0.00778305285034,-0.999969711585,1.38254791621E-017)) ;
#2421=DIRECTION('Axis2P3D Direction',(0.999969711585,0.00778305285034,1.77630303637E-015)) ;
#2428=DIRECTION('Axis2P3D Direction',(0.00778305285034,-0.999969711585,1.38254791621E-017)) ;
#2440=DIRECTION('Axis2P3D Direction',(0.999969711585,0.00778305285034,1.81345563564E-030)) ;
#2441=DIRECTION('Axis2P3D XDirection',(-1.42972361412E-018,1.83691455981E-016,1.)) ;
#2445=DIRECTION('Vector Direction',(0.999969711585,0.00778305285034,0.)) ;
#2452=DIRECTION('Axis2P3D Direction',(0.999969711585,0.00778305285034,1.81345563564E-030)) ;
#2459=DIRECTION('Vector Direction',(0.999969711585,0.00778305285034,0.)) ;
#2471=DIRECTION('Axis2P3D Direction',(0.00778305285034,-0.999969711585,5.05321549807E-016)) ;
#2472=DIRECTION('Axis2P3D XDirection',(-0.999969711585,-0.00778305285034,1.23248026931E-016)) ;
#2476=DIRECTION('Axis2P3D Direction',(0.00778305285034,-0.999969711585,5.05321549807E-016)) ;
#2483=DIRECTION('Vector Direction',(-7.72329060609E-017,-6.17863248487E-016,-1.)) ;
#2490=DIRECTION('Vector Direction',(-0.999969711585,-0.00778305285034,0.)) ;
#2521=DIRECTION('Vector Direction',(0.12427772881,0.000967289429113,0.992247000738)) ;
#2542=DIRECTION('Axis2P3D Direction',(0.00778305285064,-0.999969711585,2.86023591964E-013)) ;
#2543=DIRECTION('Axis2P3D XDirection',(-0.999969711585,-0.00778305285064,1.42108547152E-014)) ;
#2547=DIRECTION('Axis2P3D Direction',(1.19842875582E-014,2.86125532596E-013,1.)) ;
#2559=DIRECTION('Axis2P3D Direction',(-1.29942497149E-016,-1.0113799559E-018,-1.)) ;
#2560=DIRECTION('Axis2P3D XDirection',(0.999969711585,0.00778305285034,-1.2994643302E-016)) ;
#2564=DIRECTION('Axis2P3D Direction',(-1.29942497149E-016,-1.0113799559E-018,-1.)) ;
#2571=DIRECTION('Axis2P3D Direction',(-1.29942497149E-016,-1.0113799559E-018,-1.)) ;
#2584=DIRECTION('Axis2P3D Direction',(0.,0.,1.)) ;
#2585=DIRECTION('Axis2P3D XDirection',(0.967910972234,-0.251293354128,0.)) ;
#2589=DIRECTION('Axis2P3D Direction',(-0.999969711585,-0.00778305284989,0.)) ;
#2601=DIRECTION('Axis2P3D Direction',(-0.999969711585,-0.00778305285034,0.)) ;
#2602=DIRECTION('Axis2P3D XDirection',(0.00778305285034,-0.999969711585,0.)) ;
#2613=DIRECTION('Axis2P3D Direction',(-0.999969714724,-0.00778264957501,-1.40312398145E-007)) ;
#2614=DIRECTION('Axis2P3D XDirection',(0.00142005716602,-0.182476687656,0.983209154707)) ;
#2638=DIRECTION('Axis2P3D Direction',(0.00470436625638,-0.60446452245,0.796618170793)) ;
#2649=DIRECTION('Axis2P3D Direction',(1.19311349615E-016,5.06265490326E-016,1.)) ;
#2650=DIRECTION('Axis2P3D XDirection',(-0.999969711585,-0.00778305285034,1.23248026931E-016)) ;
#2654=DIRECTION('Vector Direction',(-0.999969711585,-0.00778305285034,1.7763568394E-016)) ;
#2663=DIRECTION('Vector Direction',(0.00778305285034,-0.999969711585,9.32239328666E-016)) ;
#2678=DIRECTION('Vector Direction',(-0.00778305285034,0.999969711585,-9.3223818637E-016)) ;
#2690=DIRECTION('Axis2P3D Direction',(0.999969704775,0.00778392775665,-3.04355413761E-007)) ;
#2691=DIRECTION('Axis2P3D XDirection',(-0.00696416135235,0.894675096376,0.44666315315)) ;
#2695=DIRECTION('Axis2P3D Direction',(-0.00470546983843,0.604461523348,-0.796620439949)) ;
#2734=DIRECTION('Axis2P3D Direction',(-0.999969711585,-0.00778305285034,0.)) ;
#2735=DIRECTION('Axis2P3D XDirection',(0.00778305285034,-0.999969711585,-1.83697019872E-016)) ;
#2739=DIRECTION('Vector Direction',(-0.999969711585,-0.00778305285034,0.)) ;
#2748=DIRECTION('Axis2P3D Direction',(-0.999969711585,-0.00778305285034,0.)) ;
#2755=DIRECTION('Axis2P3D Direction',(-0.999969711585,-0.00778305285034,0.)) ;
#2760=DIRECTION('Axis2P3D Direction',(-0.999969711585,-0.00778305285034,0.)) ;
#2767=DIRECTION('Axis2P3D Direction',(-0.999969711585,-0.00778305285034,0.)) ;
#2781=DIRECTION('Axis2P3D Direction',(-0.00778305285034,0.999969711585,0.)) ;
#2782=DIRECTION('Axis2P3D XDirection',(-0.999969711585,-0.00778305285034,-1.83697019872E-016)) ;
#2786=DIRECTION('Axis2P3D Direction',(-0.00778305285034,0.999969711585,0.)) ;
#2793=DIRECTION('Vector Direction',(-0.00778305285034,0.999969711585,0.)) ;
#2805=DIRECTION('Axis2P3D Direction',(0.00778305285034,-0.999969711585,5.05321549807E-016)) ;
#2806=DIRECTION('Axis2P3D XDirection',(0.999969711585,0.00778305285034,-4.22942104615E-016)) ;
#2810=DIRECTION('Vector Direction',(0.00778305285034,-0.999969711585,5.0532165119E-016)) ;
#2832=DIRECTION('Vector Direction',(0.00778305285034,-0.999969711585,5.0532165119E-016)) ;
#2857=DIRECTION('Axis2P3D Direction',(0.00778305285034,-0.999969711585,5.05321549807E-016)) ;
#2862=DIRECTION('Axis2P3D Direction',(0.00778305285034,-0.999969711585,5.05321549807E-016)) ;
#2874=DIRECTION('Axis2P3D Direction',(0.00778305285034,-0.999969711585,5.05321549807E-016)) ;
#2875=DIRECTION('Axis2P3D XDirection',(0.999969711585,0.00778305285034,-5.97891647347E-016)) ;
#2879=DIRECTION('Axis2P3D Direction',(0.00778305285034,-0.999969711585,5.05321549807E-016)) ;
#2888=DIRECTION('Vector Direction',(0.00778305285034,-0.999969711585,5.0532165119E-016)) ;
#2895=DIRECTION('Axis2P3D Direction',(0.00778305285034,-0.999969711585,5.05321549807E-016)) ;
#2902=DIRECTION('Vector Direction',(0.00778305285034,-0.999969711585,5.0532165119E-016)) ;
#2943=DIRECTION('Axis2P3D Direction',(-0.00778305285034,0.999969711585,-5.05321549807E-016)) ;
#2944=DIRECTION('Axis2P3D XDirection',(-0.999969711585,-0.00778305285034,0.)) ;
#2948=DIRECTION('Axis2P3D Direction',(-0.00778305285034,0.999969711585,-5.05321549807E-016)) ;
#2992=DIRECTION('Axis2P3D Direction',(1.34179448833E-016,1.04435737362E-018,1.)) ;
#2993=DIRECTION('Axis2P3D XDirection',(-0.999969711585,-0.00778305285034,1.34183513039E-016)) ;
#2997=DIRECTION('Vector Direction',(1.34179423128E-016,1.04449782157E-018,1.)) ;
#3002=DIRECTION('Axis2P3D Direction',(1.34179448833E-016,1.04435737362E-018,1.)) ;
#3007=DIRECTION('Vector Direction',(1.34179423128E-016,1.04449782157E-018,1.)) ;
#3019=DIRECTION('Axis2P3D Direction',(0.999969711585,0.00778305285034,-1.23248026931E-016)) ;
#3020=DIRECTION('Axis2P3D XDirection',(-1.19311349615E-016,-5.06265490326E-016,-1.)) ;
#3039=DIRECTION('Axis2P3D Direction',(0.00778305285034,-0.999969711585,0.)) ;
#3040=DIRECTION('Axis2P3D XDirection',(0.999969711585,0.00778305285034,-1.83697019872E-016)) ;
#3044=DIRECTION('Axis2P3D Direction',(0.00778305285034,-0.999969711585,0.)) ;
#3051=DIRECTION('Vector Direction',(0.00778305285034,-0.999969711585,0.)) ;
#3209=DIRECTION('Axis2P3D Direction',(-0.00778305285034,0.999969711585,-5.05321549807E-016)) ;
#3223=DIRECTION('Axis2P3D Direction',(-0.00778305285034,0.999969711585,0.)) ;
#3224=DIRECTION('Axis2P3D XDirection',(-0.999969711585,-0.00778305285034,-1.83697019872E-016)) ;
#3228=DIRECTION('Vector Direction',(-0.00778305285034,0.999969711585,0.)) ;
#3235=DIRECTION('Axis2P3D Direction',(-0.00778305285034,0.999969711585,0.)) ;
#3242=DIRECTION('Vector Direction',(-0.00778305285034,0.999969711585,0.)) ;
#3254=DIRECTION('Axis2P3D Direction',(-0.999969711585,-0.00778305285034,1.23248026931E-016)) ;
#3255=DIRECTION('Axis2P3D XDirection',(-1.19311349615E-016,-5.06265490326E-016,-1.)) ;
#3269=DIRECTION('Vector Direction',(2.89936963327E-012,-3.72517661162E-010,-1.)) ;
#3276=DIRECTION('Vector Direction',(0.00778305285034,-0.999969711585,4.67161073376E-016)) ;
#3288=DIRECTION('Axis2P3D Direction',(-1.34179448833E-016,-1.04435737362E-018,-1.)) ;
#3289=DIRECTION('Axis2P3D XDirection',(0.999969711585,0.00778305285034,-1.34183513039E-016)) ;
#3293=DIRECTION('Axis2P3D Direction',(-1.34179448833E-016,-1.04435737362E-018,-1.)) ;
#3298=DIRECTION('Vector Direction',(-1.34179423128E-016,-1.04449782157E-018,-1.)) ;
#3305=DIRECTION('Axis2P3D Direction',(-1.34179448833E-016,-1.04435737362E-018,-1.)) ;
#3317=DIRECTION('Axis2P3D Direction',(0.00778305285034,-0.999969711585,5.05321549807E-016)) ;
#3318=DIRECTION('Axis2P3D XDirection',(-0.999969711585,-0.00778305285034,1.23248026931E-016)) ;
#3322=DIRECTION('Vector Direction',(0.999969711585,0.00778305285034,0.)) ;
#3329=DIRECTION('Axis2P3D Direction',(0.00778305285034,-0.999969711585,5.05321549807E-016)) ;
#3336=DIRECTION('Vector Direction',(1.86984930463E-016,7.47939721853E-016,1.)) ;
#3341=DIRECTION('Vector Direction',(-0.999969711585,-0.00778305285034,0.)) ;
#3370=DIRECTION('Axis2P3D Direction',(0.999969711585,0.00778305285034,8.67361737988E-019)) ;
#3371=DIRECTION('Axis2P3D XDirection',(0.00751785175552,-0.965896569927,0.258819045103)) ;
#3382=DIRECTION('Axis2P3D Direction',(-0.999969711585,-0.00778305285034,1.23248026931E-016)) ;
#3383=DIRECTION('Axis2P3D XDirection',(-1.19311349615E-016,-5.06265490326E-016,-1.)) ;
#3387=DIRECTION('Vector Direction',(0.00778305285034,-0.999969711585,1.42108547152E-015)) ;
#3399=DIRECTION('Axis2P3D Direction',(-0.00778305285034,0.999969711585,-5.05321549807E-016)) ;
#3400=DIRECTION('Axis2P3D XDirection',(-0.999969711585,-0.00778305285034,3.13994055209E-012)) ;
#3425=DIRECTION('Vector Direction',(-0.00778305285034,0.999969711585,-5.0532165119E-016)) ;
#3430=DIRECTION('Vector Direction',(-0.00778305285034,0.999969711585,-5.0532165119E-016)) ;
#3475=DIRECTION('Axis2P3D Direction',(0.00778305285348,-0.999969711585,-3.10731529869E-012)) ;
#3476=DIRECTION('Axis2P3D XDirection',(-0.999969711585,-0.00778305285348,1.23248026932E-016)) ;
#3480=DIRECTION('Vector Direction',(0.00778305285348,-0.999969711585,-3.10731529893E-012)) ;
#3499=DIRECTION('Axis2P3D Direction',(-0.00778305285034,0.999969711585,-5.05321549807E-016)) ;
#3500=DIRECTION('Axis2P3D XDirection',(-0.999969711585,-0.00778305285034,3.13945387898E-012)) ;
#3504=DIRECTION('Vector Direction',(-0.00778305285034,0.999969711585,-5.0532165119E-016)) ;
#3533=DIRECTION('Vector Direction',(-0.00778305285034,0.999969711585,-5.0532165119E-016)) ;
#3896=DIRECTION('Axis2P3D Direction',(-0.999969711585,-0.00778305285034,2.16840434497E-019)) ;
#3897=DIRECTION('Axis2P3D XDirection',(0.00201440230671,-0.258811205885,0.965925826289)) ;
#4056=DIRECTION('Axis2P3D Direction',(-4.00334202175E-015,-2.66919450817E-016,1.)) ;
#4057=DIRECTION('Axis2P3D XDirection',(0.509633421544,-0.860391640851,3.5527136788E-015)) ;
#4072=DIRECTION('Axis2P3D Direction',(0.00778305209682,-0.999969711591,2.76509556472E-017)) ;
#4090=DIRECTION('Vector Direction',(-0.00778305285034,0.999969711585,-5.12207077497E-016)) ;
#4763=DIRECTION('Axis2P3D Direction',(0.135333115649,0.78864907348,0.599764609416)) ;
#4764=DIRECTION('Axis2P3D XDirection',(0.934018283359,-0.303527975698,0.188362985537)) ;
#4807=DIRECTION('Axis2P3D Direction',(0.124277728807,0.000967289428989,0.992247000738)) ;
#4808=DIRECTION('Axis2P3D XDirection',(-0.99221694715,-0.00772271084734,0.124281493096)) ;
#4812=DIRECTION('Vector Direction',(0.124277728807,0.000967289428989,0.992247000738)) ;
#4872=DIRECTION('Axis2P3D Direction',(-0.00778305285034,0.999969711585,-8.11283507046E-016)) ;
#4873=DIRECTION('Axis2P3D XDirection',(-1.38777878078E-017,8.11200065454E-016,1.)) ;
#4877=DIRECTION('Vector Direction',(-0.00778305285034,0.999969711585,-8.11283484836E-016)) ;
#5150=DIRECTION('Axis2P3D Direction',(0.99221694715,0.00772271084734,-0.124281493096)) ;
#5151=DIRECTION('Axis2P3D XDirection',(0.00778305285034,-0.999969711585,1.41078358839E-015)) ;
#5164=DIRECTION('Vector Direction',(-0.124277728807,-0.000967289429087,-0.992247000738)) ;
#5192=DIRECTION('Vector Direction',(0.00778305285034,-0.999969711585,0.)) ;
#5212=DIRECTION('Vector Direction',(0.0999069479995,-0.645105817057,0.757533554729)) ;
#5232=DIRECTION('Vector Direction',(0.121516088695,0.157895468873,0.979950438082)) ;
#5252=DIRECTION('Vector Direction',(0.0865711680153,0.674619180387,0.733071888919)) ;
#5292=DIRECTION('Axis2P3D Direction',(0.696099882289,0.712546145252,-0.0878802865442)) ;
#5293=DIRECTION('Axis2P3D XDirection',(0.715313662909,-0.698803522928,1.07406312312E-014)) ;
#5297=DIRECTION('Vector Direction',(0.707106780727,-0.701624582838,-0.0878802902102)) ;
#5304=DIRECTION('Vector Direction',(-0.124277728806,-0.000967289430062,-0.992247000738)) ;
#5311=DIRECTION('Vector Direction',(-0.707106781193,0.701624582834,0.0878802864909)) ;
#5408=DIRECTION('Axis2P3D Direction',(0.737345596808,-0.538214740053,0.40822342468)) ;
#5409=DIRECTION('Axis2P3D XDirection',(-0.589577526026,-0.807711793157,1.42136907851E-013)) ;
#5413=DIRECTION('Vector Direction',(-0.669945447773,-0.505186946593,0.54402136539)) ;
#5420=DIRECTION('Vector Direction',(0.0865711679622,0.674619180096,0.733071889192)) ;
#5488=DIRECTION('Axis2P3D Direction',(0.714089696391,-0.699636471066,0.0241808573476)) ;
#5489=DIRECTION('Axis2P3D XDirection',(-0.699841104381,-0.714298557061,-2.30068117677E-014)) ;
#5493=DIRECTION('Vector Direction',(-0.689427120567,-0.696834155968,0.19776856298)) ;
#5500=DIRECTION('Vector Direction',(0.121516088023,0.157895468185,0.979950438276)) ;
#5568=DIRECTION('Axis2P3D Direction',(0.67894912169,-0.512351887322,-0.525855145181)) ;
#5569=DIRECTION('Axis2P3D XDirection',(-0.614578001065,-0.00478343794543,-0.788841555275)) ;
#5573=DIRECTION('Vector Direction',(-0.727355959917,-0.566863321983,-0.38680651722)) ;
#5580=DIRECTION('Vector Direction',(0.0999069416267,-0.645105821935,0.757533551416)) ;
#5648=DIRECTION('Axis2P3D Direction',(0.661689299996,0.00515011878133,-0.749760459445)) ;
#5649=DIRECTION('Axis2P3D XDirection',(-0.749737750389,-0.00583542528096,-0.661709342123)) ;
#5653=DIRECTION('Vector Direction',(-0.749737750389,-0.00583542528096,-0.661709342123)) ;
#5660=DIRECTION('Vector Direction',(0.00778305317836,-0.999969711583,2.89471889316E-010)) ;
#5730=DIRECTION('Vector Direction',(-0.999969711585,-0.00778305285034,1.66109619952E-010)) ;
#5737=DIRECTION('Vector Direction',(-0.999969711585,-0.00778305285035,-1.5578281294E-010)) ;
#5744=DIRECTION('Vector Direction',(-2.12510888413E-017,-5.10026132191E-016,-1.)) ;
#5959=DIRECTION('Axis2P3D Direction',(-4.55128895553E-018,-3.54239954147E-020,-1.)) ;
#5960=DIRECTION('Axis2P3D XDirection',(0.00778305285034,-0.999969711585,0.)) ;
#5964=DIRECTION('Vector Direction',(0.,0.,-1.)) ;
#5971=DIRECTION('Axis2P3D Direction',(-4.55128895553E-018,-3.54239954147E-020,-1.)) ;
#5983=DIRECTION('Vector Direction',(-0.999969711585,-0.00778305285034,1.23247900774E-016)) ;
#5996=DIRECTION('Vector Direction',(-0.999969711585,-0.00778305285035,0.)) ;
#6003=DIRECTION('Vector Direction',(-0.00526744483971,0.67676339843,0.736181741536)) ;
#6015=DIRECTION('Axis2P3D Direction',(-0.00526744483971,0.67676339843,0.736181741536)) ;
#6016=DIRECTION('Axis2P3D XDirection',(-0.00572974140183,0.736159443758,-0.676783897141)) ;
#6020=DIRECTION('Axis2P3D Direction',(-0.00526744483971,0.67676339843,0.736181741536)) ;
#6027=DIRECTION('Vector Direction',(-0.00526744483971,0.67676339843,0.736181741536)) ;
#6039=DIRECTION('Axis2P3D Direction',(-0.999969711585,-0.00778305285034,1.23248026931E-016)) ;
#6046=DIRECTION('Vector Direction',(-0.999969711585,-0.00778305285034,1.23247900774E-016)) ;
#6058=DIRECTION('Axis2P3D Direction',(0.999969711585,0.00778305285034,1.30104260698E-018)) ;
#6059=DIRECTION('Axis2P3D XDirection',(-0.00572974135454,0.736159437682,-0.67678390375)) ;
#6063=DIRECTION('Axis2P3D Direction',(0.999969711585,0.00778305285034,1.30104260698E-018)) ;
#6070=DIRECTION('Axis2P3D Direction',(0.00123082125372,-0.15813640197,-0.98741650961)) ;
#6082=DIRECTION('Vector Direction',(0.999969711585,0.00778305285034,2.42678149057E-015)) ;
#6089=DIRECTION('Vector Direction',(-0.00123081719004,0.158135879867,0.987416593231)) ;
#6101=DIRECTION('Axis2P3D Direction',(-0.00123081719004,0.158135879867,0.987416593231)) ;
#6102=DIRECTION('Axis2P3D XDirection',(-0.00768511553042,0.987386685948,-0.158140669697)) ;
#6106=DIRECTION('Vector Direction',(-0.00123081719004,0.158135879867,0.987416593231)) ;
#6113=DIRECTION('Axis2P3D Direction',(-0.00123081719004,0.158135879867,0.987416593231)) ;
#6125=DIRECTION('Axis2P3D Direction',(0.999969711585,0.00778305285034,-1.23248026931E-016)) ;
#6132=DIRECTION('Vector Direction',(0.999969711585,0.00778305285034,-1.23247900774E-016)) ;
#6144=DIRECTION('Axis2P3D Direction',(0.999969711585,0.00778305285034,-2.16840434497E-019)) ;
#6145=DIRECTION('Axis2P3D XDirection',(-0.00768511562229,0.987386697751,-0.158140595998)) ;
#6149=DIRECTION('Axis2P3D Direction',(0.999969711585,0.00778305285034,-2.16840434497E-019)) ;
#6156=DIRECTION('Axis2P3D Direction',(-0.0050495726008,0.648771086918,-0.760966870893)) ;
#6168=DIRECTION('Vector Direction',(-0.999969711456,-0.00778306947134,1.94953490027E-008)) ;
#6175=DIRECTION('Vector Direction',(0.00504957406283,-0.64877127476,0.760966710736)) ;
#6187=DIRECTION('Axis2P3D Direction',(0.00504957406283,-0.64877127476,0.760966710736)) ;
#6188=DIRECTION('Axis2P3D XDirection',(-0.00592264412701,0.760943662261,0.648790925608)) ;
#6192=DIRECTION('Vector Direction',(0.00504957406283,-0.64877127476,0.760966710736)) ;
#6199=DIRECTION('Axis2P3D Direction',(0.00504957406283,-0.64877127476,0.760966710736)) ;
#6211=DIRECTION('Axis2P3D Direction',(-0.999969711585,-0.00778305285034,1.23248026931E-016)) ;
#6218=DIRECTION('Vector Direction',(-0.999969711585,-0.00778305285034,1.23247900774E-016)) ;
#6230=DIRECTION('Axis2P3D Direction',(0.999969711585,0.00778305285034,2.30761590392E-015)) ;
#6231=DIRECTION('Axis2P3D XDirection',(-0.00592264410051,0.760943658856,0.648790929601)) ;
#6235=DIRECTION('Axis2P3D Direction',(0.999969711585,0.00778305285034,2.30761590392E-015)) ;
#6242=DIRECTION('Axis2P3D Direction',(-0.00778305285034,0.999969711585,-1.68334565397E-015)) ;
#6254=DIRECTION('Vector Direction',(-0.999969711585,-0.00778305285034,0.)) ;
#6261=DIRECTION('Vector Direction',(0.00778305285034,-0.999969711585,0.)) ;
#6273=DIRECTION('Axis2P3D Direction',(0.00778305285034,-0.999969711585,0.)) ;
#6274=DIRECTION('Axis2P3D XDirection',(0.,0.,1.)) ;
#6278=DIRECTION('Vector Direction',(0.00778305285034,-0.999969711585,0.)) ;
#6285=DIRECTION('Axis2P3D Direction',(0.00778305285034,-0.999969711585,0.)) ;
#6297=DIRECTION('Axis2P3D Direction',(-0.999969711585,-0.00778305285034,1.23248026931E-016)) ;
#6309=DIRECTION('Axis2P3D Direction',(0.999969711585,0.00778305285035,7.55905754657E-016)) ;
#6310=DIRECTION('Axis2P3D XDirection',(0.,-1.42108547152E-013,1.)) ;
#6314=DIRECTION('Axis2P3D Direction',(0.999969711585,0.00778305285035,7.55905754657E-016)) ;
#6326=DIRECTION('Axis2P3D Direction',(0.999969711585,0.00778305285034,-7.549645382E-032)) ;
#6327=DIRECTION('Axis2P3D XDirection',(3.93294432857E-018,-5.05306244419E-016,-1.)) ;
#8=PRODUCT_RELATED_PRODUCT_CATEGORY('part',$,(#5)) ;
#7=PRODUCT_CATEGORY('part','specification') ;
#29=STYLED_ITEM(' ',(#28),#21) ;
#28=PRESENTATION_STYLE_ASSIGNMENT((#27)) ;
#27=SURFACE_STYLE_USAGE(.BOTH.,#26) ;
#26=SURFACE_SIDE_STYLE(' ',(#25)) ;
#25=SURFACE_STYLE_FILL_AREA(#24) ;
#24=FILL_AREA_STYLE(' ',(#23)) ;
#23=FILL_AREA_STYLE_COLOUR(' ',#22) ;
#38=VECTOR('Line Direction',#37,1.) ;
#54=VECTOR('Line Direction',#53,1.) ;
#68=VECTOR('Line Direction',#67,1.) ;
#82=VECTOR('Line Direction',#81,1.) ;
#96=VECTOR('Line Direction',#95,1.) ;
#156=VECTOR('Line Direction',#155,1.) ;
#213=VECTOR('Line Direction',#212,1.) ;
#400=VECTOR('Line Direction',#399,1.) ;
#448=VECTOR('Line Direction',#447,1.) ;
#489=VECTOR('Line Direction',#488,1.) ;
#506=VECTOR('Line Direction',#505,1.) ;
#538=VECTOR('Line Direction',#537,1.) ;
#555=VECTOR('Line Direction',#554,1.) ;
#562=VECTOR('Line Direction',#561,1.) ;
#579=VECTOR('Line Direction',#578,1.) ;
#618=VECTOR('Line Direction',#617,1.) ;
#625=VECTOR('Line Direction',#624,1.) ;
#642=VECTOR('Line Direction',#641,1.) ;
#678=VECTOR('Line Direction',#677,1.) ;
#685=VECTOR('Line Direction',#684,1.) ;
#702=VECTOR('Line Direction',#701,1.) ;
#729=VECTOR('Line Direction',#728,1.) ;
#736=VECTOR('Line Direction',#735,1.) ;
#753=VECTOR('Line Direction',#752,1.) ;
#786=VECTOR('Line Direction',#785,1.) ;
#803=VECTOR('Line Direction',#802,1.) ;
#810=VECTOR('Line Direction',#809,1.) ;
#817=VECTOR('Line Direction',#816,1.) ;
#890=VECTOR('Line Direction',#889,1.) ;
#897=VECTOR('Line Direction',#896,1.) ;
#980=VECTOR('Line Direction',#979,1.) ;
#987=VECTOR('Line Direction',#986,1.) ;
#1081=VECTOR('Line Direction',#1080,1.) ;
#1088=VECTOR('Line Direction',#1087,1.) ;
#1161=VECTOR('Line Direction',#1160,1.) ;
#1168=VECTOR('Line Direction',#1167,1.) ;
#1303=VECTOR('Line Direction',#1302,1.) ;
#1310=VECTOR('Line Direction',#1309,1.) ;
#1356=VECTOR('Line Direction',#1355,1.) ;
#1433=VECTOR('Line Direction',#1432,1.) ;
#2118=VECTOR('Line Direction',#2117,1.) ;
#2125=VECTOR('Line Direction',#2124,1.) ;
#2132=VECTOR('Line Direction',#2131,1.) ;
#2146=VECTOR('Line Direction',#2145,1.) ;
#2195=VECTOR('Line Direction',#2194,1.) ;
#2219=VECTOR('Line Direction',#2218,1.) ;
#2226=VECTOR('Line Direction',#2225,1.) ;
#2233=VECTOR('Line Direction',#2232,1.) ;
#2250=VECTOR('Line Direction',#2249,1.) ;
#2281=VECTOR('Line Direction',#2280,1.) ;
#2288=VECTOR('Line Direction',#2287,1.) ;
#2295=VECTOR('Line Direction',#2294,1.) ;
#2319=VECTOR('Line Direction',#2318,1.) ;
#2333=VECTOR('Line Direction',#2332,1.) ;
#2384=VECTOR('Line Direction',#2383,1.) ;
#2398=VECTOR('Line Direction',#2397,1.) ;
#2446=VECTOR('Line Direction',#2445,1.) ;
#2460=VECTOR('Line Direction',#2459,1.) ;
#2484=VECTOR('Line Direction',#2483,1.) ;
#2491=VECTOR('Line Direction',#2490,1.) ;
#2522=VECTOR('Line Direction',#2521,1.) ;
#2655=VECTOR('Line Direction',#2654,1.) ;
#2664=VECTOR('Line Direction',#2663,1.) ;
#2679=VECTOR('Line Direction',#2678,1.) ;
#2740=VECTOR('Line Direction',#2739,1.) ;
#2794=VECTOR('Line Direction',#2793,1.) ;
#2811=VECTOR('Line Direction',#2810,1.) ;
#2833=VECTOR('Line Direction',#2832,1.) ;
#2889=VECTOR('Line Direction',#2888,1.) ;
#2903=VECTOR('Line Direction',#2902,1.) ;
#2998=VECTOR('Line Direction',#2997,1.) ;
#3008=VECTOR('Line Direction',#3007,1.) ;
#3052=VECTOR('Line Direction',#3051,1.) ;
#3229=VECTOR('Line Direction',#3228,1.) ;
#3243=VECTOR('Line Direction',#3242,1.) ;
#3270=VECTOR('Line Direction',#3269,1.) ;
#3277=VECTOR('Line Direction',#3276,1.) ;
#3299=VECTOR('Line Direction',#3298,1.) ;
#3323=VECTOR('Line Direction',#3322,1.) ;
#3337=VECTOR('Line Direction',#3336,1.) ;
#3342=VECTOR('Line Direction',#3341,1.) ;
#3388=VECTOR('Line Direction',#3387,1.) ;
#3426=VECTOR('Line Direction',#3425,1.) ;
#3431=VECTOR('Line Direction',#3430,1.) ;
#3481=VECTOR('Line Direction',#3480,1.) ;
#3505=VECTOR('Line Direction',#3504,1.) ;
#3534=VECTOR('Line Direction',#3533,1.) ;
#4091=VECTOR('Line Direction',#4090,1.) ;
#4813=VECTOR('Line Direction',#4812,1.) ;
#4878=VECTOR('Line Direction',#4877,1.) ;
#5165=VECTOR('Line Direction',#5164,1.) ;
#5193=VECTOR('Line Direction',#5192,1.) ;
#5213=VECTOR('Line Direction',#5212,1.) ;
#5233=VECTOR('Line Direction',#5232,1.) ;
#5253=VECTOR('Line Direction',#5252,1.) ;
#5298=VECTOR('Line Direction',#5297,1.) ;
#5305=VECTOR('Line Direction',#5304,1.) ;
#5312=VECTOR('Line Direction',#5311,1.) ;
#5414=VECTOR('Line Direction',#5413,1.) ;
#5421=VECTOR('Line Direction',#5420,1.) ;
#5494=VECTOR('Line Direction',#5493,1.) ;
#5501=VECTOR('Line Direction',#5500,1.) ;
#5574=VECTOR('Line Direction',#5573,1.) ;
#5581=VECTOR('Line Direction',#5580,1.) ;
#5654=VECTOR('Line Direction',#5653,1.) ;
#5661=VECTOR('Line Direction',#5660,1.) ;
#5731=VECTOR('Line Direction',#5730,1.) ;
#5738=VECTOR('Line Direction',#5737,1.) ;
#5745=VECTOR('Line Direction',#5744,1.) ;
#5965=VECTOR('Line Direction',#5964,1.) ;
#5984=VECTOR('Line Direction',#5983,1.) ;
#5997=VECTOR('Line Direction',#5996,1.) ;
#6004=VECTOR('Line Direction',#6003,1.) ;
#6028=VECTOR('Line Direction',#6027,1.) ;
#6047=VECTOR('Line Direction',#6046,1.) ;
#6083=VECTOR('Line Direction',#6082,1.) ;
#6090=VECTOR('Line Direction',#6089,1.) ;
#6107=VECTOR('Line Direction',#6106,1.) ;
#6133=VECTOR('Line Direction',#6132,1.) ;
#6169=VECTOR('Line Direction',#6168,1.) ;
#6176=VECTOR('Line Direction',#6175,1.) ;
#6193=VECTOR('Line Direction',#6192,1.) ;
#6219=VECTOR('Line Direction',#6218,1.) ;
#6255=VECTOR('Line Direction',#6254,1.) ;
#6262=VECTOR('Line Direction',#6261,1.) ;
#6279=VECTOR('Line Direction',#6278,1.) ;
#15=UNCERTAINTY_MEASURE_WITH_UNIT(LENGTH_MEASURE(0.005),#12,'distance_accuracy_value','CONFUSED CURVE UNCERTAINTY') ;
#6343=SHAPE_REPRESENTATION_RELATIONSHIP(' ',' ',#19,#6342) ;
#100=ORIENTED_EDGE('',*,*,#44,.F.) ;
#101=ORIENTED_EDGE('',*,*,#51,.F.) ;
#102=ORIENTED_EDGE('',*,*,#58,.F.) ;
#103=ORIENTED_EDGE('',*,*,#65,.F.) ;
#104=ORIENTED_EDGE('',*,*,#72,.F.) ;
#105=ORIENTED_EDGE('',*,*,#79,.F.) ;
#106=ORIENTED_EDGE('',*,*,#86,.F.) ;
#107=ORIENTED_EDGE('',*,*,#93,.F.) ;
#108=ORIENTED_EDGE('',*,*,#98,.F.) ;
#136=ORIENTED_EDGE('',*,*,#65,.T.) ;
#137=ORIENTED_EDGE('',*,*,#122,.T.) ;
#138=ORIENTED_EDGE('',*,*,#129,.F.) ;
#139=ORIENTED_EDGE('',*,*,#134,.F.) ;
#160=ORIENTED_EDGE('',*,*,#58,.T.) ;
#161=ORIENTED_EDGE('',*,*,#153,.T.) ;
#162=ORIENTED_EDGE('',*,*,#158,.F.) ;
#163=ORIENTED_EDGE('',*,*,#122,.F.) ;
#184=ORIENTED_EDGE('',*,*,#51,.T.) ;
#185=ORIENTED_EDGE('',*,*,#177,.T.) ;
#186=ORIENTED_EDGE('',*,*,#182,.F.) ;
#187=ORIENTED_EDGE('',*,*,#153,.F.) ;
#217=ORIENTED_EDGE('',*,*,#210,.F.) ;
#218=ORIENTED_EDGE('',*,*,#215,.F.) ;
#219=ORIENTED_EDGE('',*,*,#177,.F.) ;
#220=ORIENTED_EDGE('',*,*,#44,.T.) ;
#381=ORIENTED_EDGE('',*,*,#210,.T.) ;
#382=ORIENTED_EDGE('',*,*,#371,.F.) ;
#383=ORIENTED_EDGE('',*,*,#379,.F.) ;
#404=ORIENTED_EDGE('',*,*,#371,.T.) ;
#405=ORIENTED_EDGE('',*,*,#98,.T.) ;
#406=ORIENTED_EDGE('',*,*,#397,.T.) ;
#407=ORIENTED_EDGE('',*,*,#402,.F.) ;
#428=ORIENTED_EDGE('',*,*,#93,.T.) ;
#429=ORIENTED_EDGE('',*,*,#421,.T.) ;
#430=ORIENTED_EDGE('',*,*,#426,.F.) ;
#431=ORIENTED_EDGE('',*,*,#397,.F.) ;
#452=ORIENTED_EDGE('',*,*,#86,.T.) ;
#453=ORIENTED_EDGE('',*,*,#445,.T.) ;
#454=ORIENTED_EDGE('',*,*,#450,.F.) ;
#455=ORIENTED_EDGE('',*,*,#421,.F.) ;
#476=ORIENTED_EDGE('',*,*,#79,.T.) ;
#477=ORIENTED_EDGE('',*,*,#469,.T.) ;
#478=ORIENTED_EDGE('',*,*,#474,.F.) ;
#479=ORIENTED_EDGE('',*,*,#445,.F.) ;
#493=ORIENTED_EDGE('',*,*,#72,.T.) ;
#494=ORIENTED_EDGE('',*,*,#134,.T.) ;
#495=ORIENTED_EDGE('',*,*,#491,.F.) ;
#496=ORIENTED_EDGE('',*,*,#469,.F.) ;
#542=ORIENTED_EDGE('',*,*,#129,.T.) ;
#543=ORIENTED_EDGE('',*,*,#510,.T.) ;
#544=ORIENTED_EDGE('',*,*,#535,.F.) ;
#545=ORIENTED_EDGE('',*,*,#540,.T.) ;
#566=ORIENTED_EDGE('',*,*,#559,.T.) ;
#567=ORIENTED_EDGE('',*,*,#564,.T.) ;
#568=ORIENTED_EDGE('',*,*,#510,.F.) ;
#569=ORIENTED_EDGE('',*,*,#158,.T.) ;
#605=ORIENTED_EDGE('',*,*,#182,.T.) ;
#606=ORIENTED_EDGE('',*,*,#583,.T.) ;
#607=ORIENTED_EDGE('',*,*,#603,.F.) ;
#608=ORIENTED_EDGE('',*,*,#559,.F.) ;
#629=ORIENTED_EDGE('',*,*,#622,.T.) ;
#630=ORIENTED_EDGE('',*,*,#627,.T.) ;
#631=ORIENTED_EDGE('',*,*,#583,.F.) ;
#632=ORIENTED_EDGE('',*,*,#215,.T.) ;
#664=ORIENTED_EDGE('',*,*,#379,.T.) ;
#665=ORIENTED_EDGE('',*,*,#646,.T.) ;
#666=ORIENTED_EDGE('',*,*,#655,.F.) ;
#667=ORIENTED_EDGE('',*,*,#662,.F.) ;
#668=ORIENTED_EDGE('',*,*,#622,.F.) ;
#689=ORIENTED_EDGE('',*,*,#682,.T.) ;
#690=ORIENTED_EDGE('',*,*,#687,.T.) ;
#691=ORIENTED_EDGE('',*,*,#646,.F.) ;
#692=ORIENTED_EDGE('',*,*,#402,.T.) ;
#716=ORIENTED_EDGE('',*,*,#426,.T.) ;
#717=ORIENTED_EDGE('',*,*,#706,.F.) ;
#718=ORIENTED_EDGE('',*,*,#714,.F.) ;
#719=ORIENTED_EDGE('',*,*,#682,.F.) ;
#740=ORIENTED_EDGE('',*,*,#733,.T.) ;
#741=ORIENTED_EDGE('',*,*,#738,.T.) ;
#742=ORIENTED_EDGE('',*,*,#706,.T.) ;
#743=ORIENTED_EDGE('',*,*,#450,.T.) ;
#773=ORIENTED_EDGE('',*,*,#474,.T.) ;
#774=ORIENTED_EDGE('',*,*,#757,.T.) ;
#775=ORIENTED_EDGE('',*,*,#771,.F.) ;
#776=ORIENTED_EDGE('',*,*,#733,.F.) ;
#790=ORIENTED_EDGE('',*,*,#540,.F.) ;
#791=ORIENTED_EDGE('',*,*,#788,.F.) ;
#792=ORIENTED_EDGE('',*,*,#757,.F.) ;
#793=ORIENTED_EDGE('',*,*,#491,.T.) ;
#821=ORIENTED_EDGE('',*,*,#807,.F.) ;
#822=ORIENTED_EDGE('',*,*,#814,.T.) ;
#823=ORIENTED_EDGE('',*,*,#819,.F.) ;
#824=ORIENTED_EDGE('',*,*,#788,.T.) ;
#877=ORIENTED_EDGE('',*,*,#535,.T.) ;
#878=ORIENTED_EDGE('',*,*,#867,.T.) ;
#879=ORIENTED_EDGE('',*,*,#875,.T.) ;
#880=ORIENTED_EDGE('',*,*,#807,.T.) ;
#901=ORIENTED_EDGE('',*,*,#894,.F.) ;
#902=ORIENTED_EDGE('',*,*,#899,.T.) ;
#903=ORIENTED_EDGE('',*,*,#867,.F.) ;
#904=ORIENTED_EDGE('',*,*,#564,.F.) ;
#967=ORIENTED_EDGE('',*,*,#603,.T.) ;
#968=ORIENTED_EDGE('',*,*,#955,.T.) ;
#969=ORIENTED_EDGE('',*,*,#965,.T.) ;
#970=ORIENTED_EDGE('',*,*,#894,.T.) ;
#991=ORIENTED_EDGE('',*,*,#984,.F.) ;
#992=ORIENTED_EDGE('',*,*,#989,.T.) ;
#993=ORIENTED_EDGE('',*,*,#955,.F.) ;
#994=ORIENTED_EDGE('',*,*,#627,.F.) ;
#1067=ORIENTED_EDGE('',*,*,#662,.T.) ;
#1068=ORIENTED_EDGE('',*,*,#655,.T.) ;
#1069=ORIENTED_EDGE('',*,*,#1053,.T.) ;
#1070=ORIENTED_EDGE('',*,*,#1065,.T.) ;
#1071=ORIENTED_EDGE('',*,*,#984,.T.) ;
#1092=ORIENTED_EDGE('',*,*,#1085,.F.) ;
#1093=ORIENTED_EDGE('',*,*,#1090,.T.) ;
#1094=ORIENTED_EDGE('',*,*,#1053,.F.) ;
#1095=ORIENTED_EDGE('',*,*,#687,.F.) ;
#1148=ORIENTED_EDGE('',*,*,#714,.T.) ;
#1149=ORIENTED_EDGE('',*,*,#1138,.T.) ;
#1150=ORIENTED_EDGE('',*,*,#1146,.T.) ;
#1151=ORIENTED_EDGE('',*,*,#1085,.T.) ;
#1172=ORIENTED_EDGE('',*,*,#1165,.F.) ;
#1173=ORIENTED_EDGE('',*,*,#1170,.T.) ;
#1174=ORIENTED_EDGE('',*,*,#1138,.F.) ;
#1175=ORIENTED_EDGE('',*,*,#738,.F.) ;
#1220=ORIENTED_EDGE('',*,*,#771,.T.) ;
#1221=ORIENTED_EDGE('',*,*,#819,.T.) ;
#1222=ORIENTED_EDGE('',*,*,#1218,.T.) ;
#1223=ORIENTED_EDGE('',*,*,#1165,.T.) ;
#1314=ORIENTED_EDGE('',*,*,#1242,.F.) ;
#1315=ORIENTED_EDGE('',*,*,#1255,.F.) ;
#1316=ORIENTED_EDGE('',*,*,#1268,.F.) ;
#1317=ORIENTED_EDGE('',*,*,#1290,.F.) ;
#1318=ORIENTED_EDGE('',*,*,#1300,.F.) ;
#1319=ORIENTED_EDGE('',*,*,#1307,.F.) ;
#1320=ORIENTED_EDGE('',*,*,#1312,.F.) ;
#1323=ORIENTED_EDGE('',*,*,#875,.F.) ;
#1324=ORIENTED_EDGE('',*,*,#899,.F.) ;
#1325=ORIENTED_EDGE('',*,*,#965,.F.) ;
#1326=ORIENTED_EDGE('',*,*,#989,.F.) ;
#1327=ORIENTED_EDGE('',*,*,#1065,.F.) ;
#1328=ORIENTED_EDGE('',*,*,#1090,.F.) ;
#1329=ORIENTED_EDGE('',*,*,#1146,.F.) ;
#1330=ORIENTED_EDGE('',*,*,#1170,.F.) ;
#1331=ORIENTED_EDGE('',*,*,#1218,.F.) ;
#1332=ORIENTED_EDGE('',*,*,#814,.F.) ;
#1360=ORIENTED_EDGE('',*,*,#1346,.T.) ;
#1361=ORIENTED_EDGE('',*,*,#1312,.T.) ;
#1362=ORIENTED_EDGE('',*,*,#1353,.F.) ;
#1363=ORIENTED_EDGE('',*,*,#1358,.F.) ;
#1414=ORIENTED_EDGE('',*,*,#1353,.T.) ;
#1415=ORIENTED_EDGE('',*,*,#1386,.T.) ;
#1416=ORIENTED_EDGE('',*,*,#1412,.F.) ;
#1437=ORIENTED_EDGE('',*,*,#1307,.T.) ;
#1438=ORIENTED_EDGE('',*,*,#1430,.F.) ;
#1439=ORIENTED_EDGE('',*,*,#1435,.F.) ;
#1440=ORIENTED_EDGE('',*,*,#1386,.F.) ;
#1536=ORIENTED_EDGE('',*,*,#1430,.T.) ;
#1537=ORIENTED_EDGE('',*,*,#1508,.F.) ;
#1538=ORIENTED_EDGE('',*,*,#1516,.T.) ;
#1539=ORIENTED_EDGE('',*,*,#1524,.T.) ;
#1540=ORIENTED_EDGE('',*,*,#1534,.T.) ;
#1583=ORIENTED_EDGE('',*,*,#1300,.T.) ;
#1584=ORIENTED_EDGE('',*,*,#1575,.F.) ;
#1585=ORIENTED_EDGE('',*,*,#1581,.F.) ;
#1586=ORIENTED_EDGE('',*,*,#1508,.T.) ;
#1725=ORIENTED_EDGE('',*,*,#1661,.F.) ;
#1726=ORIENTED_EDGE('',*,*,#1723,.F.) ;
#1727=ORIENTED_EDGE('',*,*,#1575,.T.) ;
#1728=ORIENTED_EDGE('',*,*,#1290,.T.) ;
#1909=ORIENTED_EDGE('',*,*,#1791,.F.) ;
#1910=ORIENTED_EDGE('',*,*,#1907,.F.) ;
#1911=ORIENTED_EDGE('',*,*,#1661,.T.) ;
#1912=ORIENTED_EDGE('',*,*,#1268,.T.) ;
#1974=ORIENTED_EDGE('',*,*,#1955,.F.) ;
#1975=ORIENTED_EDGE('',*,*,#1972,.F.) ;
#1976=ORIENTED_EDGE('',*,*,#1791,.T.) ;
#1977=ORIENTED_EDGE('',*,*,#1255,.T.) ;
#2022=ORIENTED_EDGE('',*,*,#2012,.F.) ;
#2023=ORIENTED_EDGE('',*,*,#1955,.T.) ;
#2024=ORIENTED_EDGE('',*,*,#1242,.T.) ;
#2025=ORIENTED_EDGE('',*,*,#2020,.F.) ;
#2105=ORIENTED_EDGE('',*,*,#2092,.T.) ;
#2106=ORIENTED_EDGE('',*,*,#2020,.T.) ;
#2107=ORIENTED_EDGE('',*,*,#1346,.F.) ;
#2108=ORIENTED_EDGE('',*,*,#2103,.F.) ;
#2170=ORIENTED_EDGE('',*,*,#2122,.F.) ;
#2171=ORIENTED_EDGE('',*,*,#2129,.T.) ;
#2172=ORIENTED_EDGE('',*,*,#2136,.T.) ;
#2173=ORIENTED_EDGE('',*,*,#2143,.F.) ;
#2174=ORIENTED_EDGE('',*,*,#2150,.T.) ;
#2175=ORIENTED_EDGE('',*,*,#2160,.F.) ;
#2176=ORIENTED_EDGE('',*,*,#2168,.T.) ;
#2177=ORIENTED_EDGE('',*,*,#2103,.T.) ;
#2178=ORIENTED_EDGE('',*,*,#1358,.T.) ;
#2206=ORIENTED_EDGE('',*,*,#2192,.F.) ;
#2207=ORIENTED_EDGE('',*,*,#2199,.T.) ;
#2208=ORIENTED_EDGE('',*,*,#2204,.F.) ;
#2209=ORIENTED_EDGE('',*,*,#2129,.F.) ;
#2237=ORIENTED_EDGE('',*,*,#2199,.F.) ;
#2238=ORIENTED_EDGE('',*,*,#2223,.T.) ;
#2239=ORIENTED_EDGE('',*,*,#2230,.F.) ;
#2240=ORIENTED_EDGE('',*,*,#2235,.F.) ;
#2268=ORIENTED_EDGE('',*,*,#2256,.F.) ;
#2269=ORIENTED_EDGE('',*,*,#2261,.F.) ;
#2270=ORIENTED_EDGE('',*,*,#2230,.T.) ;
#2271=ORIENTED_EDGE('',*,*,#2266,.T.) ;
#2299=ORIENTED_EDGE('',*,*,#2285,.F.) ;
#2300=ORIENTED_EDGE('',*,*,#2256,.T.) ;
#2301=ORIENTED_EDGE('',*,*,#2292,.T.) ;
#2302=ORIENTED_EDGE('',*,*,#2297,.T.) ;
#2337=ORIENTED_EDGE('',*,*,#2316,.T.) ;
#2338=ORIENTED_EDGE('',*,*,#2323,.T.) ;
#2339=ORIENTED_EDGE('',*,*,#2330,.F.) ;
#2340=ORIENTED_EDGE('',*,*,#2335,.F.) ;
#2341=ORIENTED_EDGE('',*,*,#2292,.F.) ;
#2371=ORIENTED_EDGE('',*,*,#2330,.T.) ;
#2372=ORIENTED_EDGE('',*,*,#2355,.T.) ;
#2373=ORIENTED_EDGE('',*,*,#2364,.F.) ;
#2374=ORIENTED_EDGE('',*,*,#2369,.F.) ;
#2402=ORIENTED_EDGE('',*,*,#2364,.T.) ;
#2403=ORIENTED_EDGE('',*,*,#2388,.T.) ;
#2404=ORIENTED_EDGE('',*,*,#2395,.F.) ;
#2405=ORIENTED_EDGE('',*,*,#2400,.F.) ;
#2433=ORIENTED_EDGE('',*,*,#2395,.T.) ;
#2434=ORIENTED_EDGE('',*,*,#2419,.T.) ;
#2435=ORIENTED_EDGE('',*,*,#2426,.F.) ;
#2436=ORIENTED_EDGE('',*,*,#2431,.F.) ;
#2464=ORIENTED_EDGE('',*,*,#2426,.T.) ;
#2465=ORIENTED_EDGE('',*,*,#2450,.T.) ;
#2466=ORIENTED_EDGE('',*,*,#2457,.F.) ;
#2467=ORIENTED_EDGE('',*,*,#2462,.F.) ;
#2526=ORIENTED_EDGE('',*,*,#2419,.F.) ;
#2527=ORIENTED_EDGE('',*,*,#2388,.F.) ;
#2528=ORIENTED_EDGE('',*,*,#2355,.F.) ;
#2529=ORIENTED_EDGE('',*,*,#2323,.F.) ;
#2530=ORIENTED_EDGE('',*,*,#2481,.F.) ;
#2531=ORIENTED_EDGE('',*,*,#2488,.F.) ;
#2532=ORIENTED_EDGE('',*,*,#2493,.T.) ;
#2533=ORIENTED_EDGE('',*,*,#1435,.T.) ;
#2534=ORIENTED_EDGE('',*,*,#1534,.F.) ;
#2535=ORIENTED_EDGE('',*,*,#2503,.F.) ;
#2536=ORIENTED_EDGE('',*,*,#2519,.F.) ;
#2537=ORIENTED_EDGE('',*,*,#2524,.T.) ;
#2538=ORIENTED_EDGE('',*,*,#2450,.F.) ;
#2552=ORIENTED_EDGE('',*,*,#2550,.T.) ;
#2553=ORIENTED_EDGE('',*,*,#2481,.T.) ;
#2554=ORIENTED_EDGE('',*,*,#2316,.F.) ;
#2555=ORIENTED_EDGE('',*,*,#2266,.F.) ;
#2576=ORIENTED_EDGE('',*,*,#2488,.T.) ;
#2577=ORIENTED_EDGE('',*,*,#2550,.F.) ;
#2578=ORIENTED_EDGE('',*,*,#2223,.F.) ;
#2579=ORIENTED_EDGE('',*,*,#2569,.F.) ;
#2580=ORIENTED_EDGE('',*,*,#2574,.F.) ;
#2594=ORIENTED_EDGE('',*,*,#2574,.T.) ;
#2595=ORIENTED_EDGE('',*,*,#2569,.T.) ;
#2596=ORIENTED_EDGE('',*,*,#2192,.T.) ;
#2597=ORIENTED_EDGE('',*,*,#2592,.F.) ;
#2606=ORIENTED_EDGE('',*,*,#2493,.F.) ;
#2607=ORIENTED_EDGE('',*,*,#2592,.T.) ;
#2608=ORIENTED_EDGE('',*,*,#2122,.T.) ;
#2609=ORIENTED_EDGE('',*,*,#1412,.T.) ;
#2643=ORIENTED_EDGE('',*,*,#2627,.T.) ;
#2644=ORIENTED_EDGE('',*,*,#2636,.T.) ;
#2645=ORIENTED_EDGE('',*,*,#2641,.F.) ;
#2683=ORIENTED_EDGE('',*,*,#2661,.F.) ;
#2684=ORIENTED_EDGE('',*,*,#2668,.F.) ;
#2685=ORIENTED_EDGE('',*,*,#2676,.T.) ;
#2686=ORIENTED_EDGE('',*,*,#2681,.F.) ;
#2728=ORIENTED_EDGE('',*,*,#2702,.T.) ;
#2729=ORIENTED_EDGE('',*,*,#2709,.T.) ;
#2730=ORIENTED_EDGE('',*,*,#2726,.F.) ;
#2772=ORIENTED_EDGE('',*,*,#2746,.F.) ;
#2773=ORIENTED_EDGE('',*,*,#2753,.F.) ;
#2774=ORIENTED_EDGE('',*,*,#2758,.F.) ;
#2775=ORIENTED_EDGE('',*,*,#2661,.T.) ;
#2776=ORIENTED_EDGE('',*,*,#2765,.F.) ;
#2777=ORIENTED_EDGE('',*,*,#2770,.F.) ;
#2798=ORIENTED_EDGE('',*,*,#2791,.T.) ;
#2799=ORIENTED_EDGE('',*,*,#2681,.T.) ;
#2800=ORIENTED_EDGE('',*,*,#2627,.F.) ;
#2801=ORIENTED_EDGE('',*,*,#2796,.F.) ;
#2850=ORIENTED_EDGE('',*,*,#2817,.F.) ;
#2851=ORIENTED_EDGE('',*,*,#2830,.T.) ;
#2852=ORIENTED_EDGE('',*,*,#2837,.T.) ;
#2853=ORIENTED_EDGE('',*,*,#2848,.T.) ;
#2867=ORIENTED_EDGE('',*,*,#2837,.F.) ;
#2868=ORIENTED_EDGE('',*,*,#2860,.T.) ;
#2869=ORIENTED_EDGE('',*,*,#2817,.T.) ;
#2870=ORIENTED_EDGE('',*,*,#2865,.T.) ;
#2907=ORIENTED_EDGE('',*,*,#2886,.T.) ;
#2908=ORIENTED_EDGE('',*,*,#2893,.F.) ;
#2909=ORIENTED_EDGE('',*,*,#2900,.T.) ;
#2910=ORIENTED_EDGE('',*,*,#2905,.T.) ;
#2936=ORIENTED_EDGE('',*,*,#2905,.F.) ;
#2937=ORIENTED_EDGE('',*,*,#2923,.T.) ;
#2938=ORIENTED_EDGE('',*,*,#2893,.T.) ;
#2939=ORIENTED_EDGE('',*,*,#2934,.F.) ;
#2983=ORIENTED_EDGE('',*,*,#2955,.T.) ;
#2984=ORIENTED_EDGE('',*,*,#2981,.T.) ;
#2987=ORIENTED_EDGE('',*,*,#2934,.T.) ;
#2988=ORIENTED_EDGE('',*,*,#2886,.F.) ;
#3012=ORIENTED_EDGE('',*,*,#3000,.T.) ;
#3013=ORIENTED_EDGE('',*,*,#3005,.T.) ;
#3014=ORIENTED_EDGE('',*,*,#3010,.F.) ;
#3015=ORIENTED_EDGE('',*,*,#2143,.T.) ;
#3032=ORIENTED_EDGE('',*,*,#3010,.T.) ;
#3033=ORIENTED_EDGE('',*,*,#2796,.T.) ;
#3034=ORIENTED_EDGE('',*,*,#3030,.T.) ;
#3035=ORIENTED_EDGE('',*,*,#2150,.F.) ;
#3056=ORIENTED_EDGE('',*,*,#2726,.T.) ;
#3057=ORIENTED_EDGE('',*,*,#2668,.T.) ;
#3058=ORIENTED_EDGE('',*,*,#3049,.F.) ;
#3059=ORIENTED_EDGE('',*,*,#3054,.F.) ;
#3170=ORIENTED_EDGE('',*,*,#1524,.F.) ;
#3171=ORIENTED_EDGE('',*,*,#1516,.F.) ;
#3172=ORIENTED_EDGE('',*,*,#3154,.F.) ;
#3173=ORIENTED_EDGE('',*,*,#3162,.T.) ;
#3174=ORIENTED_EDGE('',*,*,#3168,.T.) ;
#3175=ORIENTED_EDGE('',*,*,#2503,.T.) ;
#3214=ORIENTED_EDGE('',*,*,#3207,.T.) ;
#3215=ORIENTED_EDGE('',*,*,#3212,.T.) ;
#3218=ORIENTED_EDGE('',*,*,#2848,.F.) ;
#3219=ORIENTED_EDGE('',*,*,#2865,.F.) ;
#3247=ORIENTED_EDGE('',*,*,#3233,.T.) ;
#3248=ORIENTED_EDGE('',*,*,#3240,.F.) ;
#3249=ORIENTED_EDGE('',*,*,#3245,.F.) ;
#3250=ORIENTED_EDGE('',*,*,#2431,.T.) ;
#3281=ORIENTED_EDGE('',*,*,#3267,.T.) ;
#3282=ORIENTED_EDGE('',*,*,#3054,.T.) ;
#3283=ORIENTED_EDGE('',*,*,#3274,.T.) ;
#3284=ORIENTED_EDGE('',*,*,#3279,.F.) ;
#3310=ORIENTED_EDGE('',*,*,#3274,.F.) ;
#3311=ORIENTED_EDGE('',*,*,#3296,.F.) ;
#3312=ORIENTED_EDGE('',*,*,#3303,.T.) ;
#3313=ORIENTED_EDGE('',*,*,#3308,.T.) ;
#3346=ORIENTED_EDGE('',*,*,#2136,.F.) ;
#3347=ORIENTED_EDGE('',*,*,#2204,.T.) ;
#3348=ORIENTED_EDGE('',*,*,#2235,.T.) ;
#3349=ORIENTED_EDGE('',*,*,#2261,.T.) ;
#3350=ORIENTED_EDGE('',*,*,#2285,.T.) ;
#3351=ORIENTED_EDGE('',*,*,#3327,.T.) ;
#3352=ORIENTED_EDGE('',*,*,#3334,.T.) ;
#3353=ORIENTED_EDGE('',*,*,#3339,.T.) ;
#3354=ORIENTED_EDGE('',*,*,#3240,.T.) ;
#3355=ORIENTED_EDGE('',*,*,#3344,.F.) ;
#3356=ORIENTED_EDGE('',*,*,#3303,.F.) ;
#3357=ORIENTED_EDGE('',*,*,#2746,.T.) ;
#3358=ORIENTED_EDGE('',*,*,#3000,.F.) ;
#3361=ORIENTED_EDGE('',*,*,#2923,.F.) ;
#3362=ORIENTED_EDGE('',*,*,#2900,.F.) ;
#3365=ORIENTED_EDGE('',*,*,#2860,.F.) ;
#3366=ORIENTED_EDGE('',*,*,#2830,.F.) ;
#3375=ORIENTED_EDGE('',*,*,#2758,.T.) ;
#3376=ORIENTED_EDGE('',*,*,#2753,.T.) ;
#3377=ORIENTED_EDGE('',*,*,#3296,.T.) ;
#3378=ORIENTED_EDGE('',*,*,#3049,.T.) ;
#3392=ORIENTED_EDGE('',*,*,#3339,.F.) ;
#3393=ORIENTED_EDGE('',*,*,#3390,.T.) ;
#3394=ORIENTED_EDGE('',*,*,#2400,.T.) ;
#3395=ORIENTED_EDGE('',*,*,#3245,.T.) ;
#3435=ORIENTED_EDGE('',*,*,#3423,.T.) ;
#3436=ORIENTED_EDGE('',*,*,#3428,.F.) ;
#3437=ORIENTED_EDGE('',*,*,#3212,.F.) ;
#3438=ORIENTED_EDGE('',*,*,#3433,.T.) ;
#3468=ORIENTED_EDGE('',*,*,#3466,.F.) ;
#3469=ORIENTED_EDGE('',*,*,#3433,.F.) ;
#3470=ORIENTED_EDGE('',*,*,#3207,.F.) ;
#3471=ORIENTED_EDGE('',*,*,#3428,.T.) ;
#3485=ORIENTED_EDGE('',*,*,#3390,.F.) ;
#3486=ORIENTED_EDGE('',*,*,#3334,.F.) ;
#3487=ORIENTED_EDGE('',*,*,#3483,.T.) ;
#3488=ORIENTED_EDGE('',*,*,#2369,.T.) ;
#3492=ORIENTED_EDGE('',*,*,#3483,.F.) ;
#3493=ORIENTED_EDGE('',*,*,#3327,.F.) ;
#3494=ORIENTED_EDGE('',*,*,#2297,.F.) ;
#3495=ORIENTED_EDGE('',*,*,#2335,.T.) ;
#3538=ORIENTED_EDGE('',*,*,#2981,.F.) ;
#3539=ORIENTED_EDGE('',*,*,#3509,.T.) ;
#3540=ORIENTED_EDGE('',*,*,#3531,.F.) ;
#3541=ORIENTED_EDGE('',*,*,#3536,.F.) ;
#3578=ORIENTED_EDGE('',*,*,#3551,.T.) ;
#3579=ORIENTED_EDGE('',*,*,#3509,.F.) ;
#3580=ORIENTED_EDGE('',*,*,#2955,.F.) ;
#3581=ORIENTED_EDGE('',*,*,#3536,.T.) ;
#3582=ORIENTED_EDGE('',*,*,#3559,.F.) ;
#3583=ORIENTED_EDGE('',*,*,#3576,.T.) ;
#3642=ORIENTED_EDGE('',*,*,#3632,.T.) ;
#3643=ORIENTED_EDGE('',*,*,#3640,.T.) ;
#3644=ORIENTED_EDGE('',*,*,#2092,.F.) ;
#3645=ORIENTED_EDGE('',*,*,#2168,.F.) ;
#3694=ORIENTED_EDGE('',*,*,#3692,.F.) ;
#3695=ORIENTED_EDGE('',*,*,#3632,.F.) ;
#3696=ORIENTED_EDGE('',*,*,#2160,.T.) ;
#3697=ORIENTED_EDGE('',*,*,#3030,.F.) ;
#3698=ORIENTED_EDGE('',*,*,#2641,.T.) ;
#3747=ORIENTED_EDGE('',*,*,#2636,.F.) ;
#3748=ORIENTED_EDGE('',*,*,#2676,.F.) ;
#3749=ORIENTED_EDGE('',*,*,#2709,.F.) ;
#3750=ORIENTED_EDGE('',*,*,#3745,.T.) ;
#3816=ORIENTED_EDGE('',*,*,#3800,.F.) ;
#3817=ORIENTED_EDGE('',*,*,#3808,.F.) ;
#3818=ORIENTED_EDGE('',*,*,#2702,.F.) ;
#3819=ORIENTED_EDGE('',*,*,#3267,.F.) ;
#3820=ORIENTED_EDGE('',*,*,#3814,.T.) ;
#3889=ORIENTED_EDGE('',*,*,#3869,.F.) ;
#3890=ORIENTED_EDGE('',*,*,#3879,.T.) ;
#3891=ORIENTED_EDGE('',*,*,#3887,.T.) ;
#3892=ORIENTED_EDGE('',*,*,#3800,.T.) ;
#3901=ORIENTED_EDGE('',*,*,#2770,.T.) ;
#3902=ORIENTED_EDGE('',*,*,#2765,.T.) ;
#3903=ORIENTED_EDGE('',*,*,#2791,.F.) ;
#3904=ORIENTED_EDGE('',*,*,#3005,.F.) ;
#4008=ORIENTED_EDGE('',*,*,#3168,.F.) ;
#4009=ORIENTED_EDGE('',*,*,#3162,.F.) ;
#4010=ORIENTED_EDGE('',*,*,#4000,.F.) ;
#4011=ORIENTED_EDGE('',*,*,#4006,.T.) ;
#4012=ORIENTED_EDGE('',*,*,#2519,.T.) ;
#4049=ORIENTED_EDGE('',*,*,#4041,.T.) ;
#4050=ORIENTED_EDGE('',*,*,#4047,.T.) ;
#4051=ORIENTED_EDGE('',*,*,#3154,.T.) ;
#4052=ORIENTED_EDGE('',*,*,#1581,.T.) ;
#4083=ORIENTED_EDGE('',*,*,#4070,.T.) ;
#4084=ORIENTED_EDGE('',*,*,#4075,.T.) ;
#4085=ORIENTED_EDGE('',*,*,#2457,.T.) ;
#4086=ORIENTED_EDGE('',*,*,#4081,.T.) ;
#4095=ORIENTED_EDGE('',*,*,#3869,.T.) ;
#4096=ORIENTED_EDGE('',*,*,#3814,.F.) ;
#4097=ORIENTED_EDGE('',*,*,#3279,.T.) ;
#4098=ORIENTED_EDGE('',*,*,#3308,.F.) ;
#4099=ORIENTED_EDGE('',*,*,#3344,.T.) ;
#4100=ORIENTED_EDGE('',*,*,#3233,.F.) ;
#4101=ORIENTED_EDGE('',*,*,#2462,.T.) ;
#4102=ORIENTED_EDGE('',*,*,#4093,.T.) ;
#4159=ORIENTED_EDGE('',*,*,#4131,.T.) ;
#4160=ORIENTED_EDGE('',*,*,#4157,.F.) ;
#4161=ORIENTED_EDGE('',*,*,#4041,.F.) ;
#4162=ORIENTED_EDGE('',*,*,#1723,.T.) ;
#4372=ORIENTED_EDGE('',*,*,#1907,.T.) ;
#4373=ORIENTED_EDGE('',*,*,#4263,.T.) ;
#4374=ORIENTED_EDGE('',*,*,#4370,.T.) ;
#4375=ORIENTED_EDGE('',*,*,#4131,.F.) ;
#4378=ORIENTED_EDGE('',*,*,#3466,.T.) ;
#4379=ORIENTED_EDGE('',*,*,#3423,.F.) ;
#4481=ORIENTED_EDGE('',*,*,#4263,.F.) ;
#4482=ORIENTED_EDGE('',*,*,#1972,.T.) ;
#4483=ORIENTED_EDGE('',*,*,#4444,.F.) ;
#4484=ORIENTED_EDGE('',*,*,#3576,.F.) ;
#4485=ORIENTED_EDGE('',*,*,#4457,.F.) ;
#4486=ORIENTED_EDGE('',*,*,#4465,.F.) ;
#4487=ORIENTED_EDGE('',*,*,#4479,.F.) ;
#4546=ORIENTED_EDGE('',*,*,#4479,.T.) ;
#4547=ORIENTED_EDGE('',*,*,#4536,.F.) ;
#4548=ORIENTED_EDGE('',*,*,#4544,.F.) ;
#4748=ORIENTED_EDGE('',*,*,#4457,.T.) ;
#4749=ORIENTED_EDGE('',*,*,#3559,.T.) ;
#4750=ORIENTED_EDGE('',*,*,#3531,.T.) ;
#4751=ORIENTED_EDGE('',*,*,#3551,.F.) ;
#4752=ORIENTED_EDGE('',*,*,#4444,.T.) ;
#4753=ORIENTED_EDGE('',*,*,#2012,.T.) ;
#4754=ORIENTED_EDGE('',*,*,#3640,.F.) ;
#4755=ORIENTED_EDGE('',*,*,#3692,.T.) ;
#4756=ORIENTED_EDGE('',*,*,#3745,.F.) ;
#4757=ORIENTED_EDGE('',*,*,#3808,.T.) ;
#4758=ORIENTED_EDGE('',*,*,#3887,.F.) ;
#4759=ORIENTED_EDGE('',*,*,#4746,.F.) ;
#4800=ORIENTED_EDGE('',*,*,#4776,.T.) ;
#4801=ORIENTED_EDGE('',*,*,#4790,.F.) ;
#4802=ORIENTED_EDGE('',*,*,#3879,.F.) ;
#4803=ORIENTED_EDGE('',*,*,#4798,.T.) ;
#4817=ORIENTED_EDGE('',*,*,#2524,.F.) ;
#4818=ORIENTED_EDGE('',*,*,#4006,.F.) ;
#4819=ORIENTED_EDGE('',*,*,#4815,.F.) ;
#4820=ORIENTED_EDGE('',*,*,#4070,.F.) ;
#4821=ORIENTED_EDGE('',*,*,#4081,.F.) ;
#4865=ORIENTED_EDGE('',*,*,#4047,.F.) ;
#4866=ORIENTED_EDGE('',*,*,#4856,.F.) ;
#4867=ORIENTED_EDGE('',*,*,#4863,.T.) ;
#4868=ORIENTED_EDGE('',*,*,#4000,.T.) ;
#4882=ORIENTED_EDGE('',*,*,#4093,.F.) ;
#4883=ORIENTED_EDGE('',*,*,#4075,.F.) ;
#4884=ORIENTED_EDGE('',*,*,#4880,.T.) ;
#4885=ORIENTED_EDGE('',*,*,#4776,.F.) ;
#4886=ORIENTED_EDGE('',*,*,#4798,.F.) ;
#4959=ORIENTED_EDGE('',*,*,#4945,.T.) ;
#4960=ORIENTED_EDGE('',*,*,#4957,.T.) ;
#4961=ORIENTED_EDGE('',*,*,#4856,.T.) ;
#4962=ORIENTED_EDGE('',*,*,#4157,.T.) ;
#5029=ORIENTED_EDGE('',*,*,#5027,.F.) ;
#5030=ORIENTED_EDGE('',*,*,#4945,.F.) ;
#5031=ORIENTED_EDGE('',*,*,#4370,.F.) ;
#5032=ORIENTED_EDGE('',*,*,#4544,.T.) ;
#5091=ORIENTED_EDGE('',*,*,#4536,.T.) ;
#5092=ORIENTED_EDGE('',*,*,#4465,.T.) ;
#5093=ORIENTED_EDGE('',*,*,#5081,.F.) ;
#5094=ORIENTED_EDGE('',*,*,#5089,.F.) ;
#5143=ORIENTED_EDGE('',*,*,#5081,.T.) ;
#5144=ORIENTED_EDGE('',*,*,#4746,.T.) ;
#5145=ORIENTED_EDGE('',*,*,#4790,.T.) ;
#5146=ORIENTED_EDGE('',*,*,#5141,.F.) ;
#5155=ORIENTED_EDGE('',*,*,#4880,.F.) ;
#5156=ORIENTED_EDGE('',*,*,#4815,.T.) ;
#5157=ORIENTED_EDGE('',*,*,#4863,.F.) ;
#5158=ORIENTED_EDGE('',*,*,#4957,.F.) ;
#5159=ORIENTED_EDGE('',*,*,#5027,.T.) ;
#5160=ORIENTED_EDGE('',*,*,#5089,.T.) ;
#5161=ORIENTED_EDGE('',*,*,#5141,.T.) ;
#5279=ORIENTED_EDGE('',*,*,#5171,.F.) ;
#5280=ORIENTED_EDGE('',*,*,#5190,.F.) ;
#5281=ORIENTED_EDGE('',*,*,#5197,.F.) ;
#5282=ORIENTED_EDGE('',*,*,#5210,.F.) ;
#5283=ORIENTED_EDGE('',*,*,#5217,.F.) ;
#5284=ORIENTED_EDGE('',*,*,#5230,.F.) ;
#5285=ORIENTED_EDGE('',*,*,#5237,.F.) ;
#5286=ORIENTED_EDGE('',*,*,#5250,.F.) ;
#5287=ORIENTED_EDGE('',*,*,#5257,.F.) ;
#5288=ORIENTED_EDGE('',*,*,#5277,.F.) ;
#5316=ORIENTED_EDGE('',*,*,#5302,.F.) ;
#5317=ORIENTED_EDGE('',*,*,#5309,.F.) ;
#5318=ORIENTED_EDGE('',*,*,#5314,.F.) ;
#5319=ORIENTED_EDGE('',*,*,#5171,.T.) ;
#5400=ORIENTED_EDGE('',*,*,#5277,.T.) ;
#5401=ORIENTED_EDGE('',*,*,#5378,.T.) ;
#5402=ORIENTED_EDGE('',*,*,#5388,.F.) ;
#5403=ORIENTED_EDGE('',*,*,#5398,.F.) ;
#5404=ORIENTED_EDGE('',*,*,#5302,.T.) ;
#5425=ORIENTED_EDGE('',*,*,#5418,.F.) ;
#5426=ORIENTED_EDGE('',*,*,#5423,.F.) ;
#5427=ORIENTED_EDGE('',*,*,#5378,.F.) ;
#5428=ORIENTED_EDGE('',*,*,#5257,.T.) ;
#5481=ORIENTED_EDGE('',*,*,#5250,.T.) ;
#5482=ORIENTED_EDGE('',*,*,#5471,.T.) ;
#5483=ORIENTED_EDGE('',*,*,#5479,.T.) ;
#5484=ORIENTED_EDGE('',*,*,#5418,.T.) ;
#5505=ORIENTED_EDGE('',*,*,#5498,.F.) ;
#5506=ORIENTED_EDGE('',*,*,#5503,.F.) ;
#5507=ORIENTED_EDGE('',*,*,#5471,.F.) ;
#5508=ORIENTED_EDGE('',*,*,#5237,.T.) ;
#5561=ORIENTED_EDGE('',*,*,#5230,.T.) ;
#5562=ORIENTED_EDGE('',*,*,#5551,.T.) ;
#5563=ORIENTED_EDGE('',*,*,#5559,.T.) ;
#5564=ORIENTED_EDGE('',*,*,#5498,.T.) ;
#5585=ORIENTED_EDGE('',*,*,#5578,.F.) ;
#5586=ORIENTED_EDGE('',*,*,#5583,.F.) ;
#5587=ORIENTED_EDGE('',*,*,#5551,.F.) ;
#5588=ORIENTED_EDGE('',*,*,#5217,.T.) ;
#5641=ORIENTED_EDGE('',*,*,#5210,.T.) ;
#5642=ORIENTED_EDGE('',*,*,#5631,.T.) ;
#5643=ORIENTED_EDGE('',*,*,#5639,.T.) ;
#5644=ORIENTED_EDGE('',*,*,#5578,.T.) ;
#5665=ORIENTED_EDGE('',*,*,#5658,.F.) ;
#5666=ORIENTED_EDGE('',*,*,#5663,.F.) ;
#5667=ORIENTED_EDGE('',*,*,#5631,.F.) ;
#5668=ORIENTED_EDGE('',*,*,#5197,.T.) ;
#5723=ORIENTED_EDGE('',*,*,#5190,.T.) ;
#5724=ORIENTED_EDGE('',*,*,#5314,.T.) ;
#5725=ORIENTED_EDGE('',*,*,#5721,.T.) ;
#5726=ORIENTED_EDGE('',*,*,#5658,.T.) ;
#5749=ORIENTED_EDGE('',*,*,#5735,.F.) ;
#5750=ORIENTED_EDGE('',*,*,#5309,.T.) ;
#5751=ORIENTED_EDGE('',*,*,#5742,.T.) ;
#5752=ORIENTED_EDGE('',*,*,#5747,.T.) ;
#5953=ORIENTED_EDGE('',*,*,#5905,.T.) ;
#5954=ORIENTED_EDGE('',*,*,#5943,.F.) ;
#5955=ORIENTED_EDGE('',*,*,#5951,.F.) ;
#5976=ORIENTED_EDGE('',*,*,#5943,.T.) ;
#5977=ORIENTED_EDGE('',*,*,#5969,.T.) ;
#5978=ORIENTED_EDGE('',*,*,#5974,.T.) ;
#5979=ORIENTED_EDGE('',*,*,#5747,.F.) ;
#5988=ORIENTED_EDGE('',*,*,#5951,.T.) ;
#5989=ORIENTED_EDGE('',*,*,#5742,.F.) ;
#5990=ORIENTED_EDGE('',*,*,#5398,.T.) ;
#5991=ORIENTED_EDGE('',*,*,#5388,.T.) ;
#5992=ORIENTED_EDGE('',*,*,#5986,.T.) ;
#6008=ORIENTED_EDGE('',*,*,#5986,.F.) ;
#6009=ORIENTED_EDGE('',*,*,#5423,.T.) ;
#6010=ORIENTED_EDGE('',*,*,#6001,.T.) ;
#6011=ORIENTED_EDGE('',*,*,#6006,.T.) ;
#6032=ORIENTED_EDGE('',*,*,#5905,.F.) ;
#6033=ORIENTED_EDGE('',*,*,#6006,.F.) ;
#6034=ORIENTED_EDGE('',*,*,#6025,.F.) ;
#6035=ORIENTED_EDGE('',*,*,#6030,.T.) ;
#6051=ORIENTED_EDGE('',*,*,#6044,.T.) ;
#6052=ORIENTED_EDGE('',*,*,#6001,.F.) ;
#6053=ORIENTED_EDGE('',*,*,#5479,.F.) ;
#6054=ORIENTED_EDGE('',*,*,#6049,.F.) ;
#6075=ORIENTED_EDGE('',*,*,#6068,.T.) ;
#6076=ORIENTED_EDGE('',*,*,#6025,.T.) ;
#6077=ORIENTED_EDGE('',*,*,#6044,.F.) ;
#6078=ORIENTED_EDGE('',*,*,#6073,.F.) ;
#6094=ORIENTED_EDGE('',*,*,#6049,.T.) ;
#6095=ORIENTED_EDGE('',*,*,#5503,.T.) ;
#6096=ORIENTED_EDGE('',*,*,#6087,.T.) ;
#6097=ORIENTED_EDGE('',*,*,#6092,.T.) ;
#6118=ORIENTED_EDGE('',*,*,#6111,.T.) ;
#6119=ORIENTED_EDGE('',*,*,#6073,.T.) ;
#6120=ORIENTED_EDGE('',*,*,#6092,.F.) ;
#6121=ORIENTED_EDGE('',*,*,#6116,.F.) ;
#6137=ORIENTED_EDGE('',*,*,#6130,.T.) ;
#6138=ORIENTED_EDGE('',*,*,#6087,.F.) ;
#6139=ORIENTED_EDGE('',*,*,#5559,.F.) ;
#6140=ORIENTED_EDGE('',*,*,#6135,.T.) ;
#6161=ORIENTED_EDGE('',*,*,#6154,.T.) ;
#6162=ORIENTED_EDGE('',*,*,#6116,.T.) ;
#6163=ORIENTED_EDGE('',*,*,#6130,.F.) ;
#6164=ORIENTED_EDGE('',*,*,#6159,.F.) ;
#6180=ORIENTED_EDGE('',*,*,#6135,.F.) ;
#6181=ORIENTED_EDGE('',*,*,#5583,.T.) ;
#6182=ORIENTED_EDGE('',*,*,#6173,.F.) ;
#6183=ORIENTED_EDGE('',*,*,#6178,.T.) ;
#6204=ORIENTED_EDGE('',*,*,#6197,.T.) ;
#6205=ORIENTED_EDGE('',*,*,#6159,.T.) ;
#6206=ORIENTED_EDGE('',*,*,#6178,.F.) ;
#6207=ORIENTED_EDGE('',*,*,#6202,.F.) ;
#6223=ORIENTED_EDGE('',*,*,#6216,.T.) ;
#6224=ORIENTED_EDGE('',*,*,#6173,.T.) ;
#6225=ORIENTED_EDGE('',*,*,#5639,.F.) ;
#6226=ORIENTED_EDGE('',*,*,#6221,.T.) ;
#6247=ORIENTED_EDGE('',*,*,#6240,.T.) ;
#6248=ORIENTED_EDGE('',*,*,#6202,.T.) ;
#6249=ORIENTED_EDGE('',*,*,#6216,.F.) ;
#6250=ORIENTED_EDGE('',*,*,#6245,.F.) ;
#6266=ORIENTED_EDGE('',*,*,#6221,.F.) ;
#6267=ORIENTED_EDGE('',*,*,#5663,.T.) ;
#6268=ORIENTED_EDGE('',*,*,#6259,.T.) ;
#6269=ORIENTED_EDGE('',*,*,#6264,.T.) ;
#6290=ORIENTED_EDGE('',*,*,#6283,.T.) ;
#6291=ORIENTED_EDGE('',*,*,#6245,.T.) ;
#6292=ORIENTED_EDGE('',*,*,#6264,.F.) ;
#6293=ORIENTED_EDGE('',*,*,#6288,.F.) ;
#6302=ORIENTED_EDGE('',*,*,#6300,.T.) ;
#6303=ORIENTED_EDGE('',*,*,#6259,.F.) ;
#6304=ORIENTED_EDGE('',*,*,#5721,.F.) ;
#6305=ORIENTED_EDGE('',*,*,#5735,.T.) ;
#6319=ORIENTED_EDGE('',*,*,#6317,.T.) ;
#6320=ORIENTED_EDGE('',*,*,#6288,.T.) ;
#6321=ORIENTED_EDGE('',*,*,#6300,.F.) ;
#6322=ORIENTED_EDGE('',*,*,#5974,.F.) ;
#6331=ORIENTED_EDGE('',*,*,#6030,.F.) ;
#6332=ORIENTED_EDGE('',*,*,#6068,.F.) ;
#6333=ORIENTED_EDGE('',*,*,#6111,.F.) ;
#6334=ORIENTED_EDGE('',*,*,#6154,.F.) ;
#6335=ORIENTED_EDGE('',*,*,#6197,.F.) ;
#6336=ORIENTED_EDGE('',*,*,#6240,.F.) ;
#6337=ORIENTED_EDGE('',*,*,#6283,.F.) ;
#6338=ORIENTED_EDGE('',*,*,#6317,.F.) ;
#6339=ORIENTED_EDGE('',*,*,#5969,.F.) ;
#1333=FACE_BOUND('',#1322,.T.) ;
#2989=FACE_BOUND('',#2986,.T.) ;
#3220=FACE_BOUND('',#3217,.T.) ;
#3363=FACE_BOUND('',#3360,.T.) ;
#3367=FACE_BOUND('',#3364,.T.) ;
#4380=FACE_BOUND('',#4377,.T.) ;
#5289=FACE_BOUND('',#5278,.T.) ;
#30=CLOSED_SHELL('Closed Shell',(#110,#141,#165,#189,#222,#385,#409,#433,#457,#481,#498,#547,#571,#610,#634,#670,#694,#721,#745,#778,#795,#826,#882,#906,#972,#996,#1073,#1097,#1153,#1177,#1225,#1334,#1365,#1418,#1442,#1542,#1588,#1730,#1914,#1979,#2027,#2110,#2180,#2211,#2242,#2273,#2304,#2343,#2376,#2407,#2438,#2469,#2540,#2557,#2582,#2599,#2611,#2647,#2688,#2732,#2779,#2803,#2855,#2872,#2912,#2941,#2990,#3017,#3037,#3061,#3177,#3221,#3252,#3286,#3315,#3368,#3380,#3397,#3440,#3473,#3490,#3497,#3543,#3585,#3647,#3700,#3752,#3822,#3894,#3906,#4014,#4054,#4088,#4104,#4164,#4381,#4489,#4550,#4761,#4805,#4823,#4870,#4888,#4964,#5034,#5096,#5148,#5290,#5321,#5406,#5430,#5486,#5510,#5566,#5590,#5646,#5670,#5728,#5754,#5957,#5981,#5994,#6013,#6037,#6056,#6080,#6099,#6123,#6142,#6166,#6185,#6209,#6228,#6252,#6271,#6295,#6307,#6324,#6341)) ;
#6342=ADVANCED_BREP_SHAPE_REPRESENTATION('NONE',(#21),#16) ;
#110=ADVANCED_FACE('brep_5',(#109),#35,.T.) ;
#141=ADVANCED_FACE('brep_5',(#140),#115,.F.) ;
#165=ADVANCED_FACE('brep_5',(#164),#146,.F.) ;
#189=ADVANCED_FACE('brep_5',(#188),#170,.F.) ;
#222=ADVANCED_FACE('brep_5',(#221),#194,.F.) ;
#385=ADVANCED_FACE('brep_5',(#384),#223,.T.) ;
#409=ADVANCED_FACE('brep_5',(#408),#390,.F.) ;
#433=ADVANCED_FACE('brep_5',(#432),#414,.F.) ;
#457=ADVANCED_FACE('brep_5',(#456),#438,.F.) ;
#481=ADVANCED_FACE('brep_5',(#480),#462,.F.) ;
#498=ADVANCED_FACE('brep_5',(#497),#486,.F.) ;
#547=ADVANCED_FACE('brep_5',(#546),#503,.F.) ;
#571=ADVANCED_FACE('brep_5',(#570),#552,.T.) ;
#610=ADVANCED_FACE('brep_5',(#609),#576,.F.) ;
#634=ADVANCED_FACE('brep_5',(#633),#615,.T.) ;
#670=ADVANCED_FACE('brep_5',(#669),#639,.F.) ;
#694=ADVANCED_FACE('brep_5',(#693),#675,.T.) ;
#721=ADVANCED_FACE('brep_5',(#720),#699,.F.) ;
#745=ADVANCED_FACE('brep_5',(#744),#726,.T.) ;
#778=ADVANCED_FACE('brep_5',(#777),#750,.F.) ;
#795=ADVANCED_FACE('brep_5',(#794),#783,.T.) ;
#826=ADVANCED_FACE('brep_5',(#825),#800,.T.) ;
#882=ADVANCED_FACE('brep_5',(#881),#827,.T.) ;
#906=ADVANCED_FACE('brep_5',(#905),#887,.T.) ;
#972=ADVANCED_FACE('brep_5',(#971),#907,.T.) ;
#996=ADVANCED_FACE('brep_5',(#995),#977,.T.) ;
#1073=ADVANCED_FACE('brep_5',(#1072),#997,.T.) ;
#1097=ADVANCED_FACE('brep_5',(#1096),#1078,.T.) ;
#1153=ADVANCED_FACE('brep_5',(#1152),#1098,.T.) ;
#1177=ADVANCED_FACE('brep_5',(#1176),#1158,.T.) ;
#1225=ADVANCED_FACE('brep_5',(#1224),#1178,.T.) ;
#1334=ADVANCED_FACE('brep_5',(#1321,#1333),#1230,.T.) ;
#1365=ADVANCED_FACE('brep_5',(#1364),#1339,.T.) ;
#1418=ADVANCED_FACE('brep_5',(#1417),#1370,.T.) ;
#1442=ADVANCED_FACE('brep_5',(#1441),#1423,.T.) ;
#1542=ADVANCED_FACE('brep_5',(#1541),#1443,.T.) ;
#1588=ADVANCED_FACE('brep_5',(#1587),#1543,.T.) ;
#1730=ADVANCED_FACE('brep_5',(#1729),#1589,.T.) ;
#1914=ADVANCED_FACE('brep_5',(#1913),#1731,.T.) ;
#1979=ADVANCED_FACE('brep_5',(#1978),#1915,.T.) ;
#2027=ADVANCED_FACE('brep_5',(#2026),#1980,.T.) ;
#2110=ADVANCED_FACE('brep_5',(#2109),#2028,.F.) ;
#2180=ADVANCED_FACE('brep_5',(#2179),#2115,.T.) ;
#2211=ADVANCED_FACE('brep_5',(#2210),#2185,.T.) ;
#2242=ADVANCED_FACE('brep_5',(#2241),#2216,.T.) ;
#2273=ADVANCED_FACE('brep_5',(#2272),#2247,.F.) ;
#2304=ADVANCED_FACE('brep_5',(#2303),#2278,.T.) ;
#2343=ADVANCED_FACE('brep_5',(#2342),#2309,.T.) ;
#2376=ADVANCED_FACE('brep_5',(#2375),#2348,.T.) ;
#2407=ADVANCED_FACE('brep_5',(#2406),#2381,.T.) ;
#2438=ADVANCED_FACE('brep_5',(#2437),#2412,.T.) ;
#2469=ADVANCED_FACE('brep_5',(#2468),#2443,.T.) ;
#2540=ADVANCED_FACE('brep_5',(#2539),#2474,.T.) ;
#2557=ADVANCED_FACE('brep_5',(#2556),#2545,.T.) ;
#2582=ADVANCED_FACE('brep_5',(#2581),#2562,.T.) ;
#2599=ADVANCED_FACE('brep_5',(#2598),#2587,.T.) ;
#2611=ADVANCED_FACE('brep_5',(#2610),#2604,.T.) ;
#2647=ADVANCED_FACE('brep_5',(#2646),#2616,.T.) ;
#2688=ADVANCED_FACE('brep_5',(#2687),#2652,.T.) ;
#2732=ADVANCED_FACE('brep_5',(#2731),#2693,.T.) ;
#2779=ADVANCED_FACE('brep_5',(#2778),#2737,.T.) ;
#2803=ADVANCED_FACE('brep_5',(#2802),#2784,.T.) ;
#2855=ADVANCED_FACE('brep_5',(#2854),#2808,.F.) ;
#2872=ADVANCED_FACE('brep_5',(#2871),#2808,.F.) ;
#2912=ADVANCED_FACE('brep_5',(#2911),#2877,.F.) ;
#2941=ADVANCED_FACE('brep_5',(#2940),#2877,.F.) ;
#2990=ADVANCED_FACE('brep_5',(#2985,#2989),#2946,.T.) ;
#3017=ADVANCED_FACE('brep_5',(#3016),#2995,.T.) ;
#3037=ADVANCED_FACE('brep_5',(#3036),#3022,.F.) ;
#3061=ADVANCED_FACE('brep_5',(#3060),#3042,.T.) ;
#3177=ADVANCED_FACE('brep_5',(#3176),#3062,.T.) ;
#3221=ADVANCED_FACE('brep_5',(#3216,#3220),#2946,.T.) ;
#3252=ADVANCED_FACE('brep_5',(#3251),#3226,.T.) ;
#3286=ADVANCED_FACE('brep_5',(#3285),#3257,.F.) ;
#3315=ADVANCED_FACE('brep_5',(#3314),#3291,.T.) ;
#3368=ADVANCED_FACE('brep_5',(#3359,#3363,#3367),#3320,.T.) ;
#3380=ADVANCED_FACE('brep_5',(#3379),#3373,.T.) ;
#3397=ADVANCED_FACE('brep_5',(#3396),#3385,.T.) ;
#3440=ADVANCED_FACE('brep_5',(#3439),#3402,.F.) ;
#3473=ADVANCED_FACE('brep_5',(#3472),#3402,.F.) ;
#3490=ADVANCED_FACE('brep_5',(#3489),#3478,.F.) ;
#3497=ADVANCED_FACE('brep_5',(#3496),#2278,.T.) ;
#3543=ADVANCED_FACE('brep_5',(#3542),#3502,.F.) ;
#3585=ADVANCED_FACE('brep_5',(#3584),#3502,.F.) ;
#3647=ADVANCED_FACE('brep_5',(#3646),#3586,.F.) ;
#3700=ADVANCED_FACE('brep_5',(#3699),#3648,.T.) ;
#3752=ADVANCED_FACE('brep_5',(#3751),#3701,.F.) ;
#3822=ADVANCED_FACE('brep_5',(#3821),#3753,.T.) ;
#3894=ADVANCED_FACE('brep_5',(#3893),#3823,.T.) ;
#3906=ADVANCED_FACE('brep_5',(#3905),#3899,.T.) ;
#4014=ADVANCED_FACE('brep_5',(#4013),#3907,.T.) ;
#4054=ADVANCED_FACE('brep_5',(#4053),#4015,.T.) ;
#4088=ADVANCED_FACE('brep_5',(#4087),#4059,.T.) ;
#4104=ADVANCED_FACE('brep_5',(#4103),#2115,.T.) ;
#4164=ADVANCED_FACE('brep_5',(#4163),#4105,.T.) ;
#4381=ADVANCED_FACE('brep_5',(#4376,#4380),#4165,.T.) ;
#4489=ADVANCED_FACE('brep_5',(#4488),#4382,.T.) ;
#4550=ADVANCED_FACE('brep_5',(#4549),#4490,.F.) ;
#4761=ADVANCED_FACE('brep_5',(#4760),#4551,.T.) ;
#4805=ADVANCED_FACE('brep_5',(#4804),#4766,.T.) ;
#4823=ADVANCED_FACE('brep_5',(#4822),#4810,.T.) ;
#4870=ADVANCED_FACE('brep_5',(#4869),#4824,.T.) ;
#4888=ADVANCED_FACE('brep_5',(#4887),#4875,.T.) ;
#4964=ADVANCED_FACE('brep_5',(#4963),#4889,.T.) ;
#5034=ADVANCED_FACE('brep_5',(#5033),#4965,.T.) ;
#5096=ADVANCED_FACE('brep_5',(#5095),#5035,.F.) ;
#5148=ADVANCED_FACE('brep_5',(#5147),#5097,.F.) ;
#5290=ADVANCED_FACE('brep_5',(#5162,#5289),#5153,.T.) ;
#5321=ADVANCED_FACE('brep_5',(#5320),#5295,.T.) ;
#5406=ADVANCED_FACE('brep_5',(#5405),#5322,.T.) ;
#5430=ADVANCED_FACE('brep_5',(#5429),#5411,.T.) ;
#5486=ADVANCED_FACE('brep_5',(#5485),#5431,.T.) ;
#5510=ADVANCED_FACE('brep_5',(#5509),#5491,.T.) ;
#5566=ADVANCED_FACE('brep_5',(#5565),#5511,.T.) ;
#5590=ADVANCED_FACE('brep_5',(#5589),#5571,.T.) ;
#5646=ADVANCED_FACE('brep_5',(#5645),#5591,.T.) ;
#5670=ADVANCED_FACE('brep_5',(#5669),#5651,.T.) ;
#5728=ADVANCED_FACE('brep_5',(#5727),#5671,.T.) ;
#5754=ADVANCED_FACE('brep_5',(#5753),#615,.T.) ;
#5957=ADVANCED_FACE('brep_5',(#5956),#5755,.T.) ;
#5981=ADVANCED_FACE('brep_5',(#5980),#5962,.F.) ;
#5994=ADVANCED_FACE('brep_5',(#5993),#639,.F.) ;
#6013=ADVANCED_FACE('brep_5',(#6012),#675,.T.) ;
#6037=ADVANCED_FACE('brep_5',(#6036),#6018,.F.) ;
#6056=ADVANCED_FACE('brep_5',(#6055),#699,.F.) ;
#6080=ADVANCED_FACE('brep_5',(#6079),#6061,.F.) ;
#6099=ADVANCED_FACE('brep_5',(#6098),#726,.T.) ;
#6123=ADVANCED_FACE('brep_5',(#6122),#6104,.F.) ;
#6142=ADVANCED_FACE('brep_5',(#6141),#750,.F.) ;
#6166=ADVANCED_FACE('brep_5',(#6165),#6147,.F.) ;
#6185=ADVANCED_FACE('brep_5',(#6184),#783,.T.) ;
#6209=ADVANCED_FACE('brep_5',(#6208),#6190,.F.) ;
#6228=ADVANCED_FACE('brep_5',(#6227),#503,.F.) ;
#6252=ADVANCED_FACE('brep_5',(#6251),#6233,.F.) ;
#6271=ADVANCED_FACE('brep_5',(#6270),#552,.T.) ;
#6295=ADVANCED_FACE('brep_5',(#6294),#6276,.F.) ;
#6307=ADVANCED_FACE('brep_5',(#6306),#576,.F.) ;
#6324=ADVANCED_FACE('brep_5',(#6323),#6312,.F.) ;
#6341=ADVANCED_FACE('brep_5',(#6340),#6329,.T.) ;
#4=APPLICATION_PROTOCOL_DEFINITION('international standard','automotive_design',2001,#1) ;
#195=B_SPLINE_CURVE_WITH_KNOTS('',5,(#196,#197,#198,#199,#200,#201,#202,#203,#204,#205,#206,#207),.UNSPECIFIED.,.F.,.U.,(6,3,3,6),(1.93077154223E-016,1.5551334232,2.31194358471,2.95893872926),.UNSPECIFIED.) ;
#332=B_SPLINE_CURVE_WITH_KNOTS('',5,(#333,#334,#335,#336,#337,#338,#339,#340,#341,#342,#343,#344,#345,#346,#347,#348,#349,#350,#351,#352,#353,#354,#355,#356,#357,#358,#359,#360,#361,#362,#363,#364,#365,#366,#367,#368),.UNSPECIFIED.,.F.,.U.,(6,3,3,3,3,3,3,3,3,3,3,6),(0.,0.0282844516715,0.0784212258581,1.1196437101,1.5551334232,1.75357858559,1.95202374798,2.13195253674,2.31194358471,2.47789495597,2.64386773865,2.95893872926),.UNSPECIFIED.) ;
#372=B_SPLINE_CURVE_WITH_KNOTS('',5,(#373,#374,#375,#376,#377,#378),.UNSPECIFIED.,.F.,.U.,(6,6),(0.,0.5),.UNSPECIFIED.) ;
#511=B_SPLINE_CURVE_WITH_KNOTS('',5,(#512,#513,#514,#515,#516,#517,#518,#519,#520,#521,#522,#523,#524,#525,#526,#527,#528,#529,#530,#531,#532),.UNSPECIFIED.,.F.,.U.,(6,3,3,3,3,3,6),(0.,0.733711872427,0.926933285347,1.12430499081,1.39824221556,1.58083156914,1.85465514256),.UNSPECIFIED.) ;
#584=B_SPLINE_CURVE_WITH_KNOTS('',5,(#585,#586,#587,#588,#589,#590,#591,#592,#593,#594,#595,#596,#597,#598,#599,#600,#601,#602),.UNSPECIFIED.,.F.,.U.,(6,3,3,3,3,6),(0.,1.44441528196,1.62079797586,1.8932063248,2.19296407222,2.49403926297),.UNSPECIFIED.) ;
#647=B_SPLINE_CURVE_WITH_KNOTS('',4,(#648,#649,#650,#651,#652),.UNSPECIFIED.,.F.,.U.,(5,5),(0.,0.588529663785),.UNSPECIFIED.) ;
#656=B_SPLINE_CURVE_WITH_KNOTS('',4,(#657,#658,#659,#660,#661),.UNSPECIFIED.,.F.,.U.,(5,5),(0.,1.14329244405),.UNSPECIFIED.) ;
#707=B_SPLINE_CURVE_WITH_KNOTS('',5,(#708,#709,#710,#711,#712,#713),.UNSPECIFIED.,.F.,.U.,(6,6),(0.,0.937326841418),.UNSPECIFIED.) ;
#758=B_SPLINE_CURVE_WITH_KNOTS('',5,(#759,#760,#761,#762,#763,#764,#765,#766,#767,#768,#769,#770),.UNSPECIFIED.,.F.,.U.,(6,3,3,6),(0.,0.366472127252,0.920293685911,1.86240048914),.UNSPECIFIED.) ;
#860=B_SPLINE_CURVE_WITH_KNOTS('',3,(#861,#862,#863,#864),.UNSPECIFIED.,.F.,.U.,(4,4),(-0.0125272441351,0.926736769709),.UNSPECIFIED.) ;
#868=B_SPLINE_CURVE_WITH_KNOTS('',3,(#869,#870,#871,#872,#873,#874),.UNSPECIFIED.,.F.,.U.,(4,1,1,4),(0.0456840353506,0.581173380365,1.11666272538,1.65215207039),.UNSPECIFIED.) ;
#948=B_SPLINE_CURVE_WITH_KNOTS('',3,(#949,#950,#951,#952),.UNSPECIFIED.,.F.,.U.,(4,4),(-0.00854779866355,0.950009809713),.UNSPECIFIED.) ;
#956=B_SPLINE_CURVE_WITH_KNOTS('',3,(#957,#958,#959,#960,#961,#962,#963,#964),.UNSPECIFIED.,.F.,.U.,(4,1,1,1,1,4),(0.0731925375169,0.532894266928,0.99259599634,1.45229772575,1.91199945516,2.37170118458),.UNSPECIFIED.) ;
#1046=B_SPLINE_CURVE_WITH_KNOTS('',3,(#1047,#1048,#1049,#1050),.UNSPECIFIED.,.F.,.U.,(4,4),(0.00530939973708,1.03281706412),.UNSPECIFIED.) ;
#1054=B_SPLINE_CURVE_WITH_KNOTS('',3,(#1055,#1056,#1057,#1058,#1059,#1060,#1061,#1062,#1063,#1064),.UNSPECIFIED.,.F.,.U.,(4,1,1,1,1,1,1,4),(0.0843161864721,0.378581918846,0.672847651219,0.967113383594,1.26137911596,1.55564484833,1.8499105807,2.14417631308),.UNSPECIFIED.) ;
#1131=B_SPLINE_CURVE_WITH_KNOTS('',3,(#1132,#1133,#1134,#1135),.UNSPECIFIED.,.F.,.U.,(4,4),(0.00317040401577,1.01975669539),.UNSPECIFIED.) ;
#1139=B_SPLINE_CURVE_WITH_KNOTS('',3,(#1140,#1141,#1142,#1143,#1144,#1145),.UNSPECIFIED.,.F.,.U.,(4,1,1,4),(-0.0220871170338,0.263445283173,0.548977683379,0.834510083585),.UNSPECIFIED.) ;
#1211=B_SPLINE_CURVE_WITH_KNOTS('',3,(#1212,#1213,#1214,#1215,#1216,#1217),.UNSPECIFIED.,.F.,.U.,(4,1,1,4),(0.0460497738981,0.585581569504,1.12511336511,1.66464516071),.UNSPECIFIED.) ;
#1231=B_SPLINE_CURVE_WITH_KNOTS('',5,(#1232,#1233,#1234,#1235,#1236,#1237),.UNSPECIFIED.,.F.,.U.,(6,6),(0.,2.63863481536),.UNSPECIFIED.) ;
#1243=B_SPLINE_CURVE_WITH_KNOTS('',5,(#1244,#1245,#1246,#1247,#1248,#1249,#1250,#1251,#1252),.UNSPECIFIED.,.F.,.U.,(6,3,6),(0.,0.703737383149,1.76387936161),.UNSPECIFIED.) ;
#1256=B_SPLINE_CURVE_WITH_KNOTS('',5,(#1257,#1258,#1259,#1260,#1261,#1262,#1263,#1264,#1265),.UNSPECIFIED.,.F.,.U.,(6,3,6),(0.,31.421992078,81.3260244139),.UNSPECIFIED.) ;
#1269=B_SPLINE_CURVE_WITH_KNOTS('',5,(#1270,#1271,#1272,#1273,#1274,#1275,#1276,#1277,#1278,#1279,#1280,#1281,#1282,#1283,#1284,#1285,#1286,#1287),.UNSPECIFIED.,.F.,.U.,(6,3,3,3,3,6),(0.,0.984842693684,2.01405722742,5.09869770071,6.12889156232,7.25535533764),.UNSPECIFIED.) ;
#1291=B_SPLINE_CURVE_WITH_KNOTS('',5,(#1292,#1293,#1294,#1295,#1296,#1297),.UNSPECIFIED.,.F.,.U.,(6,6),(0.,6.93891677872),.UNSPECIFIED.) ;
#1371=B_SPLINE_CURVE_WITH_KNOTS('',5,(#1372,#1373,#1374,#1375,#1376,#1377,#1378,#1379,#1380,#1381,#1382,#1383),.UNSPECIFIED.,.F.,.U.,(6,3,3,6),(0.,0.706954237129,1.41390847426,2.42468998527),.UNSPECIFIED.) ;
#1387=B_SPLINE_CURVE_WITH_KNOTS('',5,(#1388,#1389,#1390,#1391,#1392,#1393,#1394,#1395,#1396,#1397,#1398,#1399,#1400,#1401,#1402,#1403,#1404,#1405,#1406,#1407,#1408,#1409,#1410,#1411),.UNSPECIFIED.,.F.,.U.,(6,3,3,3,3,3,3,6),(0.,0.292269555931,0.584477991355,0.884206842614,1.21202101695,1.77897848316,1.9828177705,2.43773708406),.UNSPECIFIED.) ;
#1484=B_SPLINE_CURVE_WITH_KNOTS('',5,(#1485,#1486,#1487,#1488,#1489,#1490,#1491,#1492,#1493,#1494,#1495,#1496,#1497,#1498,#1499,#1500,#1501,#1502,#1503,#1504,#1505),.UNSPECIFIED.,.F.,.U.,(6,3,3,3,3,3,6),(0.,0.807213759851,1.25988401058,1.72508995063,2.26307294903,2.7467920092,3.20417759782),.UNSPECIFIED.) ;
#1576=B_SPLINE_CURVE_WITH_KNOTS('',3,(#1577,#1578,#1579,#1580),.UNSPECIFIED.,.F.,.U.,(4,4),(0.,7.6976475368),.UNSPECIFIED.) ;
#1662=B_SPLINE_CURVE_WITH_KNOTS('',5,(#1663,#1664,#1665,#1666,#1667,#1668,#1669,#1670,#1671,#1672,#1673,#1674,#1675,#1676,#1677,#1678,#1679,#1680,#1681,#1682,#1683,#1684,#1685,#1686,#1687,#1688,#1689,#1690,#1691,#1692,#1693,#1694,#1695,#1696,#1697,#1698,#1699,#1700,#1701,#1702,#1703,#1704,#1705,#1706,#1707,#1708,#1709,#1710,#1711,#1712,#1713,#1714,#1715,#1716,#1717,#1718,#1719,#1720,#1721,#1722),.UNSPECIFIED.,.F.,.U.,(6,3,3,3,3,3,3,3,3,3,3,3,3,3,3,3,3,3,3,6),(0.,0.506560362669,0.772284778114,1.02557015676,1.52801792046,2.06314509612,2.60098509178,2.86995058997,3.13889213453,3.6543155501,4.18402361607,4.66726112351,5.20065701878,5.74176657844,6.26627206412,6.53408905572,6.66799837345,7.20365871067,7.4409107772,8.16406725027),.UNSPECIFIED.) ;
#1792=B_SPLINE_CURVE_WITH_KNOTS('',5,(#1793,#1794,#1795,#1796,#1797,#1798,#1799,#1800,#1801,#1802,#1803,#1804,#1805,#1806,#1807,#1808,#1809,#1810,#1811,#1812,#1813,#1814,#1815,#1816,#1817,#1818,#1819,#1820,#1821,#1822,#1823,#1824,#1825,#1826,#1827,#1828,#1829,#1830,#1831,#1832,#1833,#1834,#1835,#1836,#1837,#1838,#1839,#1840,#1841,#1842,#1843,#1844,#1845,#1846,#1847,#1848,#1849,#1850,#1851,#1852,#1853,#1854,#1855,#1856,#1857,#1858,#1859,#1860,#1861,#1862,#1863,#1864,#1865,#1866,#1867,#1868,#1869,#1870,#1871,#1872,#1873,#1874,#1875,#1876,#1877,#1878,#1879,#1880,#1881,#1882,#1883,#1884,#1885,#1886,#1887,#1888,#1889,#1890,#1891,#1892,#1893,#1894,#1895,#1896,#1897,#1898,#1899,#1900,#1901,#1902,#1903,#1904,#1905,#1906),.UNSPECIFIED.,.F.,.U.,(6,3,3,3,3,3,3,3,3,3,3,3,3,3,3,3,3,3,3,3,3,3,3,3,3,3,3,3,3,3,3,3,3,3,3,3,3,6),(0.,6.21731444161,8.57025159805,10.6578013696,13.0008330631,16.1321477214,17.175921544,18.2900952828,19.2962395769,20.3191144374,21.3222444238,23.4216561472,24.4444427346,25.5114535223,26.5342704468,27.6008941415,33.2666856256,34.6592275116,35.7125467132,37.8596107028,41.0014478908,42.0059785481,43.0532946613,45.1473617644,47.3416798988,48.3887109589,49.4274205721,50.4745523702,51.78550564,58.0132777202,58.923084283,59.8554446683,61.9321595671,64.1468363451,66.2273545091,67.2096092676,68.6408745763,85.4886694337),.UNSPECIFIED.) ;
#1956=B_SPLINE_CURVE_WITH_KNOTS('',5,(#1957,#1958,#1959,#1960,#1961,#1962,#1963,#1964,#1965,#1966,#1967,#1968,#1969,#1970,#1971),.UNSPECIFIED.,.F.,.U.,(6,3,3,3,6),(0.,1.07326852319,1.61412762746,2.16169176206,3.17687289338),.UNSPECIFIED.) ;
#2005=B_SPLINE_CURVE_WITH_KNOTS('',3,(#2006,#2007,#2008,#2009),.UNSPECIFIED.,.F.,.U.,(4,4),(0.,1.98570343287),.UNSPECIFIED.) ;
#2013=B_SPLINE_CURVE_WITH_KNOTS('',5,(#2014,#2015,#2016,#2017,#2018,#2019),.UNSPECIFIED.,.F.,.U.,(6,6),(0.,3.45464707862),.UNSPECIFIED.) ;
#2083=B_SPLINE_CURVE_WITH_KNOTS('',5,(#2084,#2085,#2086,#2087,#2088,#2089),.UNSPECIFIED.,.F.,.U.,(6,6),(0.,1.35290990011),.UNSPECIFIED.) ;
#2093=B_SPLINE_CURVE_WITH_KNOTS('',5,(#2094,#2095,#2096,#2097,#2098,#2099,#2100,#2101,#2102),.UNSPECIFIED.,.F.,.U.,(6,3,6),(29.1289273544,29.8773268363,30.846954754),.UNSPECIFIED.) ;
#2151=B_SPLINE_CURVE_WITH_KNOTS('',5,(#2152,#2153,#2154,#2155,#2156,#2157),.UNSPECIFIED.,.F.,.U.,(6,6),(0.,0.931934721932),.UNSPECIFIED.) ;
#2161=B_SPLINE_CURVE_WITH_KNOTS('',5,(#2162,#2163,#2164,#2165,#2166,#2167),.UNSPECIFIED.,.F.,.U.,(6,6),(0.,2.54972553805),.UNSPECIFIED.) ;
#2356=B_SPLINE_CURVE_WITH_KNOTS('',4,(#2357,#2358,#2359,#2360,#2361),.UNSPECIFIED.,.F.,.U.,(5,5),(-0.785398163392,0.785398163392),.UNSPECIFIED.) ;
#2494=B_SPLINE_CURVE_WITH_KNOTS('',5,(#2495,#2496,#2497,#2498,#2499,#2500),.UNSPECIFIED.,.F.,.U.,(6,6),(0.,11.6113187791),.UNSPECIFIED.) ;
#2504=B_SPLINE_CURVE_WITH_KNOTS('',5,(#2505,#2506,#2507,#2508,#2509,#2510,#2511,#2512,#2513,#2514,#2515,#2516),.UNSPECIFIED.,.F.,.U.,(6,3,3,6),(0.,0.759851879266,1.00084979939,1.2337297259),.UNSPECIFIED.) ;
#2617=B_SPLINE_CURVE_WITH_KNOTS('',4,(#2618,#2619,#2620,#2621,#2622),.UNSPECIFIED.,.F.,.U.,(5,5),(0.,2.22144145733),.UNSPECIFIED.) ;
#2628=B_SPLINE_CURVE_WITH_KNOTS('',4,(#2629,#2630,#2631,#2632,#2633),.UNSPECIFIED.,.F.,.U.,(5,5),(0.,1.32753976592),.UNSPECIFIED.) ;
#2669=B_SPLINE_CURVE_WITH_KNOTS('',5,(#2670,#2671,#2672,#2673,#2674,#2675),.UNSPECIFIED.,.F.,.U.,(6,6),(0.,28.4009693732),.UNSPECIFIED.) ;
#2703=B_SPLINE_CURVE_WITH_KNOTS('',4,(#2704,#2705,#2706,#2707,#2708),.UNSPECIFIED.,.F.,.U.,(5,5),(0.,1.3275535851),.UNSPECIFIED.) ;
#2710=B_SPLINE_CURVE_WITH_KNOTS('',5,(#2711,#2712,#2713,#2714,#2715,#2716,#2717,#2718,#2719,#2720,#2721,#2722,#2723,#2724,#2725),.UNSPECIFIED.,.F.,.U.,(6,3,3,3,6),(0.,0.401438230491,0.802876460981,1.20431469147,1.60575292196),.UNSPECIFIED.) ;
#2818=B_SPLINE_CURVE_WITH_KNOTS('',5,(#2819,#2820,#2821,#2822,#2823,#2824,#2825,#2826,#2827),.UNSPECIFIED.,.F.,.U.,(6,3,6),(-3.29867228627,-2.22044604925E-016,3.29867228627),.UNSPECIFIED.) ;
#2838=B_SPLINE_CURVE_WITH_KNOTS('',5,(#2839,#2840,#2841,#2842,#2843,#2844,#2845,#2846,#2847),.UNSPECIFIED.,.F.,.U.,(6,3,6),(-3.29867228627,-2.22044604925E-016,3.29867228627),.UNSPECIFIED.) ;
#2913=B_SPLINE_CURVE_WITH_KNOTS('',5,(#2914,#2915,#2916,#2917,#2918,#2919,#2920,#2921,#2922),.UNSPECIFIED.,.F.,.U.,(6,3,6),(-3.29867228627,-2.22044604925E-016,3.29867228627),.UNSPECIFIED.) ;
#2924=B_SPLINE_CURVE_WITH_KNOTS('',5,(#2925,#2926,#2927,#2928,#2929,#2930,#2931,#2932,#2933),.UNSPECIFIED.,.F.,.U.,(6,3,6),(-3.29867228627,-2.22044604925E-016,3.29867228627),.UNSPECIFIED.) ;
#2956=B_SPLINE_CURVE_WITH_KNOTS('',5,(#2957,#2958,#2959,#2960,#2961,#2962,#2963,#2964,#2965,#2966,#2967,#2968,#2969,#2970,#2971,#2972,#2973,#2974,#2975,#2976,#2977,#2978,#2979,#2980),.UNSPECIFIED.,.F.,.U.,(6,3,3,3,3,3,3,6),(0.,2.66438321075,5.3286230872,7.99302785919,10.6574731211,13.3217424983,15.9861411143,16.3216654463),.UNSPECIFIED.) ;
#3023=B_SPLINE_CURVE_WITH_KNOTS('',5,(#3024,#3025,#3026,#3027,#3028,#3029),.UNSPECIFIED.,.F.,.U.,(6,6),(0.,8.8762632248),.UNSPECIFIED.) ;
#3103=B_SPLINE_CURVE_WITH_KNOTS('',5,(#3104,#3105,#3106,#3107,#3108,#3109,#3110,#3111,#3112,#3113,#3114,#3115,#3116,#3117,#3118,#3119,#3120,#3121,#3122,#3123,#3124,#3125,#3126,#3127,#3128,#3129,#3130,#3131,#3132,#3133,#3134,#3135,#3136,#3137,#3138,#3139,#3140,#3141,#3142,#3143,#3144,#3145,#3146,#3147,#3148,#3149,#3150,#3151),.UNSPECIFIED.,.F.,.U.,(6,3,3,3,3,3,3,3,3,3,3,3,3,3,3,6),(0.,0.823169960765,1.44369385302,1.64633992153,1.84750536061,2.05281517739,2.45512231922,3.29488675768,4.05158361359,4.84297246535,6.41232672727,7.21258302772,7.99961761131,8.40088911507,9.50419722967,12.0823028761),.UNSPECIFIED.) ;
#3178=B_SPLINE_CURVE_WITH_KNOTS('',5,(#3179,#3180,#3181,#3182,#3183,#3184,#3185,#3186,#3187,#3188,#3189,#3190,#3191,#3192,#3193,#3194,#3195,#3196,#3197,#3198,#3199,#3200,#3201,#3202),.UNSPECIFIED.,.F.,.U.,(6,3,3,3,3,3,3,6),(0.,2.66438321077,5.32862308719,7.99302785911,10.6574731211,13.3217424982,15.9861411142,16.3216654462),.UNSPECIFIED.) ;
#3258=B_SPLINE_CURVE_WITH_KNOTS('',5,(#3259,#3260,#3261,#3262,#3263,#3264),.UNSPECIFIED.,.F.,.U.,(6,6),(0.,8.87626341632),.UNSPECIFIED.) ;
#3403=B_SPLINE_CURVE_WITH_KNOTS('',5,(#3404,#3405,#3406,#3407,#3408,#3409,#3410,#3411,#3412,#3413,#3414,#3415,#3416,#3417,#3418),.UNSPECIFIED.,.F.,.U.,(6,3,3,3,6),(0.,4.06338056784,7.37495933118,12.0023457397,16.4903521076),.UNSPECIFIED.) ;
#3441=B_SPLINE_CURVE_WITH_KNOTS('',5,(#3442,#3443,#3444,#3445,#3446,#3447,#3448,#3449,#3450,#3451,#3452,#3453,#3454,#3455,#3456,#3457,#3458,#3459,#3460,#3461,#3462,#3463,#3464,#3465),.UNSPECIFIED.,.F.,.U.,(6,3,3,3,3,3,3,6),(0.,2.01506842478,4.03013684956,7.30684927976,9.89961329601,11.8735607181,14.1310797554,16.3885987928),.UNSPECIFIED.) ;
#3510=B_SPLINE_CURVE_WITH_KNOTS('',5,(#3511,#3512,#3513,#3514,#3515,#3516,#3517,#3518,#3519,#3520,#3521,#3522,#3523,#3524,#3525,#3526,#3527,#3528),.UNSPECIFIED.,.F.,.U.,(6,3,3,3,3,6),(0.,4.65685233226,7.91872753854,10.3516367262,13.6024492556,18.3549535497),.UNSPECIFIED.) ;
#3544=B_SPLINE_CURVE_WITH_KNOTS('',3,(#3545,#3546,#3547,#3548),.UNSPECIFIED.,.F.,.U.,(4,4),(0.,3.64824920427),.UNSPECIFIED.) ;
#3552=B_SPLINE_CURVE_WITH_KNOTS('',3,(#3553,#3554,#3555,#3556),.UNSPECIFIED.,.F.,.U.,(4,4),(0.,3.64825509762),.UNSPECIFIED.) ;
#3560=B_SPLINE_CURVE_WITH_KNOTS('',5,(#3561,#3562,#3563,#3564,#3565,#3566,#3567,#3568,#3569,#3570,#3571,#3572,#3573,#3574,#3575),.UNSPECIFIED.,.F.,.U.,(6,3,3,3,6),(0.,2.31422921464,4.87800885949,8.12483116644,10.7094840119),.UNSPECIFIED.) ;
#3623=B_SPLINE_CURVE_WITH_KNOTS('',5,(#3624,#3625,#3626,#3627,#3628,#3629),.UNSPECIFIED.,.F.,.U.,(6,6),(0.,1.82810055612),.UNSPECIFIED.) ;
#3633=B_SPLINE_CURVE_WITH_KNOTS('',5,(#3634,#3635,#3636,#3637,#3638,#3639),.UNSPECIFIED.,.F.,.U.,(6,6),(7.70816367573,10.3973475894),.UNSPECIFIED.) ;
#3685=B_SPLINE_CURVE_WITH_KNOTS('',5,(#3686,#3687,#3688,#3689,#3690,#3691),.UNSPECIFIED.,.F.,.U.,(6,6),(3.94311576269,11.4748794341),.UNSPECIFIED.) ;
#3738=B_SPLINE_CURVE_WITH_KNOTS('',5,(#3739,#3740,#3741,#3742,#3743,#3744),.UNSPECIFIED.,.F.,.U.,(6,6),(10.2999570062,30.5183729251),.UNSPECIFIED.) ;
#3790=B_SPLINE_CURVE_WITH_KNOTS('',4,(#3791,#3792,#3793,#3794,#3795),.UNSPECIFIED.,.F.,.U.,(5,5),(0.,1.83444651651),.UNSPECIFIED.) ;
#3801=B_SPLINE_CURVE_WITH_KNOTS('',5,(#3802,#3803,#3804,#3805,#3806,#3807),.UNSPECIFIED.,.F.,.U.,(6,6),(4.55058392368,12.0823479698),.UNSPECIFIED.) ;
#3809=B_SPLINE_CURVE_WITH_KNOTS('',3,(#3810,#3811,#3812,#3813),.UNSPECIFIED.,.F.,.U.,(4,4),(0.,0.943772030985),.UNSPECIFIED.) ;
#3860=B_SPLINE_CURVE_WITH_KNOTS('',5,(#3861,#3862,#3863,#3864,#3865,#3866),.UNSPECIFIED.,.F.,.U.,(6,6),(8.66092512222,10.9578812464),.UNSPECIFIED.) ;
#3870=B_SPLINE_CURVE_WITH_KNOTS('',5,(#3871,#3872,#3873,#3874,#3875,#3876),.UNSPECIFIED.,.F.,.U.,(6,6),(0.,0.943657983407),.UNSPECIFIED.) ;
#3880=B_SPLINE_CURVE_WITH_KNOTS('',5,(#3881,#3882,#3883,#3884,#3885,#3886),.UNSPECIFIED.,.F.,.U.,(6,6),(8.66092512222,11.8335444268),.UNSPECIFIED.) ;
#3976=B_SPLINE_CURVE_WITH_KNOTS('',5,(#3977,#3978,#3979,#3980,#3981,#3982,#3983,#3984,#3985,#3986,#3987,#3988,#3989,#3990,#3991,#3992,#3993,#3994,#3995,#3996,#3997),.UNSPECIFIED.,.F.,.U.,(6,3,3,3,3,3,6),(0.,0.473975739301,0.706208884279,1.40338947179,2.30791389931,2.74376969096,3.14524190521),.UNSPECIFIED.) ;
#4032=B_SPLINE_CURVE_WITH_KNOTS('',5,(#4033,#4034,#4035,#4036,#4037,#4038),.UNSPECIFIED.,.F.,.U.,(6,6),(0.201496956612,9.26578244475),.UNSPECIFIED.) ;
#4042=B_SPLINE_CURVE_WITH_KNOTS('',3,(#4043,#4044,#4045,#4046),.UNSPECIFIED.,.F.,.U.,(4,4),(0.,7.6924134923),.UNSPECIFIED.) ;
#4060=B_SPLINE_CURVE_WITH_KNOTS('',4,(#4061,#4062,#4063,#4064,#4065),.UNSPECIFIED.,.F.,.U.,(5,5),(0.,1.53232477046),.UNSPECIFIED.) ;
#4076=B_SPLINE_CURVE_WITH_KNOTS('',3,(#4077,#4078,#4079,#4080),.UNSPECIFIED.,.F.,.U.,(4,4),(0.,0.774835595703),.UNSPECIFIED.) ;
#4122=B_SPLINE_CURVE_WITH_KNOTS('',5,(#4123,#4124,#4125,#4126,#4127,#4128),.UNSPECIFIED.,.F.,.U.,(6,6),(0.188248596797,10.277952155),.UNSPECIFIED.) ;
#4132=B_SPLINE_CURVE_WITH_KNOTS('',5,(#4133,#4134,#4135,#4136,#4137,#4138,#4139,#4140,#4141,#4142,#4143,#4144,#4145,#4146,#4147,#4148,#4149,#4150,#4151,#4152,#4153,#4154,#4155,#4156),.UNSPECIFIED.,.F.,.U.,(6,3,3,3,3,3,3,6),(0.,0.581609856703,1.21720799101,2.33232047414,3.5227050895,4.5189537568,5.51520242409,8.47291733208),.UNSPECIFIED.) ;
#4182=B_SPLINE_CURVE_WITH_KNOTS('',5,(#4183,#4184,#4185,#4186,#4187,#4188,#4189,#4190,#4191,#4192,#4193,#4194,#4195,#4196,#4197,#4198,#4199,#4200,#4201,#4202,#4203,#4204,#4205,#4206,#4207,#4208,#4209,#4210,#4211,#4212,#4213,#4214,#4215,#4216,#4217,#4218,#4219,#4220,#4221,#4222,#4223,#4224,#4225,#4226,#4227,#4228,#4229,#4230,#4231,#4232,#4233,#4234,#4235,#4236,#4237,#4238,#4239,#4240,#4241,#4242,#4243,#4244,#4245,#4246,#4247,#4248,#4249,#4250,#4251,#4252,#4253,#4254,#4255,#4256,#4257,#4258,#4259,#4260),.UNSPECIFIED.,.F.,.U.,(6,3,3,3,3,3,3,3,3,3,3,3,3,3,3,3,3,3,3,3,3,3,3,3,3,6),(0.,4.00854345035,4.34970537503,4.67844901331,5.3438743856,5.69070040441,8.08222633646,9.43989338783,10.9795676356,11.5255886405,12.2504805114,12.975217013,13.7031131616,15.0694602801,16.5358331439,17.8835280957,19.2939206017,20.644224188,22.0715643088,24.3424621735,24.7117224687,25.0809827638,25.8155784043,26.5485715009,26.9173781525,31.6713821748),.UNSPECIFIED.) ;
#4264=B_SPLINE_CURVE_WITH_KNOTS('',5,(#4265,#4266,#4267,#4268,#4269,#4270,#4271,#4272,#4273,#4274,#4275,#4276,#4277,#4278,#4279,#4280,#4281,#4282,#4283,#4284,#4285,#4286,#4287,#4288,#4289,#4290,#4291,#4292,#4293,#4294,#4295,#4296,#4297,#4298,#4299,#4300,#4301,#4302,#4303,#4304,#4305,#4306,#4307,#4308,#4309,#4310,#4311,#4312,#4313,#4314,#4315,#4316,#4317,#4318,#4319,#4320,#4321,#4322,#4323,#4324,#4325,#4326,#4327,#4328,#4329,#4330,#4331,#4332,#4333,#4334,#4335,#4336,#4337,#4338,#4339,#4340,#4341,#4342,#4343,#4344,#4345,#4346,#4347,#4348,#4349,#4350,#4351,#4352,#4353,#4354,#4355,#4356,#4357,#4358,#4359,#4360,#4361,#4362,#4363,#4364,#4365,#4366,#4367,#4368,#4369),.UNSPECIFIED.,.F.,.U.,(6,3,3,3,3,3,3,3,3,3,3,3,3,3,3,3,3,3,3,3,3,3,3,3,3,3,3,3,3,3,3,3,3,3,6),(0.,16.6578088538,18.58980483,20.6932731903,22.9295755954,25.0330024391,26.4485883872,27.5259404232,33.8367732338,34.953660776,36.0040228669,36.9805321035,38.0308877279,40.3617727328,42.4624904847,43.5134426019,44.5740696069,46.7328260132,48.8339429679,49.87801633,50.9285655305,51.9446030207,55.0281663514,55.8859782426,59.026844185,60.7005512118,62.7594327784,64.7924660247,65.8090013544,66.8255366841,67.8047296701,72.9597086566,74.0503758733,76.1123703403,83.3293231388),.UNSPECIFIED.) ;
#4437=B_SPLINE_CURVE_WITH_KNOTS('',5,(#4438,#4439,#4440,#4441,#4442,#4443),.UNSPECIFIED.,.F.,.U.,(6,6),(16.1175097485,25.8022065423),.UNSPECIFIED.) ;
#4445=B_SPLINE_CURVE_WITH_KNOTS('',5,(#4446,#4447,#4448,#4449,#4450,#4451,#4452,#4453,#4454),.UNSPECIFIED.,.F.,.U.,(6,3,6),(-0.251466216526,0.237640315022,9.92241231249),.UNSPECIFIED.) ;
#4458=B_SPLINE_CURVE_WITH_KNOTS('',3,(#4459,#4460,#4461,#4462),.UNSPECIFIED.,.F.,.U.,(4,4),(2.70685575558E-005,0.735786460484),.UNSPECIFIED.) ;
#4466=B_SPLINE_CURVE_WITH_KNOTS('',5,(#4467,#4468,#4469,#4470,#4471,#4472,#4473,#4474,#4475,#4476,#4477,#4478),.UNSPECIFIED.,.F.,.U.,(6,3,3,6),(0.,2.3052825678,2.60576131636,2.90624006491),.UNSPECIFIED.) ;
#4527=B_SPLINE_CURVE_WITH_KNOTS('',5,(#4528,#4529,#4530,#4531,#4532,#4533),.UNSPECIFIED.,.F.,.U.,(6,6),(0.,0.777499865873),.UNSPECIFIED.) ;
#4537=B_SPLINE_CURVE_WITH_KNOTS('',5,(#4538,#4539,#4540,#4541,#4542,#4543),.UNSPECIFIED.,.F.,.U.,(6,6),(1.63609584265,3.90988335258),.UNSPECIFIED.) ;
#4741=B_SPLINE_CURVE_WITH_KNOTS('',3,(#4742,#4743,#4744,#4745),.UNSPECIFIED.,.F.,.U.,(4,4),(0.,1.98964557234),.UNSPECIFIED.) ;
#4767=B_SPLINE_CURVE_WITH_KNOTS('',3,(#4768,#4769,#4770,#4771),.UNSPECIFIED.,.F.,.U.,(4,4),(0.,0.758579141983),.UNSPECIFIED.) ;
#4777=B_SPLINE_CURVE_WITH_KNOTS('',5,(#4778,#4779,#4780,#4781,#4782,#4783,#4784,#4785,#4786,#4787,#4788,#4789),.UNSPECIFIED.,.F.,.U.,(6,3,3,6),(0.,0.735444989534,1.47088997907,2.37657795045),.UNSPECIFIED.) ;
#4791=B_SPLINE_CURVE_WITH_KNOTS('',5,(#4792,#4793,#4794,#4795,#4796,#4797),.UNSPECIFIED.,.F.,.U.,(6,6),(0.,1.80978378403),.UNSPECIFIED.) ;
#5020=B_SPLINE_CURVE_WITH_KNOTS('',5,(#5021,#5022,#5023,#5024,#5025,#5026),.UNSPECIFIED.,.F.,.U.,(6,6),(0.588340556281,60.6611206233),.UNSPECIFIED.) ;
#5072=B_SPLINE_CURVE_WITH_KNOTS('',5,(#5073,#5074,#5075,#5076,#5077,#5078),.UNSPECIFIED.,.F.,.U.,(6,6),(0.00030420522754,1.56343789297),.UNSPECIFIED.) ;
#5082=B_SPLINE_CURVE_WITH_KNOTS('',5,(#5083,#5084,#5085,#5086,#5087,#5088),.UNSPECIFIED.,.F.,.U.,(6,6),(30.043639321,30.4927800959),.UNSPECIFIED.) ;
#5134=B_SPLINE_CURVE_WITH_KNOTS('',5,(#5135,#5136,#5137,#5138,#5139,#5140),.UNSPECIFIED.,.F.,.U.,(6,6),(21.6166835285,23.0247599081),.UNSPECIFIED.) ;
#5172=B_SPLINE_CURVE_WITH_KNOTS('',5,(#5173,#5174,#5175,#5176,#5177,#5178,#5179,#5180,#5181,#5182,#5183,#5184,#5185,#5186,#5187),.UNSPECIFIED.,.F.,.U.,(6,3,3,3,6),(0.,0.922707481482,2.31560973526,3.24214731126,4.01830240257),.UNSPECIFIED.) ;
#5198=B_SPLINE_CURVE_WITH_KNOTS('',5,(#5199,#5200,#5201,#5202,#5203,#5204,#5205,#5206,#5207),.UNSPECIFIED.,.F.,.U.,(6,3,6),(0.,1.54643177183,2.70375749155),.UNSPECIFIED.) ;
#5218=B_SPLINE_CURVE_WITH_KNOTS('',5,(#5219,#5220,#5221,#5222,#5223,#5224,#5225,#5226,#5227),.UNSPECIFIED.,.F.,.U.,(6,3,6),(0.,1.55763441565,2.71701757908),.UNSPECIFIED.) ;
#5238=B_SPLINE_CURVE_WITH_KNOTS('',5,(#5239,#5240,#5241,#5242,#5243,#5244,#5245,#5246,#5247),.UNSPECIFIED.,.F.,.U.,(6,3,6),(0.,0.896538253629,1.49585365253),.UNSPECIFIED.) ;
#5258=B_SPLINE_CURVE_WITH_KNOTS('',5,(#5259,#5260,#5261,#5262,#5263,#5264,#5265,#5266,#5267,#5268,#5269,#5270,#5271,#5272,#5273,#5274,#5275,#5276),.UNSPECIFIED.,.F.,.U.,(6,3,3,3,3,6),(0.,0.762446814508,1.52462087791,2.66010830206,3.41802644984,4.09302921809),.UNSPECIFIED.) ;
#5371=B_SPLINE_CURVE_WITH_KNOTS('',3,(#5372,#5373,#5374,#5375),.UNSPECIFIED.,.F.,.U.,(4,4),(0.00531078141422,1.03282560555),.UNSPECIFIED.) ;
#5379=B_SPLINE_CURVE_WITH_KNOTS('',3,(#5380,#5381,#5382,#5383,#5384,#5385),.UNSPECIFIED.,.F.,.U.,(4,1,1,4),(1.42734775081,1.55563840237,1.84986510777,2.14409181316),.UNSPECIFIED.) ;
#5389=B_SPLINE_CURVE_WITH_KNOTS('',3,(#5390,#5391,#5392,#5393,#5394,#5395,#5396,#5397),.UNSPECIFIED.,.F.,.U.,(4,1,1,1,1,4),(0.0845048753936,0.378731580789,0.672958286182,0.967184991578,1.26141169698,1.42734775065),.UNSPECIFIED.) ;
#5464=B_SPLINE_CURVE_WITH_KNOTS('',3,(#5465,#5466,#5467,#5468),.UNSPECIFIED.,.F.,.U.,(4,4),(0.00315441068232,1.01965698159),.UNSPECIFIED.) ;
#5472=B_SPLINE_CURVE_WITH_KNOTS('',3,(#5473,#5474,#5475,#5476,#5477,#5478),.UNSPECIFIED.,.F.,.U.,(4,1,1,4),(-0.0212449093126,0.264327625008,0.549900159329,0.83547269365),.UNSPECIFIED.) ;
#5544=B_SPLINE_CURVE_WITH_KNOTS('',3,(#5545,#5546,#5547,#5548),.UNSPECIFIED.,.F.,.U.,(4,4),(-0.00470536683125,0.971919892922),.UNSPECIFIED.) ;
#5552=B_SPLINE_CURVE_WITH_KNOTS('',3,(#5553,#5554,#5555,#5556,#5557,#5558),.UNSPECIFIED.,.F.,.U.,(4,1,1,4),(0.0455658066917,0.585383308348,1.12520081001,1.66501831167),.UNSPECIFIED.) ;
#5624=B_SPLINE_CURVE_WITH_KNOTS('',3,(#5625,#5626,#5627,#5628),.UNSPECIFIED.,.F.,.U.,(4,4),(-0.0125345431007,0.926694083873),.UNSPECIFIED.) ;
#5632=B_SPLINE_CURVE_WITH_KNOTS('',3,(#5633,#5634,#5635,#5636,#5637,#5638),.UNSPECIFIED.,.F.,.U.,(4,1,1,4),(0.0452056941058,0.580983553904,1.11676141371,1.6525392735),.UNSPECIFIED.) ;
#5712=B_SPLINE_CURVE_WITH_KNOTS('',3,(#5713,#5714,#5715,#5716,#5717,#5718,#5719,#5720),.UNSPECIFIED.,.F.,.U.,(4,1,1,1,1,4),(0.0742466126335,0.533771398547,0.993296184462,1.45282097038,1.9123457563,2.37187054221),.UNSPECIFIED.) ;
#5864=B_SPLINE_CURVE_WITH_KNOTS('',5,(#5865,#5866,#5867,#5868,#5869,#5870,#5871,#5872,#5873,#5874,#5875,#5876,#5877,#5878,#5879,#5880,#5881,#5882,#5883,#5884,#5885,#5886,#5887,#5888,#5889,#5890,#5891,#5892,#5893,#5894,#5895,#5896,#5897,#5898,#5899,#5900),.UNSPECIFIED.,.F.,.U.,(6,3,3,3,3,3,3,3,3,3,3,6),(0.,0.0282844516715,0.0784212258581,1.11964371011,1.55513342321,1.7535785856,1.95202374799,2.13195253675,2.31194358472,2.47789495598,2.64386773866,2.95893873785),.UNSPECIFIED.) ;
#5906=B_SPLINE_CURVE_WITH_KNOTS('',5,(#5907,#5908,#5909,#5910,#5911,#5912,#5913,#5914,#5915,#5916,#5917,#5918,#5919,#5920,#5921,#5922,#5923,#5924,#5925,#5926,#5927,#5928,#5929,#5930,#5931,#5932,#5933,#5934,#5935,#5936,#5937,#5938,#5939,#5940,#5941,#5942),.UNSPECIFIED.,.F.,.U.,(6,3,3,3,3,3,3,3,3,3,3,6),(0.,0.0282844516715,0.0784212258581,1.11964371011,1.55513342321,1.7535785856,1.95202374799,2.13195253675,2.31194358472,2.47789495598,2.64386773866,2.95893873785),.UNSPECIFIED.) ;
#5944=B_SPLINE_CURVE_WITH_KNOTS('',5,(#5945,#5946,#5947,#5948,#5949,#5950),.UNSPECIFIED.,.F.,.U.,(6,6),(0.,0.5),.UNSPECIFIED.) ;
#223=B_SPLINE_SURFACE_WITH_KNOTS('',5,5,((#224,#225,#226,#227,#228,#229,#230,#231,#232),(#233,#234,#235,#236,#237,#238,#239,#240,#241),(#242,#243,#244,#245,#246,#247,#248,#249,#250),(#251,#252,#253,#254,#255,#256,#257,#258,#259),(#260,#261,#262,#263,#264,#265,#266,#267,#268),(#269,#270,#271,#272,#273,#274,#275,#276,#277),(#278,#279,#280,#281,#282,#283,#284,#285,#286),(#287,#288,#289,#290,#291,#292,#293,#294,#295),(#296,#297,#298,#299,#300,#301,#302,#303,#304),(#305,#306,#307,#308,#309,#310,#311,#312,#313),(#314,#315,#316,#317,#318,#319,#320,#321,#322),(#323,#324,#325,#326,#327,#328,#329,#330,#331)),.UNSPECIFIED.,.F.,.F.,.U.,(6,3,3,6),(6,3,6),(0.,1.5551334232,2.31194358471,2.95893872926),(0.,0.25,0.5),.UNSPECIFIED.) ;
#827=B_SPLINE_SURFACE_WITH_KNOTS('',3,3,((#828,#829,#830,#831),(#832,#833,#834,#835),(#836,#837,#838,#839),(#840,#841,#842,#843),(#844,#845,#846,#847),(#848,#849,#850,#851),(#852,#853,#854,#855),(#856,#857,#858,#859)),.UNSPECIFIED.,.F.,.F.,.U.,(4,1,1,1,1,4),(4,4),(-0.0753280184784,0.0456840353506,0.581173380365,1.11666272538,1.65215207039,1.77911155279),(-0.206257361816,1.12046688783),.UNSPECIFIED.) ;
#907=B_SPLINE_SURFACE_WITH_KNOTS('',3,3,((#908,#909,#910,#911),(#912,#913,#914,#915),(#916,#917,#918,#919),(#920,#921,#922,#923),(#924,#925,#926,#927),(#928,#929,#930,#931),(#932,#933,#934,#935),(#936,#937,#938,#939),(#940,#941,#942,#943),(#944,#945,#946,#947)),.UNSPECIFIED.,.F.,.F.,.U.,(4,1,1,1,1,1,1,4),(4,4),(-0.0563666154112,0.0731925375169,0.532894266928,0.99259599634,1.45229772575,1.91199945516,2.37170118458,2.50069746098),(-0.206257361816,1.14771937371),.UNSPECIFIED.) ;
#997=B_SPLINE_SURFACE_WITH_KNOTS('',3,3,((#998,#999,#1000,#1001),(#1002,#1003,#1004,#1005),(#1006,#1007,#1008,#1009),(#1010,#1011,#1012,#1013),(#1014,#1015,#1016,#1017),(#1018,#1019,#1020,#1021),(#1022,#1023,#1024,#1025),(#1026,#1027,#1028,#1029),(#1030,#1031,#1032,#1033),(#1034,#1035,#1036,#1037),(#1038,#1039,#1040,#1041),(#1042,#1043,#1044,#1045)),.UNSPECIFIED.,.F.,.F.,.U.,(4,1,1,1,1,1,1,1,1,4),(4,4),(-0.079554069782,0.0843161864721,0.378581918846,0.672847651219,0.967113383594,1.26137911596,1.55564484833,1.8499105807,2.14417631308,2.3182313001),(-0.193015294101,1.23114175827),.UNSPECIFIED.) ;
#1098=B_SPLINE_SURFACE_WITH_KNOTS('',3,3,((#1099,#1100,#1101,#1102),(#1103,#1104,#1105,#1106),(#1107,#1108,#1109,#1110),(#1111,#1112,#1113,#1114),(#1115,#1116,#1117,#1118),(#1119,#1120,#1121,#1122),(#1123,#1124,#1125,#1126),(#1127,#1128,#1129,#1130)),.UNSPECIFIED.,.F.,.F.,.U.,(4,1,1,1,1,4),(4,4),(-0.154021519309,-0.0220871170338,0.263445283173,0.548977683379,0.834510083585,0.958025724367),(-0.191146021188,1.21407312021),.UNSPECIFIED.) ;
#1178=B_SPLINE_SURFACE_WITH_KNOTS('',3,3,((#1179,#1180,#1181,#1182),(#1183,#1184,#1185,#1186),(#1187,#1188,#1189,#1190),(#1191,#1192,#1193,#1194),(#1195,#1196,#1197,#1198),(#1199,#1200,#1201,#1202),(#1203,#1204,#1205,#1206),(#1207,#1208,#1209,#1210)),.UNSPECIFIED.,.F.,.F.,.U.,(4,1,1,1,1,4),(4,4),(-0.0744424786852,0.0460497738981,0.585581569504,1.12511336511,1.66464516071,1.79061155092),(-0.201301576068,1.16845158748),.UNSPECIFIED.) ;
#1980=B_SPLINE_SURFACE_WITH_KNOTS('',3,5,((#1981,#1982,#1983,#1984,#1985,#1986),(#1987,#1988,#1989,#1990,#1991,#1992),(#1993,#1994,#1995,#1996,#1997,#1998),(#1999,#2000,#2001,#2002,#2003,#2004)),.UNSPECIFIED.,.F.,.F.,.U.,(4,4),(6,6),(0.0836799058568,1.94989765506),(0.245591465291,2.64211030746),.UNSPECIFIED.) ;
#2028=B_SPLINE_SURFACE_WITH_KNOTS('',5,5,((#2029,#2030,#2031,#2032,#2033,#2034),(#2035,#2036,#2037,#2038,#2039,#2040),(#2041,#2042,#2043,#2044,#2045,#2046),(#2047,#2048,#2049,#2050,#2051,#2052),(#2053,#2054,#2055,#2056,#2057,#2058),(#2059,#2060,#2061,#2062,#2063,#2064),(#2065,#2066,#2067,#2068,#2069,#2070),(#2071,#2072,#2073,#2074,#2075,#2076),(#2077,#2078,#2079,#2080,#2081,#2082)),.UNSPECIFIED.,.F.,.F.,.U.,(6,3,6),(6,6),(29.1289273544,29.8773268363,30.846954754),(0.,1.35290990011),.UNSPECIFIED.) ;
#3586=B_SPLINE_SURFACE_WITH_KNOTS('',5,5,((#3587,#3588,#3589,#3590,#3591,#3592),(#3593,#3594,#3595,#3596,#3597,#3598),(#3599,#3600,#3601,#3602,#3603,#3604),(#3605,#3606,#3607,#3608,#3609,#3610),(#3611,#3612,#3613,#3614,#3615,#3616),(#3617,#3618,#3619,#3620,#3621,#3622)),.UNSPECIFIED.,.F.,.F.,.U.,(6,6),(6,6),(7.70816367573,10.3973475894),(0.,0.943530230719),.UNSPECIFIED.) ;
#3648=B_SPLINE_SURFACE_WITH_KNOTS('',5,5,((#3649,#3650,#3651,#3652,#3653,#3654),(#3655,#3656,#3657,#3658,#3659,#3660),(#3661,#3662,#3663,#3664,#3665,#3666),(#3667,#3668,#3669,#3670,#3671,#3672),(#3673,#3674,#3675,#3676,#3677,#3678),(#3679,#3680,#3681,#3682,#3683,#3684)),.UNSPECIFIED.,.F.,.F.,.U.,(6,6),(6,6),(3.94311576269,11.4748794341),(-8.67361737989E-019,1.5280711851),.UNSPECIFIED.) ;
#3701=B_SPLINE_SURFACE_WITH_KNOTS('',5,5,((#3702,#3703,#3704,#3705,#3706,#3707),(#3708,#3709,#3710,#3711,#3712,#3713),(#3714,#3715,#3716,#3717,#3718,#3719),(#3720,#3721,#3722,#3723,#3724,#3725),(#3726,#3727,#3728,#3729,#3730,#3731),(#3732,#3733,#3734,#3735,#3736,#3737)),.UNSPECIFIED.,.F.,.F.,.U.,(6,6),(6,6),(10.2999570062,30.5183790313),(-9.68822244652E-013,0.942486058476),.UNSPECIFIED.) ;
#3753=B_SPLINE_SURFACE_WITH_KNOTS('',5,5,((#3754,#3755,#3756,#3757,#3758,#3759),(#3760,#3761,#3762,#3763,#3764,#3765),(#3766,#3767,#3768,#3769,#3770,#3771),(#3772,#3773,#3774,#3775,#3776,#3777),(#3778,#3779,#3780,#3781,#3782,#3783),(#3784,#3785,#3786,#3787,#3788,#3789)),.UNSPECIFIED.,.F.,.F.,.U.,(6,6),(6,6),(4.55058392368,12.0823479698),(0.,1.5280706104),.UNSPECIFIED.) ;
#3823=B_SPLINE_SURFACE_WITH_KNOTS('',5,5,((#3824,#3825,#3826,#3827,#3828,#3829),(#3830,#3831,#3832,#3833,#3834,#3835),(#3836,#3837,#3838,#3839,#3840,#3841),(#3842,#3843,#3844,#3845,#3846,#3847),(#3848,#3849,#3850,#3851,#3852,#3853),(#3854,#3855,#3856,#3857,#3858,#3859)),.UNSPECIFIED.,.F.,.F.,.U.,(6,6),(6,6),(8.66092512222,11.8335444268),(0.,0.943657983407),.UNSPECIFIED.) ;
#4015=B_SPLINE_SURFACE_WITH_KNOTS('',3,3,((#4016,#4017,#4018,#4019),(#4020,#4021,#4022,#4023),(#4024,#4025,#4026,#4027),(#4028,#4029,#4030,#4031)),.UNSPECIFIED.,.F.,.F.,.U.,(4,4),(4,4),(0.,9.46727952629),(0.,6.16115055555),.UNSPECIFIED.) ;
#4105=B_SPLINE_SURFACE_WITH_KNOTS('',3,3,((#4106,#4107,#4108,#4109),(#4110,#4111,#4112,#4113),(#4114,#4115,#4116,#4117),(#4118,#4119,#4120,#4121)),.UNSPECIFIED.,.F.,.F.,.U.,(4,4),(4,4),(0.0889202027291,10.3773399066),(-13.8224281155,-7.41465439174),.UNSPECIFIED.) ;
#4165=B_SPLINE_SURFACE_WITH_KNOTS('',3,3,((#4166,#4167,#4168,#4169),(#4170,#4171,#4172,#4173),(#4174,#4175,#4176,#4177),(#4178,#4179,#4180,#4181)),.UNSPECIFIED.,.F.,.F.,.U.,(4,4),(4,4),(0.,19.4084132718),(0.,61.054381693),.UNSPECIFIED.) ;
#4382=B_SPLINE_SURFACE_WITH_KNOTS('',5,5,((#4383,#4384,#4385,#4386,#4387,#4388),(#4389,#4390,#4391,#4392,#4393,#4394),(#4395,#4396,#4397,#4398,#4399,#4400),(#4401,#4402,#4403,#4404,#4405,#4406),(#4407,#4408,#4409,#4410,#4411,#4412),(#4413,#4414,#4415,#4416,#4417,#4418),(#4419,#4420,#4421,#4422,#4423,#4424),(#4425,#4426,#4427,#4428,#4429,#4430),(#4431,#4432,#4433,#4434,#4435,#4436)),.UNSPECIFIED.,.F.,.F.,.U.,(6,3,6),(6,6),(-12.5446427986,0.237640315022,25.8022065423),(0.204734932146,2.70195507801),.UNSPECIFIED.) ;
#4490=B_SPLINE_SURFACE_WITH_KNOTS('',5,5,((#4491,#4492,#4493,#4494,#4495,#4496),(#4497,#4498,#4499,#4500,#4501,#4502),(#4503,#4504,#4505,#4506,#4507,#4508),(#4509,#4510,#4511,#4512,#4513,#4514),(#4515,#4516,#4517,#4518,#4519,#4520),(#4521,#4522,#4523,#4524,#4525,#4526)),.UNSPECIFIED.,.F.,.F.,.U.,(6,6),(6,6),(1.63609584265,3.90988335258),(0.,0.777499865873),.UNSPECIFIED.) ;
#4551=B_SPLINE_SURFACE_WITH_KNOTS('',5,5,((#4552,#4553,#4554,#4555,#4556,#4557,#4558,#4559,#4560),(#4561,#4562,#4563,#4564,#4565,#4566,#4567,#4568,#4569),(#4570,#4571,#4572,#4573,#4574,#4575,#4576,#4577,#4578),(#4579,#4580,#4581,#4582,#4583,#4584,#4585,#4586,#4587),(#4588,#4589,#4590,#4591,#4592,#4593,#4594,#4595,#4596),(#4597,#4598,#4599,#4600,#4601,#4602,#4603,#4604,#4605),(#4606,#4607,#4608,#4609,#4610,#4611,#4612,#4613,#4614),(#4615,#4616,#4617,#4618,#4619,#4620,#4621,#4622,#4623),(#4624,#4625,#4626,#4627,#4628,#4629,#4630,#4631,#4632),(#4633,#4634,#4635,#4636,#4637,#4638,#4639,#4640,#4641),(#4642,#4643,#4644,#4645,#4646,#4647,#4648,#4649,#4650),(#4651,#4652,#4653,#4654,#4655,#4656,#4657,#4658,#4659),(#4660,#4661,#4662,#4663,#4664,#4665,#4666,#4667,#4668),(#4669,#4670,#4671,#4672,#4673,#4674,#4675,#4676,#4677),(#4678,#4679,#4680,#4681,#4682,#4683,#4684,#4685,#4686),(#4687,#4688,#4689,#4690,#4691,#4692,#4693,#4694,#4695),(#4696,#4697,#4698,#4699,#4700,#4701,#4702,#4703,#4704),(#4705,#4706,#4707,#4708,#4709,#4710,#4711,#4712,#4713),(#4714,#4715,#4716,#4717,#4718,#4719,#4720,#4721,#4722),(#4723,#4724,#4725,#4726,#4727,#4728,#4729,#4730,#4731),(#4732,#4733,#4734,#4735,#4736,#4737,#4738,#4739,#4740)),.UNSPECIFIED.,.F.,.F.,.U.,(6,3,3,3,3,3,6),(6,3,6),(0.,0.419200825137,7.20168358713,13.9841663491,20.7666491112,27.5491318731,27.8555664231),(-4.12989360414,-0.00115161734156,8.25633235626),.UNSPECIFIED.) ;
#4965=B_SPLINE_SURFACE_WITH_KNOTS('',5,5,((#4966,#4967,#4968,#4969,#4970,#4971,#4972,#4973,#4974),(#4975,#4976,#4977,#4978,#4979,#4980,#4981,#4982,#4983),(#4984,#4985,#4986,#4987,#4988,#4989,#4990,#4991,#4992),(#4993,#4994,#4995,#4996,#4997,#4998,#4999,#5000,#5001),(#5002,#5003,#5004,#5005,#5006,#5007,#5008,#5009,#5010),(#5011,#5012,#5013,#5014,#5015,#5016,#5017,#5018,#5019)),.UNSPECIFIED.,.F.,.F.,.U.,(6,6),(6,3,6),(0.588328258331,60.6611206233),(0.237247515984,1.30570364149,2.374159767),.UNSPECIFIED.) ;
#5035=B_SPLINE_SURFACE_WITH_KNOTS('',5,5,((#5036,#5037,#5038,#5039,#5040,#5041),(#5042,#5043,#5044,#5045,#5046,#5047),(#5048,#5049,#5050,#5051,#5052,#5053),(#5054,#5055,#5056,#5057,#5058,#5059),(#5060,#5061,#5062,#5063,#5064,#5065),(#5066,#5067,#5068,#5069,#5070,#5071)),.UNSPECIFIED.,.F.,.F.,.U.,(6,6),(6,6),(30.043639321,30.4927800959),(0.,1.56343789297),.UNSPECIFIED.) ;
#5097=B_SPLINE_SURFACE_WITH_KNOTS('',5,5,((#5098,#5099,#5100,#5101,#5102,#5103),(#5104,#5105,#5106,#5107,#5108,#5109),(#5110,#5111,#5112,#5113,#5114,#5115),(#5116,#5117,#5118,#5119,#5120,#5121),(#5122,#5123,#5124,#5125,#5126,#5127),(#5128,#5129,#5130,#5131,#5132,#5133)),.UNSPECIFIED.,.F.,.F.,.U.,(6,6),(6,6),(21.6166835285,23.0247599081),(0.,1.57969340074),.UNSPECIFIED.) ;
#5322=B_SPLINE_SURFACE_WITH_KNOTS('',3,3,((#5323,#5324,#5325,#5326),(#5327,#5328,#5329,#5330),(#5331,#5332,#5333,#5334),(#5335,#5336,#5337,#5338),(#5339,#5340,#5341,#5342),(#5343,#5344,#5345,#5346),(#5347,#5348,#5349,#5350),(#5351,#5352,#5353,#5354),(#5355,#5356,#5357,#5358),(#5359,#5360,#5361,#5362),(#5363,#5364,#5365,#5366),(#5367,#5368,#5369,#5370)),.UNSPECIFIED.,.F.,.F.,.U.,(4,1,1,1,1,1,1,1,1,4),(4,4),(-0.079752658684,0.0845048753936,0.378731580789,0.672958286182,0.967184991578,1.26141169698,1.55563840237,1.84986510777,2.14409181316,2.31746056962),(-0.193015294218,1.23115168082),.UNSPECIFIED.) ;
#5431=B_SPLINE_SURFACE_WITH_KNOTS('',3,3,((#5432,#5433,#5434,#5435),(#5436,#5437,#5438,#5439),(#5440,#5441,#5442,#5443),(#5444,#5445,#5446,#5447),(#5448,#5449,#5450,#5451),(#5452,#5453,#5454,#5455),(#5456,#5457,#5458,#5459),(#5460,#5461,#5462,#5463)),.UNSPECIFIED.,.F.,.F.,.U.,(4,1,1,1,1,4),(4,4),(-0.148272989229,-0.0212449093126,0.264327625008,0.549900159329,0.83547269365,0.959263920139),(-0.191146042964,1.21395748179),.UNSPECIFIED.) ;
#5511=B_SPLINE_SURFACE_WITH_KNOTS('',3,3,((#5512,#5513,#5514,#5515),(#5516,#5517,#5518,#5519),(#5520,#5521,#5522,#5523),(#5524,#5525,#5526,#5527),(#5528,#5529,#5530,#5531),(#5532,#5533,#5534,#5535),(#5536,#5537,#5538,#5539),(#5540,#5541,#5542,#5543)),.UNSPECIFIED.,.F.,.F.,.U.,(4,1,1,1,1,4),(4,4),(-0.0735581926391,0.0455658066917,0.585383308348,1.12520081001,1.66501831167,1.78554394633),(-0.201301586046,1.16851613753),.UNSPECIFIED.) ;
#5591=B_SPLINE_SURFACE_WITH_KNOTS('',3,3,((#5592,#5593,#5594,#5595),(#5596,#5597,#5598,#5599),(#5600,#5601,#5602,#5603),(#5604,#5605,#5606,#5607),(#5608,#5609,#5610,#5611),(#5612,#5613,#5614,#5615),(#5616,#5617,#5618,#5619),(#5620,#5621,#5622,#5623)),.UNSPECIFIED.,.F.,.F.,.U.,(4,1,1,1,1,4),(4,4),(-0.0744330556378,0.0452056941058,0.580983553904,1.11676141371,1.6525392735,1.77462907956),(-0.206257361816,1.12041690297),.UNSPECIFIED.) ;
#5671=B_SPLINE_SURFACE_WITH_KNOTS('',3,3,((#5672,#5673,#5674,#5675),(#5676,#5677,#5678,#5679),(#5680,#5681,#5682,#5683),(#5684,#5685,#5686,#5687),(#5688,#5689,#5690,#5691),(#5692,#5693,#5694,#5695),(#5696,#5697,#5698,#5699),(#5700,#5701,#5702,#5703),(#5704,#5705,#5706,#5707),(#5708,#5709,#5710,#5711)),.UNSPECIFIED.,.F.,.F.,.U.,(4,1,1,1,1,1,1,4),(4,4),(-0.0572173577733,0.0742466126335,0.533771398547,0.993296184462,1.45282097038,1.9123457563,2.37187054221,2.50150652331),(-0.206257361816,1.14775091168),.UNSPECIFIED.) ;
#5755=B_SPLINE_SURFACE_WITH_KNOTS('',5,5,((#5756,#5757,#5758,#5759,#5760,#5761,#5762,#5763,#5764),(#5765,#5766,#5767,#5768,#5769,#5770,#5771,#5772,#5773),(#5774,#5775,#5776,#5777,#5778,#5779,#5780,#5781,#5782),(#5783,#5784,#5785,#5786,#5787,#5788,#5789,#5790,#5791),(#5792,#5793,#5794,#5795,#5796,#5797,#5798,#5799,#5800),(#5801,#5802,#5803,#5804,#5805,#5806,#5807,#5808,#5809),(#5810,#5811,#5812,#5813,#5814,#5815,#5816,#5817,#5818),(#5819,#5820,#5821,#5822,#5823,#5824,#5825,#5826,#5827),(#5828,#5829,#5830,#5831,#5832,#5833,#5834,#5835,#5836),(#5837,#5838,#5839,#5840,#5841,#5842,#5843,#5844,#5845),(#5846,#5847,#5848,#5849,#5850,#5851,#5852,#5853,#5854),(#5855,#5856,#5857,#5858,#5859,#5860,#5861,#5862,#5863)),.UNSPECIFIED.,.F.,.F.,.U.,(6,3,3,6),(6,3,6),(4.86995770249E-016,1.55513342321,2.31194358472,2.95893873785),(0.,0.25,0.5),.UNSPECIFIED.) ;
#21=MANIFOLD_SOLID_BREP('brep_5',#30) ;
#48=CIRCLE('generated circle',#47,0.1) ;
#62=CIRCLE('generated circle',#61,0.5) ;
#76=CIRCLE('generated circle',#75,0.5) ;
#90=CIRCLE('generated circle',#89,0.1) ;
#119=CIRCLE('generated circle',#118,1.) ;
#126=CIRCLE('generated circle',#125,1.5) ;
#133=CIRCLE('generated circle',#132,1.) ;
#150=CIRCLE('generated circle',#149,1.) ;
#174=CIRCLE('generated circle',#173,1.) ;
#181=CIRCLE('generated circle',#180,1.1) ;
#394=CIRCLE('generated circle',#393,1.) ;
#418=CIRCLE('generated circle',#417,1.) ;
#425=CIRCLE('generated circle',#424,1.1) ;
#442=CIRCLE('generated circle',#441,1.) ;
#466=CIRCLE('generated circle',#465,1.) ;
#473=CIRCLE('generated circle',#472,1.5) ;
#1343=CIRCLE('generated circle',#1342,1.) ;
#1350=CIRCLE('generated circle',#1349,1.) ;
#1427=CIRCLE('generated circle',#1426,1.) ;
#2140=CIRCLE('generated circle',#2139,0.999999996801) ;
#2189=CIRCLE('generated circle',#2188,1.) ;
#2203=CIRCLE('generated circle',#2202,1.) ;
#2260=CIRCLE('generated circle',#2259,2.) ;
#2265=CIRCLE('generated circle',#2264,2.) ;
#2313=CIRCLE('generated circle',#2312,1.) ;
#2327=CIRCLE('generated circle',#2326,1.) ;
#2352=CIRCLE('generated circle',#2351,3.) ;
#2368=CIRCLE('generated circle',#2367,2.) ;
#2392=CIRCLE('generated circle',#2391,1.) ;
#2416=CIRCLE('generated circle',#2415,2.) ;
#2423=CIRCLE('generated circle',#2422,1.) ;
#2430=CIRCLE('generated circle',#2429,3.) ;
#2454=CIRCLE('generated circle',#2453,1.) ;
#2478=CIRCLE('generated circle',#2477,2.99999999994) ;
#2549=CIRCLE('generated circle',#2548,1.) ;
#2566=CIRCLE('generated circle',#2565,1.) ;
#2573=CIRCLE('generated circle',#2572,1.) ;
#2591=CIRCLE('generated circle',#2590,1.) ;
#2640=CIRCLE('generated circle',#2639,1.) ;
#2697=CIRCLE('generated circle',#2696,1.) ;
#2750=CIRCLE('generated circle',#2749,1.) ;
#2757=CIRCLE('generated circle',#2756,1.) ;
#2762=CIRCLE('generated circle',#2761,1.) ;
#2769=CIRCLE('generated circle',#2768,1.) ;
#2788=CIRCLE('generated circle',#2787,1.) ;
#2859=CIRCLE('generated circle',#2858,2.1) ;
#2864=CIRCLE('generated circle',#2863,2.1) ;
#2881=CIRCLE('generated circle',#2880,2.1) ;
#2897=CIRCLE('generated circle',#2896,2.1) ;
#2950=CIRCLE('generated circle',#2949,3.65000000037) ;
#3004=CIRCLE('generated circle',#3003,1.) ;
#3046=CIRCLE('generated circle',#3045,1.) ;
#3211=CIRCLE('generated circle',#3210,3.65000000037) ;
#3237=CIRCLE('generated circle',#3236,3.) ;
#3295=CIRCLE('generated circle',#3294,1.) ;
#3307=CIRCLE('generated circle',#3306,1.) ;
#3331=CIRCLE('generated circle',#3330,1.99999999996) ;
#4074=CIRCLE('generated circle',#4073,1.) ;
#5973=CIRCLE('generated circle',#5972,1.) ;
#6022=CIRCLE('generated circle',#6021,1.) ;
#6041=CIRCLE('generated circle',#6040,1.1) ;
#6065=CIRCLE('generated circle',#6064,0.1) ;
#6072=CIRCLE('generated circle',#6071,1.) ;
#6115=CIRCLE('generated circle',#6114,1.) ;
#6127=CIRCLE('generated circle',#6126,1.5) ;
#6151=CIRCLE('generated circle',#6150,0.5) ;
#6158=CIRCLE('generated circle',#6157,1.) ;
#6201=CIRCLE('generated circle',#6200,1.) ;
#6213=CIRCLE('generated circle',#6212,1.5) ;
#6237=CIRCLE('generated circle',#6236,0.5) ;
#6244=CIRCLE('generated circle',#6243,1.) ;
#6287=CIRCLE('generated circle',#6286,1.) ;
#6299=CIRCLE('generated circle',#6298,1.1) ;
#6316=CIRCLE('generated circle',#6315,0.1) ;
#22=COLOUR_RGB('Colour',0.823529411765,0.823529411765,1.) ;
#146=CYLINDRICAL_SURFACE('generated cylinder',#145,1.) ;
#194=CYLINDRICAL_SURFACE('generated cylinder',#193,1.) ;
#390=CYLINDRICAL_SURFACE('generated cylinder',#389,1.) ;
#438=CYLINDRICAL_SURFACE('generated cylinder',#437,1.) ;
#486=CYLINDRICAL_SURFACE('generated cylinder',#485,1.) ;
#503=CYLINDRICAL_SURFACE('generated cylinder',#502,1.5) ;
#576=CYLINDRICAL_SURFACE('generated cylinder',#575,1.1) ;
#639=CYLINDRICAL_SURFACE('generated cylinder',#638,0.5) ;
#699=CYLINDRICAL_SURFACE('generated cylinder',#698,1.1) ;
#750=CYLINDRICAL_SURFACE('generated cylinder',#749,1.5) ;
#1339=CYLINDRICAL_SURFACE('generated cylinder',#1338,1.) ;
#1423=CYLINDRICAL_SURFACE('generated cylinder',#1422,1.) ;
#2185=CYLINDRICAL_SURFACE('generated cylinder',#2184,1.) ;
#2247=CYLINDRICAL_SURFACE('generated cylinder',#2246,2.) ;
#2309=CYLINDRICAL_SURFACE('generated cylinder',#2308,1.) ;
#2381=CYLINDRICAL_SURFACE('generated cylinder',#2380,1.) ;
#2443=CYLINDRICAL_SURFACE('generated cylinder',#2442,1.) ;
#2562=CYLINDRICAL_SURFACE('generated cylinder',#2561,1.) ;
#2604=CYLINDRICAL_SURFACE('generated cylinder',#2603,1.) ;
#2737=CYLINDRICAL_SURFACE('generated cylinder',#2736,1.) ;
#2784=CYLINDRICAL_SURFACE('generated cylinder',#2783,1.) ;
#2808=CYLINDRICAL_SURFACE('generated cylinder',#2807,2.1) ;
#2877=CYLINDRICAL_SURFACE('generated cylinder',#2876,2.1) ;
#2995=CYLINDRICAL_SURFACE('generated cylinder',#2994,1.) ;
#3042=CYLINDRICAL_SURFACE('generated cylinder',#3041,1.) ;
#3226=CYLINDRICAL_SURFACE('generated cylinder',#3225,3.) ;
#3291=CYLINDRICAL_SURFACE('generated cylinder',#3290,1.) ;
#3402=CYLINDRICAL_SURFACE('generated cylinder',#3401,3.65) ;
#3478=CYLINDRICAL_SURFACE('generated cylinder',#3477,2.) ;
#3502=CYLINDRICAL_SURFACE('generated cylinder',#3501,3.65) ;
#4810=CYLINDRICAL_SURFACE('generated cylinder',#4809,1.) ;
#4875=CYLINDRICAL_SURFACE('generated cylinder',#4874,1.) ;
#5962=CYLINDRICAL_SURFACE('generated cylinder',#5961,1.) ;
#6018=CYLINDRICAL_SURFACE('generated cylinder',#6017,1.) ;
#6104=CYLINDRICAL_SURFACE('generated cylinder',#6103,1.) ;
#6190=CYLINDRICAL_SURFACE('generated cylinder',#6189,1.) ;
#6276=CYLINDRICAL_SURFACE('generated cylinder',#6275,1.) ;
#115=DEGENERATE_TOROIDAL_SURFACE('homeo Torus',#114,0.5,1.,.T.) ;
#170=DEGENERATE_TOROIDAL_SURFACE('homeo Torus',#169,0.1,1.,.T.) ;
#414=DEGENERATE_TOROIDAL_SURFACE('homeo Torus',#413,0.1,1.,.T.) ;
#462=DEGENERATE_TOROIDAL_SURFACE('homeo Torus',#461,0.5,1.,.T.) ;
#6061=DEGENERATE_TOROIDAL_SURFACE('homeo Torus',#6060,0.1,1.,.T.) ;
#6147=DEGENERATE_TOROIDAL_SURFACE('homeo Torus',#6146,0.5,1.,.T.) ;
#6233=DEGENERATE_TOROIDAL_SURFACE('homeo Torus',#6232,0.5,1.,.T.) ;
#6312=DEGENERATE_TOROIDAL_SURFACE('homeo Torus',#6311,0.1,1.,.T.) ;
#2348=TOROIDAL_SURFACE('homeo Torus',#2347,3.,1.) ;
#2412=TOROIDAL_SURFACE('homeo Torus',#2411,2.,1.) ;
#2545=TOROIDAL_SURFACE('homeo Torus',#2544,3.,1.) ;
#44=EDGE_CURVE('',#41,#43,#39,.F.) ;
#51=EDGE_CURVE('',#50,#41,#48,.F.) ;
#58=EDGE_CURVE('',#57,#50,#55,.T.) ;
#65=EDGE_CURVE('',#64,#57,#62,.F.) ;
#72=EDGE_CURVE('',#71,#64,#69,.T.) ;
#79=EDGE_CURVE('',#78,#71,#76,.F.) ;
#86=EDGE_CURVE('',#85,#78,#83,.T.) ;
#93=EDGE_CURVE('',#92,#85,#90,.F.) ;
#98=EDGE_CURVE('',#43,#92,#97,.T.) ;
#122=EDGE_CURVE('',#57,#121,#119,.T.) ;
#129=EDGE_CURVE('',#128,#121,#126,.F.) ;
#134=EDGE_CURVE('',#64,#128,#133,.T.) ;
#153=EDGE_CURVE('',#50,#152,#150,.T.) ;
#158=EDGE_CURVE('',#121,#152,#157,.T.) ;
#177=EDGE_CURVE('',#41,#176,#174,.T.) ;
#182=EDGE_CURVE('',#152,#176,#181,.F.) ;
#210=EDGE_CURVE('',#209,#43,#195,.F.) ;
#215=EDGE_CURVE('',#176,#209,#214,.F.) ;
#371=EDGE_CURVE('',#370,#43,#332,.F.) ;
#379=EDGE_CURVE('',#209,#370,#372,.F.) ;
#397=EDGE_CURVE('',#92,#396,#394,.T.) ;
#402=EDGE_CURVE('',#370,#396,#401,.T.) ;
#421=EDGE_CURVE('',#85,#420,#418,.T.) ;
#426=EDGE_CURVE('',#396,#420,#425,.F.) ;
#445=EDGE_CURVE('',#78,#444,#442,.T.) ;
#450=EDGE_CURVE('',#420,#444,#449,.T.) ;
#469=EDGE_CURVE('',#71,#468,#466,.T.) ;
#474=EDGE_CURVE('',#444,#468,#473,.F.) ;
#491=EDGE_CURVE('',#468,#128,#490,.T.) ;
#510=EDGE_CURVE('',#121,#509,#507,.T.) ;
#535=EDGE_CURVE('',#534,#509,#511,.T.) ;
#540=EDGE_CURVE('',#534,#128,#539,.F.) ;
#559=EDGE_CURVE('',#152,#558,#556,.T.) ;
#564=EDGE_CURVE('',#558,#509,#563,.T.) ;
#583=EDGE_CURVE('',#176,#582,#580,.T.) ;
#603=EDGE_CURVE('',#558,#582,#584,.T.) ;
#622=EDGE_CURVE('',#209,#621,#619,.T.) ;
#627=EDGE_CURVE('',#621,#582,#626,.T.) ;
#646=EDGE_CURVE('',#370,#645,#643,.T.) ;
#655=EDGE_CURVE('',#654,#645,#647,.T.) ;
#662=EDGE_CURVE('',#621,#654,#656,.T.) ;
#682=EDGE_CURVE('',#396,#681,#679,.T.) ;
#687=EDGE_CURVE('',#681,#645,#686,.T.) ;
#706=EDGE_CURVE('',#705,#420,#703,.F.) ;
#714=EDGE_CURVE('',#681,#705,#707,.T.) ;
#733=EDGE_CURVE('',#444,#732,#730,.F.) ;
#738=EDGE_CURVE('',#732,#705,#737,.T.) ;
#757=EDGE_CURVE('',#468,#756,#754,.F.) ;
#771=EDGE_CURVE('',#732,#756,#758,.T.) ;
#788=EDGE_CURVE('',#756,#534,#787,.T.) ;
#807=EDGE_CURVE('',#806,#534,#804,.F.) ;
#814=EDGE_CURVE('',#806,#813,#811,.T.) ;
#819=EDGE_CURVE('',#756,#813,#818,.T.) ;
#867=EDGE_CURVE('',#509,#866,#860,.T.) ;
#875=EDGE_CURVE('',#866,#806,#868,.F.) ;
#894=EDGE_CURVE('',#893,#558,#891,.F.) ;
#899=EDGE_CURVE('',#893,#866,#898,.T.) ;
#955=EDGE_CURVE('',#582,#954,#948,.T.) ;
#965=EDGE_CURVE('',#954,#893,#956,.F.) ;
#984=EDGE_CURVE('',#983,#621,#981,.F.) ;
#989=EDGE_CURVE('',#983,#954,#988,.T.) ;
#1053=EDGE_CURVE('',#645,#1052,#1046,.T.) ;
#1065=EDGE_CURVE('',#1052,#983,#1054,.F.) ;
#1085=EDGE_CURVE('',#1084,#681,#1082,.F.) ;
#1090=EDGE_CURVE('',#1084,#1052,#1089,.T.) ;
#1138=EDGE_CURVE('',#705,#1137,#1131,.T.) ;
#1146=EDGE_CURVE('',#1137,#1084,#1139,.F.) ;
#1165=EDGE_CURVE('',#1164,#732,#1162,.F.) ;
#1170=EDGE_CURVE('',#1164,#1137,#1169,.T.) ;
#1218=EDGE_CURVE('',#813,#1164,#1211,.F.) ;
#1242=EDGE_CURVE('',#1239,#1241,#1231,.T.) ;
#1255=EDGE_CURVE('',#1254,#1239,#1243,.T.) ;
#1268=EDGE_CURVE('',#1267,#1254,#1256,.T.) ;
#1290=EDGE_CURVE('',#1289,#1267,#1269,.T.) ;
#1300=EDGE_CURVE('',#1299,#1289,#1291,.T.) ;
#1307=EDGE_CURVE('',#1306,#1299,#1304,.T.) ;
#1312=EDGE_CURVE('',#1241,#1306,#1311,.T.) ;
#1346=EDGE_CURVE('',#1345,#1241,#1343,.T.) ;
#1353=EDGE_CURVE('',#1352,#1306,#1350,.T.) ;
#1358=EDGE_CURVE('',#1345,#1352,#1357,.T.) ;
#1386=EDGE_CURVE('',#1306,#1385,#1371,.F.) ;
#1412=EDGE_CURVE('',#1352,#1385,#1387,.F.) ;
#1430=EDGE_CURVE('',#1429,#1299,#1427,.T.) ;
#1435=EDGE_CURVE('',#1385,#1429,#1434,.T.) ;
#1508=EDGE_CURVE('',#1507,#1299,#1484,.T.) ;
#1516=EDGE_CURVE('',#1507,#1515,#1509,.F.) ;
#1524=EDGE_CURVE('',#1515,#1523,#1517,.F.) ;
#1534=EDGE_CURVE('',#1523,#1429,#1525,.T.) ;
#1575=EDGE_CURVE('',#1574,#1289,#1568,.F.) ;
#1581=EDGE_CURVE('',#1507,#1574,#1576,.T.) ;
#1661=EDGE_CURVE('',#1660,#1267,#1654,.F.) ;
#1723=EDGE_CURVE('',#1574,#1660,#1662,.T.) ;
#1791=EDGE_CURVE('',#1790,#1254,#1784,.F.) ;
#1907=EDGE_CURVE('',#1660,#1790,#1792,.T.) ;
#1955=EDGE_CURVE('',#1954,#1239,#1948,.F.) ;
#1972=EDGE_CURVE('',#1790,#1954,#1956,.T.) ;
#2012=EDGE_CURVE('',#1954,#2011,#2005,.T.) ;
#2020=EDGE_CURVE('',#2011,#1241,#2013,.F.) ;
#2092=EDGE_CURVE('',#2091,#2011,#2083,.F.) ;
#2103=EDGE_CURVE('',#2091,#1345,#2093,.F.) ;
#2122=EDGE_CURVE('',#2121,#1352,#2119,.T.) ;
#2129=EDGE_CURVE('',#2121,#2128,#2126,.F.) ;
#2136=EDGE_CURVE('',#2128,#2135,#2133,.T.) ;
#2143=EDGE_CURVE('',#2142,#2135,#2140,.T.) ;
#2150=EDGE_CURVE('',#2142,#2149,#2147,.T.) ;
#2160=EDGE_CURVE('',#2159,#2149,#2151,.F.) ;
#2168=EDGE_CURVE('',#2159,#2091,#2161,.F.) ;
#2192=EDGE_CURVE('',#2191,#2121,#2189,.F.) ;
#2199=EDGE_CURVE('',#2191,#2198,#2196,.T.) ;
#2204=EDGE_CURVE('',#2128,#2198,#2203,.T.) ;
#2223=EDGE_CURVE('',#2191,#2222,#2220,.T.) ;
#2230=EDGE_CURVE('',#2229,#2222,#2227,.T.) ;
#2235=EDGE_CURVE('',#2198,#2229,#2234,.T.) ;
#2256=EDGE_CURVE('',#2253,#2255,#2251,.T.) ;
#2261=EDGE_CURVE('',#2229,#2253,#2260,.T.) ;
#2266=EDGE_CURVE('',#2222,#2255,#2265,.T.) ;
#2285=EDGE_CURVE('',#2253,#2284,#2282,.T.) ;
#2292=EDGE_CURVE('',#2255,#2291,#2289,.F.) ;
#2297=EDGE_CURVE('',#2291,#2284,#2296,.T.) ;
#2316=EDGE_CURVE('',#2255,#2315,#2313,.F.) ;
#2323=EDGE_CURVE('',#2315,#2322,#2320,.F.) ;
#2330=EDGE_CURVE('',#2329,#2322,#2327,.F.) ;
#2335=EDGE_CURVE('',#2291,#2329,#2334,.F.) ;
#2355=EDGE_CURVE('',#2322,#2354,#2352,.T.) ;
#2364=EDGE_CURVE('',#2363,#2354,#2356,.F.) ;
#2369=EDGE_CURVE('',#2329,#2363,#2368,.T.) ;
#2388=EDGE_CURVE('',#2354,#2387,#2385,.F.) ;
#2395=EDGE_CURVE('',#2394,#2387,#2392,.F.) ;
#2400=EDGE_CURVE('',#2363,#2394,#2399,.F.) ;
#2419=EDGE_CURVE('',#2387,#2418,#2416,.F.) ;
#2426=EDGE_CURVE('',#2425,#2418,#2423,.T.) ;
#2431=EDGE_CURVE('',#2394,#2425,#2430,.F.) ;
#2450=EDGE_CURVE('',#2418,#2449,#2447,.T.) ;
#2457=EDGE_CURVE('',#2456,#2449,#2454,.T.) ;
#2462=EDGE_CURVE('',#2425,#2456,#2461,.T.) ;
#2481=EDGE_CURVE('',#2480,#2315,#2478,.T.) ;
#2488=EDGE_CURVE('',#2487,#2480,#2485,.T.) ;
#2493=EDGE_CURVE('',#2487,#1385,#2492,.T.) ;
#2503=EDGE_CURVE('',#2502,#1523,#2494,.T.) ;
#2519=EDGE_CURVE('',#2518,#2502,#2504,.T.) ;
#2524=EDGE_CURVE('',#2518,#2449,#2523,.T.) ;
#2550=EDGE_CURVE('',#2222,#2480,#2549,.F.) ;
#2569=EDGE_CURVE('',#2568,#2191,#2566,.F.) ;
#2574=EDGE_CURVE('',#2487,#2568,#2573,.F.) ;
#2592=EDGE_CURVE('',#2487,#2121,#2591,.T.) ;
#2627=EDGE_CURVE('',#2624,#2626,#2617,.T.) ;
#2636=EDGE_CURVE('',#2626,#2635,#2628,.F.) ;
#2641=EDGE_CURVE('',#2624,#2635,#2640,.F.) ;
#2661=EDGE_CURVE('',#2658,#2660,#2656,.T.) ;
#2668=EDGE_CURVE('',#2667,#2658,#2665,.T.) ;
#2676=EDGE_CURVE('',#2667,#2626,#2669,.F.) ;
#2681=EDGE_CURVE('',#2660,#2626,#2680,.T.) ;
#2702=EDGE_CURVE('',#2699,#2701,#2697,.F.) ;
#2709=EDGE_CURVE('',#2701,#2667,#2703,.T.) ;
#2726=EDGE_CURVE('',#2699,#2667,#2710,.T.) ;
#2746=EDGE_CURVE('',#2743,#2745,#2741,.T.) ;
#2753=EDGE_CURVE('',#2752,#2743,#2750,.F.) ;
#2758=EDGE_CURVE('',#2658,#2752,#2757,.F.) ;
#2765=EDGE_CURVE('',#2764,#2660,#2762,.T.) ;
#2770=EDGE_CURVE('',#2745,#2764,#2769,.T.) ;
#2791=EDGE_CURVE('',#2790,#2660,#2788,.T.) ;
#2796=EDGE_CURVE('',#2790,#2624,#2795,.T.) ;
#2817=EDGE_CURVE('',#2814,#2816,#2812,.F.) ;
#2830=EDGE_CURVE('',#2814,#2829,#2818,.T.) ;
#2837=EDGE_CURVE('',#2829,#2836,#2834,.F.) ;
#2848=EDGE_CURVE('',#2836,#2816,#2838,.F.) ;
#2860=EDGE_CURVE('',#2829,#2814,#2859,.T.) ;
#2865=EDGE_CURVE('',#2816,#2836,#2864,.F.) ;
#2886=EDGE_CURVE('',#2883,#2885,#2881,.F.) ;
#2893=EDGE_CURVE('',#2892,#2885,#2890,.F.) ;
#2900=EDGE_CURVE('',#2892,#2899,#2897,.T.) ;
#2905=EDGE_CURVE('',#2899,#2883,#2904,.F.) ;
#2923=EDGE_CURVE('',#2899,#2892,#2913,.T.) ;
#2934=EDGE_CURVE('',#2883,#2885,#2924,.T.) ;
#2955=EDGE_CURVE('',#2952,#2954,#2950,.T.) ;
#2981=EDGE_CURVE('',#2954,#2952,#2956,.T.) ;
#3000=EDGE_CURVE('',#2135,#2745,#2999,.T.) ;
#3005=EDGE_CURVE('',#2745,#2790,#3004,.F.) ;
#3010=EDGE_CURVE('',#2142,#2790,#3009,.T.) ;
#3030=EDGE_CURVE('',#2624,#2149,#3023,.T.) ;
#3049=EDGE_CURVE('',#3048,#2658,#3046,.T.) ;
#3054=EDGE_CURVE('',#2699,#3048,#3053,.T.) ;
#3154=EDGE_CURVE('',#3153,#1507,#3103,.T.) ;
#3162=EDGE_CURVE('',#3153,#3161,#3155,.F.) ;
#3168=EDGE_CURVE('',#3161,#2502,#3163,.F.) ;
#3207=EDGE_CURVE('',#3204,#3206,#3178,.T.) ;
#3212=EDGE_CURVE('',#3206,#3204,#3211,.T.) ;
#3233=EDGE_CURVE('',#2425,#3232,#3230,.T.) ;
#3240=EDGE_CURVE('',#3239,#3232,#3237,.T.) ;
#3245=EDGE_CURVE('',#2394,#3239,#3244,.T.) ;
#3267=EDGE_CURVE('',#3266,#2699,#3258,.T.) ;
#3274=EDGE_CURVE('',#3048,#3273,#3271,.T.) ;
#3279=EDGE_CURVE('',#3266,#3273,#3278,.T.) ;
#3296=EDGE_CURVE('',#2743,#3048,#3295,.F.) ;
#3303=EDGE_CURVE('',#2743,#3302,#3300,.T.) ;
#3308=EDGE_CURVE('',#3302,#3273,#3307,.F.) ;
#3327=EDGE_CURVE('',#2284,#3326,#3324,.T.) ;
#3334=EDGE_CURVE('',#3326,#3333,#3331,.T.) ;
#3339=EDGE_CURVE('',#3333,#3239,#3338,.T.) ;
#3344=EDGE_CURVE('',#3302,#3232,#3343,.T.) ;
#3390=EDGE_CURVE('',#3333,#2363,#3389,.T.) ;
#3423=EDGE_CURVE('',#3420,#3422,#3403,.T.) ;
#3428=EDGE_CURVE('',#3204,#3422,#3427,.T.) ;
#3433=EDGE_CURVE('',#3206,#3420,#3432,.T.) ;
#3466=EDGE_CURVE('',#3420,#3422,#3441,.T.) ;
#3483=EDGE_CURVE('',#3326,#2329,#3482,.T.) ;
#3509=EDGE_CURVE('',#2954,#3508,#3506,.T.) ;
#3531=EDGE_CURVE('',#3530,#3508,#3510,.T.) ;
#3536=EDGE_CURVE('',#2952,#3530,#3535,.T.) ;
#3551=EDGE_CURVE('',#3550,#3508,#3544,.T.) ;
#3559=EDGE_CURVE('',#3558,#3530,#3552,.T.) ;
#3576=EDGE_CURVE('',#3558,#3550,#3560,.T.) ;
#3632=EDGE_CURVE('',#2159,#3631,#3623,.T.) ;
#3640=EDGE_CURVE('',#3631,#2011,#3633,.F.) ;
#3692=EDGE_CURVE('',#3631,#2635,#3685,.F.) ;
#3745=EDGE_CURVE('',#2701,#2635,#3738,.F.) ;
#3800=EDGE_CURVE('',#3797,#3799,#3790,.F.) ;
#3808=EDGE_CURVE('',#2701,#3797,#3801,.F.) ;
#3814=EDGE_CURVE('',#3266,#3799,#3809,.T.) ;
#3869=EDGE_CURVE('',#3868,#3799,#3860,.T.) ;
#3879=EDGE_CURVE('',#3868,#3878,#3870,.F.) ;
#3887=EDGE_CURVE('',#3878,#3797,#3880,.T.) ;
#4000=EDGE_CURVE('',#3999,#3153,#3976,.T.) ;
#4006=EDGE_CURVE('',#3999,#2518,#4001,.F.) ;
#4041=EDGE_CURVE('',#1574,#4040,#4032,.T.) ;
#4047=EDGE_CURVE('',#4040,#3153,#4042,.T.) ;
#4070=EDGE_CURVE('',#4067,#4069,#4060,.T.) ;
#4075=EDGE_CURVE('',#4069,#2456,#4074,.T.) ;
#4081=EDGE_CURVE('',#2449,#4067,#4076,.T.) ;
#4093=EDGE_CURVE('',#2456,#3868,#4092,.T.) ;
#4131=EDGE_CURVE('',#1660,#4130,#4122,.T.) ;
#4157=EDGE_CURVE('',#4040,#4130,#4132,.T.) ;
#4263=EDGE_CURVE('',#1790,#4262,#4182,.T.) ;
#4370=EDGE_CURVE('',#4262,#4130,#4264,.T.) ;
#4444=EDGE_CURVE('',#3550,#1954,#4437,.T.) ;
#4457=EDGE_CURVE('',#4456,#3558,#4445,.T.) ;
#4465=EDGE_CURVE('',#4464,#4456,#4458,.F.) ;
#4479=EDGE_CURVE('',#4262,#4464,#4466,.F.) ;
#4536=EDGE_CURVE('',#4535,#4464,#4527,.F.) ;
#4544=EDGE_CURVE('',#4262,#4535,#4537,.F.) ;
#4746=EDGE_CURVE('',#4456,#3878,#4741,.F.) ;
#4776=EDGE_CURVE('',#4773,#4775,#4767,.T.) ;
#4790=EDGE_CURVE('',#3878,#4775,#4777,.T.) ;
#4798=EDGE_CURVE('',#3868,#4773,#4791,.T.) ;
#4815=EDGE_CURVE('',#4069,#3999,#4814,.F.) ;
#4856=EDGE_CURVE('',#4855,#4040,#4849,.F.) ;
#4863=EDGE_CURVE('',#4855,#3999,#4857,.F.) ;
#4880=EDGE_CURVE('',#4069,#4775,#4879,.T.) ;
#4945=EDGE_CURVE('',#4130,#4944,#4938,.T.) ;
#4957=EDGE_CURVE('',#4944,#4855,#4946,.F.) ;
#5027=EDGE_CURVE('',#4944,#4535,#5020,.T.) ;
#5081=EDGE_CURVE('',#5080,#4456,#5072,.F.) ;
#5089=EDGE_CURVE('',#4535,#5080,#5082,.F.) ;
#5141=EDGE_CURVE('',#5080,#4775,#5134,.F.) ;
#5171=EDGE_CURVE('',#5168,#5170,#5166,.T.) ;
#5190=EDGE_CURVE('',#5189,#5168,#5172,.T.) ;
#5197=EDGE_CURVE('',#5196,#5189,#5194,.T.) ;
#5210=EDGE_CURVE('',#5209,#5196,#5198,.T.) ;
#5217=EDGE_CURVE('',#5216,#5209,#5214,.T.) ;
#5230=EDGE_CURVE('',#5229,#5216,#5218,.T.) ;
#5237=EDGE_CURVE('',#5236,#5229,#5234,.T.) ;
#5250=EDGE_CURVE('',#5249,#5236,#5238,.T.) ;
#5257=EDGE_CURVE('',#5256,#5249,#5254,.T.) ;
#5277=EDGE_CURVE('',#5170,#5256,#5258,.T.) ;
#5302=EDGE_CURVE('',#5301,#5170,#5299,.T.) ;
#5309=EDGE_CURVE('',#5308,#5301,#5306,.T.) ;
#5314=EDGE_CURVE('',#5168,#5308,#5313,.T.) ;
#5378=EDGE_CURVE('',#5256,#5377,#5371,.T.) ;
#5388=EDGE_CURVE('',#5387,#5377,#5379,.T.) ;
#5398=EDGE_CURVE('',#5301,#5387,#5389,.T.) ;
#5418=EDGE_CURVE('',#5417,#5249,#5415,.F.) ;
#5423=EDGE_CURVE('',#5377,#5417,#5422,.T.) ;
#5471=EDGE_CURVE('',#5236,#5470,#5464,.T.) ;
#5479=EDGE_CURVE('',#5470,#5417,#5472,.F.) ;
#5498=EDGE_CURVE('',#5497,#5229,#5495,.F.) ;
#5503=EDGE_CURVE('',#5470,#5497,#5502,.T.) ;
#5551=EDGE_CURVE('',#5216,#5550,#5544,.T.) ;
#5559=EDGE_CURVE('',#5550,#5497,#5552,.F.) ;
#5578=EDGE_CURVE('',#5577,#5209,#5575,.F.) ;
#5583=EDGE_CURVE('',#5550,#5577,#5582,.T.) ;
#5631=EDGE_CURVE('',#5196,#5630,#5624,.T.) ;
#5639=EDGE_CURVE('',#5630,#5577,#5632,.F.) ;
#5658=EDGE_CURVE('',#5657,#5189,#5655,.F.) ;
#5663=EDGE_CURVE('',#5630,#5657,#5662,.T.) ;
#5721=EDGE_CURVE('',#5308,#5657,#5712,.F.) ;
#5735=EDGE_CURVE('',#5308,#5734,#5732,.T.) ;
#5742=EDGE_CURVE('',#5301,#5741,#5739,.T.) ;
#5747=EDGE_CURVE('',#5741,#5734,#5746,.F.) ;
#5905=EDGE_CURVE('',#5902,#5904,#5864,.F.) ;
#5943=EDGE_CURVE('',#5741,#5904,#5906,.F.) ;
#5951=EDGE_CURVE('',#5902,#5741,#5944,.F.) ;
#5969=EDGE_CURVE('',#5904,#5968,#5966,.F.) ;
#5974=EDGE_CURVE('',#5968,#5734,#5973,.F.) ;
#5986=EDGE_CURVE('',#5377,#5902,#5985,.T.) ;
#6001=EDGE_CURVE('',#5417,#6000,#5998,.T.) ;
#6006=EDGE_CURVE('',#6000,#5902,#6005,.F.) ;
#6025=EDGE_CURVE('',#6024,#6000,#6022,.F.) ;
#6030=EDGE_CURVE('',#6024,#5904,#6029,.F.) ;
#6044=EDGE_CURVE('',#6043,#6000,#6041,.T.) ;
#6049=EDGE_CURVE('',#6043,#5470,#6048,.F.) ;
#6068=EDGE_CURVE('',#6067,#6024,#6065,.F.) ;
#6073=EDGE_CURVE('',#6067,#6043,#6072,.T.) ;
#6087=EDGE_CURVE('',#5497,#6086,#6084,.F.) ;
#6092=EDGE_CURVE('',#6086,#6043,#6091,.F.) ;
#6111=EDGE_CURVE('',#6110,#6067,#6108,.F.) ;
#6116=EDGE_CURVE('',#6110,#6086,#6115,.F.) ;
#6130=EDGE_CURVE('',#6129,#6086,#6127,.F.) ;
#6135=EDGE_CURVE('',#5550,#6129,#6134,.F.) ;
#6154=EDGE_CURVE('',#6153,#6110,#6151,.F.) ;
#6159=EDGE_CURVE('',#6153,#6129,#6158,.T.) ;
#6173=EDGE_CURVE('',#6172,#5577,#6170,.F.) ;
#6178=EDGE_CURVE('',#6172,#6129,#6177,.F.) ;
#6197=EDGE_CURVE('',#6196,#6153,#6194,.F.) ;
#6202=EDGE_CURVE('',#6196,#6172,#6201,.F.) ;
#6216=EDGE_CURVE('',#6215,#6172,#6213,.T.) ;
#6221=EDGE_CURVE('',#5630,#6215,#6220,.T.) ;
#6240=EDGE_CURVE('',#6239,#6196,#6237,.F.) ;
#6245=EDGE_CURVE('',#6239,#6215,#6244,.T.) ;
#6259=EDGE_CURVE('',#5657,#6258,#6256,.T.) ;
#6264=EDGE_CURVE('',#6258,#6215,#6263,.F.) ;
#6283=EDGE_CURVE('',#6282,#6239,#6280,.F.) ;
#6288=EDGE_CURVE('',#6282,#6258,#6287,.F.) ;
#6300=EDGE_CURVE('',#5734,#6258,#6299,.T.) ;
#6317=EDGE_CURVE('',#5968,#6282,#6316,.F.) ;
#99=EDGE_LOOP('',(#100,#101,#102,#103,#104,#105,#106,#107,#108)) ;
#135=EDGE_LOOP('',(#136,#137,#138,#139)) ;
#159=EDGE_LOOP('',(#160,#161,#162,#163)) ;
#183=EDGE_LOOP('',(#184,#185,#186,#187)) ;
#216=EDGE_LOOP('',(#217,#218,#219,#220)) ;
#380=EDGE_LOOP('',(#381,#382,#383)) ;
#403=EDGE_LOOP('',(#404,#405,#406,#407)) ;
#427=EDGE_LOOP('',(#428,#429,#430,#431)) ;
#451=EDGE_LOOP('',(#452,#453,#454,#455)) ;
#475=EDGE_LOOP('',(#476,#477,#478,#479)) ;
#492=EDGE_LOOP('',(#493,#494,#495,#496)) ;
#541=EDGE_LOOP('',(#542,#543,#544,#545)) ;
#565=EDGE_LOOP('',(#566,#567,#568,#569)) ;
#604=EDGE_LOOP('',(#605,#606,#607,#608)) ;
#628=EDGE_LOOP('',(#629,#630,#631,#632)) ;
#663=EDGE_LOOP('',(#664,#665,#666,#667,#668)) ;
#688=EDGE_LOOP('',(#689,#690,#691,#692)) ;
#715=EDGE_LOOP('',(#716,#717,#718,#719)) ;
#739=EDGE_LOOP('',(#740,#741,#742,#743)) ;
#772=EDGE_LOOP('',(#773,#774,#775,#776)) ;
#789=EDGE_LOOP('',(#790,#791,#792,#793)) ;
#820=EDGE_LOOP('',(#821,#822,#823,#824)) ;
#876=EDGE_LOOP('',(#877,#878,#879,#880)) ;
#900=EDGE_LOOP('',(#901,#902,#903,#904)) ;
#966=EDGE_LOOP('',(#967,#968,#969,#970)) ;
#990=EDGE_LOOP('',(#991,#992,#993,#994)) ;
#1066=EDGE_LOOP('',(#1067,#1068,#1069,#1070,#1071)) ;
#1091=EDGE_LOOP('',(#1092,#1093,#1094,#1095)) ;
#1147=EDGE_LOOP('',(#1148,#1149,#1150,#1151)) ;
#1171=EDGE_LOOP('',(#1172,#1173,#1174,#1175)) ;
#1219=EDGE_LOOP('',(#1220,#1221,#1222,#1223)) ;
#1313=EDGE_LOOP('',(#1314,#1315,#1316,#1317,#1318,#1319,#1320)) ;
#1322=EDGE_LOOP('',(#1323,#1324,#1325,#1326,#1327,#1328,#1329,#1330,#1331,#1332)) ;
#1359=EDGE_LOOP('',(#1360,#1361,#1362,#1363)) ;
#1413=EDGE_LOOP('',(#1414,#1415,#1416)) ;
#1436=EDGE_LOOP('',(#1437,#1438,#1439,#1440)) ;
#1535=EDGE_LOOP('',(#1536,#1537,#1538,#1539,#1540)) ;
#1582=EDGE_LOOP('',(#1583,#1584,#1585,#1586)) ;
#1724=EDGE_LOOP('',(#1725,#1726,#1727,#1728)) ;
#1908=EDGE_LOOP('',(#1909,#1910,#1911,#1912)) ;
#1973=EDGE_LOOP('',(#1974,#1975,#1976,#1977)) ;
#2021=EDGE_LOOP('',(#2022,#2023,#2024,#2025)) ;
#2104=EDGE_LOOP('',(#2105,#2106,#2107,#2108)) ;
#2169=EDGE_LOOP('',(#2170,#2171,#2172,#2173,#2174,#2175,#2176,#2177,#2178)) ;
#2205=EDGE_LOOP('',(#2206,#2207,#2208,#2209)) ;
#2236=EDGE_LOOP('',(#2237,#2238,#2239,#2240)) ;
#2267=EDGE_LOOP('',(#2268,#2269,#2270,#2271)) ;
#2298=EDGE_LOOP('',(#2299,#2300,#2301,#2302)) ;
#2336=EDGE_LOOP('',(#2337,#2338,#2339,#2340,#2341)) ;
#2370=EDGE_LOOP('',(#2371,#2372,#2373,#2374)) ;
#2401=EDGE_LOOP('',(#2402,#2403,#2404,#2405)) ;
#2432=EDGE_LOOP('',(#2433,#2434,#2435,#2436)) ;
#2463=EDGE_LOOP('',(#2464,#2465,#2466,#2467)) ;
#2525=EDGE_LOOP('',(#2526,#2527,#2528,#2529,#2530,#2531,#2532,#2533,#2534,#2535,#2536,#2537,#2538)) ;
#2551=EDGE_LOOP('',(#2552,#2553,#2554,#2555)) ;
#2575=EDGE_LOOP('',(#2576,#2577,#2578,#2579,#2580)) ;
#2593=EDGE_LOOP('',(#2594,#2595,#2596,#2597)) ;
#2605=EDGE_LOOP('',(#2606,#2607,#2608,#2609)) ;
#2642=EDGE_LOOP('',(#2643,#2644,#2645)) ;
#2682=EDGE_LOOP('',(#2683,#2684,#2685,#2686)) ;
#2727=EDGE_LOOP('',(#2728,#2729,#2730)) ;
#2771=EDGE_LOOP('',(#2772,#2773,#2774,#2775,#2776,#2777)) ;
#2797=EDGE_LOOP('',(#2798,#2799,#2800,#2801)) ;
#2849=EDGE_LOOP('',(#2850,#2851,#2852,#2853)) ;
#2866=EDGE_LOOP('',(#2867,#2868,#2869,#2870)) ;
#2906=EDGE_LOOP('',(#2907,#2908,#2909,#2910)) ;
#2935=EDGE_LOOP('',(#2936,#2937,#2938,#2939)) ;
#2982=EDGE_LOOP('',(#2983,#2984)) ;
#2986=EDGE_LOOP('',(#2987,#2988)) ;
#3011=EDGE_LOOP('',(#3012,#3013,#3014,#3015)) ;
#3031=EDGE_LOOP('',(#3032,#3033,#3034,#3035)) ;
#3055=EDGE_LOOP('',(#3056,#3057,#3058,#3059)) ;
#3169=EDGE_LOOP('',(#3170,#3171,#3172,#3173,#3174,#3175)) ;
#3213=EDGE_LOOP('',(#3214,#3215)) ;
#3217=EDGE_LOOP('',(#3218,#3219)) ;
#3246=EDGE_LOOP('',(#3247,#3248,#3249,#3250)) ;
#3280=EDGE_LOOP('',(#3281,#3282,#3283,#3284)) ;
#3309=EDGE_LOOP('',(#3310,#3311,#3312,#3313)) ;
#3345=EDGE_LOOP('',(#3346,#3347,#3348,#3349,#3350,#3351,#3352,#3353,#3354,#3355,#3356,#3357,#3358)) ;
#3360=EDGE_LOOP('',(#3361,#3362)) ;
#3364=EDGE_LOOP('',(#3365,#3366)) ;
#3374=EDGE_LOOP('',(#3375,#3376,#3377,#3378)) ;
#3391=EDGE_LOOP('',(#3392,#3393,#3394,#3395)) ;
#3434=EDGE_LOOP('',(#3435,#3436,#3437,#3438)) ;
#3467=EDGE_LOOP('',(#3468,#3469,#3470,#3471)) ;
#3484=EDGE_LOOP('',(#3485,#3486,#3487,#3488)) ;
#3491=EDGE_LOOP('',(#3492,#3493,#3494,#3495)) ;
#3537=EDGE_LOOP('',(#3538,#3539,#3540,#3541)) ;
#3577=EDGE_LOOP('',(#3578,#3579,#3580,#3581,#3582,#3583)) ;
#3641=EDGE_LOOP('',(#3642,#3643,#3644,#3645)) ;
#3693=EDGE_LOOP('',(#3694,#3695,#3696,#3697,#3698)) ;
#3746=EDGE_LOOP('',(#3747,#3748,#3749,#3750)) ;
#3815=EDGE_LOOP('',(#3816,#3817,#3818,#3819,#3820)) ;
#3888=EDGE_LOOP('',(#3889,#3890,#3891,#3892)) ;
#3900=EDGE_LOOP('',(#3901,#3902,#3903,#3904)) ;
#4007=EDGE_LOOP('',(#4008,#4009,#4010,#4011,#4012)) ;
#4048=EDGE_LOOP('',(#4049,#4050,#4051,#4052)) ;
#4082=EDGE_LOOP('',(#4083,#4084,#4085,#4086)) ;
#4094=EDGE_LOOP('',(#4095,#4096,#4097,#4098,#4099,#4100,#4101,#4102)) ;
#4158=EDGE_LOOP('',(#4159,#4160,#4161,#4162)) ;
#4371=EDGE_LOOP('',(#4372,#4373,#4374,#4375)) ;
#4377=EDGE_LOOP('',(#4378,#4379)) ;
#4480=EDGE_LOOP('',(#4481,#4482,#4483,#4484,#4485,#4486,#4487)) ;
#4545=EDGE_LOOP('',(#4546,#4547,#4548)) ;
#4747=EDGE_LOOP('',(#4748,#4749,#4750,#4751,#4752,#4753,#4754,#4755,#4756,#4757,#4758,#4759)) ;
#4799=EDGE_LOOP('',(#4800,#4801,#4802,#4803)) ;
#4816=EDGE_LOOP('',(#4817,#4818,#4819,#4820,#4821)) ;
#4864=EDGE_LOOP('',(#4865,#4866,#4867,#4868)) ;
#4881=EDGE_LOOP('',(#4882,#4883,#4884,#4885,#4886)) ;
#4958=EDGE_LOOP('',(#4959,#4960,#4961,#4962)) ;
#5028=EDGE_LOOP('',(#5029,#5030,#5031,#5032)) ;
#5090=EDGE_LOOP('',(#5091,#5092,#5093,#5094)) ;
#5142=EDGE_LOOP('',(#5143,#5144,#5145,#5146)) ;
#5154=EDGE_LOOP('',(#5155,#5156,#5157,#5158,#5159,#5160,#5161)) ;
#5278=EDGE_LOOP('',(#5279,#5280,#5281,#5282,#5283,#5284,#5285,#5286,#5287,#5288)) ;
#5315=EDGE_LOOP('',(#5316,#5317,#5318,#5319)) ;
#5399=EDGE_LOOP('',(#5400,#5401,#5402,#5403,#5404)) ;
#5424=EDGE_LOOP('',(#5425,#5426,#5427,#5428)) ;
#5480=EDGE_LOOP('',(#5481,#5482,#5483,#5484)) ;
#5504=EDGE_LOOP('',(#5505,#5506,#5507,#5508)) ;
#5560=EDGE_LOOP('',(#5561,#5562,#5563,#5564)) ;
#5584=EDGE_LOOP('',(#5585,#5586,#5587,#5588)) ;
#5640=EDGE_LOOP('',(#5641,#5642,#5643,#5644)) ;
#5664=EDGE_LOOP('',(#5665,#5666,#5667,#5668)) ;
#5722=EDGE_LOOP('',(#5723,#5724,#5725,#5726)) ;
#5748=EDGE_LOOP('',(#5749,#5750,#5751,#5752)) ;
#5952=EDGE_LOOP('',(#5953,#5954,#5955)) ;
#5975=EDGE_LOOP('',(#5976,#5977,#5978,#5979)) ;
#5987=EDGE_LOOP('',(#5988,#5989,#5990,#5991,#5992)) ;
#6007=EDGE_LOOP('',(#6008,#6009,#6010,#6011)) ;
#6031=EDGE_LOOP('',(#6032,#6033,#6034,#6035)) ;
#6050=EDGE_LOOP('',(#6051,#6052,#6053,#6054)) ;
#6074=EDGE_LOOP('',(#6075,#6076,#6077,#6078)) ;
#6093=EDGE_LOOP('',(#6094,#6095,#6096,#6097)) ;
#6117=EDGE_LOOP('',(#6118,#6119,#6120,#6121)) ;
#6136=EDGE_LOOP('',(#6137,#6138,#6139,#6140)) ;
#6160=EDGE_LOOP('',(#6161,#6162,#6163,#6164)) ;
#6179=EDGE_LOOP('',(#6180,#6181,#6182,#6183)) ;
#6203=EDGE_LOOP('',(#6204,#6205,#6206,#6207)) ;
#6222=EDGE_LOOP('',(#6223,#6224,#6225,#6226)) ;
#6246=EDGE_LOOP('',(#6247,#6248,#6249,#6250)) ;
#6265=EDGE_LOOP('',(#6266,#6267,#6268,#6269)) ;
#6289=EDGE_LOOP('',(#6290,#6291,#6292,#6293)) ;
#6301=EDGE_LOOP('',(#6302,#6303,#6304,#6305)) ;
#6318=EDGE_LOOP('',(#6319,#6320,#6321,#6322)) ;
#6330=EDGE_LOOP('',(#6331,#6332,#6333,#6334,#6335,#6336,#6337,#6338,#6339)) ;
#109=FACE_OUTER_BOUND('',#99,.T.) ;
#140=FACE_OUTER_BOUND('',#135,.T.) ;
#164=FACE_OUTER_BOUND('',#159,.T.) ;
#188=FACE_OUTER_BOUND('',#183,.T.) ;
#221=FACE_OUTER_BOUND('',#216,.T.) ;
#384=FACE_OUTER_BOUND('',#380,.T.) ;
#408=FACE_OUTER_BOUND('',#403,.T.) ;
#432=FACE_OUTER_BOUND('',#427,.T.) ;
#456=FACE_OUTER_BOUND('',#451,.T.) ;
#480=FACE_OUTER_BOUND('',#475,.T.) ;
#497=FACE_OUTER_BOUND('',#492,.T.) ;
#546=FACE_OUTER_BOUND('',#541,.T.) ;
#570=FACE_OUTER_BOUND('',#565,.T.) ;
#609=FACE_OUTER_BOUND('',#604,.T.) ;
#633=FACE_OUTER_BOUND('',#628,.T.) ;
#669=FACE_OUTER_BOUND('',#663,.T.) ;
#693=FACE_OUTER_BOUND('',#688,.T.) ;
#720=FACE_OUTER_BOUND('',#715,.T.) ;
#744=FACE_OUTER_BOUND('',#739,.T.) ;
#777=FACE_OUTER_BOUND('',#772,.T.) ;
#794=FACE_OUTER_BOUND('',#789,.T.) ;
#825=FACE_OUTER_BOUND('',#820,.T.) ;
#881=FACE_OUTER_BOUND('',#876,.T.) ;
#905=FACE_OUTER_BOUND('',#900,.T.) ;
#971=FACE_OUTER_BOUND('',#966,.T.) ;
#995=FACE_OUTER_BOUND('',#990,.T.) ;
#1072=FACE_OUTER_BOUND('',#1066,.T.) ;
#1096=FACE_OUTER_BOUND('',#1091,.T.) ;
#1152=FACE_OUTER_BOUND('',#1147,.T.) ;
#1176=FACE_OUTER_BOUND('',#1171,.T.) ;
#1224=FACE_OUTER_BOUND('',#1219,.T.) ;
#1321=FACE_OUTER_BOUND('',#1313,.T.) ;
#1364=FACE_OUTER_BOUND('',#1359,.T.) ;
#1417=FACE_OUTER_BOUND('',#1413,.T.) ;
#1441=FACE_OUTER_BOUND('',#1436,.T.) ;
#1541=FACE_OUTER_BOUND('',#1535,.T.) ;
#1587=FACE_OUTER_BOUND('',#1582,.T.) ;
#1729=FACE_OUTER_BOUND('',#1724,.T.) ;
#1913=FACE_OUTER_BOUND('',#1908,.T.) ;
#1978=FACE_OUTER_BOUND('',#1973,.T.) ;
#2026=FACE_OUTER_BOUND('',#2021,.T.) ;
#2109=FACE_OUTER_BOUND('',#2104,.T.) ;
#2179=FACE_OUTER_BOUND('',#2169,.T.) ;
#2210=FACE_OUTER_BOUND('',#2205,.T.) ;
#2241=FACE_OUTER_BOUND('',#2236,.T.) ;
#2272=FACE_OUTER_BOUND('',#2267,.T.) ;
#2303=FACE_OUTER_BOUND('',#2298,.T.) ;
#2342=FACE_OUTER_BOUND('',#2336,.T.) ;
#2375=FACE_OUTER_BOUND('',#2370,.T.) ;
#2406=FACE_OUTER_BOUND('',#2401,.T.) ;
#2437=FACE_OUTER_BOUND('',#2432,.T.) ;
#2468=FACE_OUTER_BOUND('',#2463,.T.) ;
#2539=FACE_OUTER_BOUND('',#2525,.T.) ;
#2556=FACE_OUTER_BOUND('',#2551,.T.) ;
#2581=FACE_OUTER_BOUND('',#2575,.T.) ;
#2598=FACE_OUTER_BOUND('',#2593,.T.) ;
#2610=FACE_OUTER_BOUND('',#2605,.T.) ;
#2646=FACE_OUTER_BOUND('',#2642,.T.) ;
#2687=FACE_OUTER_BOUND('',#2682,.T.) ;
#2731=FACE_OUTER_BOUND('',#2727,.T.) ;
#2778=FACE_OUTER_BOUND('',#2771,.T.) ;
#2802=FACE_OUTER_BOUND('',#2797,.T.) ;
#2854=FACE_OUTER_BOUND('',#2849,.T.) ;
#2871=FACE_OUTER_BOUND('',#2866,.T.) ;
#2911=FACE_OUTER_BOUND('',#2906,.T.) ;
#2940=FACE_OUTER_BOUND('',#2935,.T.) ;
#2985=FACE_OUTER_BOUND('',#2982,.T.) ;
#3016=FACE_OUTER_BOUND('',#3011,.T.) ;
#3036=FACE_OUTER_BOUND('',#3031,.T.) ;
#3060=FACE_OUTER_BOUND('',#3055,.T.) ;
#3176=FACE_OUTER_BOUND('',#3169,.T.) ;
#3216=FACE_OUTER_BOUND('',#3213,.T.) ;
#3251=FACE_OUTER_BOUND('',#3246,.T.) ;
#3285=FACE_OUTER_BOUND('',#3280,.T.) ;
#3314=FACE_OUTER_BOUND('',#3309,.T.) ;
#3359=FACE_OUTER_BOUND('',#3345,.T.) ;
#3379=FACE_OUTER_BOUND('',#3374,.T.) ;
#3396=FACE_OUTER_BOUND('',#3391,.T.) ;
#3439=FACE_OUTER_BOUND('',#3434,.T.) ;
#3472=FACE_OUTER_BOUND('',#3467,.T.) ;
#3489=FACE_OUTER_BOUND('',#3484,.T.) ;
#3496=FACE_OUTER_BOUND('',#3491,.T.) ;
#3542=FACE_OUTER_BOUND('',#3537,.T.) ;
#3584=FACE_OUTER_BOUND('',#3577,.T.) ;
#3646=FACE_OUTER_BOUND('',#3641,.T.) ;
#3699=FACE_OUTER_BOUND('',#3693,.T.) ;
#3751=FACE_OUTER_BOUND('',#3746,.T.) ;
#3821=FACE_OUTER_BOUND('',#3815,.T.) ;
#3893=FACE_OUTER_BOUND('',#3888,.T.) ;
#3905=FACE_OUTER_BOUND('',#3900,.T.) ;
#4013=FACE_OUTER_BOUND('',#4007,.T.) ;
#4053=FACE_OUTER_BOUND('',#4048,.T.) ;
#4087=FACE_OUTER_BOUND('',#4082,.T.) ;
#4103=FACE_OUTER_BOUND('',#4094,.T.) ;
#4163=FACE_OUTER_BOUND('',#4158,.T.) ;
#4376=FACE_OUTER_BOUND('',#4371,.T.) ;
#4488=FACE_OUTER_BOUND('',#4480,.T.) ;
#4549=FACE_OUTER_BOUND('',#4545,.T.) ;
#4760=FACE_OUTER_BOUND('',#4747,.T.) ;
#4804=FACE_OUTER_BOUND('',#4799,.T.) ;
#4822=FACE_OUTER_BOUND('',#4816,.T.) ;
#4869=FACE_OUTER_BOUND('',#4864,.T.) ;
#4887=FACE_OUTER_BOUND('',#4881,.T.) ;
#4963=FACE_OUTER_BOUND('',#4958,.T.) ;
#5033=FACE_OUTER_BOUND('',#5028,.T.) ;
#5095=FACE_OUTER_BOUND('',#5090,.T.) ;
#5147=FACE_OUTER_BOUND('',#5142,.T.) ;
#5162=FACE_OUTER_BOUND('',#5154,.T.) ;
#5320=FACE_OUTER_BOUND('',#5315,.T.) ;
#5405=FACE_OUTER_BOUND('',#5399,.T.) ;
#5429=FACE_OUTER_BOUND('',#5424,.T.) ;
#5485=FACE_OUTER_BOUND('',#5480,.T.) ;
#5509=FACE_OUTER_BOUND('',#5504,.T.) ;
#5565=FACE_OUTER_BOUND('',#5560,.T.) ;
#5589=FACE_OUTER_BOUND('',#5584,.T.) ;
#5645=FACE_OUTER_BOUND('',#5640,.T.) ;
#5669=FACE_OUTER_BOUND('',#5664,.T.) ;
#5727=FACE_OUTER_BOUND('',#5722,.T.) ;
#5753=FACE_OUTER_BOUND('',#5748,.T.) ;
#5956=FACE_OUTER_BOUND('',#5952,.T.) ;
#5980=FACE_OUTER_BOUND('',#5975,.T.) ;
#5993=FACE_OUTER_BOUND('',#5987,.T.) ;
#6012=FACE_OUTER_BOUND('',#6007,.T.) ;
#6036=FACE_OUTER_BOUND('',#6031,.T.) ;
#6055=FACE_OUTER_BOUND('',#6050,.T.) ;
#6079=FACE_OUTER_BOUND('',#6074,.T.) ;
#6098=FACE_OUTER_BOUND('',#6093,.T.) ;
#6122=FACE_OUTER_BOUND('',#6117,.T.) ;
#6141=FACE_OUTER_BOUND('',#6136,.T.) ;
#6165=FACE_OUTER_BOUND('',#6160,.T.) ;
#6184=FACE_OUTER_BOUND('',#6179,.T.) ;
#6208=FACE_OUTER_BOUND('',#6203,.T.) ;
#6227=FACE_OUTER_BOUND('',#6222,.T.) ;
#6251=FACE_OUTER_BOUND('',#6246,.T.) ;
#6270=FACE_OUTER_BOUND('',#6265,.T.) ;
#6294=FACE_OUTER_BOUND('',#6289,.T.) ;
#6306=FACE_OUTER_BOUND('',#6301,.T.) ;
#6323=FACE_OUTER_BOUND('',#6318,.T.) ;
#6340=FACE_OUTER_BOUND('',#6330,.T.) ;
#39=LINE('Line',#36,#38) ;
#55=LINE('Line',#52,#54) ;
#69=LINE('Line',#66,#68) ;
#83=LINE('Line',#80,#82) ;
#97=LINE('Line',#94,#96) ;
#157=LINE('Line',#154,#156) ;
#214=LINE('Line',#211,#213) ;
#401=LINE('Line',#398,#400) ;
#449=LINE('Line',#446,#448) ;
#490=LINE('Line',#487,#489) ;
#507=LINE('Line',#504,#506) ;
#539=LINE('Line',#536,#538) ;
#556=LINE('Line',#553,#555) ;
#563=LINE('Line',#560,#562) ;
#580=LINE('Line',#577,#579) ;
#619=LINE('Line',#616,#618) ;
#626=LINE('Line',#623,#625) ;
#643=LINE('Line',#640,#642) ;
#679=LINE('Line',#676,#678) ;
#686=LINE('Line',#683,#685) ;
#703=LINE('Line',#700,#702) ;
#730=LINE('Line',#727,#729) ;
#737=LINE('Line',#734,#736) ;
#754=LINE('Line',#751,#753) ;
#787=LINE('Line',#784,#786) ;
#804=LINE('Line',#801,#803) ;
#811=LINE('Line',#808,#810) ;
#818=LINE('Line',#815,#817) ;
#891=LINE('Line',#888,#890) ;
#898=LINE('Line',#895,#897) ;
#981=LINE('Line',#978,#980) ;
#988=LINE('Line',#985,#987) ;
#1082=LINE('Line',#1079,#1081) ;
#1089=LINE('Line',#1086,#1088) ;
#1162=LINE('Line',#1159,#1161) ;
#1169=LINE('Line',#1166,#1168) ;
#1304=LINE('Line',#1301,#1303) ;
#1311=LINE('Line',#1308,#1310) ;
#1357=LINE('Line',#1354,#1356) ;
#1434=LINE('Line',#1431,#1433) ;
#2119=LINE('Line',#2116,#2118) ;
#2126=LINE('Line',#2123,#2125) ;
#2133=LINE('Line',#2130,#2132) ;
#2147=LINE('Line',#2144,#2146) ;
#2196=LINE('Line',#2193,#2195) ;
#2220=LINE('Line',#2217,#2219) ;
#2227=LINE('Line',#2224,#2226) ;
#2234=LINE('Line',#2231,#2233) ;
#2251=LINE('Line',#2248,#2250) ;
#2282=LINE('Line',#2279,#2281) ;
#2289=LINE('Line',#2286,#2288) ;
#2296=LINE('Line',#2293,#2295) ;
#2320=LINE('Line',#2317,#2319) ;
#2334=LINE('Line',#2331,#2333) ;
#2385=LINE('Line',#2382,#2384) ;
#2399=LINE('Line',#2396,#2398) ;
#2447=LINE('Line',#2444,#2446) ;
#2461=LINE('Line',#2458,#2460) ;
#2485=LINE('Line',#2482,#2484) ;
#2492=LINE('Line',#2489,#2491) ;
#2523=LINE('Line',#2520,#2522) ;
#2656=LINE('Line',#2653,#2655) ;
#2665=LINE('Line',#2662,#2664) ;
#2680=LINE('Line',#2677,#2679) ;
#2741=LINE('Line',#2738,#2740) ;
#2795=LINE('Line',#2792,#2794) ;
#2812=LINE('Line',#2809,#2811) ;
#2834=LINE('Line',#2831,#2833) ;
#2890=LINE('Line',#2887,#2889) ;
#2904=LINE('Line',#2901,#2903) ;
#2999=LINE('Line',#2996,#2998) ;
#3009=LINE('Line',#3006,#3008) ;
#3053=LINE('Line',#3050,#3052) ;
#3230=LINE('Line',#3227,#3229) ;
#3244=LINE('Line',#3241,#3243) ;
#3271=LINE('Line',#3268,#3270) ;
#3278=LINE('Line',#3275,#3277) ;
#3300=LINE('Line',#3297,#3299) ;
#3324=LINE('Line',#3321,#3323) ;
#3338=LINE('Line',#3335,#3337) ;
#3343=LINE('Line',#3340,#3342) ;
#3389=LINE('Line',#3386,#3388) ;
#3427=LINE('Line',#3424,#3426) ;
#3432=LINE('Line',#3429,#3431) ;
#3482=LINE('Line',#3479,#3481) ;
#3506=LINE('Line',#3503,#3505) ;
#3535=LINE('Line',#3532,#3534) ;
#4092=LINE('Line',#4089,#4091) ;
#4814=LINE('Line',#4811,#4813) ;
#4879=LINE('Line',#4876,#4878) ;
#5166=LINE('Line',#5163,#5165) ;
#5194=LINE('Line',#5191,#5193) ;
#5214=LINE('Line',#5211,#5213) ;
#5234=LINE('Line',#5231,#5233) ;
#5254=LINE('Line',#5251,#5253) ;
#5299=LINE('Line',#5296,#5298) ;
#5306=LINE('Line',#5303,#5305) ;
#5313=LINE('Line',#5310,#5312) ;
#5415=LINE('Line',#5412,#5414) ;
#5422=LINE('Line',#5419,#5421) ;
#5495=LINE('Line',#5492,#5494) ;
#5502=LINE('Line',#5499,#5501) ;
#5575=LINE('Line',#5572,#5574) ;
#5582=LINE('Line',#5579,#5581) ;
#5655=LINE('Line',#5652,#5654) ;
#5662=LINE('Line',#5659,#5661) ;
#5732=LINE('Line',#5729,#5731) ;
#5739=LINE('Line',#5736,#5738) ;
#5746=LINE('Line',#5743,#5745) ;
#5966=LINE('Line',#5963,#5965) ;
#5985=LINE('Line',#5982,#5984) ;
#5998=LINE('Line',#5995,#5997) ;
#6005=LINE('Line',#6002,#6004) ;
#6029=LINE('Line',#6026,#6028) ;
#6048=LINE('Line',#6045,#6047) ;
#6084=LINE('Line',#6081,#6083) ;
#6091=LINE('Line',#6088,#6090) ;
#6108=LINE('Line',#6105,#6107) ;
#6134=LINE('Line',#6131,#6133) ;
#6170=LINE('Line',#6167,#6169) ;
#6177=LINE('Line',#6174,#6176) ;
#6194=LINE('Line',#6191,#6193) ;
#6220=LINE('Line',#6217,#6219) ;
#6256=LINE('Line',#6253,#6255) ;
#6263=LINE('Line',#6260,#6262) ;
#6280=LINE('Line',#6277,#6279) ;
#35=PLANE('',#34) ;
#552=PLANE('',#551) ;
#615=PLANE('',#614) ;
#675=PLANE('',#674) ;
#726=PLANE('',#725) ;
#783=PLANE('',#782) ;
#800=PLANE('',#799) ;
#887=PLANE('',#886) ;
#977=PLANE('',#976) ;
#1078=PLANE('',#1077) ;
#1158=PLANE('',#1157) ;
#1230=PLANE('',#1229) ;
#2115=PLANE('',#2114) ;
#2216=PLANE('',#2215) ;
#2278=PLANE('',#2277) ;
#2474=PLANE('',#2473) ;
#2652=PLANE('',#2651) ;
#2946=PLANE('',#2945) ;
#3022=PLANE('',#3021) ;
#3257=PLANE('',#3256) ;
#3320=PLANE('',#3319) ;
#3385=PLANE('',#3384) ;
#5153=PLANE('',#5152) ;
#5295=PLANE('',#5294) ;
#5411=PLANE('',#5410) ;
#5491=PLANE('',#5490) ;
#5571=PLANE('',#5570) ;
#5651=PLANE('',#5650) ;
#6329=PLANE('',#6328) ;
#9=PRODUCT_CATEGORY_RELATIONSHIP(' ',' ',#7,#8) ;
#6=PRODUCT_DEFINITION_FORMATION_WITH_SPECIFIED_SOURCE('',' ',#5,.NOT_KNOWN.) ;
#20=SHAPE_DEFINITION_REPRESENTATION(#11,#19) ;
#1370=SPHERICAL_SURFACE('',#1369,1.) ;
#2587=SPHERICAL_SURFACE('',#2586,1.) ;
#2616=SPHERICAL_SURFACE('',#2615,1.) ;
#2693=SPHERICAL_SURFACE('',#2692,1.) ;
#3373=SPHERICAL_SURFACE('',#3372,1.) ;
#3899=SPHERICAL_SURFACE('',#3898,1.) ;
#4059=SPHERICAL_SURFACE('',#4058,1.) ;
#4766=SPHERICAL_SURFACE('',#4765,1.) ;
#41=VERTEX_POINT('',#40) ;
#43=VERTEX_POINT('',#42) ;
#50=VERTEX_POINT('',#49) ;
#57=VERTEX_POINT('',#56) ;
#64=VERTEX_POINT('',#63) ;
#71=VERTEX_POINT('',#70) ;
#78=VERTEX_POINT('',#77) ;
#85=VERTEX_POINT('',#84) ;
#92=VERTEX_POINT('',#91) ;
#121=VERTEX_POINT('',#120) ;
#128=VERTEX_POINT('',#127) ;
#152=VERTEX_POINT('',#151) ;
#176=VERTEX_POINT('',#175) ;
#209=VERTEX_POINT('',#208) ;
#370=VERTEX_POINT('',#369) ;
#396=VERTEX_POINT('',#395) ;
#420=VERTEX_POINT('',#419) ;
#444=VERTEX_POINT('',#443) ;
#468=VERTEX_POINT('',#467) ;
#509=VERTEX_POINT('',#508) ;
#534=VERTEX_POINT('',#533) ;
#558=VERTEX_POINT('',#557) ;
#582=VERTEX_POINT('',#581) ;
#621=VERTEX_POINT('',#620) ;
#645=VERTEX_POINT('',#644) ;
#654=VERTEX_POINT('',#653) ;
#681=VERTEX_POINT('',#680) ;
#705=VERTEX_POINT('',#704) ;
#732=VERTEX_POINT('',#731) ;
#756=VERTEX_POINT('',#755) ;
#806=VERTEX_POINT('',#805) ;
#813=VERTEX_POINT('',#812) ;
#866=VERTEX_POINT('',#865) ;
#893=VERTEX_POINT('',#892) ;
#954=VERTEX_POINT('',#953) ;
#983=VERTEX_POINT('',#982) ;
#1052=VERTEX_POINT('',#1051) ;
#1084=VERTEX_POINT('',#1083) ;
#1137=VERTEX_POINT('',#1136) ;
#1164=VERTEX_POINT('',#1163) ;
#1239=VERTEX_POINT('',#1238) ;
#1241=VERTEX_POINT('',#1240) ;
#1254=VERTEX_POINT('',#1253) ;
#1267=VERTEX_POINT('',#1266) ;
#1289=VERTEX_POINT('',#1288) ;
#1299=VERTEX_POINT('',#1298) ;
#1306=VERTEX_POINT('',#1305) ;
#1345=VERTEX_POINT('',#1344) ;
#1352=VERTEX_POINT('',#1351) ;
#1385=VERTEX_POINT('',#1384) ;
#1429=VERTEX_POINT('',#1428) ;
#1507=VERTEX_POINT('',#1506) ;
#1515=VERTEX_POINT('',#1514) ;
#1523=VERTEX_POINT('',#1522) ;
#1574=VERTEX_POINT('',#1573) ;
#1660=VERTEX_POINT('',#1659) ;
#1790=VERTEX_POINT('',#1789) ;
#1954=VERTEX_POINT('',#1953) ;
#2011=VERTEX_POINT('',#2010) ;
#2091=VERTEX_POINT('',#2090) ;
#2121=VERTEX_POINT('',#2120) ;
#2128=VERTEX_POINT('',#2127) ;
#2135=VERTEX_POINT('',#2134) ;
#2142=VERTEX_POINT('',#2141) ;
#2149=VERTEX_POINT('',#2148) ;
#2159=VERTEX_POINT('',#2158) ;
#2191=VERTEX_POINT('',#2190) ;
#2198=VERTEX_POINT('',#2197) ;
#2222=VERTEX_POINT('',#2221) ;
#2229=VERTEX_POINT('',#2228) ;
#2253=VERTEX_POINT('',#2252) ;
#2255=VERTEX_POINT('',#2254) ;
#2284=VERTEX_POINT('',#2283) ;
#2291=VERTEX_POINT('',#2290) ;
#2315=VERTEX_POINT('',#2314) ;
#2322=VERTEX_POINT('',#2321) ;
#2329=VERTEX_POINT('',#2328) ;
#2354=VERTEX_POINT('',#2353) ;
#2363=VERTEX_POINT('',#2362) ;
#2387=VERTEX_POINT('',#2386) ;
#2394=VERTEX_POINT('',#2393) ;
#2418=VERTEX_POINT('',#2417) ;
#2425=VERTEX_POINT('',#2424) ;
#2449=VERTEX_POINT('',#2448) ;
#2456=VERTEX_POINT('',#2455) ;
#2480=VERTEX_POINT('',#2479) ;
#2487=VERTEX_POINT('',#2486) ;
#2502=VERTEX_POINT('',#2501) ;
#2518=VERTEX_POINT('',#2517) ;
#2568=VERTEX_POINT('',#2567) ;
#2624=VERTEX_POINT('',#2623) ;
#2626=VERTEX_POINT('',#2625) ;
#2635=VERTEX_POINT('',#2634) ;
#2658=VERTEX_POINT('',#2657) ;
#2660=VERTEX_POINT('',#2659) ;
#2667=VERTEX_POINT('',#2666) ;
#2699=VERTEX_POINT('',#2698) ;
#2701=VERTEX_POINT('',#2700) ;
#2743=VERTEX_POINT('',#2742) ;
#2745=VERTEX_POINT('',#2744) ;
#2752=VERTEX_POINT('',#2751) ;
#2764=VERTEX_POINT('',#2763) ;
#2790=VERTEX_POINT('',#2789) ;
#2814=VERTEX_POINT('',#2813) ;
#2816=VERTEX_POINT('',#2815) ;
#2829=VERTEX_POINT('',#2828) ;
#2836=VERTEX_POINT('',#2835) ;
#2883=VERTEX_POINT('',#2882) ;
#2885=VERTEX_POINT('',#2884) ;
#2892=VERTEX_POINT('',#2891) ;
#2899=VERTEX_POINT('',#2898) ;
#2952=VERTEX_POINT('',#2951) ;
#2954=VERTEX_POINT('',#2953) ;
#3048=VERTEX_POINT('',#3047) ;
#3153=VERTEX_POINT('',#3152) ;
#3161=VERTEX_POINT('',#3160) ;
#3204=VERTEX_POINT('',#3203) ;
#3206=VERTEX_POINT('',#3205) ;
#3232=VERTEX_POINT('',#3231) ;
#3239=VERTEX_POINT('',#3238) ;
#3266=VERTEX_POINT('',#3265) ;
#3273=VERTEX_POINT('',#3272) ;
#3302=VERTEX_POINT('',#3301) ;
#3326=VERTEX_POINT('',#3325) ;
#3333=VERTEX_POINT('',#3332) ;
#3420=VERTEX_POINT('',#3419) ;
#3422=VERTEX_POINT('',#3421) ;
#3508=VERTEX_POINT('',#3507) ;
#3530=VERTEX_POINT('',#3529) ;
#3550=VERTEX_POINT('',#3549) ;
#3558=VERTEX_POINT('',#3557) ;
#3631=VERTEX_POINT('',#3630) ;
#3797=VERTEX_POINT('',#3796) ;
#3799=VERTEX_POINT('',#3798) ;
#3868=VERTEX_POINT('',#3867) ;
#3878=VERTEX_POINT('',#3877) ;
#3999=VERTEX_POINT('',#3998) ;
#4040=VERTEX_POINT('',#4039) ;
#4067=VERTEX_POINT('',#4066) ;
#4069=VERTEX_POINT('',#4068) ;
#4130=VERTEX_POINT('',#4129) ;
#4262=VERTEX_POINT('',#4261) ;
#4456=VERTEX_POINT('',#4455) ;
#4464=VERTEX_POINT('',#4463) ;
#4535=VERTEX_POINT('',#4534) ;
#4773=VERTEX_POINT('',#4772) ;
#4775=VERTEX_POINT('',#4774) ;
#4855=VERTEX_POINT('',#4854) ;
#4944=VERTEX_POINT('',#4943) ;
#5080=VERTEX_POINT('',#5079) ;
#5168=VERTEX_POINT('',#5167) ;
#5170=VERTEX_POINT('',#5169) ;
#5189=VERTEX_POINT('',#5188) ;
#5196=VERTEX_POINT('',#5195) ;
#5209=VERTEX_POINT('',#5208) ;
#5216=VERTEX_POINT('',#5215) ;
#5229=VERTEX_POINT('',#5228) ;
#5236=VERTEX_POINT('',#5235) ;
#5249=VERTEX_POINT('',#5248) ;
#5256=VERTEX_POINT('',#5255) ;
#5301=VERTEX_POINT('',#5300) ;
#5308=VERTEX_POINT('',#5307) ;
#5377=VERTEX_POINT('',#5376) ;
#5387=VERTEX_POINT('',#5386) ;
#5417=VERTEX_POINT('',#5416) ;
#5470=VERTEX_POINT('',#5469) ;
#5497=VERTEX_POINT('',#5496) ;
#5550=VERTEX_POINT('',#5549) ;
#5577=VERTEX_POINT('',#5576) ;
#5630=VERTEX_POINT('',#5629) ;
#5657=VERTEX_POINT('',#5656) ;
#5734=VERTEX_POINT('',#5733) ;
#5741=VERTEX_POINT('',#5740) ;
#5902=VERTEX_POINT('',#5901) ;
#5904=VERTEX_POINT('',#5903) ;
#5968=VERTEX_POINT('',#5967) ;
#6000=VERTEX_POINT('',#5999) ;
#6024=VERTEX_POINT('',#6023) ;
#6043=VERTEX_POINT('',#6042) ;
#6067=VERTEX_POINT('',#6066) ;
#6086=VERTEX_POINT('',#6085) ;
#6110=VERTEX_POINT('',#6109) ;
#6129=VERTEX_POINT('',#6128) ;
#6153=VERTEX_POINT('',#6152) ;
#6172=VERTEX_POINT('',#6171) ;
#6196=VERTEX_POINT('',#6195) ;
#6215=VERTEX_POINT('',#6214) ;
#6239=VERTEX_POINT('',#6238) ;
#6258=VERTEX_POINT('',#6257) ;
#6282=VERTEX_POINT('',#6281) ;
#1509=(BOUNDED_CURVE()B_SPLINE_CURVE(3,(#1510,#1511,#1512,#1513),.UNSPECIFIED.,.F.,.U.)B_SPLINE_CURVE_WITH_KNOTS((4,4),(2.1401681782,3.89306448477),.UNSPECIFIED.)CURVE()GEOMETRIC_REPRESENTATION_ITEM()RATIONAL_B_SPLINE_CURVE((0.999999999999,0.99999968874,1.15194185402,1.45582649585))REPRESENTATION_ITEM('')) ;
#1517=(BOUNDED_CURVE()B_SPLINE_CURVE(3,(#1518,#1519,#1520,#1521),.UNSPECIFIED.,.F.,.U.)B_SPLINE_CURVE_WITH_KNOTS((4,4),(0.387270235793,2.14016817889),.UNSPECIFIED.)CURVE()GEOMETRIC_REPRESENTATION_ITEM()RATIONAL_B_SPLINE_CURVE((1.45582921418,1.15194338253,1.00000031114,0.999999999999))REPRESENTATION_ITEM('')) ;
#1525=(BOUNDED_CURVE()B_SPLINE_CURVE(3,(#1526,#1527,#1528,#1529,#1530,#1531,#1532,#1533),.UNSPECIFIED.,.F.,.U.)B_SPLINE_CURVE_WITH_KNOTS((4,1,1,1,1,4),(0.146346821277,0.491454495923,0.851769466276,1.23784291421,1.65631471798,2.10844034058),.UNSPECIFIED.)CURVE()GEOMETRIC_REPRESENTATION_ITEM()RATIONAL_B_SPLINE_CURVE((1.45582921507,1.45582921507,1.45582921507,1.45582921507,1.45582921507,1.45582921507,1.45582921507,1.45582921507))REPRESENTATION_ITEM('')) ;
#1568=(BOUNDED_CURVE()B_SPLINE_CURVE(3,(#1569,#1570,#1571,#1572),.UNSPECIFIED.,.F.,.U.)B_SPLINE_CURVE_WITH_KNOTS((4,4),(0.233833365284,2.46782056379),.UNSPECIFIED.)CURVE()GEOMETRIC_REPRESENTATION_ITEM()RATIONAL_B_SPLINE_CURVE((1.12311969236,0.959372177258,0.958961136941,1.12188657141))REPRESENTATION_ITEM('')) ;
#1654=(BOUNDED_CURVE()B_SPLINE_CURVE(3,(#1655,#1656,#1657,#1658),.UNSPECIFIED.,.F.,.U.)B_SPLINE_CURVE_WITH_KNOTS((4,4),(0.237974438362,2.59846793777),.UNSPECIFIED.)CURVE()GEOMETRIC_REPRESENTATION_ITEM()RATIONAL_B_SPLINE_CURVE((1.13530329019,0.954947461795,0.95489891634,1.13515765383))REPRESENTATION_ITEM('')) ;
#1784=(BOUNDED_CURVE()B_SPLINE_CURVE(3,(#1785,#1786,#1787,#1788),.UNSPECIFIED.,.F.,.U.)B_SPLINE_CURVE_WITH_KNOTS((4,4),(0.237885624932,2.56403311044),.UNSPECIFIED.)CURVE()GEOMETRIC_REPRESENTATION_ITEM()RATIONAL_B_SPLINE_CURVE((1.1351575296,0.957480497883,0.954983093744,1.12766531719))REPRESENTATION_ITEM('')) ;
#1948=(BOUNDED_CURVE()B_SPLINE_CURVE(3,(#1949,#1950,#1951,#1952),.UNSPECIFIED.,.F.,.U.)B_SPLINE_CURVE_WITH_KNOTS((4,4),(0.246149166928,2.82725236324),.UNSPECIFIED.)CURVE()GEOMETRIC_REPRESENTATION_ITEM()RATIONAL_B_SPLINE_CURVE((1.15777196657,0.947409265576,0.947409344474,1.15777220327))REPRESENTATION_ITEM('')) ;
#3155=(BOUNDED_CURVE()B_SPLINE_CURVE(3,(#3156,#3157,#3158,#3159),.UNSPECIFIED.,.F.,.U.)B_SPLINE_CURVE_WITH_KNOTS((4,4),(2.148150966,3.89781299408),.UNSPECIFIED.)CURVE()GEOMETRIC_REPRESENTATION_ITEM()RATIONAL_B_SPLINE_CURVE((1.00001379434,0.998346255341,1.14786502095,1.44857009116))REPRESENTATION_ITEM('')) ;
#3163=(BOUNDED_CURVE()B_SPLINE_CURVE(3,(#3164,#3165,#3166,#3167),.UNSPECIFIED.,.F.,.U.)B_SPLINE_CURVE_WITH_KNOTS((4,4),(0.389692163246,2.14815096596),.UNSPECIFIED.)CURVE()GEOMETRIC_REPRESENTATION_ITEM()RATIONAL_B_SPLINE_CURVE((1.46317265747,1.15607600494,1.00168971723,1.00001379434))REPRESENTATION_ITEM('')) ;
#4001=(BOUNDED_CURVE()B_SPLINE_CURVE(3,(#4002,#4003,#4004,#4005),.UNSPECIFIED.,.F.,.U.)B_SPLINE_CURVE_WITH_KNOTS((4,4),(0.386141287698,2.63595397298),.UNSPECIFIED.)CURVE()GEOMETRIC_REPRESENTATION_ITEM()RATIONAL_B_SPLINE_CURVE((1.45582104991,1.06465472002,0.925250179659,1.03760742882))REPRESENTATION_ITEM('')) ;
#4849=(BOUNDED_CURVE()B_SPLINE_CURVE(3,(#4850,#4851,#4852,#4853),.UNSPECIFIED.,.F.,.U.)B_SPLINE_CURVE_WITH_KNOTS((4,4),(0.23945542285,2.47344335646),.UNSPECIFIED.)CURVE()GEOMETRIC_REPRESENTATION_ITEM()RATIONAL_B_SPLINE_CURVE((1.12188653493,0.95896107146,0.959372189807,1.12311988998))REPRESENTATION_ITEM('')) ;
#4857=(BOUNDED_CURVE()B_SPLINE_CURVE(3,(#4858,#4859,#4860,#4861,#4862),.UNSPECIFIED.,.F.,.U.)B_SPLINE_CURVE_WITH_KNOTS((4,1,4),(0.629848219568,2.17426780906,5.53722329588),.UNSPECIFIED.)CURVE()GEOMETRIC_REPRESENTATION_ITEM()RATIONAL_B_SPLINE_CURVE((1.1231196726,1.1231196726,1.1231196726,1.1231196726,1.1231196726))REPRESENTATION_ITEM('')) ;
#4938=(BOUNDED_CURVE()B_SPLINE_CURVE(3,(#4939,#4940,#4941,#4942),.UNSPECIFIED.,.F.,.U.)B_SPLINE_CURVE_WITH_KNOTS((4,4),(0.238656264686,2.59958879075),.UNSPECIFIED.)CURVE()GEOMETRIC_REPRESENTATION_ITEM()RATIONAL_B_SPLINE_CURVE((1.13515760414,0.954898734743,0.954947478465,1.13530383531))REPRESENTATION_ITEM('')) ;
#4946=(BOUNDED_CURVE()B_SPLINE_CURVE(3,(#4947,#4948,#4949,#4950,#4951,#4952,#4953,#4954,#4955,#4956),.UNSPECIFIED.,.F.,.U.)B_SPLINE_CURVE_WITH_KNOTS((4,1,1,1,1,1,1,4),(0.0865656205152,0.647748907773,1.2809631245,1.99294465477,2.79068490623,3.68135534479,4.66397851765,5.73258495344),.UNSPECIFIED.)CURVE()GEOMETRIC_REPRESENTATION_ITEM()RATIONAL_B_SPLINE_CURVE((1.13530370739,1.13530370739,1.13530370739,1.13530370739,1.13530370739,1.13530370739,1.13530370739,1.13530370739,1.13530370739,1.13530370739))REPRESENTATION_ITEM('')) ;
#1443=(BOUNDED_SURFACE()B_SPLINE_SURFACE(3,3,((#1444,#1445,#1446,#1447),(#1448,#1449,#1450,#1451),(#1452,#1453,#1454,#1455),(#1456,#1457,#1458,#1459),(#1460,#1461,#1462,#1463),(#1464,#1465,#1466,#1467),(#1468,#1469,#1470,#1471),(#1472,#1473,#1474,#1475),(#1476,#1477,#1478,#1479),(#1480,#1481,#1482,#1483)),.UNSPECIFIED.,.F.,.F.,.U.)B_SPLINE_SURFACE_WITH_KNOTS((4,1,1,1,1,1,1,4),(4,4),(-0.152112885433,0.146346821277,0.491454495923,0.851769466276,1.23784291421,1.65631471798,2.10844034058,2.33925512533),(0.,4.28033994726),.UNSPECIFIED.)GEOMETRIC_REPRESENTATION_ITEM()RATIONAL_B_SPLINE_SURFACE(((1.67949229568,0.773502568105,0.773502568105,1.67949229568),(1.67949229568,0.773502568105,0.773502568105,1.67949229568),(1.67949229568,0.773502568105,0.773502568105,1.67949229568),(1.67949229568,0.773502568105,0.773502568105,1.67949229568),(1.67949229568,0.773502568105,0.773502568105,1.67949229568),(1.67949229568,0.773502568105,0.773502568105,1.67949229568),(1.67949229568,0.773502568105,0.773502568105,1.67949229568),(1.67949229568,0.773502568105,0.773502568105,1.67949229568),(1.67949229568,0.773502568105,0.773502568105,1.67949229568),(1.67949229568,0.773502568105,0.773502568105,1.67949229568)))REPRESENTATION_ITEM('Rational BSpline Surface')SURFACE()) ;
#1543=(BOUNDED_SURFACE()B_SPLINE_SURFACE(3,3,((#1544,#1545,#1546,#1547),(#1548,#1549,#1550,#1551),(#1552,#1553,#1554,#1555),(#1556,#1557,#1558,#1559),(#1560,#1561,#1562,#1563),(#1564,#1565,#1566,#1567)),.UNSPECIFIED.,.F.,.F.,.U.)B_SPLINE_SURFACE_WITH_KNOTS((4,1,1,4),(4,4),(0.,2.16506194746,5.53720602958,5.63397326206),(0.,2.70727581364),.UNSPECIFIED.)GEOMETRIC_REPRESENTATION_ITEM()RATIONAL_B_SPLINE_SURFACE(((1.17990701094,0.940030996355,0.940030996355,1.17990701094),(1.17990701094,0.940030996355,0.940030996355,1.17990701094),(1.17990701094,0.940030996355,0.940030996355,1.17990701094),(1.17990701094,0.940030996355,0.940030996355,1.17990701094),(1.17990701094,0.940030996355,0.940030996355,1.17990701094),(1.17990701094,0.940030996355,0.940030996355,1.17990701094)))REPRESENTATION_ITEM('Rational BSpline Surface')SURFACE()) ;
#1589=(BOUNDED_SURFACE()B_SPLINE_SURFACE(3,3,((#1590,#1591,#1592,#1593),(#1594,#1595,#1596,#1597),(#1598,#1599,#1600,#1601),(#1602,#1603,#1604,#1605),(#1606,#1607,#1608,#1609),(#1610,#1611,#1612,#1613),(#1614,#1615,#1616,#1617),(#1618,#1619,#1620,#1621),(#1622,#1623,#1624,#1625),(#1626,#1627,#1628,#1629),(#1630,#1631,#1632,#1633),(#1634,#1635,#1636,#1637),(#1638,#1639,#1640,#1641),(#1642,#1643,#1644,#1645),(#1646,#1647,#1648,#1649),(#1650,#1651,#1652,#1653)),.UNSPECIFIED.,.F.,.F.,.U.)B_SPLINE_SURFACE_WITH_KNOTS((4,1,1,1,1,1,1,1,1,1,1,1,1,4),(4,4),(-0.018618151738,0.0864859223237,0.59262738035,1.07975522269,1.54496193915,1.98543314599,2.42381056362,2.9113718748,3.44601807694,4.01697521158,4.60660305998,5.18754114194,5.7317333959,5.83677120083),(0.,2.83707790914),.UNSPECIFIED.)GEOMETRIC_REPRESENTATION_ITEM()RATIONAL_B_SPLINE_SURFACE(((1.19534911101,0.934883629664,0.934883629664,1.19534911101),(1.19534911101,0.934883629664,0.934883629664,1.19534911101),(1.19534911101,0.934883629664,0.934883629664,1.19534911101),(1.19534911101,0.934883629664,0.934883629664,1.19534911101),(1.19534911101,0.934883629664,0.934883629664,1.19534911101),(1.19534911101,0.934883629664,0.934883629664,1.19534911101),(1.19534911101,0.934883629664,0.934883629664,1.19534911101),(1.19534911101,0.934883629664,0.934883629664,1.19534911101),(1.19534911101,0.934883629664,0.934883629664,1.19534911101),(1.19534911101,0.934883629664,0.934883629664,1.19534911101),(1.19534911101,0.934883629664,0.934883629664,1.19534911101),(1.19534911101,0.934883629664,0.934883629664,1.19534911101),(1.19534911101,0.934883629664,0.934883629664,1.19534911101),(1.19534911101,0.934883629664,0.934883629664,1.19534911101),(1.19534911101,0.934883629664,0.934883629664,1.19534911101),(1.19534911101,0.934883629664,0.934883629664,1.19534911101)))REPRESENTATION_ITEM('Rational BSpline Surface')SURFACE()) ;
#1731=(BOUNDED_SURFACE()B_SPLINE_SURFACE(3,3,((#1732,#1733,#1734,#1735),(#1736,#1737,#1738,#1739),(#1740,#1741,#1742,#1743),(#1744,#1745,#1746,#1747),(#1748,#1749,#1750,#1751),(#1752,#1753,#1754,#1755),(#1756,#1757,#1758,#1759),(#1760,#1761,#1762,#1763),(#1764,#1765,#1766,#1767),(#1768,#1769,#1770,#1771),(#1772,#1773,#1774,#1775),(#1776,#1777,#1778,#1779),(#1780,#1781,#1782,#1783)),.UNSPECIFIED.,.F.,.F.,.U.)B_SPLINE_SURFACE_WITH_KNOTS((4,1,1,1,1,1,1,1,1,1,4),(4,4),(0.,0.58834054272,7.91147242456,14.8522029596,21.7369635853,28.5402570251,35.4395578877,42.7436104066,50.6685624216,59.4004703811,59.9885912229),(0.,2.8350808698),.UNSPECIFIED.)GEOMETRIC_REPRESENTATION_ITEM()RATIONAL_B_SPLINE_SURFACE(((1.19516470128,0.934945099573,0.934945099573,1.19516470128),(1.19516470128,0.934945099573,0.934945099573,1.19516470128),(1.19516470128,0.934945099573,0.934945099573,1.19516470128),(1.19516470128,0.934945099573,0.934945099573,1.19516470128),(1.19516470128,0.934945099573,0.934945099573,1.19516470128),(1.19516470128,0.934945099573,0.934945099573,1.19516470128),(1.19516470128,0.934945099573,0.934945099573,1.19516470128),(1.19516470128,0.934945099573,0.934945099573,1.19516470128),(1.19516470128,0.934945099573,0.934945099573,1.19516470128),(1.19516470128,0.934945099573,0.934945099573,1.19516470128),(1.19516470128,0.934945099573,0.934945099573,1.19516470128),(1.19516470128,0.934945099573,0.934945099573,1.19516470128),(1.19516470128,0.934945099573,0.934945099573,1.19516470128)))REPRESENTATION_ITEM('Rational BSpline Surface')SURFACE()) ;
#1915=(BOUNDED_SURFACE()B_SPLINE_SURFACE(3,3,((#1916,#1917,#1918,#1919),(#1920,#1921,#1922,#1923),(#1924,#1925,#1926,#1927),(#1928,#1929,#1930,#1931),(#1932,#1933,#1934,#1935),(#1936,#1937,#1938,#1939),(#1940,#1941,#1942,#1943),(#1944,#1945,#1946,#1947)),.UNSPECIFIED.,.F.,.F.,.U.)B_SPLINE_SURFACE_WITH_KNOTS((4,1,1,1,1,4),(4,4),(-0.077802880433,0.0781979469892,0.721134108534,1.38088619013,2.08327573529,2.23780613656),(0.,3.07340056211),.UNSPECIFIED.)GEOMETRIC_REPRESENTATION_ITEM()RATIONAL_B_SPLINE_SURFACE(((1.22369576398,0.925434745338,0.925434745338,1.22369576398),(1.22369576398,0.925434745338,0.925434745338,1.22369576398),(1.22369576398,0.925434745338,0.925434745338,1.22369576398),(1.22369576398,0.925434745338,0.925434745338,1.22369576398),(1.22369576398,0.925434745338,0.925434745338,1.22369576398),(1.22369576398,0.925434745338,0.925434745338,1.22369576398),(1.22369576398,0.925434745338,0.925434745338,1.22369576398),(1.22369576398,0.925434745338,0.925434745338,1.22369576398)))REPRESENTATION_ITEM('Rational BSpline Surface')SURFACE()) ;
#3062=(BOUNDED_SURFACE()B_SPLINE_SURFACE(3,3,((#3063,#3064,#3065,#3066),(#3067,#3068,#3069,#3070),(#3071,#3072,#3073,#3074),(#3075,#3076,#3077,#3078),(#3079,#3080,#3081,#3082),(#3083,#3084,#3085,#3086),(#3087,#3088,#3089,#3090),(#3091,#3092,#3093,#3094),(#3095,#3096,#3097,#3098),(#3099,#3100,#3101,#3102)),.UNSPECIFIED.,.F.,.F.,.U.)B_SPLINE_SURFACE_WITH_KNOTS((4,1,1,1,1,1,1,4),(4,4),(-0.0116500637188,0.0876958200628,1.8346429345,3.44485467314,5.04435862656,6.74306176273,8.61519285178,8.7145359428),(0.,4.31560017246),.UNSPECIFIED.)GEOMETRIC_REPRESENTATION_ITEM()RATIONAL_B_SPLINE_SURFACE(((1.68983906658,0.770053644475,0.770053644475,1.68983906658),(1.68983906658,0.770053644475,0.770053644475,1.68983906658),(1.68983906658,0.770053644475,0.770053644475,1.68983906658),(1.68983906658,0.770053644475,0.770053644475,1.68983906658),(1.68983906658,0.770053644475,0.770053644475,1.68983906658),(1.68983906658,0.770053644475,0.770053644475,1.68983906658),(1.68983906658,0.770053644475,0.770053644475,1.68983906658),(1.68983906658,0.770053644475,0.770053644475,1.68983906658),(1.68983906658,0.770053644475,0.770053644475,1.68983906658),(1.68983906658,0.770053644475,0.770053644475,1.68983906658)))REPRESENTATION_ITEM('Rational BSpline Surface')SURFACE()) ;
#3907=(BOUNDED_SURFACE()B_SPLINE_SURFACE(3,3,((#3908,#3909,#3910,#3911),(#3912,#3913,#3914,#3915),(#3916,#3917,#3918,#3919),(#3920,#3921,#3922,#3923),(#3924,#3925,#3926,#3927),(#3928,#3929,#3930,#3931),(#3932,#3933,#3934,#3935),(#3936,#3937,#3938,#3939),(#3940,#3941,#3942,#3943),(#3944,#3945,#3946,#3947),(#3948,#3949,#3950,#3951),(#3952,#3953,#3954,#3955),(#3956,#3957,#3958,#3959),(#3960,#3961,#3962,#3963),(#3964,#3965,#3966,#3967),(#3968,#3969,#3970,#3971),(#3972,#3973,#3974,#3975)),.UNSPECIFIED.,.F.,.F.,.U.)B_SPLINE_SURFACE_WITH_KNOTS((4,1,1,1,1,1,1,1,1,1,1,1,1,1,4),(4,4),(-0.117582982519,0.111901979277,0.350149967913,0.567330320061,0.767021389431,0.951297622193,1.12170545065,1.27939369369,1.42521358096,1.56050904372,1.68645647908,1.80585089936,1.92835661232,2.06358713712,2.34722504173),(0.,4.26785262475),.UNSPECIFIED.)GEOMETRIC_REPRESENTATION_ITEM()RATIONAL_B_SPLINE_SURFACE(((1.67948079511,0.77350640163,0.77350640163,1.67948079511),(1.67948079511,0.77350640163,0.77350640163,1.67948079511),(1.67948079511,0.77350640163,0.77350640163,1.67948079511),(1.67948079511,0.77350640163,0.77350640163,1.67948079511),(1.67948079511,0.77350640163,0.77350640163,1.67948079511),(1.67948079511,0.77350640163,0.77350640163,1.67948079511),(1.67948079511,0.77350640163,0.77350640163,1.67948079511),(1.67948079511,0.77350640163,0.77350640163,1.67948079511),(1.67948079511,0.77350640163,0.77350640163,1.67948079511),(1.67948079511,0.77350640163,0.77350640163,1.67948079511),(1.67948079511,0.77350640163,0.77350640163,1.67948079511),(1.67948079511,0.77350640163,0.77350640163,1.67948079511),(1.67948079511,0.77350640163,0.77350640163,1.67948079511),(1.67948079511,0.77350640163,0.77350640163,1.67948079511),(1.67948079511,0.77350640163,0.77350640163,1.67948079511),(1.67948079511,0.77350640163,0.77350640163,1.67948079511),(1.67948079511,0.77350640163,0.77350640163,1.67948079511)))REPRESENTATION_ITEM('Rational BSpline Surface')SURFACE()) ;
#4824=(BOUNDED_SURFACE()B_SPLINE_SURFACE(3,3,((#4825,#4826,#4827,#4828),(#4829,#4830,#4831,#4832),(#4833,#4834,#4835,#4836),(#4837,#4838,#4839,#4840),(#4841,#4842,#4843,#4844),(#4845,#4846,#4847,#4848)),.UNSPECIFIED.,.F.,.F.,.U.)B_SPLINE_SURFACE_WITH_KNOTS((4,1,1,4),(4,4),(0.,2.17426780906,5.53722329588,5.63398788677),(0.,2.70727582935),.UNSPECIFIED.)GEOMETRIC_REPRESENTATION_ITEM()RATIONAL_B_SPLINE_SURFACE(((1.17990701252,0.940030995827,0.940030995827,1.17990701252),(1.17990701252,0.940030995827,0.940030995827,1.17990701252),(1.17990701252,0.940030995827,0.940030995827,1.17990701252),(1.17990701252,0.940030995827,0.940030995827,1.17990701252),(1.17990701252,0.940030995827,0.940030995827,1.17990701252),(1.17990701252,0.940030995827,0.940030995827,1.17990701252)))REPRESENTATION_ITEM('Rational BSpline Surface')SURFACE()) ;
#4889=(BOUNDED_SURFACE()B_SPLINE_SURFACE(3,3,((#4890,#4891,#4892,#4893),(#4894,#4895,#4896,#4897),(#4898,#4899,#4900,#4901),(#4902,#4903,#4904,#4905),(#4906,#4907,#4908,#4909),(#4910,#4911,#4912,#4913),(#4914,#4915,#4916,#4917),(#4918,#4919,#4920,#4921),(#4922,#4923,#4924,#4925),(#4926,#4927,#4928,#4929),(#4930,#4931,#4932,#4933),(#4934,#4935,#4936,#4937)),.UNSPECIFIED.,.F.,.F.,.U.)B_SPLINE_SURFACE_WITH_KNOTS((4,1,1,1,1,1,1,1,1,4),(4,4),(-0.018630899157,0.0865656205152,0.647748907773,1.2809631245,1.99294465477,2.79068490623,3.68135534479,4.66397851765,5.73291251906,5.83808751388),(0.,2.8376068093),.UNSPECIFIED.)GEOMETRIC_REPRESENTATION_ITEM()RATIONAL_B_SPLINE_SURFACE(((1.19534963862,0.934883453795,0.934883453795,1.19534963862),(1.19534963862,0.934883453795,0.934883453795,1.19534963862),(1.19534963862,0.934883453795,0.934883453795,1.19534963862),(1.19534963862,0.934883453795,0.934883453795,1.19534963862),(1.19534963862,0.934883453795,0.934883453795,1.19534963862),(1.19534963862,0.934883453795,0.934883453795,1.19534963862),(1.19534963862,0.934883453795,0.934883453795,1.19534963862),(1.19534963862,0.934883453795,0.934883453795,1.19534963862),(1.19534963862,0.934883453795,0.934883453795,1.19534963862),(1.19534963862,0.934883453795,0.934883453795,1.19534963862),(1.19534963862,0.934883453795,0.934883453795,1.19534963862),(1.19534963862,0.934883453795,0.934883453795,1.19534963862)))REPRESENTATION_ITEM('Rational BSpline Surface')SURFACE()) ;
#12=(LENGTH_UNIT()NAMED_UNIT(*)SI_UNIT(.MILLI.,.METRE.)) ;
#13=(NAMED_UNIT(*)PLANE_ANGLE_UNIT()SI_UNIT($,.RADIAN.)) ;
#14=(NAMED_UNIT(*)SI_UNIT($,.STERADIAN.)SOLID_ANGLE_UNIT()) ;
#16=(GEOMETRIC_REPRESENTATION_CONTEXT(3)GLOBAL_UNCERTAINTY_ASSIGNED_CONTEXT((#15))GLOBAL_UNIT_ASSIGNED_CONTEXT((#12,#13,#14))REPRESENTATION_CONTEXT(' ',' ')) ;
ENDSEC;
END-ISO-10303-21;
