ISO-10303-21;
HEADER;
FILE_DESCRIPTION (( 'STEP AP214' ),
    '1' );
FILE_NAME ('J6输出轴.STEP',
    '2025-12-12T05:46:01',
    ( '' ),
    ( '' ),
    'SwSTEP 2.0',
    'SolidWorks 2021',
    '' );
FILE_SCHEMA (( 'AUTOMOTIVE_DESIGN' ));
ENDSEC;

DATA;
#1 = CARTESIAN_POINT ( 'NONE',  ( 12.99038105676656585, 0.5000000000000004441, -22.50000000000000711 ) ) ;
#2 = ORIENTED_EDGE ( 'NONE', *, *, #3776, .F. ) ;
#3 = CARTESIAN_POINT ( 'NONE',  ( -6.749999999999891642, 5.000000000000000000, 11.69134295108998245 ) ) ;
#4 = ORIENTED_EDGE ( 'NONE', *, *, #765, .T. ) ;
#5 = CARTESIAN_POINT ( 'NONE',  ( 10.59149068828374318, 12.00000000000000000, 6.114999999999902514 ) ) ;
#6 = ADVANCED_FACE ( 'NONE', ( #2345 ), #3234, .F. ) ;
#7 = ORIENTED_EDGE ( 'NONE', *, *, #3803, .F. ) ;
#8 = VERTEX_POINT ( 'NONE', #1795 ) ;
#9 = CONICAL_SURFACE ( 'NONE', #835, 2.999999999999999112, 1.029744258676654090 ) ;
#10 = CARTESIAN_POINT ( 'NONE',  ( 7.216878364870307649, 7.000000000000000000, -21.99999999999999289 ) ) ;
#11 = CARTESIAN_POINT ( 'NONE',  ( -6.749999999999891642, 0.000000000000000000, 11.69134295108998245 ) ) ;
#12 = EDGE_CURVE ( 'NONE', #1252, #3149, #1318, .T. ) ;
#13 = DIRECTION ( 'NONE',  ( 0.000000000000000000, -1.000000000000000000, -0.000000000000000000 ) ) ;
#14 = ORIENTED_EDGE ( 'NONE', *, *, #1602, .T. ) ;
#15 = CARTESIAN_POINT ( 'NONE',  ( 22.66099806569280162, 7.000000000000000000, 4.749999999999984901 ) ) ;
#16 = LINE ( 'NONE', #1271, #2097 ) ;
#17 = CARTESIAN_POINT ( 'NONE',  ( 15.87713240271468962, 7.000000000000000000, -17.50000000000001066 ) ) ;
#18 = CIRCLE ( 'NONE', #2347, 10.00000000000000000 ) ;
#19 = EDGE_CURVE ( 'NONE', #3788, #1138, #3024, .T. ) ;
#20 = CARTESIAN_POINT ( 'NONE',  ( 7.216878364870319196, 0.5000000000000004441, 22.50000000000001066 ) ) ;
#21 = VERTEX_POINT ( 'NONE', #365 ) ;
#22 = DIRECTION ( 'NONE',  ( 0.000000000000000000, -1.000000000000000000, 0.000000000000000000 ) ) ;
#23 = CIRCLE ( 'NONE', #653, 9.999999999999998224 ) ;
#24 = DIRECTION ( 'NONE',  ( 1.000000000000000000, 0.000000000000000000, 1.335390754433031373E-16 ) ) ;
#25 = CARTESIAN_POINT ( 'NONE',  ( -22.66099806569280872, 7.000000000000000000, 4.749999999999997335 ) ) ;
#26 = ADVANCED_FACE ( 'NONE', ( #2190 ), #2049, .T. ) ;
#27 = VECTOR ( 'NONE', #2308, 999.9999999999998863 ) ;
#28 = CIRCLE ( 'NONE', #914, 1.699999999999998401 ) ;
#29 = ORIENTED_EDGE ( 'NONE', *, *, #181, .T. ) ;
#30 = VERTEX_POINT ( 'NONE', #976 ) ;
#31 = DIRECTION ( 'NONE',  ( 0.5000000000000001110, 0.000000000000000000, 0.8660254037844385966 ) ) ;
#32 = CARTESIAN_POINT ( 'NONE',  ( 0.000000000000000000, 0.000000000000000000, -17.50000000000000711 ) ) ;
#33 = VECTOR ( 'NONE', #421, 1000.000000000000000 ) ;
#34 = CIRCLE ( 'NONE', #2798, 2.999999999999994227 ) ;
#35 = ORIENTED_EDGE ( 'NONE', *, *, #3019, .F. ) ;
#36 = CARTESIAN_POINT ( 'NONE',  ( -1.650000000000001688, 3.500000000000000000, 11.00000000000000711 ) ) ;
#37 = AXIS2_PLACEMENT_3D ( 'NONE', #374, #3009, #1598 ) ;
#38 = SURFACE_STYLE_FILL_AREA ( #1749 ) ;
#39 = ORIENTED_EDGE ( 'NONE', *, *, #883, .F. ) ;
#40 = DIRECTION ( 'NONE',  ( -1.000000000000000000, 0.000000000000000000, 3.469446951953619316E-15 ) ) ;
#41 = DIRECTION ( 'NONE',  ( 0.000000000000000000, -1.000000000000000000, 0.000000000000000000 ) ) ;
#42 = FACE_BOUND ( 'NONE', #2928, .T. ) ;
#43 = AXIS2_PLACEMENT_3D ( 'NONE', #1628, #1349, #2534 ) ;
#44 = DIRECTION ( 'NONE',  ( 0.000000000000000000, 0.000000000000000000, 1.000000000000000000 ) ) ;
#45 = ORIENTED_EDGE ( 'NONE', *, *, #3240, .T. ) ;
#46 = LINE ( 'NONE', #1216, #1620 ) ;
#47 = LINE ( 'NONE', #657, #2568 ) ;
#48 = DIRECTION ( 'NONE',  ( 0.000000000000000000, 0.000000000000000000, 1.000000000000000000 ) ) ;
#49 = CONICAL_SURFACE ( 'NONE', #3605, 9.499999999999989342, 0.7853981633974517207 ) ;
#50 = VERTEX_POINT ( 'NONE', #699 ) ;
#51 = ORIENTED_EDGE ( 'NONE', *, *, #1079, .F. ) ;
#52 = CARTESIAN_POINT ( 'NONE',  ( -6.749999999999891642, 12.00000000000000000, 11.69134295108998245 ) ) ;
#53 = DIRECTION ( 'NONE',  ( 1.000000000000000000, 0.000000000000000000, -1.040834085586086939E-14 ) ) ;
#54 = ORIENTED_EDGE ( 'NONE', *, *, #1936, .F. ) ;
#55 = CARTESIAN_POINT ( 'NONE',  ( 3.422894331142499524, 12.00000000000000000, -18.68913573169804820 ) ) ;
#56 = CARTESIAN_POINT ( 'NONE',  ( -13.43502884254428231, 0.000000000000000000, 13.43502884254452034 ) ) ;
#57 = EDGE_CURVE ( 'NONE', #178, #3616, #1896, .T. ) ;
#58 = EDGE_LOOP ( 'NONE', ( #267, #3678, #1649, #3621 ) ) ;
#59 = EDGE_CURVE ( 'NONE', #1403, #669, #679, .T. ) ;
#60 = FACE_OUTER_BOUND ( 'NONE', #1226, .T. ) ;
#61 = LINE ( 'NONE', #2733, #3317 ) ;
#62 = DIRECTION ( 'NONE',  ( 0.000000000000000000, 1.000000000000000000, 0.000000000000000000 ) ) ;
#63 = ADVANCED_FACE ( 'NONE', ( #2112 ), #1572, .F. ) ;
#64 = EDGE_CURVE ( 'NONE', #3706, #419, #3044, .T. ) ;
#65 = ORIENTED_EDGE ( 'NONE', *, *, #302, .F. ) ;
#66 = FACE_OUTER_BOUND ( 'NONE', #2288, .T. ) ;
#67 = DIRECTION ( 'NONE',  ( 0.000000000000000000, -1.000000000000000000, 0.000000000000000000 ) ) ;
#68 = EDGE_CURVE ( 'NONE', #3382, #3582, #507, .T. ) ;
#69 = CARTESIAN_POINT ( 'NONE',  ( 15.87713240271468962, 0.5000000000000004441, -17.50000000000001066 ) ) ;
#70 = EDGE_LOOP ( 'NONE', ( #2139, #1494 ) ) ;
#71 = VERTEX_POINT ( 'NONE', #617 ) ;
#72 = CARTESIAN_POINT ( 'NONE',  ( 0.000000000000000000, 0.000000000000000000, 0.000000000000000000 ) ) ;
#73 = FACE_OUTER_BOUND ( 'NONE', #3850, .T. ) ;
#74 = ORIENTED_EDGE ( 'NONE', *, *, #1188, .F. ) ;
#75 = CARTESIAN_POINT ( 'NONE',  ( -4.151923788646564084, 5.000000000000000000, 13.19134295108995936 ) ) ;
#76 = EDGE_CURVE ( 'NONE', #738, #3070, #47, .T. ) ;
#77 = DIRECTION ( 'NONE',  ( -0.5000000000000044409, 0.000000000000000000, -0.8660254037844361541 ) ) ;
#78 = ADVANCED_FACE ( 'NONE', ( #1854 ), #3002, .F. ) ;
#79 = EDGE_LOOP ( 'NONE', ( #2960, #2731, #1451, #324 ) ) ;
#80 = PLANE ( 'NONE',  #2834 ) ;
#81 = CARTESIAN_POINT ( 'NONE',  ( -13.50000000000000000, 3.851859888774471706E-31, 0.000000000000000000 ) ) ;
#82 = DIRECTION ( 'NONE',  ( -0.8660254037844432595, 0.000000000000000000, -0.4999999999999919509 ) ) ;
#83 = EDGE_CURVE ( 'NONE', #21, #3127, #3685, .T. ) ;
#84 = ORIENTED_EDGE ( 'NONE', *, *, #2784, .F. ) ;
#85 = LINE ( 'NONE', #698, #3226 ) ;
#86 = DIRECTION ( 'NONE',  ( -0.8660254037844364872, 0.000000000000000000, 0.5000000000000038858 ) ) ;
#87 = DIRECTION ( 'NONE',  ( 0.000000000000000000, 0.7071067811865450192, 0.7071067811865500152 ) ) ;
#88 = VERTEX_POINT ( 'NONE', #1276 ) ;
#89 = ORIENTED_EDGE ( 'NONE', *, *, #1862, .F. ) ;
#90 = DIRECTION ( 'NONE',  ( -0.5000000000000001110, 0.000000000000000000, -0.8660254037844387076 ) ) ;
#91 = DIRECTION ( 'NONE',  ( -0.000000000000000000, -1.000000000000000000, -0.000000000000000000 ) ) ;
#92 = CIRCLE ( 'NONE', #1782, 18.00000000000000355 ) ;
#93 = ORIENTED_EDGE ( 'NONE', *, *, #1866, .F. ) ;
#94 = CIRCLE ( 'NONE', #155, 1.699999999999998401 ) ;
#95 = CARTESIAN_POINT ( 'NONE',  ( 9.526279441628808797, 3.500000000000000000, -5.500000000000044409 ) ) ;
#96 = AXIS2_PLACEMENT_3D ( 'NONE', #2204, #1330, #2773 ) ;
#97 = CIRCLE ( 'NONE', #1980, 1.649999999999998135 ) ;
#98 = CONICAL_SURFACE ( 'NONE', #2232, 2.999999999999999112, 1.029744258676654090 ) ;
#99 = EDGE_LOOP ( 'NONE', ( #1538, #843 ) ) ;
#100 = LINE ( 'NONE', #2473, #3325 ) ;
#101 = EDGE_CURVE ( 'NONE', #594, #3795, #2778, .T. ) ;
#102 = PLANE ( 'NONE',  #1856 ) ;
#103 = CIRCLE ( 'NONE', #802, 9.500000000000000000 ) ;
#104 = ORIENTED_EDGE ( 'NONE', *, *, #3709, .T. ) ;
#105 = DIRECTION ( 'NONE',  ( 0.000000000000000000, -1.000000000000000000, 0.000000000000000000 ) ) ;
#106 = DIRECTION ( 'NONE',  ( 0.8660254037844362651, 0.000000000000000000, -0.5000000000000039968 ) ) ;
#107 = LINE ( 'NONE', #3102, #342 ) ;
#108 = VECTOR ( 'NONE', #322, 1000.000000000000000 ) ;
#109 = VERTEX_POINT ( 'NONE', #1610 ) ;
#110 = EDGE_LOOP ( 'NONE', ( #832, #1219, #1190, #1595 ) ) ;
#111 = ADVANCED_FACE ( 'NONE', ( #321, #3640 ), #2794, .F. ) ;
#112 = CARTESIAN_POINT ( 'NONE',  ( -10.59149068828365969, 12.00000000000000000, 6.115000000000050839 ) ) ;
#113 = SHAPE_DEFINITION_REPRESENTATION ( #3425, #1172 ) ;
#114 = EDGE_CURVE ( 'NONE', #3471, #677, #1389, .T. ) ;
#115 = LINE ( 'NONE', #1251, #1612 ) ;
#116 = DIRECTION ( 'NONE',  ( -0.5000000000000001110, 0.000000000000000000, -0.8660254037844385966 ) ) ;
#117 = VERTEX_POINT ( 'NONE', #1591 ) ;
#118 = CARTESIAN_POINT ( 'NONE',  ( 0.000000000000000000, 0.5000000000000056621, 0.000000000000000000 ) ) ;
#119 = CARTESIAN_POINT ( 'NONE',  ( -8.222243186433594531, 12.00000000000000000, -10.84134295108988688 ) ) ;
#120 = VERTEX_POINT ( 'NONE', #3313 ) ;
#121 = CARTESIAN_POINT ( 'NONE',  ( -13.50000000000000000, 0.000000000000000000, 1.699999999999997513 ) ) ;
#122 = CARTESIAN_POINT ( 'NONE',  ( 6.749999999999973355, 5.000000000000000000, -11.69134295108993804 ) ) ;
#123 = DIRECTION ( 'NONE',  ( 0.000000000000000000, -1.000000000000000000, 0.000000000000000000 ) ) ;
#124 = EDGE_CURVE ( 'NONE', #1756, #3127, #3668, .T. ) ;
#125 = EDGE_LOOP ( 'NONE', ( #1716, #3390, #547 ) ) ;
#126 = ORIENTED_EDGE ( 'NONE', *, *, #2941, .F. ) ;
#127 = DIRECTION ( 'NONE',  ( 0.8660254037844328234, 0.000000000000000000, -0.5000000000000101030 ) ) ;
#128 = VECTOR ( 'NONE', #2026, 1000.000000000000114 ) ;
#129 = VERTEX_POINT ( 'NONE', #2481 ) ;
#130 = FILL_AREA_STYLE_COLOUR ( '', #634 ) ;
#131 = CYLINDRICAL_SURFACE ( 'NONE', #590, 10.00000000000000000 ) ;
#132 = EDGE_CURVE ( 'NONE', #2254, #253, #3377, .T. ) ;
#133 = CIRCLE ( 'NONE', #1594, 2.999999999999992450 ) ;
#134 = CARTESIAN_POINT ( 'NONE',  ( -1.650000000000001688, 3.500000000000000000, 11.00000000000000711 ) ) ;
#135 = ORIENTED_EDGE ( 'NONE', *, *, #524, .F. ) ;
#136 = DIRECTION ( 'NONE',  ( -0.8660254037844432595, 0.000000000000000000, -0.4999999999999919509 ) ) ;
#137 = VECTOR ( 'NONE', #136, 1000.000000000000000 ) ;
#138 = DIRECTION ( 'NONE',  ( -0.8660254037844328234, 0.000000000000000000, 0.5000000000000101030 ) ) ;
#139 = PRODUCT ( 'J6输出轴', 'J6输出轴', '', ( #174 ) ) ;
#140 = ORIENTED_EDGE ( 'NONE', *, *, #3571, .F. ) ;
#141 = DIRECTION ( 'NONE',  ( 0.000000000000000000, 1.000000000000000000, 0.000000000000000000 ) ) ;
#142 = CARTESIAN_POINT ( 'NONE',  ( 6.749999999999973355, 5.000000000000000000, -11.69134295108993804 ) ) ;
#143 = FACE_OUTER_BOUND ( 'NONE', #1306, .T. ) ;
#144 = EDGE_CURVE ( 'NONE', #1852, #1966, #3187, .T. ) ;
#145 = ORIENTED_EDGE ( 'NONE', *, *, #1273, .F. ) ;
#146 = VERTEX_POINT ( 'NONE', #1097 ) ;
#147 = DIRECTION ( 'NONE',  ( 0.4999999999999998890, 0.000000000000000000, -0.8660254037844387076 ) ) ;
#148 = ADVANCED_FACE ( 'NONE', ( #2282 ), #2008, .F. ) ;
#149 = AXIS2_PLACEMENT_3D ( 'NONE', #3470, #1155, #2892 ) ;
#150 = ORIENTED_EDGE ( 'NONE', *, *, #132, .F. ) ;
#151 = DIRECTION ( 'NONE',  ( 0.000000000000000000, 0.000000000000000000, 1.000000000000000000 ) ) ;
#152 = AXIS2_PLACEMENT_3D ( 'NONE', #469, #2018, #3714 ) ;
#153 = CIRCLE ( 'NONE', #913, 1.699999999999998401 ) ;
#154 = FACE_OUTER_BOUND ( 'NONE', #1488, .T. ) ;
#156 = EDGE_LOOP ( 'NONE', ( #3728, #3755, #2809, #1519 ) ) ;
#155 = AXIS2_PLACEMENT_3D ( 'NONE', #2159, #2823, #690 ) ;
#157 = CARTESIAN_POINT ( 'NONE',  ( 13.50000000000000000, 0.000000000000000000, -1.699999999999997513 ) ) ;
#158 = CIRCLE ( 'NONE', #96, 18.00000000000000355 ) ;
#159 = DIRECTION ( 'NONE',  ( 0.6123724356957963577, 0.7071067811865442421, -0.3535533905932770060 ) ) ;
#160 = CIRCLE ( 'NONE', #796, 2.999999999999997780 ) ;
#161 = CIRCLE ( 'NONE', #2041, 9.000000000000000000 ) ;
#162 = ORIENTED_EDGE ( 'NONE', *, *, #949, .F. ) ;
#163 = DIRECTION ( 'NONE',  ( -1.000000000000000000, 0.000000000000000000, -1.335390754433031373E-16 ) ) ;
#164 = DIRECTION ( 'NONE',  ( -0.8660254037844360431, 0.000000000000000000, 0.5000000000000043299 ) ) ;
#165 = DIRECTION ( 'NONE',  ( 0.8660254037844327124, 0.000000000000000000, -0.5000000000000102141 ) ) ;
#166 = VECTOR ( 'NONE', #2588, 1000.000000000000000 ) ;
#167 = ORIENTED_EDGE ( 'NONE', *, *, #2400, .F. ) ;
#168 = ADVANCED_FACE ( 'NONE', ( #1953 ), #2207, .T. ) ;
#169 = CARTESIAN_POINT ( 'NONE',  ( 7.216878364870305873, 0.000000000000000000, -12.50000000000000533 ) ) ;
#170 = ORIENTED_EDGE ( 'NONE', *, *, #124, .F. ) ;
#171 = CARTESIAN_POINT ( 'NONE',  ( 0.000000000000000000, 12.00000000000000000, -12.23000000000000043 ) ) ;
#172 = VECTOR ( 'NONE', #105, 1000.000000000000000 ) ;
#173 = ORIENTED_EDGE ( 'NONE', *, *, #3379, .F. ) ;
#174 = PRODUCT_CONTEXT ( 'NONE', #1324, 'mechanical' ) ;
#175 = DIRECTION ( 'NONE',  ( 0.000000000000000000, -1.000000000000000000, 0.000000000000000000 ) ) ;
#176 = PRESENTATION_LAYER_ASSIGNMENT (  '', '', ( #871 ) ) ;
#177 = CARTESIAN_POINT ( 'NONE',  ( -3.242741997924468489, 7.000000000000000000, -17.70549700897709755 ) ) ;
#178 = VERTEX_POINT ( 'NONE', #3436 ) ;
#179 = DIRECTION ( 'NONE',  ( 0.000000000000000000, 0.000000000000000000, 1.000000000000000000 ) ) ;
#180 = CYLINDRICAL_SURFACE ( 'NONE', #2040, 2.999999999999995559 ) ;
#181 = EDGE_CURVE ( 'NONE', #407, #202, #3154, .T. ) ;
#182 = EDGE_CURVE ( 'NONE', #3625, #3417, #2535, .T. ) ;
#183 = CIRCLE ( 'NONE', #1194, 10.00000000000000000 ) ;
#184 = VERTEX_POINT ( 'NONE', #3704 ) ;
#185 = LINE ( 'NONE', #540, #3184 ) ;
#186 = EDGE_CURVE ( 'NONE', #3454, #1672, #3465, .T. ) ;
#187 = CARTESIAN_POINT ( 'NONE',  ( -7.368201942900210579E-15, 3.500000000000000000, 10.00857997860452997 ) ) ;
#188 = CYLINDRICAL_SURFACE ( 'NONE', #3472, 1.649999999999998357 ) ;
#189 = ORIENTED_EDGE ( 'NONE', *, *, #1060, .F. ) ;
#190 = AXIS2_PLACEMENT_3D ( 'NONE', #1835, #2715, #3063 ) ;
#191 = CARTESIAN_POINT ( 'NONE',  ( -15.87713240271471093, 7.000000000000000000, -17.50000000000000711 ) ) ;
#192 = ORIENTED_EDGE ( 'NONE', *, *, #1825, .F. ) ;
#193 = CYLINDRICAL_SURFACE ( 'NONE', #2492, 1.699999999999997513 ) ;
#194 = VERTEX_POINT ( 'NONE', #187 ) ;
#195 = CARTESIAN_POINT ( 'NONE',  ( 14.43375672974063662, 7.000000000000000000, 0.000000000000000000 ) ) ;
#196 = ADVANCED_FACE ( 'NONE', ( #778 ), #2558, .F. ) ;
#197 = FACE_OUTER_BOUND ( 'NONE', #1044, .T. ) ;
#198 = ORIENTED_EDGE ( 'NONE', *, *, #492, .T. ) ;
#199 = EDGE_CURVE ( 'NONE', #3788, #509, #741, .T. ) ;
#200 =( NAMED_UNIT ( * ) SI_UNIT ( $, .STERADIAN. ) SOLID_ANGLE_UNIT ( ) );
#201 = CARTESIAN_POINT ( 'NONE',  ( 7.216878364870305873, 7.000000000000000000, -12.50000000000000533 ) ) ;
#202 = VERTEX_POINT ( 'NONE', #1408 ) ;
#203 = EDGE_CURVE ( 'NONE', #1804, #1619, #1000, .T. ) ;
#204 = LINE ( 'NONE', #1096, #2424 ) ;
#205 = DIRECTION ( 'NONE',  ( 0.000000000000000000, -1.000000000000000000, 0.000000000000000000 ) ) ;
#206 = CARTESIAN_POINT ( 'NONE',  ( -15.87713240271471093, 6.499999999999992895, -17.50000000000000711 ) ) ;
#207 = VERTEX_POINT ( 'NONE', #801 ) ;
#208 = CARTESIAN_POINT ( 'NONE',  ( 1.000000000000000888, 0.000000000000000000, -22.00000000000000711 ) ) ;
#209 = VERTEX_POINT ( 'NONE', #2850 ) ;
#210 = FACE_OUTER_BOUND ( 'NONE', #1658, .T. ) ;
#211 = ORIENTED_EDGE ( 'NONE', *, *, #2440, .F. ) ;
#212 = DIRECTION ( 'NONE',  ( 0.000000000000000000, 1.000000000000000000, 0.000000000000000000 ) ) ;
#213 = DIRECTION ( 'NONE',  ( 0.000000000000000000, 0.000000000000000000, -1.000000000000000000 ) ) ;
#214 = AXIS2_PLACEMENT_3D ( 'NONE', #81, #1289, #2185 ) ;
#215 = EDGE_LOOP ( 'NONE', ( #3315, #3707 ) ) ;
#216 = DIRECTION ( 'NONE',  ( 0.8660254037844363761, 0.000000000000000000, -0.5000000000000041078 ) ) ;
#217 = DIRECTION ( 'NONE',  ( 3.066586833366753823E-17, 0.7071067811865463515, -0.7071067811865487940 ) ) ;
#218 = CONICAL_SURFACE ( 'NONE', #1043, 9.499999999999996447, 0.7853981633974517207 ) ;
#219 = AXIS2_PLACEMENT_3D ( 'NONE', #3260, #1802, #2091 ) ;
#220 = ORIENTED_EDGE ( 'NONE', *, *, #1979, .F. ) ;
#221 = CARTESIAN_POINT ( 'NONE',  ( -13.50000000000000000, 12.00000000000000000, 0.000000000000000000 ) ) ;
#222 = FILL_AREA_STYLE ('',( #2904 ) ) ;
#223 = FACE_OUTER_BOUND ( 'NONE', #3263, .T. ) ;
#224 = ORIENTED_EDGE ( 'NONE', *, *, #1064, .T. ) ;
#225 = CARTESIAN_POINT ( 'NONE',  ( 7.216878364870320972, 0.5000000000000004441, 12.50000000000000888 ) ) ;
#226 = VERTEX_POINT ( 'NONE', #1993 ) ;
#227 = DIRECTION ( 'NONE',  ( -0.9848077530122085754, 0.000000000000000000, 0.1736481776669273891 ) ) ;
#228 = EDGE_LOOP ( 'NONE', ( #702, #1406, #1430, #1638 ) ) ;
#229 = EDGE_CURVE ( 'NONE', #3795, #109, #2412, .T. ) ;
#230 = AXIS2_PLACEMENT_3D ( 'NONE', #2321, #1134, #503 ) ;
#231 = DIRECTION ( 'NONE',  ( 0.000000000000000000, 0.000000000000000000, 1.000000000000000000 ) ) ;
#232 = DIRECTION ( 'NONE',  ( -0.000000000000000000, -1.000000000000000000, -0.000000000000000000 ) ) ;
#233 = EDGE_CURVE ( 'NONE', #3454, #1120, #718, .T. ) ;
#234 = VERTEX_POINT ( 'NONE', #1914 ) ;
#235 = CARTESIAN_POINT ( 'NONE',  ( 23.09401076758502214, 0.5000000000000004441, -5.000000000000003553 ) ) ;
#236 =( GEOMETRIC_REPRESENTATION_CONTEXT ( 3 ) GLOBAL_UNCERTAINTY_ASSIGNED_CONTEXT ( ( #2643 ) ) GLOBAL_UNIT_ASSIGNED_CONTEXT ( ( #2278, #774, #200 ) ) REPRESENTATION_CONTEXT ( 'NONE', 'WORKASPACE' ) );
#237 = ORIENTED_EDGE ( 'NONE', *, *, #566, .F. ) ;
#238 = FACE_OUTER_BOUND ( 'NONE', #810, .T. ) ;
#239 =( NAMED_UNIT ( * ) PLANE_ANGLE_UNIT ( ) SI_UNIT ( $, .RADIAN. ) );
#240 = DIRECTION ( 'NONE',  ( -0.8660254037844432595, 0.000000000000000000, -0.4999999999999919509 ) ) ;
#241 = ADVANCED_FACE ( 'NONE', ( #1684 ), #2872, .T. ) ;
#242 = VERTEX_POINT ( 'NONE', #3684 ) ;
#243 = CARTESIAN_POINT ( 'NONE',  ( -11.89052879396031415, 8.000000000000000000, 6.865000000000057057 ) ) ;
#244 = VERTEX_POINT ( 'NONE', #3178 ) ;
#245 = CARTESIAN_POINT ( 'NONE',  ( -7.600000000000061817, 5.000000000000000000, -13.16358613752343309 ) ) ;
#246 = EDGE_CURVE ( 'NONE', #1027, #1481, #1421, .T. ) ;
#247 = ORIENTED_EDGE ( 'NONE', *, *, #1644, .F. ) ;
#248 = EDGE_CURVE ( 'NONE', #2230, #325, #729, .T. ) ;
#249 = DIRECTION ( 'NONE',  ( -0.000000000000000000, -0.000000000000000000, 1.000000000000000000 ) ) ;
#250 = APPLICATION_CONTEXT ( 'automotive_design' ) ;
#251 = LINE ( 'NONE', #2059, #1829 ) ;
#252 = CYLINDRICAL_SURFACE ( 'NONE', #1165, 1.649999999999998357 ) ;
#253 = VERTEX_POINT ( 'NONE', #3414 ) ;
#254 = DIRECTION ( 'NONE',  ( -0.4999999999999998890, 0.000000000000000000, 0.8660254037844387076 ) ) ;
#255 = DIRECTION ( 'NONE',  ( 0.000000000000000000, 0.000000000000000000, -1.000000000000000000 ) ) ;
#256 = FACE_BOUND ( 'NONE', #70, .T. ) ;
#257 = CARTESIAN_POINT ( 'NONE',  ( 10.59149068828374318, 8.000000000000000000, 6.114999999999902514 ) ) ;
#258 = AXIS2_PLACEMENT_3D ( 'NONE', #2767, #308, #670 ) ;
#259 = ORIENTED_EDGE ( 'NONE', *, *, #3742, .T. ) ;
#260 = PLANE ( 'NONE',  #1724 ) ;
#261 = ORIENTED_EDGE ( 'NONE', *, *, #2149, .F. ) ;
#262 = DIRECTION ( 'NONE',  ( 0.000000000000000000, 0.000000000000000000, -1.000000000000000000 ) ) ;
#263 = VERTEX_POINT ( 'NONE', #2831 ) ;
#264 = DIRECTION ( 'NONE',  ( -1.000000000000000000, 0.000000000000000000, 3.469446951953622866E-15 ) ) ;
#265 = DIRECTION ( 'NONE',  ( 0.8660254037844363761, 0.000000000000000000, -0.5000000000000039968 ) ) ;
#266 = FILL_AREA_STYLE_COLOUR ( '', #1670 ) ;
#267 = ORIENTED_EDGE ( 'NONE', *, *, #3522, .F. ) ;
#268 = EDGE_CURVE ( 'NONE', #1775, #448, #3587, .T. ) ;
#269 = DIRECTION ( 'NONE',  ( -0.8660254037844364872, 0.000000000000000000, 0.5000000000000038858 ) ) ;
#270 = DIRECTION ( 'NONE',  ( 8.673617379884027583E-16, 0.000000000000000000, -1.000000000000000000 ) ) ;
#271 = FACE_BOUND ( 'NONE', #3837, .T. ) ;
#272 = AXIS2_PLACEMENT_3D ( 'NONE', #453, #2839, #583 ) ;
#273 = AXIS2_PLACEMENT_3D ( 'NONE', #1719, #2634, #541 ) ;
#274 = DIRECTION ( 'NONE',  ( 0.000000000000000000, -1.000000000000000000, 0.000000000000000000 ) ) ;
#275 = EDGE_LOOP ( 'NONE', ( #761, #1608, #3550, #1039 ) ) ;
#276 = DIRECTION ( 'NONE',  ( 0.000000000000000000, 0.000000000000000000, -1.000000000000000000 ) ) ;
#277 = EDGE_LOOP ( 'NONE', ( #3211, #2697, #135, #880 ) ) ;
#278 = AXIS2_PLACEMENT_3D ( 'NONE', #3594, #2388, #2042 ) ;
#279 = CARTESIAN_POINT ( 'NONE',  ( 0.000000000000000000, 12.00000000000000000, -9.000000000000000000 ) ) ;
#280 = AXIS2_PLACEMENT_3D ( 'NONE', #1444, #1680, #3771 ) ;
#281 = EDGE_CURVE ( 'NONE', #1526, #759, #92, .T. ) ;
#282 = PRESENTATION_LAYER_ASSIGNMENT (  '', '', ( #922 ) ) ;
#283 = VECTOR ( 'NONE', #1303, 999.9999999999998863 ) ;
#284 = ORIENTED_EDGE ( 'NONE', *, *, #1983, .T. ) ;
#285 = DIRECTION ( 'NONE',  ( -0.000000000000000000, -1.000000000000000000, -0.000000000000000000 ) ) ;
#286 = CARTESIAN_POINT ( 'NONE',  ( 16.43502884254437291, 0.000000000000000000, -13.43502884254443686 ) ) ;
#287 = AXIS2_PLACEMENT_3D ( 'NONE', #1946, #2548, #3129 ) ;
#288 = CARTESIAN_POINT ( 'NONE',  ( 2.204364238465235822E-15, 7.000000000000000000, 18.00000000000000355 ) ) ;
#289 = VECTOR ( 'NONE', #390, 1000.000000000000000 ) ;
#290 = CARTESIAN_POINT ( 'NONE',  ( -6.749999999999891642, 0.000000000000000000, 11.69134295108998245 ) ) ;
#291 = ORIENTED_EDGE ( 'NONE', *, *, #2522, .T. ) ;
#292 = CARTESIAN_POINT ( 'NONE',  ( 1.000000000000001110, 1.000000000000000000, -22.50000000000001066 ) ) ;
#293 = DIRECTION ( 'NONE',  ( -0.000000000000000000, -1.000000000000000000, 0.000000000000000000 ) ) ;
#294 = DIRECTION ( 'NONE',  ( 0.000000000000000000, -0.000000000000000000, 1.000000000000000000 ) ) ;
#295 = ADVANCED_FACE ( 'NONE', ( #3196 ), #2650, .T. ) ;
#296 = VECTOR ( 'NONE', #904, 1000.000000000000000 ) ;
#297 = CARTESIAN_POINT ( 'NONE',  ( 7.216878364870319196, 7.000000000000000000, 21.99999999999999645 ) ) ;
#298 = ORIENTED_EDGE ( 'NONE', *, *, #3522, .T. ) ;
#299 = CARTESIAN_POINT ( 'NONE',  ( 4.151923788646658231, 3.851859888774471706E-31, -13.19134295108992916 ) ) ;
#300 = ORIENTED_EDGE ( 'NONE', *, *, #762, .F. ) ;
#301 = DIRECTION ( 'NONE',  ( 0.000000000000000000, 1.000000000000000000, 0.000000000000000000 ) ) ;
#302 = EDGE_CURVE ( 'NONE', #3109, #71, #1917, .T. ) ;
#303 = EDGE_LOOP ( 'NONE', ( #1461, #3340 ) ) ;
#304 = VECTOR ( 'NONE', #3756, 1000.000000000000000 ) ;
#305 = ORIENTED_EDGE ( 'NONE', *, *, #1744, .F. ) ;
#306 = FACE_OUTER_BOUND ( 'NONE', #2378, .T. ) ;
#307 = DIRECTION ( 'NONE',  ( 0.000000000000000000, 0.000000000000000000, 1.000000000000000000 ) ) ;
#308 = DIRECTION ( 'NONE',  ( 0.000000000000000000, 1.000000000000000000, 0.000000000000000000 ) ) ;
#309 = VECTOR ( 'NONE', #2147, 1000.000000000000000 ) ;
#310 = CYLINDRICAL_SURFACE ( 'NONE', #480, 2.999999999999996003 ) ;
#311 = EDGE_CURVE ( 'NONE', #3802, #120, #2789, .T. ) ;
#312 = VERTEX_POINT ( 'NONE', #1192 ) ;
#313 = ADVANCED_FACE ( 'NONE', ( #1168 ), #588, .F. ) ;
#314 = DIRECTION ( 'NONE',  ( 0.000000000000000000, 1.000000000000000000, 0.000000000000000000 ) ) ;
#315 = DIRECTION ( 'NONE',  ( 0.000000000000000000, -1.000000000000000000, 0.000000000000000000 ) ) ;
#316 = DIRECTION ( 'NONE',  ( 0.000000000000000000, 0.000000000000000000, 1.000000000000000000 ) ) ;
#317 = PRESENTATION_LAYER_ASSIGNMENT (  '', '', ( #629 ) ) ;
#318 = DIRECTION ( 'NONE',  ( -0.000000000000000000, 1.000000000000000000, -0.000000000000000000 ) ) ;
#319 = ORIENTED_EDGE ( 'NONE', *, *, #1056, .T. ) ;
#320 = DIRECTION ( 'NONE',  ( 1.000000000000000000, 0.000000000000000000, 1.335390754433031373E-16 ) ) ;
#321 = FACE_BOUND ( 'NONE', #3189, .T. ) ;
#322 = DIRECTION ( 'NONE',  ( -2.168404344971008621E-16, -0.000000000000000000, 1.000000000000000000 ) ) ;
#323 = CONICAL_SURFACE ( 'NONE', #3072, 9.499999999999991118, 0.7853981633974517207 ) ;
#324 = ORIENTED_EDGE ( 'NONE', *, *, #2267, .T. ) ;
#325 = VERTEX_POINT ( 'NONE', #3246 ) ;
#326 = AXIS2_PLACEMENT_3D ( 'NONE', #1462, #2371, #910 ) ;
#327 = DIRECTION ( 'NONE',  ( 0.000000000000000000, 1.000000000000000000, 0.000000000000000000 ) ) ;
#328 = CARTESIAN_POINT ( 'NONE',  ( -1.160900368822715967, 9.000000000000001776, -21.00000000000000000 ) ) ;
#329 = ORIENTED_EDGE ( 'NONE', *, *, #2366, .F. ) ;
#330 = DIRECTION ( 'NONE',  ( -0.7423286577013619159, 0.5150380749100548217, 0.4285836503510593309 ) ) ;
#331 = DIRECTION ( 'NONE',  ( 0.000000000000000000, -1.000000000000000000, 0.000000000000000000 ) ) ;
#332 = ORIENTED_EDGE ( 'NONE', *, *, #652, .T. ) ;
#333 = CARTESIAN_POINT ( 'NONE',  ( 13.43502884254437646, 0.000000000000000000, -13.43502884254442620 ) ) ;
#334 = CARTESIAN_POINT ( 'NONE',  ( -15.87713240271471093, 0.5000000000000013323, -17.50000000000000711 ) ) ;
#335 = CARTESIAN_POINT ( 'NONE',  ( 13.50000000000000000, 12.00000000000000000, 1.699999999999996625 ) ) ;
#336 = CIRCLE ( 'NONE', #3515, 10.00000000000000000 ) ;
#337 = DIRECTION ( 'NONE',  ( -9.442638579934146285E-17, 0.7071067811865487940, 0.7071067811865463515 ) ) ;
#338 = EDGE_LOOP ( 'NONE', ( #963, #332, #2947, #3385 ) ) ;
#339 = DIRECTION ( 'NONE',  ( 0.000000000000000000, 1.000000000000000000, 0.000000000000000000 ) ) ;
#340 = CARTESIAN_POINT ( 'NONE',  ( 12.99038105676656585, 0.5000000000000004441, -22.50000000000000711 ) ) ;
#341 = CYLINDRICAL_SURFACE ( 'NONE', #3584, 1.499999999999999334 ) ;
#342 = VECTOR ( 'NONE', #3357, 1000.000000000000000 ) ;
#343 = AXIS2_PLACEMENT_3D ( 'NONE', #2384, #1473, #1746 ) ;
#344 = ORIENTED_EDGE ( 'NONE', *, *, #2032, .F. ) ;
#345 = ORIENTED_EDGE ( 'NONE', *, *, #1927, .F. ) ;
#346 = LINE ( 'NONE', #966, #3104 ) ;
#347 = EDGE_CURVE ( 'NONE', #2510, #2501, #2981, .T. ) ;
#348 = AXIS2_PLACEMENT_3D ( 'NONE', #2885, #754, #2552 ) ;
#349 = VECTOR ( 'NONE', #614, 1000.000000000000000 ) ;
#350 = EDGE_CURVE ( 'NONE', #3079, #1507, #558, .T. ) ;
#351 = ORIENTED_EDGE ( 'NONE', *, *, #894, .F. ) ;
#352 = DIRECTION ( 'NONE',  ( 0.000000000000000000, 1.000000000000000000, 0.000000000000000000 ) ) ;
#353 = EDGE_CURVE ( 'NONE', #3204, #580, #3487, .T. ) ;
#354 = VECTOR ( 'NONE', #3767, 1000.000000000000000 ) ;
#355 = EDGE_CURVE ( 'NONE', #71, #1269, #891, .T. ) ;
#356 = DIRECTION ( 'NONE',  ( 0.000000000000000000, 0.000000000000000000, -1.000000000000000000 ) ) ;
#357 = ORIENTED_EDGE ( 'NONE', *, *, #400, .F. ) ;
#358 = FACE_BOUND ( 'NONE', #562, .T. ) ;
#359 = DIRECTION ( 'NONE',  ( -0.000000000000000000, -1.000000000000000000, -0.000000000000000000 ) ) ;
#360 = DIRECTION ( 'NONE',  ( 0.000000000000000000, 1.000000000000000000, 0.000000000000000000 ) ) ;
#361 = CONICAL_SURFACE ( 'NONE', #739, 1.649999999999997247, 1.029744258676652535 ) ;
#362 = AXIS2_PLACEMENT_3D ( 'NONE', #171, #1302, #1041 ) ;
#363 = EDGE_LOOP ( 'NONE', ( #1110, #2170, #1395, #1354 ) ) ;
#364 = CARTESIAN_POINT ( 'NONE',  ( -9.292452582607005240, 12.00000000000000000, 5.365000000000045510 ) ) ;
#365 = CARTESIAN_POINT ( 'NONE',  ( -4.151923788646566749, 3.851859888774471706E-31, 13.19134295108995758 ) ) ;
#366 = DIRECTION ( 'NONE',  ( -0.000000000000000000, -1.000000000000000000, -0.000000000000000000 ) ) ;
#367 = AXIS2_PLACEMENT_3D ( 'NONE', #2404, #2178, #3008 ) ;
#368 = EDGE_CURVE ( 'NONE', #580, #1575, #1518, .T. ) ;
#369 = ORIENTED_EDGE ( 'NONE', *, *, #2440, .T. ) ;
#370 = ADVANCED_FACE ( 'NONE', ( #3213 ), #2079, .F. ) ;
#371 = ORIENTED_EDGE ( 'NONE', *, *, #639, .T. ) ;
#372 = SURFACE_SIDE_STYLE ('',( #2089 ) ) ;
#373 = UNCERTAINTY_MEASURE_WITH_UNIT (LENGTH_MEASURE( 1.000000000000000082E-05 ), #2335, 'distance_accuracy_value', 'NONE');
#374 = CARTESIAN_POINT ( 'NONE',  ( -10.59149068828365969, 12.00000000000000000, 6.115000000000050839 ) ) ;
#375 = VECTOR ( 'NONE', #2078, 1000.000000000000000 ) ;
#376 = ORIENTED_EDGE ( 'NONE', *, *, #2149, .T. ) ;
#377 = ADVANCED_FACE ( 'NONE', ( #3541 ), #1718, .F. ) ;
#378 = DIRECTION ( 'NONE',  ( 0.000000000000000000, -1.000000000000000000, 0.000000000000000000 ) ) ;
#379 = DIRECTION ( 'NONE',  ( 0.8660254037844362651, 0.000000000000000000, -0.5000000000000039968 ) ) ;
#380 = VERTEX_POINT ( 'NONE', #650 ) ;
#381 = DIRECTION ( 'NONE',  ( 0.000000000000000000, 0.000000000000000000, -1.000000000000000000 ) ) ;
#382 = DIRECTION ( 'NONE',  ( 0.000000000000000000, 1.000000000000000000, 0.000000000000000000 ) ) ;
#383 = DIRECTION ( 'NONE',  ( 0.8571673007021121116, -0.5150380749100544886, -3.097756353781826728E-15 ) ) ;
#384 = ORIENTED_EDGE ( 'NONE', *, *, #1582, .T. ) ;
#385 = LINE ( 'NONE', #121, #2611 ) ;
#386 = CARTESIAN_POINT ( 'NONE',  ( 9.292452582607078071, 8.000000000000000000, 5.364999999999914948 ) ) ;
#387 = DIRECTION ( 'NONE',  ( -1.000000000000000000, 0.000000000000000000, 3.469446951953615372E-15 ) ) ;
#388 = VERTEX_POINT ( 'NONE', #2438 ) ;
#389 = ORIENTED_EDGE ( 'NONE', *, *, #1602, .F. ) ;
#390 = DIRECTION ( 'NONE',  ( -0.000000000000000000, -1.000000000000000000, 0.000000000000000000 ) ) ;
#391 = CARTESIAN_POINT ( 'NONE',  ( -10.43502884254428942, -1.187907395172929833E-15, 13.43502884254448837 ) ) ;
#392 = EDGE_CURVE ( 'NONE', #2510, #2211, #830, .T. ) ;
#393 = AXIS2_PLACEMENT_3D ( 'NONE', #3659, #2495, #3327 ) ;
#394 = ORIENTED_EDGE ( 'NONE', *, *, #3696, .F. ) ;
#395 = VECTOR ( 'NONE', #2004, 1000.000000000000000 ) ;
#396 = CARTESIAN_POINT ( 'NONE',  ( 13.43502884254438001, 5.000000000000000000, 16.43502884254441909 ) ) ;
#397 = VERTEX_POINT ( 'NONE', #334 ) ;
#398 = CARTESIAN_POINT ( 'NONE',  ( -10.43502884254428409, 5.000000000000000000, 13.43502884254448837 ) ) ;
#399 = FACE_OUTER_BOUND ( 'NONE', #3369, .T. ) ;
#400 = EDGE_CURVE ( 'NONE', #2327, #2236, #1335, .T. ) ;
#401 = ORIENTED_EDGE ( 'NONE', *, *, #1747, .T. ) ;
#402 = DIRECTION ( 'NONE',  ( 0.000000000000000000, 0.000000000000000000, -1.000000000000000000 ) ) ;
#403 = CARTESIAN_POINT ( 'NONE',  ( -13.50000000000000000, 0.000000000000000000, 0.000000000000000000 ) ) ;
#404 = LINE ( 'NONE', #1877, #1230 ) ;
#405 = CIRCLE ( 'NONE', #2597, 9.499999999999998224 ) ;
#406 = ORIENTED_EDGE ( 'NONE', *, *, #852, .F. ) ;
#407 = VERTEX_POINT ( 'NONE', #2141 ) ;
#408 = CARTESIAN_POINT ( 'NONE',  ( -22.66099806569281583, 0.000000000000000000, -4.749999999999996447 ) ) ;
#409 = AXIS2_PLACEMENT_3D ( 'NONE', #1218, #1573, #2113 ) ;
#410 = CIRCLE ( 'NONE', #2658, 10.00000000000000000 ) ;
#411 = VECTOR ( 'NONE', #2226, 1000.000000000000114 ) ;
#412 = ORIENTED_EDGE ( 'NONE', *, *, #574, .T. ) ;
#413 =( NAMED_UNIT ( * ) SI_UNIT ( $, .STERADIAN. ) SOLID_ANGLE_UNIT ( ) );
#414 = VECTOR ( 'NONE', #2807, 1000.000000000000000 ) ;
#415 = DIRECTION ( 'NONE',  ( -0.000000000000000000, -1.000000000000000000, -0.000000000000000000 ) ) ;
#416 = AXIS2_PLACEMENT_3D ( 'NONE', #2791, #2812, #1426 ) ;
#417 = CARTESIAN_POINT ( 'NONE',  ( 3.242741997924472930, 9.000000000000001776, -17.70549700897709755 ) ) ;
#418 = AXIS2_PLACEMENT_3D ( 'NONE', #2889, #1098, #165 ) ;
#419 = VERTEX_POINT ( 'NONE', #612 ) ;
#420 = CYLINDRICAL_SURFACE ( 'NONE', #1089, 2.999999999999995559 ) ;
#421 = DIRECTION ( 'NONE',  ( 0.000000000000000000, -1.000000000000000000, -0.000000000000000000 ) ) ;
#422 = AXIS2_PLACEMENT_3D ( 'NONE', #1794, #3001, #320 ) ;
#423 = EDGE_LOOP ( 'NONE', ( #1691, #2746, #620, #3223 ) ) ;
#424 = DIRECTION ( 'NONE',  ( 0.000000000000000000, 1.000000000000000000, 0.000000000000000000 ) ) ;
#425 = DIRECTION ( 'NONE',  ( -0.6123724356957951365, 0.7071067811865469066, -0.3535533905932740084 ) ) ;
#426 = DIRECTION ( 'NONE',  ( 0.000000000000000000, -0.000000000000000000, 1.000000000000000000 ) ) ;
#427 = ADVANCED_FACE ( 'NONE', ( #1892, #3290 ), #3597, .F. ) ;
#428 = VECTOR ( 'NONE', #881, 1000.000000000000000 ) ;
#429 = EDGE_LOOP ( 'NONE', ( #1705, #2061, #872, #2805 ) ) ;
#430 = VERTEX_POINT ( 'NONE', #954 ) ;
#431 = FACE_OUTER_BOUND ( 'NONE', #784, .T. ) ;
#432 = VECTOR ( 'NONE', #833, 1000.000000000000114 ) ;
#433 = EDGE_CURVE ( 'NONE', #2211, #2744, #3864, .T. ) ;
#434 = ORIENTED_EDGE ( 'NONE', *, *, #3784, .T. ) ;
#435 = DIRECTION ( 'NONE',  ( 0.000000000000000000, 0.000000000000000000, 1.000000000000000000 ) ) ;
#436 = CARTESIAN_POINT ( 'NONE',  ( 23.09401076758502924, 7.000000000000000000, 4.999999999999990230 ) ) ;
#437 = DIRECTION ( 'NONE',  ( 0.000000000000000000, 1.000000000000000000, 0.000000000000000000 ) ) ;
#438 = ORIENTED_EDGE ( 'NONE', *, *, #199, .F. ) ;
#439 = EDGE_CURVE ( 'NONE', #3651, #1575, #61, .T. ) ;
#440 = LINE ( 'NONE', #971, #2019 ) ;
#441 = DIRECTION ( 'NONE',  ( 0.000000000000000000, 1.000000000000000000, 0.000000000000000000 ) ) ;
#442 = EDGE_CURVE ( 'NONE', #2236, #430, #16, .T. ) ;
#443 = VERTEX_POINT ( 'NONE', #3328 ) ;
#444 = DIRECTION ( 'NONE',  ( 0.000000000000000000, -0.000000000000000000, 1.000000000000000000 ) ) ;
#445 = DIRECTION ( 'NONE',  ( -0.000000000000000000, 1.000000000000000000, -0.000000000000000000 ) ) ;
#446 = FACE_BOUND ( 'NONE', #2819, .T. ) ;
#447 = EDGE_CURVE ( 'NONE', #688, #30, #1871, .T. ) ;
#448 = VERTEX_POINT ( 'NONE', #1848 ) ;
#449 = EDGE_LOOP ( 'NONE', ( #2825, #2161 ) ) ;
#450 = DIRECTION ( 'NONE',  ( 0.000000000000000000, 0.7071067811865451302, 0.7071067811865500152 ) ) ;
#451 = VECTOR ( 'NONE', #2359, 1000.000000000000000 ) ;
#452 = EDGE_LOOP ( 'NONE', ( #4, #1014 ) ) ;
#453 = CARTESIAN_POINT ( 'NONE',  ( 7.216878364870305873, 0.000000000000000000, -12.50000000000000533 ) ) ;
#454 = COLOUR_RGB ( '',0.7098039215686274828, 0.6313725490196078205, 0.9254901960784314152 ) ;
#455 = CARTESIAN_POINT ( 'NONE',  ( 12.99038105676656585, 0.5000000000000004441, -22.50000000000000711 ) ) ;
#456 = ORIENTED_EDGE ( 'NONE', *, *, #1474, .F. ) ;
#457 = AXIS2_PLACEMENT_3D ( 'NONE', #3257, #1987, #3482 ) ;
#458 = CARTESIAN_POINT ( 'NONE',  ( -4.151923788646564972, 0.000000000000000000, 13.19134295108995758 ) ) ;
#459 = EDGE_LOOP ( 'NONE', ( #3463, #3022, #2648, #2995 ) ) ;
#460 = DIRECTION ( 'NONE',  ( -0.5000000000000002220, 0.000000000000000000, -0.8660254037844384856 ) ) ;
#461 = DIRECTION ( 'NONE',  ( 0.000000000000000000, -1.000000000000000000, -0.000000000000000000 ) ) ;
#462 = FACE_BOUND ( 'NONE', #1977, .T. ) ;
#463 = ORIENTED_EDGE ( 'NONE', *, *, #144, .T. ) ;
#464 = LINE ( 'NONE', #2714, #3210 ) ;
#465 = EDGE_LOOP ( 'NONE', ( #3336, #722, #1299, #982 ) ) ;
#466 = CARTESIAN_POINT ( 'NONE',  ( -9.348076211353220089, 5.000000000000000000, 10.19134295109000909 ) ) ;
#467 = EDGE_LOOP ( 'NONE', ( #2506, #1800, #3785 ) ) ;
#468 = APPLICATION_PROTOCOL_DEFINITION ( 'draft international standard', 'automotive_design', 1998, #1324 ) ;
#469 = CARTESIAN_POINT ( 'NONE',  ( -4.336808689942017736E-15, 3.500000000000000000, 11.00000000000000711 ) ) ;
#470 = EDGE_CURVE ( 'NONE', #645, #2501, #2392, .T. ) ;
#471 = VECTOR ( 'NONE', #1419, 1000.000000000000000 ) ;
#472 = EDGE_CURVE ( 'NONE', #88, #3255, #972, .T. ) ;
#473 = VECTOR ( 'NONE', #977, 1000.000000000000000 ) ;
#474 = ADVANCED_FACE ( 'NONE', ( #3308 ), #627, .F. ) ;
#475 = DIRECTION ( 'NONE',  ( 0.000000000000000000, 0.000000000000000000, 1.000000000000000000 ) ) ;
#477 = VERTEX_POINT ( 'NONE', #1827 ) ;
#476 = AXIS2_PLACEMENT_3D ( 'NONE', #568, #1163, #3536 ) ;
#478 = EDGE_CURVE ( 'NONE', #30, #117, #1415, .T. ) ;
#479 = CARTESIAN_POINT ( 'NONE',  ( 19.48557158514982746, 3.500000000000000000, -11.25000000000009237 ) ) ;
#480 = AXIS2_PLACEMENT_3D ( 'NONE', #290, #2975, #1498 ) ;
#481 = CARTESIAN_POINT ( 'NONE',  ( 0.000000000000000000, 12.00000000000000000, 0.000000000000000000 ) ) ;
#482 = CIRCLE ( 'NONE', #2857, 9.499999999999989342 ) ;
#483 = ORIENTED_EDGE ( 'NONE', *, *, #3665, .T. ) ;
#484 = DIRECTION ( 'NONE',  ( 0.000000000000000000, 1.000000000000000000, 0.000000000000000000 ) ) ;
#485 = CARTESIAN_POINT ( 'NONE',  ( -23.09401076758503990, 7.000000000000000000, -4.999999999999997335 ) ) ;
#486 = VECTOR ( 'NONE', #3697, 1000.000000000000227 ) ;
#487 = ORIENTED_EDGE ( 'NONE', *, *, #3478, .T. ) ;
#488 = CARTESIAN_POINT ( 'NONE',  ( 7.216878364870307649, 0.000000000000000000, -22.00000000000000711 ) ) ;
#489 = ORIENTED_EDGE ( 'NONE', *, *, #3611, .T. ) ;
#490 = CYLINDRICAL_SURFACE ( 'NONE', #1563, 10.00000000000000000 ) ;
#491 = ADVANCED_FACE ( 'NONE', ( #3351, #675 ), #2997, .F. ) ;
#492 = EDGE_CURVE ( 'NONE', #2896, #1720, #1254, .T. ) ;
#493 = ORIENTED_EDGE ( 'NONE', *, *, #347, .T. ) ;
#494 = CARTESIAN_POINT ( 'NONE',  ( 1.000000000000000000, 1.000000000000000000, -17.50000000000000711 ) ) ;
#495 = AXIS2_PLACEMENT_3D ( 'NONE', #1514, #1556, #1801 ) ;
#496 = EDGE_CURVE ( 'NONE', #3117, #600, #1725, .T. ) ;
#497 = LINE ( 'NONE', #1402, #354 ) ;
#498 = ORIENTED_EDGE ( 'NONE', *, *, #3237, .T. ) ;
#499 = FACE_OUTER_BOUND ( 'NONE', #1614, .T. ) ;
#500 = DIRECTION ( 'NONE',  ( 0.000000000000000000, -0.7071067811865451302, 0.7071067811865500152 ) ) ;
#501 = CIRCLE ( 'NONE', #1693, 1.499999999999999556 ) ;
#502 = ORIENTED_EDGE ( 'NONE', *, *, #2621, .F. ) ;
#503 = DIRECTION ( 'NONE',  ( 0.000000000000000000, -0.000000000000000000, -1.000000000000000000 ) ) ;
#504 = CARTESIAN_POINT ( 'NONE',  ( 9.526279441628808797, 3.500000000000000000, -5.500000000000044409 ) ) ;
#505 = CARTESIAN_POINT ( 'NONE',  ( 6.749999999999973355, 0.000000000000000000, -11.69134295108993804 ) ) ;
#506 = ORIENTED_EDGE ( 'NONE', *, *, #1754, .F. ) ;
#507 = CIRCLE ( 'NONE', #2694, 1.649999999999997913 ) ;
#508 = DIRECTION ( 'NONE',  ( 0.000000000000000000, 1.000000000000000000, 0.000000000000000000 ) ) ;
#509 = VERTEX_POINT ( 'NONE', #2475 ) ;
#510 = DIRECTION ( 'NONE',  ( 0.8660254037844362651, 0.000000000000000000, -0.5000000000000039968 ) ) ;
#511 = ORIENTED_EDGE ( 'NONE', *, *, #3427, .T. ) ;
#512 = LINE ( 'NONE', #494, #3461 ) ;
#513 = EDGE_CURVE ( 'NONE', #3548, #443, #1038, .T. ) ;
#514 = COLOUR_RGB ( '',0.8666666666666666963, 0.8666666666666666963, 0.8901960784313724950 ) ;
#515 = CARTESIAN_POINT ( 'NONE',  ( -1.000000000000000000, 0.000000000000000000, -17.50000000000000711 ) ) ;
#516 = ORIENTED_EDGE ( 'NONE', *, *, #439, .F. ) ;
#517 = SURFACE_STYLE_USAGE ( .BOTH. , #1949 ) ;
#518 = DIRECTION ( 'NONE',  ( 0.000000000000000000, 0.000000000000000000, 1.000000000000000000 ) ) ;
#519 = PRESENTATION_LAYER_ASSIGNMENT (  '', '', ( #2265 ) ) ;
#520 = ORIENTED_EDGE ( 'NONE', *, *, #3122, .T. ) ;
#521 = CARTESIAN_POINT ( 'NONE',  ( 6.750000000000135891, 0.000000000000000000, 11.69134295108984212 ) ) ;
#522 = DIRECTION ( 'NONE',  ( 0.000000000000000000, -1.000000000000000000, 0.000000000000000000 ) ) ;
#523 = CARTESIAN_POINT ( 'NONE',  ( 2.145708121834926985, 7.000000000000000000, -20.17364817766693008 ) ) ;
#524 = EDGE_CURVE ( 'NONE', #3294, #3085, #533, .T. ) ;
#525 = EDGE_LOOP ( 'NONE', ( #3193, #1874 ) ) ;
#526 = CARTESIAN_POINT ( 'NONE',  ( 23.09401076758502924, 6.499999999999992895, 4.999999999999990230 ) ) ;
#527 = VERTEX_POINT ( 'NONE', #243 ) ;
#528 = DIRECTION ( 'NONE',  ( -0.5000000000000039968, 0.000000000000000000, -0.8660254037844363761 ) ) ;
#529 = VERTEX_POINT ( 'NONE', #1666 ) ;
#530 = DIRECTION ( 'NONE',  ( 0.000000000000000000, -1.000000000000000000, 0.000000000000000000 ) ) ;
#531 = AXIS2_PLACEMENT_3D ( 'NONE', #1811, #22, #276 ) ;
#532 = CARTESIAN_POINT ( 'NONE',  ( -1.000000000000000000, 1.000000000000000000, -17.50000000000000711 ) ) ;
#533 = CIRCLE ( 'NONE', #2092, 9.500000000000015987 ) ;
#534 = VERTEX_POINT ( 'NONE', #526 ) ;
#535 = CARTESIAN_POINT ( 'NONE',  ( 11.89052879396040652, 8.000000000000000000, 6.864999999999890079 ) ) ;
#536 = AXIS2_PLACEMENT_3D ( 'NONE', #2988, #960, #2680 ) ;
#537 = EDGE_CURVE ( 'NONE', #2068, #3358, #3217, .T. ) ;
#538 = EDGE_CURVE ( 'NONE', #2875, #3799, #2407, .T. ) ;
#539 = VERTEX_POINT ( 'NONE', #488 ) ;
#540 = CARTESIAN_POINT ( 'NONE',  ( 9.292452582607078071, 12.00000000000000000, 5.364999999999914948 ) ) ;
#541 = DIRECTION ( 'NONE',  ( 0.000000000000000000, 0.000000000000000000, -1.000000000000000000 ) ) ;
#542 = AXIS2_PLACEMENT_3D ( 'NONE', #1849, #82, #1872 ) ;
#543 = CIRCLE ( 'NONE', #1981, 1.649999999999997469 ) ;
#544 = EDGE_CURVE ( 'NONE', #539, #3833, #405, .T. ) ;
#545 = ORIENTED_EDGE ( 'NONE', *, *, #1411, .F. ) ;
#546 = DIRECTION ( 'NONE',  ( -0.01745240643729462082, 1.049727191138617463E-16, -0.9998476951563910475 ) ) ;
#547 = ORIENTED_EDGE ( 'NONE', *, *, #2929, .T. ) ;
#548 = AXIS2_PLACEMENT_3D ( 'NONE', #772, #437, #475 ) ;
#549 = DIRECTION ( 'NONE',  ( -0.000000000000000000, -1.000000000000000000, -0.000000000000000000 ) ) ;
#550 = VECTOR ( 'NONE', #2422, 1000.000000000000000 ) ;
#551 = EDGE_LOOP ( 'NONE', ( #3099, #962 ) ) ;
#552 = CARTESIAN_POINT ( 'NONE',  ( 13.43502884254437646, -1.187907395172929833E-15, -13.43502884254442620 ) ) ;
#553 = VECTOR ( 'NONE', #90, 999.9999999999998863 ) ;
#554 = DIRECTION ( 'NONE',  ( 0.8746197071393989608, 1.049727191138617710E-16, 0.4848096202463313964 ) ) ;
#555 = AXIS2_PLACEMENT_3D ( 'NONE', #602, #1281, #2683 ) ;
#556 = ORIENTED_EDGE ( 'NONE', *, *, #2508, .T. ) ;
#557 = DIRECTION ( 'NONE',  ( -0.1736481776669271393, -0.000000000000000000, 0.9848077530122086864 ) ) ;
#558 = LINE ( 'NONE', #3504, #3691 ) ;
#559 = FACE_OUTER_BOUND ( 'NONE', #2776, .T. ) ;
#560 = ORIENTED_EDGE ( 'NONE', *, *, #433, .T. ) ;
#561 = DIRECTION ( 'NONE',  ( 0.8660254037844387076, 0.000000000000000000, -0.5000000000000001110 ) ) ;
#562 = EDGE_LOOP ( 'NONE', ( #2766, #1686 ) ) ;
#563 = DIRECTION ( 'NONE',  ( 0.6123724356957922499, 0.7071067811865491270, 0.3535533905932745635 ) ) ;
#564 = ORIENTED_EDGE ( 'NONE', *, *, #3097, .T. ) ;
#565 = DIRECTION ( 'NONE',  ( 0.000000000000000000, 0.000000000000000000, -1.000000000000000000 ) ) ;
#566 = EDGE_CURVE ( 'NONE', #234, #2690, #1103, .T. ) ;
#567 = SURFACE_STYLE_USAGE ( .BOTH. , #849 ) ;
#568 = CARTESIAN_POINT ( 'NONE',  ( 0.000000000000000000, 8.000000000000000000, -12.23000000000000043 ) ) ;
#569 = EDGE_LOOP ( 'NONE', ( #150, #2723 ) ) ;
#570 = LINE ( 'NONE', #1502, #1878 ) ;
#571 = CARTESIAN_POINT ( 'NONE',  ( 1.160900368822718409, 9.000000000000001776, -21.00000000000000000 ) ) ;
#572 = CARTESIAN_POINT ( 'NONE',  ( 0.000000000000000000, 9.000000000000001776, 0.000000000000000000 ) ) ;
#573 = VECTOR ( 'NONE', #2822, 1000.000000000000000 ) ;
#574 = EDGE_CURVE ( 'NONE', #2259, #397, #908, .T. ) ;
#575 = AXIS2_PLACEMENT_3D ( 'NONE', #3596, #314, #2709 ) ;
#576 = CARTESIAN_POINT ( 'NONE',  ( 0.000000000000000000, 12.00000000000000000, -10.73000000000000220 ) ) ;
#577 = CIRCLE ( 'NONE', #2774, 2.999999999999999112 ) ;
#578 = VERTEX_POINT ( 'NONE', #3181 ) ;
#579 = DIRECTION ( 'NONE',  ( 0.000000000000000000, -1.000000000000000000, 0.000000000000000000 ) ) ;
#580 = VERTEX_POINT ( 'NONE', #1970 ) ;
#581 = DIRECTION ( 'NONE',  ( 0.000000000000000000, 0.000000000000000000, -1.000000000000000000 ) ) ;
#582 = EDGE_LOOP ( 'NONE', ( #836, #1122, #865, #1631 ) ) ;
#583 = DIRECTION ( 'NONE',  ( 0.000000000000000000, 0.000000000000000000, 1.000000000000000000 ) ) ;
#584 = DIRECTION ( 'NONE',  ( 0.000000000000000000, 1.000000000000000000, 0.000000000000000000 ) ) ;
#585 = EDGE_CURVE ( 'NONE', #1115, #1120, #23, .T. ) ;
#586 = ORIENTED_EDGE ( 'NONE', *, *, #246, .F. ) ;
#587 = CARTESIAN_POINT ( 'NONE',  ( 7.216878364870307649, 6.499999999999992895, -22.50000000000000711 ) ) ;
#588 = CYLINDRICAL_SURFACE ( 'NONE', #1647, 2.999999999999995559 ) ;
#589 = CARTESIAN_POINT ( 'NONE',  ( -7.216878364870324525, 0.000000000000000000, -22.00000000000001066 ) ) ;
#590 = AXIS2_PLACEMENT_3D ( 'NONE', #195, #1692, #2001 ) ;
#591 = CARTESIAN_POINT ( 'NONE',  ( 13.43502884254438001, -1.187907395172929833E-15, 10.43502884254443153 ) ) ;
#592 = ORIENTED_EDGE ( 'NONE', *, *, #3696, .T. ) ;
#593 = CARTESIAN_POINT ( 'NONE',  ( -1.160900368822715967, 9.000000000000001776, -20.00000000000000000 ) ) ;
#594 = VERTEX_POINT ( 'NONE', #2344 ) ;
#595 =( GEOMETRIC_REPRESENTATION_CONTEXT ( 3 ) GLOBAL_UNCERTAINTY_ASSIGNED_CONTEXT ( ( #1042 ) ) GLOBAL_UNIT_ASSIGNED_CONTEXT ( ( #2647, #3013, #2952 ) ) REPRESENTATION_CONTEXT ( 'NONE', 'WORKASPACE' ) );
#596 = CARTESIAN_POINT ( 'NONE',  ( 5.277756813566427674, 0.000000000000000000, -12.54134295108993236 ) ) ;
#597 = VECTOR ( 'NONE', #3150, 1000.000000000000114 ) ;
#598 = CIRCLE ( 'NONE', #1304, 9.000000000000000000 ) ;
#599 = CONICAL_SURFACE ( 'NONE', #2730, 1.499999999999999334, 1.029744258676653645 ) ;
#600 = VERTEX_POINT ( 'NONE', #2623 ) ;
#601 = ORIENTED_EDGE ( 'NONE', *, *, #3381, .T. ) ;
#602 = CARTESIAN_POINT ( 'NONE',  ( 0.000000000000000000, 12.00000000000000000, -12.23000000000000043 ) ) ;
#603 = EDGE_CURVE ( 'NONE', #2115, #397, #3744, .T. ) ;
#604 = AXIS2_PLACEMENT_3D ( 'NONE', #3, #3312, #879 ) ;
#605 = DIRECTION ( 'NONE',  ( 0.8660254037844327124, 0.000000000000000000, -0.5000000000000102141 ) ) ;
#606 = EDGE_CURVE ( 'NONE', #202, #3070, #1844, .T. ) ;
#607 = DIRECTION ( 'NONE',  ( 0.000000000000000000, 0.000000000000000000, -1.000000000000000000 ) ) ;
#608 = SURFACE_SIDE_STYLE ('',( #38 ) ) ;
#609 = EDGE_CURVE ( 'NONE', #3797, #1852, #1721, .T. ) ;
#610 = ORIENTED_EDGE ( 'NONE', *, *, #2569, .F. ) ;
#611 = LINE ( 'NONE', #1520, #1026 ) ;
#612 = CARTESIAN_POINT ( 'NONE',  ( 1.000000000000001110, 0.5000000000000023315, -22.50000000000001066 ) ) ;
#613 = DIRECTION ( 'NONE',  ( 0.000000000000000000, 0.7071067811865474617, -0.7071067811865474617 ) ) ;
#614 = DIRECTION ( 'NONE',  ( -0.000000000000000000, -1.000000000000000000, -0.000000000000000000 ) ) ;
#615 = ORIENTED_EDGE ( 'NONE', *, *, #1144, .T. ) ;
#616 = DIRECTION ( 'NONE',  ( 0.8660254037844328234, 0.000000000000000000, -0.5000000000000101030 ) ) ;
#617 = CARTESIAN_POINT ( 'NONE',  ( 1.160900368822718409, 9.000000000000001776, -21.00000000000000000 ) ) ;
#618 = DIRECTION ( 'NONE',  ( 0.8660254037844434816, 0.000000000000000000, 0.4999999999999915623 ) ) ;
#619 = EDGE_LOOP ( 'NONE', ( #3326, #1738, #3682, #3349 ) ) ;
#620 = ORIENTED_EDGE ( 'NONE', *, *, #3276, .F. ) ;
#621 = LINE ( 'NONE', #1777, #296 ) ;
#622 = CARTESIAN_POINT ( 'NONE',  ( 9.348076211353429699, 3.851859888774471706E-31, 10.19134295108981547 ) ) ;
#623 = LINE ( 'NONE', #3011, #1278 ) ;
#624 = DIRECTION ( 'NONE',  ( -0.000000000000000000, -0.000000000000000000, 1.000000000000000000 ) ) ;
#625 = ORIENTED_EDGE ( 'NONE', *, *, #3644, .T. ) ;
#626 = CYLINDRICAL_SURFACE ( 'NONE', #2565, 1.699999999999997513 ) ;
#627 = CYLINDRICAL_SURFACE ( 'NONE', #3768, 1.000000000000000888 ) ;
#628 = DIRECTION ( 'NONE',  ( 1.000000000000000000, 0.000000000000000000, 0.000000000000000000 ) ) ;
#629 = STYLED_ITEM ( 'NONE', ( #3793 ), #377 ) ;
#630 = CARTESIAN_POINT ( 'NONE',  ( -4.336808689942017736E-15, 3.500000000000000000, 11.00000000000000711 ) ) ;
#631 = ORIENTED_EDGE ( 'NONE', *, *, #229, .F. ) ;
#632 = CARTESIAN_POINT ( 'NONE',  ( -1.274054252848202305E-15, 7.098709071458658926, -12.23000000000000043 ) ) ;
#633 = DIRECTION ( 'NONE',  ( 0.000000000000000000, -1.000000000000000000, 0.000000000000000000 ) ) ;
#634 = COLOUR_RGB ( '',0.8666666666666666963, 0.8666666666666666963, 0.8901960784313724950 ) ;
#635 = DIRECTION ( 'NONE',  ( 0.000000000000000000, 0.000000000000000000, 1.000000000000000000 ) ) ;
#636 = EDGE_CURVE ( 'NONE', #2632, #184, #1121, .T. ) ;
#637 = EDGE_CURVE ( 'NONE', #1156, #3204, #336, .T. ) ;
#638 = VECTOR ( 'NONE', #968, 1000.000000000000000 ) ;
#640 = ORIENTED_EDGE ( 'NONE', *, *, #3644, .F. ) ;
#639 = EDGE_CURVE ( 'NONE', #388, #207, #2718, .T. ) ;
#641 = VERTEX_POINT ( 'NONE', #1996 ) ;
#642 = AXIS2_PLACEMENT_3D ( 'NONE', #2868, #2884, #3445 ) ;
#643 =( LENGTH_UNIT ( ) NAMED_UNIT ( * ) SI_UNIT ( .MILLI., .METRE. ) );
#644 = CARTESIAN_POINT ( 'NONE',  ( -6.750000000000055067, 5.000000000000000000, -11.69134295108989363 ) ) ;
#645 = VERTEX_POINT ( 'NONE', #3813 ) ;
#646 = CARTESIAN_POINT ( 'NONE',  ( -10.59149068828365969, 12.00000000000000000, 6.115000000000050839 ) ) ;
#647 = CARTESIAN_POINT ( 'NONE',  ( -13.43502884254428231, 5.000000000000000000, 13.43502884254452034 ) ) ;
#648 = ORIENTED_EDGE ( 'NONE', *, *, #1140, .F. ) ;
#649 = DIRECTION ( 'NONE',  ( -0.8660254037844399289, 0.000000000000000000, -0.4999999999999979461 ) ) ;
#650 = CARTESIAN_POINT ( 'NONE',  ( -8.222243186433596307, 5.000000000000000000, -10.84134295108988688 ) ) ;
#651 = FACE_OUTER_BOUND ( 'NONE', #228, .T. ) ;
#652 = EDGE_CURVE ( 'NONE', #3417, #1804, #18, .T. ) ;
#653 = AXIS2_PLACEMENT_3D ( 'NONE', #806, #1436, #2874 ) ;
#654 = EDGE_CURVE ( 'NONE', #539, #3706, #1706, .T. ) ;
#655 = VERTEX_POINT ( 'NONE', #208 ) ;
#656 = FACE_OUTER_BOUND ( 'NONE', #3491, .T. ) ;
#657 = CARTESIAN_POINT ( 'NONE',  ( 9.348076211353431475, 0.000000000000000000, 10.19134295108981370 ) ) ;
#658 = DIRECTION ( 'NONE',  ( 0.000000000000000000, -1.000000000000000000, 0.000000000000000000 ) ) ;
#659 = AXIS2_PLACEMENT_3D ( 'NONE', #2897, #1945, #3128 ) ;
#660 = VECTOR ( 'NONE', #2779, 1000.000000000000114 ) ;
#661 = EDGE_CURVE ( 'NONE', #2690, #234, #2402, .T. ) ;
#662 = ORIENTED_EDGE ( 'NONE', *, *, #1881, .F. ) ;
#663 = ORIENTED_EDGE ( 'NONE', *, *, #1011, .F. ) ;
#664 = AXIS2_PLACEMENT_3D ( 'NONE', #3096, #3040, #1016 ) ;
#665 = DIRECTION ( 'NONE',  ( 0.8660254037844433705, 0.000000000000000000, 0.4999999999999918399 ) ) ;
#666 = DIRECTION ( 'NONE',  ( -1.000000000000000000, 0.000000000000000000, 3.469446951953615372E-15 ) ) ;
#667 = CIRCLE ( 'NONE', #1427, 1.699999999999997291 ) ;
#668 = AXIS2_PLACEMENT_3D ( 'NONE', #3279, #2916, #1441 ) ;
#669 = VERTEX_POINT ( 'NONE', #3526 ) ;
#670 = DIRECTION ( 'NONE',  ( -0.8660254037844431485, 0.000000000000000000, -0.4999999999999920064 ) ) ;
#671 = AXIS2_PLACEMENT_3D ( 'NONE', #2509, #1013, #3717 ) ;
#672 = FACE_OUTER_BOUND ( 'NONE', #2589, .T. ) ;
#673 = VERTEX_POINT ( 'NONE', #862 ) ;
#674 = DIRECTION ( 'NONE',  ( 1.000000000000000000, -0.000000000000000000, 2.168404344971008621E-16 ) ) ;
#675 = FACE_OUTER_BOUND ( 'NONE', #2781, .T. ) ;
#676 = LINE ( 'NONE', #998, #2729 ) ;
#677 = VERTEX_POINT ( 'NONE', #2053 ) ;
#678 = FACE_BOUND ( 'NONE', #2136, .T. ) ;
#679 = LINE ( 'NONE', #3603, #1244 ) ;
#680 = DIRECTION ( 'NONE',  ( 0.000000000000000000, 1.000000000000000000, 0.000000000000000000 ) ) ;
#681 = EDGE_CURVE ( 'NONE', #2295, #1900, #464, .T. ) ;
#682 = EDGE_LOOP ( 'NONE', ( #715, #344, #511, #3299 ) ) ;
#683 = EDGE_LOOP ( 'NONE', ( #2309, #1858, #3134, #2447 ) ) ;
#684 = CARTESIAN_POINT ( 'NONE',  ( 14.43375672974063662, 0.000000000000000000, 0.000000000000000000 ) ) ;
#685 = PRODUCT_DEFINITION_CONTEXT ( 'detailed design', #250, 'design' ) ;
#686 = CARTESIAN_POINT ( 'NONE',  ( 1.163414459189985682E-15, 0.000000000000000000, 9.500000000000001776 ) ) ;
#687 = VECTOR ( 'NONE', #2025, 1000.000000000000114 ) ;
#688 = VERTEX_POINT ( 'NONE', #632 ) ;
#689 = CARTESIAN_POINT ( 'NONE',  ( -14.43375672974065260, 7.000000000000000000, 2.602085213965210642E-15 ) ) ;
#690 = DIRECTION ( 'NONE',  ( 0.000000000000000000, 0.000000000000000000, -1.000000000000000000 ) ) ;
#691 = ADVANCED_FACE ( 'NONE', ( #3295 ), #3269, .F. ) ;
#692 = AXIS2_PLACEMENT_3D ( 'NONE', #1350, #205, #2249 ) ;
#693 = ORIENTED_EDGE ( 'NONE', *, *, #132, .T. ) ;
#694 = DIRECTION ( 'NONE',  ( 0.000000000000000000, -1.000000000000000000, 0.000000000000000000 ) ) ;
#695 = DIRECTION ( 'NONE',  ( 0.000000000000000000, -1.000000000000000000, 0.000000000000000000 ) ) ;
#696 = CARTESIAN_POINT ( 'NONE',  ( -13.43502884254428231, 5.000000000000000000, 13.43502884254452034 ) ) ;
#697 = ORIENTED_EDGE ( 'NONE', *, *, #3665, .F. ) ;
#698 = CARTESIAN_POINT ( 'NONE',  ( 1.102182119232617714E-15, 11.49999999999998757, -9.000000000000000000 ) ) ;
#699 = CARTESIAN_POINT ( 'NONE',  ( 2.173748068486551641E-15, 12.00000000000000000, 17.49999999999999645 ) ) ;
#700 = FACE_BOUND ( 'NONE', #2222, .T. ) ;
#701 = EDGE_CURVE ( 'NONE', #1919, #1066, #1224, .T. ) ;
#702 = ORIENTED_EDGE ( 'NONE', *, *, #2560, .T. ) ;
#703 = EDGE_LOOP ( 'NONE', ( #1555, #2464, #1215, #3595 ) ) ;
#704 = DIRECTION ( 'NONE',  ( 0.000000000000000000, 0.000000000000000000, 1.000000000000000000 ) ) ;
#705 = DIRECTION ( 'NONE',  ( 1.000000000000000000, 0.000000000000000000, 0.000000000000000000 ) ) ;
#706 = AXIS2_PLACEMENT_3D ( 'NONE', #767, #2214, #3146 ) ;
#707 = ORIENTED_EDGE ( 'NONE', *, *, #2094, .F. ) ;
#708 =( LENGTH_UNIT ( ) NAMED_UNIT ( * ) SI_UNIT ( .MILLI., .METRE. ) );
#709 = DIRECTION ( 'NONE',  ( 0.8660254037844362651, 0.000000000000000000, -0.5000000000000039968 ) ) ;
#710 = EDGE_CURVE ( 'NONE', #1154, #109, #1757, .T. ) ;
#711 = DIRECTION ( 'NONE',  ( -1.000000000000000000, 0.000000000000000000, -1.335390754433030140E-16 ) ) ;
#712 = ORIENTED_EDGE ( 'NONE', *, *, #1055, .F. ) ;
#713 = CARTESIAN_POINT ( 'NONE',  ( 6.749999999999973355, 5.000000000000000000, -11.69134295108993804 ) ) ;
#714 = CARTESIAN_POINT ( 'NONE',  ( -22.66099806569281228, 7.000000000000000000, -4.749999999999994671 ) ) ;
#715 = ORIENTED_EDGE ( 'NONE', *, *, #3670, .F. ) ;
#716 = ADVANCED_FACE ( 'NONE', ( #3563 ), #2034, .T. ) ;
#717 = DIRECTION ( 'NONE',  ( 0.000000000000000000, 0.000000000000000000, -1.000000000000000000 ) ) ;
#718 = LINE ( 'NONE', #485, #2604 ) ;
#719 = FACE_BOUND ( 'NONE', #99, .T. ) ;
#720 = VECTOR ( 'NONE', #2582, 1000.000000000000000 ) ;
#721 = AXIS2_PLACEMENT_3D ( 'NONE', #1396, #3762, #1688 ) ;
#722 = ORIENTED_EDGE ( 'NONE', *, *, #368, .F. ) ;
#723 = ORIENTED_EDGE ( 'NONE', *, *, #2592, .F. ) ;
#724 = LINE ( 'NONE', #1067, #2425 ) ;
#725 = UNCERTAINTY_MEASURE_WITH_UNIT (LENGTH_MEASURE( 1.000000000000000082E-05 ), #708, 'distance_accuracy_value', 'NONE');
#726 = CONICAL_SURFACE ( 'NONE', #2165, 1.499999999999999334, 1.029744258676653645 ) ;
#727 = AXIS2_PLACEMENT_3D ( 'NONE', #2368, #2992, #3589 ) ;
#728 = ADVANCED_FACE ( 'NONE', ( #2944 ), #260, .F. ) ;
#729 = CIRCLE ( 'NONE', #2913, 2.999999999999997780 ) ;
#730 = ORIENTED_EDGE ( 'NONE', *, *, #2742, .F. ) ;
#731 = FACE_OUTER_BOUND ( 'NONE', #2269, .T. ) ;
#732 = EDGE_CURVE ( 'NONE', #759, #3769, #2698, .T. ) ;
#733 = CARTESIAN_POINT ( 'NONE',  ( -7.216878364870324525, 7.000000000000000000, -12.50000000000000888 ) ) ;
#734 = CIRCLE ( 'NONE', #2917, 2.999999999999999112 ) ;
#735 = ORIENTED_EDGE ( 'NONE', *, *, #544, .T. ) ;
#736 = DIRECTION ( 'NONE',  ( -1.000000000000000000, 0.000000000000000000, 3.469446951953619316E-15 ) ) ;
#737 = CARTESIAN_POINT ( 'NONE',  ( 3.422894331142499524, 7.000000000000000000, -18.68913573169804820 ) ) ;
#738 = VERTEX_POINT ( 'NONE', #2111 ) ;
#739 = AXIS2_PLACEMENT_3D ( 'NONE', #2498, #3448, #3740 ) ;
#740 = FACE_OUTER_BOUND ( 'NONE', #1087, .T. ) ;
#741 = LINE ( 'NONE', #1375, #3772 ) ;
#742 = LINE ( 'NONE', #3397, #1974 ) ;
#743 = CIRCLE ( 'NONE', #1164, 1.000000000000000888 ) ;
#744 = ORIENTED_EDGE ( 'NONE', *, *, #3701, .T. ) ;
#745 = VERTEX_POINT ( 'NONE', #299 ) ;
#746 = CARTESIAN_POINT ( 'NONE',  ( -7.216878364870324525, 0.000000000000000000, -22.00000000000001066 ) ) ;
#747 = CONICAL_SURFACE ( 'NONE', #3112, 9.500000000000001776, 0.7853981633974447263 ) ;
#748 = ORIENTED_EDGE ( 'NONE', *, *, #2840, .F. ) ;
#749 = CARTESIAN_POINT ( 'NONE',  ( 15.44411970082246732, 0.000000000000000000, -17.25000000000000711 ) ) ;
#750 = DIRECTION ( 'NONE',  ( 0.000000000000000000, 0.000000000000000000, -1.000000000000000000 ) ) ;
#751 = LINE ( 'NONE', #1386, #1180 ) ;
#752 = ORIENTED_EDGE ( 'NONE', *, *, #1212, .T. ) ;
#753 = CARTESIAN_POINT ( 'NONE',  ( 13.43502884254438001, -1.187907395172929833E-15, 13.43502884254442264 ) ) ;
#754 = DIRECTION ( 'NONE',  ( 0.6123724356957953585, 0.7071067811865470176, 0.3535533905932736753 ) ) ;
#755 = ORIENTED_EDGE ( 'NONE', *, *, #2929, .F. ) ;
#756 = CARTESIAN_POINT ( 'NONE',  ( -2.937859659752665717E-15, 7.000000000000000000, 21.99999999999999645 ) ) ;
#757 = DIRECTION ( 'NONE',  ( 0.8660254037844362651, 0.000000000000000000, -0.5000000000000039968 ) ) ;
#758 = DIRECTION ( 'NONE',  ( -0.000000000000000000, -1.000000000000000000, 0.000000000000000000 ) ) ;
#759 = VERTEX_POINT ( 'NONE', #2678 ) ;
#760 = EDGE_CURVE ( 'NONE', #2430, #3702, #1792, .T. ) ;
#761 = ORIENTED_EDGE ( 'NONE', *, *, #2240, .T. ) ;
#762 = EDGE_CURVE ( 'NONE', #2818, #3802, #46, .T. ) ;
#763 = DIRECTION ( 'NONE',  ( -0.8660254037844385966, 0.000000000000000000, 0.5000000000000003331 ) ) ;
#764 = EDGE_CURVE ( 'NONE', #580, #3625, #1834, .T. ) ;
#765 = EDGE_CURVE ( 'NONE', #3485, #50, #927, .T. ) ;
#766 = ORIENTED_EDGE ( 'NONE', *, *, #3455, .T. ) ;
#767 = CARTESIAN_POINT ( 'NONE',  ( 0.000000000000000000, 0.000000000000000000, 0.000000000000000000 ) ) ;
#768 = EDGE_CURVE ( 'NONE', #3606, #1263, #3602, .T. ) ;
#769 = AXIS2_PLACEMENT_3D ( 'NONE', #2705, #13, #1223 ) ;
#770 = DIRECTION ( 'NONE',  ( -0.000000000000000000, -1.000000000000000000, -0.000000000000000000 ) ) ;
#771 = AXIS2_PLACEMENT_3D ( 'NONE', #1535, #3858, #607 ) ;
#772 = CARTESIAN_POINT ( 'NONE',  ( 0.000000000000000000, 12.00000000000000000, 0.000000000000000000 ) ) ;
#773 = ORIENTED_EDGE ( 'NONE', *, *, #2120, .T. ) ;
#774 =( NAMED_UNIT ( * ) PLANE_ANGLE_UNIT ( ) SI_UNIT ( $, .RADIAN. ) );
#775 = CARTESIAN_POINT ( 'NONE',  ( -7.216878364870328966, 7.000000000000000000, 21.99999999999999645 ) ) ;
#776 = ORIENTED_EDGE ( 'NONE', *, *, #3778, .F. ) ;
#777 = PLANE ( 'NONE',  #1737 ) ;
#778 = FACE_OUTER_BOUND ( 'NONE', #1413, .T. ) ;
#779 = ADVANCED_FACE ( 'NONE', ( #1178 ), #918, .T. ) ;
#780 = CARTESIAN_POINT ( 'NONE',  ( 11.89052879396040652, 12.00000000000000000, 6.864999999999890079 ) ) ;
#781 = EDGE_CURVE ( 'NONE', #578, #1672, #3663, .T. ) ;
#782 = ORIENTED_EDGE ( 'NONE', *, *, #3493, .T. ) ;
#783 = CARTESIAN_POINT ( 'NONE',  ( 7.216878364870307649, 0.000000000000000000, -22.00000000000000711 ) ) ;
#784 = EDGE_LOOP ( 'NONE', ( #493, #2788, #1969, #3106 ) ) ;
#785 = CARTESIAN_POINT ( 'NONE',  ( -19.48557158514997312, 3.500000000000000000, -11.24999999999982592 ) ) ;
#786 = ADVANCED_FACE ( 'NONE', ( #939 ), #2130, .F. ) ;
#787 = ORIENTED_EDGE ( 'NONE', *, *, #732, .F. ) ;
#788 = FACE_OUTER_BOUND ( 'NONE', #3441, .T. ) ;
#789 = AXIS2_PLACEMENT_3D ( 'NONE', #95, #709, #77 ) ;
#790 = AXIS2_PLACEMENT_3D ( 'NONE', #1081, #461, #1968 ) ;
#791 = AXIS2_PLACEMENT_3D ( 'NONE', #1200, #3253, #2399 ) ;
#792 = DIRECTION ( 'NONE',  ( 0.8660254037844330455, 0.000000000000000000, -0.5000000000000095479 ) ) ;
#794 = EDGE_LOOP ( 'NONE', ( #2847, #1179, #3402, #2046 ) ) ;
#793 = AXIS2_PLACEMENT_3D ( 'NONE', #2096, #2060, #2123 ) ;
#795 = CARTESIAN_POINT ( 'NONE',  ( 0.000000000000000000, 0.5000000000000056621, -9.000000000000000000 ) ) ;
#796 = AXIS2_PLACEMENT_3D ( 'NONE', #3721, #1052, #2245 ) ;
#797 = DIRECTION ( 'NONE',  ( -0.000000000000000000, -1.000000000000000000, -0.000000000000000000 ) ) ;
#798 = CIRCLE ( 'NONE', #3593, 2.999999999999999112 ) ;
#799 = ORIENTED_EDGE ( 'NONE', *, *, #1394, .F. ) ;
#800 = CARTESIAN_POINT ( 'NONE',  ( -13.43502884254438001, 5.000000000000000000, -16.43502884254441909 ) ) ;
#801 = CARTESIAN_POINT ( 'NONE',  ( -3.242741997924468489, 9.000000000000001776, -17.70549700897709755 ) ) ;
#802 = AXIS2_PLACEMENT_3D ( 'NONE', #958, #2443, #3667 ) ;
#803 = CARTESIAN_POINT ( 'NONE',  ( 0.000000000000000000, 11.49999999999998757, -9.000000000000000000 ) ) ;
#804 = AXIS2_PLACEMENT_3D ( 'NONE', #733, #1327, #2736 ) ;
#805 = ORIENTED_EDGE ( 'NONE', *, *, #347, .F. ) ;
#806 = CARTESIAN_POINT ( 'NONE',  ( -14.43375672974065260, 6.499999999999992895, 2.602085213965210642E-15 ) ) ;
#807 = ORIENTED_EDGE ( 'NONE', *, *, #984, .T. ) ;
#808 = CARTESIAN_POINT ( 'NONE',  ( 15.87713240271471093, 0.5000000000000004441, 17.50000000000000355 ) ) ;
#809 = ADVANCED_FACE ( 'NONE', ( #2067 ), #1527, .F. ) ;
#810 = EDGE_LOOP ( 'NONE', ( #2891, #29, #3562, #2487 ) ) ;
#811 = CYLINDRICAL_SURFACE ( 'NONE', #1780, 1.699999999999997513 ) ;
#812 = CIRCLE ( 'NONE', #1002, 1.699999999999998845 ) ;
#813 = ORIENTED_EDGE ( 'NONE', *, *, #821, .F. ) ;
#814 = CARTESIAN_POINT ( 'NONE',  ( -10.43502884254428764, 0.000000000000000000, 13.43502884254448837 ) ) ;
#815 = DIRECTION ( 'NONE',  ( 0.000000000000000000, 0.000000000000000000, -1.000000000000000000 ) ) ;
#816 = EDGE_CURVE ( 'NONE', #529, #2316, #103, .T. ) ;
#817 = ORIENTED_EDGE ( 'NONE', *, *, #1188, .T. ) ;
#818 = DIRECTION ( 'NONE',  ( -0.6123724356957965798, -0.7071067811865455743, 0.3535533905932740084 ) ) ;
#819 = CARTESIAN_POINT ( 'NONE',  ( 12.99038105676658361, 7.000000000000000000, 22.50000000000001066 ) ) ;
#820 = DIRECTION ( 'NONE',  ( 0.6123724356957976900, -0.7071067811865452413, -0.3535533905932727872 ) ) ;
#821 = EDGE_CURVE ( 'NONE', #1095, #1665, #1984, .T. ) ;
#822 = EDGE_LOOP ( 'NONE', ( #2624, #1918 ) ) ;
#823 = AXIS2_PLACEMENT_3D ( 'NONE', #2759, #3296, #86 ) ;
#824 = CARTESIAN_POINT ( 'NONE',  ( -9.292452582607005240, 8.000000000000000000, 5.365000000000045510 ) ) ;
#825 = VERTEX_POINT ( 'NONE', #2815 ) ;
#826 = CARTESIAN_POINT ( 'NONE',  ( -2.937859659752666901E-15, 0.000000000000000000, 22.00000000000000711 ) ) ;
#827 = ORIENTED_EDGE ( 'NONE', *, *, #1927, .T. ) ;
#828 = CARTESIAN_POINT ( 'NONE',  ( 13.50000000000000000, 0.000000000000000000, 0.000000000000000000 ) ) ;
#829 = ADVANCED_FACE ( 'NONE', ( #2515 ), #3332, .T. ) ;
#830 = CIRCLE ( 'NONE', #3007, 9.499999999999998224 ) ;
#831 = CARTESIAN_POINT ( 'NONE',  ( -16.43502884254428054, 5.000000000000000000, 13.43502884254455054 ) ) ;
#832 = ORIENTED_EDGE ( 'NONE', *, *, #2842, .F. ) ;
#833 = DIRECTION ( 'NONE',  ( 0.6123724356957929160, 0.7071067811865485719, 0.3535533905932742860 ) ) ;
#834 = CARTESIAN_POINT ( 'NONE',  ( -1.000000000000000888, 0.4999999999999997780, -22.50000000000000711 ) ) ;
#835 = AXIS2_PLACEMENT_3D ( 'NONE', #2203, #1031, #2754 ) ;
#836 = ORIENTED_EDGE ( 'NONE', *, *, #2434, .F. ) ;
#837 = CARTESIAN_POINT ( 'NONE',  ( 0.000000000000000000, 8.000000000000000000, -12.23000000000000043 ) ) ;
#838 = DIRECTION ( 'NONE',  ( -1.000000000000000000, 0.000000000000000000, -1.335390754433030140E-16 ) ) ;
#839 = CARTESIAN_POINT ( 'NONE',  ( -19.48557158514997312, 3.500000000000000000, -11.24999999999982592 ) ) ;
#840 = ADVANCED_FACE ( 'NONE', ( #678, #66 ), #1609, .F. ) ;
#841 = ORIENTED_EDGE ( 'NONE', *, *, #1472, .T. ) ;
#842 = DIRECTION ( 'NONE',  ( 0.000000000000000000, -1.000000000000000000, -0.000000000000000000 ) ) ;
#843 = ORIENTED_EDGE ( 'NONE', *, *, #1931, .F. ) ;
#844 = DIRECTION ( 'NONE',  ( -0.8571673007021121116, -0.5150380749100544886, 9.083323623117756964E-15 ) ) ;
#845 = ORIENTED_EDGE ( 'NONE', *, *, #3055, .T. ) ;
#846 = DIRECTION ( 'NONE',  ( 1.000000000000000000, 0.000000000000000000, 0.000000000000000000 ) ) ;
#847 = AXIS2_PLACEMENT_3D ( 'NONE', #1489, #561, #2654 ) ;
#848 = ADVANCED_FACE ( 'NONE', ( #3355 ), #1875, .F. ) ;
#849 = SURFACE_SIDE_STYLE ('',( #1475 ) ) ;
#850 = CIRCLE ( 'NONE', #789, 1.649999999999997913 ) ;
#851 = CARTESIAN_POINT ( 'NONE',  ( 6.750000000000135891, 5.000000000000000000, 11.69134295108984212 ) ) ;
#852 = EDGE_CURVE ( 'NONE', #534, #1156, #1642, .T. ) ;
#853 = CIRCLE ( 'NONE', #1916, 2.999999999999996891 ) ;
#854 = ORIENTED_EDGE ( 'NONE', *, *, #59, .F. ) ;
#855 = LINE ( 'NONE', #1767, #375 ) ;
#856 = CARTESIAN_POINT ( 'NONE',  ( 1.160900368822718409, 9.000000000000001776, -20.00000000000000000 ) ) ;
#857 = FACE_OUTER_BOUND ( 'NONE', #995, .T. ) ;
#858 = CIRCLE ( 'NONE', #3157, 2.999999999999996891 ) ;
#859 = AXIS2_PLACEMENT_3D ( 'NONE', #3524, #1809, #3830 ) ;
#860 = CARTESIAN_POINT ( 'NONE',  ( -23.09401076758503990, 0.5000000000000013323, -4.999999999999997335 ) ) ;
#861 = ORIENTED_EDGE ( 'NONE', *, *, #203, .F. ) ;
#862 = CARTESIAN_POINT ( 'NONE',  ( -13.50000000000000000, 12.00000000000000000, 1.699999999999996625 ) ) ;
#863 = ORIENTED_EDGE ( 'NONE', *, *, #2926, .F. ) ;
#864 = CIRCLE ( 'NONE', #1368, 1.649999999999997247 ) ;
#865 = ORIENTED_EDGE ( 'NONE', *, *, #2151, .T. ) ;
#866 = AXIS2_PLACEMENT_3D ( 'NONE', #3100, #3375, #1034 ) ;
#867 = CARTESIAN_POINT ( 'NONE',  ( 1.163414459189987457E-15, 12.00000000000000000, -9.500000000000015987 ) ) ;
#868 = DIRECTION ( 'NONE',  ( -0.8660254037844363761, 0.000000000000000000, 0.5000000000000038858 ) ) ;
#869 = EDGE_CURVE ( 'NONE', #673, #120, #385, .T. ) ;
#870 = DIRECTION ( 'NONE',  ( -0.000000000000000000, -1.000000000000000000, -0.000000000000000000 ) ) ;
#871 = STYLED_ITEM ( 'NONE', ( #3131 ), #1459 ) ;
#872 = ORIENTED_EDGE ( 'NONE', *, *, #2553, .F. ) ;
#873 = DIRECTION ( 'NONE',  ( 0.000000000000000000, 0.000000000000000000, 1.000000000000000000 ) ) ;
#874 = DIRECTION ( 'NONE',  ( 0.000000000000000000, 0.000000000000000000, 1.000000000000000000 ) ) ;
#875 = CARTESIAN_POINT ( 'NONE',  ( -7.216878364870324525, 0.5000000000000004441, -22.50000000000001066 ) ) ;
#876 = VECTOR ( 'NONE', #2691, 1000.000000000000000 ) ;
#877 = CARTESIAN_POINT ( 'NONE',  ( 13.43502884254437646, -1.187907395172929833E-15, -13.43502884254442620 ) ) ;
#878 = EDGE_LOOP ( 'NONE', ( #748, #2918, #947 ) ) ;
#879 = DIRECTION ( 'NONE',  ( 0.8660254037844431485, 0.000000000000000000, 0.4999999999999922284 ) ) ;
#880 = ORIENTED_EDGE ( 'NONE', *, *, #2072, .F. ) ;
#881 = DIRECTION ( 'NONE',  ( 4.336808689942017120E-17, 0.000000000000000000, -1.000000000000000000 ) ) ;
#882 = AXIS2_PLACEMENT_3D ( 'NONE', #1528, #2131, #3356 ) ;
#883 = EDGE_CURVE ( 'NONE', #397, #3454, #3723, .T. ) ;
#884 = EDGE_LOOP ( 'NONE', ( #1467, #1995, #1880 ) ) ;
#885 = ADVANCED_FACE ( 'NONE', ( #656 ), #3395, .T. ) ;
#886 = EDGE_CURVE ( 'NONE', #2985, #2896, #3731, .T. ) ;
#887 = LINE ( 'NONE', #286, #3339 ) ;
#888 = DIRECTION ( 'NONE',  ( 0.000000000000000000, -1.000000000000000000, 0.000000000000000000 ) ) ;
#889 = EDGE_LOOP ( 'NONE', ( #1934, #3831, #863, #3182, #3671 ) ) ;
#890 = LINE ( 'NONE', #587, #2877 ) ;
#891 = LINE ( 'NONE', #571, #451 ) ;
#892 = DIRECTION ( 'NONE',  ( -0.8660254037844400399, 0.000000000000000000, -0.4999999999999978351 ) ) ;
#893 = AXIS2_PLACEMENT_3D ( 'NONE', #2437, #1015, #3075 ) ;
#894 = EDGE_CURVE ( 'NONE', #1095, #1810, #3703, .T. ) ;
#895 = LINE ( 'NONE', #1214, #1733 ) ;
#896 = VECTOR ( 'NONE', #352, 1000.000000000000000 ) ;
#897 = ORIENTED_EDGE ( 'NONE', *, *, #3430, .T. ) ;
#898 = DIRECTION ( 'NONE',  ( -0.000000000000000000, -1.000000000000000000, -0.000000000000000000 ) ) ;
#899 = CARTESIAN_POINT ( 'NONE',  ( -3.422894331142495083, 12.00000000000000000, -18.68913573169804820 ) ) ;
#900 = DIRECTION ( 'NONE',  ( -0.000000000000000000, -1.000000000000000000, 0.000000000000000000 ) ) ;
#901 = EDGE_CURVE ( 'NONE', #184, #3093, #2777, .T. ) ;
#902 = ORIENTED_EDGE ( 'NONE', *, *, #1887, .T. ) ;
#903 = EDGE_LOOP ( 'NONE', ( #3167, #369, #2801 ) ) ;
#904 = DIRECTION ( 'NONE',  ( -0.000000000000000000, 1.000000000000000000, -0.000000000000000000 ) ) ;
#905 = ADVANCED_FACE ( 'NONE', ( #740 ), #1926, .T. ) ;
#906 = DIRECTION ( 'NONE',  ( -0.000000000000000000, -1.000000000000000000, -0.000000000000000000 ) ) ;
#907 = DIRECTION ( 'NONE',  ( -0.000000000000000000, -1.000000000000000000, -0.000000000000000000 ) ) ;
#908 = CIRCLE ( 'NONE', #721, 10.00000000000000000 ) ;
#909 = ORIENTED_EDGE ( 'NONE', *, *, #3776, .T. ) ;
#910 = DIRECTION ( 'NONE',  ( -0.8660254037844397068, 0.000000000000000000, -0.4999999999999980571 ) ) ;
#911 = DIRECTION ( 'NONE',  ( -0.000000000000000000, 1.000000000000000000, -0.000000000000000000 ) ) ;
#912 = CARTESIAN_POINT ( 'NONE',  ( 14.43375672974063662, 6.499999999999992895, 0.000000000000000000 ) ) ;
#913 = AXIS2_PLACEMENT_3D ( 'NONE', #3334, #1261, #635 ) ;
#914 = AXIS2_PLACEMENT_3D ( 'NONE', #1286, #2470, #356 ) ;
#915 = VECTOR ( 'NONE', #1938, 1000.000000000000114 ) ;
#916 = CARTESIAN_POINT ( 'NONE',  ( 8.701279441628802402, 3.500000000000000000, -6.928941916244363952 ) ) ;
#917 = ORIENTED_EDGE ( 'NONE', *, *, #1313, .F. ) ;
#918 = CYLINDRICAL_SURFACE ( 'NONE', #2109, 1.000000000000000888 ) ;
#919 = CARTESIAN_POINT ( 'NONE',  ( 14.43375672974063662, 7.000000000000000000, 0.000000000000000000 ) ) ;
#920 = DIRECTION ( 'NONE',  ( -0.000000000000000000, -1.000000000000000000, -0.000000000000000000 ) ) ;
#921 = CIRCLE ( 'NONE', #1671, 9.499999999999989342 ) ;
#922 = STYLED_ITEM ( 'NONE', ( #2851 ), #2200 ) ;
#923 = AXIS2_PLACEMENT_3D ( 'NONE', #3610, #2429, #705 ) ;
#924 = ORIENTED_EDGE ( 'NONE', *, *, #1814, .F. ) ;
#925 = EDGE_LOOP ( 'NONE', ( #351, #3698, #625, #3142 ) ) ;
#926 = LINE ( 'NONE', #1264, #3365 ) ;
#927 = CIRCLE ( 'NONE', #2799, 17.49999999999999645 ) ;
#928 = DIRECTION ( 'NONE',  ( 0.000000000000000000, 1.000000000000000000, 0.000000000000000000 ) ) ;
#929 = DIRECTION ( 'NONE',  ( 0.000000000000000000, 1.000000000000000000, 0.000000000000000000 ) ) ;
#930 = AXIS2_PLACEMENT_3D ( 'NONE', #785, #1124, #2656 ) ;
#931 = ORIENTED_EDGE ( 'NONE', *, *, #1314, .F. ) ;
#932 = EDGE_CURVE ( 'NONE', #1138, #419, #3062, .T. ) ;
#933 = CARTESIAN_POINT ( 'NONE',  ( -13.50000000000000000, 5.000000000000000000, -2.999999999999997780 ) ) ;
#934 = DIRECTION ( 'NONE',  ( -0.000000000000000000, 1.000000000000000000, -0.000000000000000000 ) ) ;
#935 = CARTESIAN_POINT ( 'NONE',  ( -4.336808689942017736E-15, 3.500000000000000000, 11.00000000000000711 ) ) ;
#936 = VECTOR ( 'NONE', #3609, 1000.000000000000000 ) ;
#937 = CARTESIAN_POINT ( 'NONE',  ( -8.222243186433441764, 0.000000000000000000, 10.84134295108999879 ) ) ;
#938 = EDGE_LOOP ( 'NONE', ( #1410, #3084, #2677, #224 ) ) ;
#939 = FACE_OUTER_BOUND ( 'NONE', #3447, .T. ) ;
#940 = DIRECTION ( 'NONE',  ( 0.8660254037844431485, 0.000000000000000000, 0.4999999999999920619 ) ) ;
#941 = EDGE_CURVE ( 'NONE', #2910, #1869, #2741, .T. ) ;
#942 = DIRECTION ( 'NONE',  ( 1.000000000000000000, 0.000000000000000000, 1.335390754433031373E-16 ) ) ;
#943 = ORIENTED_EDGE ( 'NONE', *, *, #2621, .T. ) ;
#944 = EDGE_LOOP ( 'NONE', ( #2420, #1284 ) ) ;
#945 = FACE_OUTER_BOUND ( 'NONE', #1078, .T. ) ;
#946 = FACE_OUTER_BOUND ( 'NONE', #1337, .T. ) ;
#947 = ORIENTED_EDGE ( 'NONE', *, *, #478, .T. ) ;
#948 = CARTESIAN_POINT ( 'NONE',  ( -13.43502884254438001, -1.187907395172929833E-15, -13.43502884254442264 ) ) ;
#949 = EDGE_CURVE ( 'NONE', #2205, #3085, #85, .T. ) ;
#950 = CARTESIAN_POINT ( 'NONE',  ( -13.50000000000000000, 5.000000000000000000, 0.000000000000000000 ) ) ;
#951 = EDGE_CURVE ( 'NONE', #2295, #641, #1373, .T. ) ;
#952 = ORIENTED_EDGE ( 'NONE', *, *, #1434, .T. ) ;
#953 = DIRECTION ( 'NONE',  ( 0.000000000000000000, 0.000000000000000000, 1.000000000000000000 ) ) ;
#954 = CARTESIAN_POINT ( 'NONE',  ( -5.277756813566514715, 5.000000000000000000, -12.54134295108989861 ) ) ;
#955 = DIRECTION ( 'NONE',  ( -1.734723475976807094E-15, 0.000000000000000000, 1.000000000000000000 ) ) ;
#956 = ADVANCED_FACE ( 'NONE', ( #2146 ), #361, .F. ) ;
#957 = ORIENTED_EDGE ( 'NONE', *, *, #1584, .T. ) ;
#958 = CARTESIAN_POINT ( 'NONE',  ( -7.216878364870327189, 0.000000000000000000, 12.50000000000000533 ) ) ;
#959 = CARTESIAN_POINT ( 'NONE',  ( -6.749999999999891642, 3.851859888774471706E-31, 11.69134295108998245 ) ) ;
#960 = DIRECTION ( 'NONE',  ( 0.000000000000000000, -1.000000000000000000, 0.000000000000000000 ) ) ;
#961 = MECHANICAL_DESIGN_GEOMETRIC_PRESENTATION_REPRESENTATION (  '', ( #1090 ), #2460 ) ;
#962 = ORIENTED_EDGE ( 'NONE', *, *, #2842, .T. ) ;
#963 = ORIENTED_EDGE ( 'NONE', *, *, #1212, .F. ) ;
#964 = CIRCLE ( 'NONE', #2927, 2.999999999999992450 ) ;
#965 = CARTESIAN_POINT ( 'NONE',  ( -15.87713240271471093, 6.499999999999992895, 17.50000000000000711 ) ) ;
#966 = CARTESIAN_POINT ( 'NONE',  ( -7.216878364870328966, 0.5000000000000004441, 22.50000000000000711 ) ) ;
#967 = ORIENTED_EDGE ( 'NONE', *, *, #2081, .T. ) ;
#968 = DIRECTION ( 'NONE',  ( 0.000000000000000000, -0.5150380749100544886, 0.8571673007021121116 ) ) ;
#969 = DIRECTION ( 'NONE',  ( 0.8660254037844431485, 0.000000000000000000, 0.4999999999999921729 ) ) ;
#970 = EDGE_LOOP ( 'NONE', ( #1596, #412, #3042, #3481 ) ) ;
#971 = CARTESIAN_POINT ( 'NONE',  ( 8.222243186433518147, 0.000000000000000000, -10.84134295108994372 ) ) ;
#972 = LINE ( 'NONE', #3039, #3403 ) ;
#973 = DIRECTION ( 'NONE',  ( 0.000000000000000000, 1.000000000000000000, -0.000000000000000000 ) ) ;
#974 = ORIENTED_EDGE ( 'NONE', *, *, #186, .T. ) ;
#975 = CARTESIAN_POINT ( 'NONE',  ( -14.43375672974065260, 7.000000000000000000, 2.602085213965210642E-15 ) ) ;
#976 = CARTESIAN_POINT ( 'NONE',  ( 1.836970198721028948E-16, 8.000000000000000000, -13.73000000000000043 ) ) ;
#977 = DIRECTION ( 'NONE',  ( -0.000000000000000000, -0.000000000000000000, 1.000000000000000000 ) ) ;
#978 = VECTOR ( 'NONE', #1709, 1000.000000000000000 ) ;
#979 = AXIS2_PLACEMENT_3D ( 'NONE', #1645, #2500, #1036 ) ;
#980 = CIRCLE ( 'NONE', #1298, 2.999999999999997780 ) ;
#981 = EDGE_LOOP ( 'NONE', ( #974, #1750, #2194, #2502 ) ) ;
#982 = ORIENTED_EDGE ( 'NONE', *, *, #1574, .F. ) ;
#983 = CONICAL_SURFACE ( 'NONE', #3098, 1.499999999999999556, 1.029744258676653645 ) ;
#984 = EDGE_CURVE ( 'NONE', #527, #2266, #204, .T. ) ;
#985 = CARTESIAN_POINT ( 'NONE',  ( -15.44411970082248509, 7.000000000000000000, 17.25000000000000000 ) ) ;
#986 = CARTESIAN_POINT ( 'NONE',  ( -2.438086578130286508, 9.000000000000001776, -18.51548755403112168 ) ) ;
#987 = VECTOR ( 'NONE', #3794, 1000.000000000000000 ) ;
#988 = VECTOR ( 'NONE', #2361, 1000.000000000000000 ) ;
#989 = EDGE_LOOP ( 'NONE', ( #2497, #520, #3666 ) ) ;
#990 = VECTOR ( 'NONE', #3580, 1000.000000000000000 ) ;
#991 = AXIS2_PLACEMENT_3D ( 'NONE', #1711, #3821, #213 ) ;
#992 = CARTESIAN_POINT ( 'NONE',  ( -25.98076211353316722, 0.5000000000000004441, 3.206309531681586310E-15 ) ) ;
#993 = ADVANCED_FACE ( 'NONE', ( #1701 ), #2556, .F. ) ;
#994 = AXIS2_PLACEMENT_3D ( 'NONE', #1470, #3510, #3453 ) ;
#995 = EDGE_LOOP ( 'NONE', ( #755, #3028, #463, #1583 ) ) ;
#996 = CARTESIAN_POINT ( 'NONE',  ( 10.59149068828374318, 7.098709071458658926, 6.114999999999901625 ) ) ;
#997 = DIRECTION ( 'NONE',  ( -0.000000000000000000, -1.000000000000000000, 0.000000000000000000 ) ) ;
#998 = CARTESIAN_POINT ( 'NONE',  ( -10.35127944162886493, 3.500000000000000000, -4.071058083755588974 ) ) ;
#999 = ORIENTED_EDGE ( 'NONE', *, *, #764, .T. ) ;
#1000 = LINE ( 'NONE', #1061, #915 ) ;
#1001 = FACE_OUTER_BOUND ( 'NONE', #2195, .T. ) ;
#1002 = AXIS2_PLACEMENT_3D ( 'NONE', #1901, #2213, #3107 ) ;
#1003 = EDGE_LOOP ( 'NONE', ( #1512, #952 ) ) ;
#1004 = ORIENTED_EDGE ( 'NONE', *, *, #852, .T. ) ;
#1005 = DIRECTION ( 'NONE',  ( -0.8660254037844363761, 0.000000000000000000, 0.5000000000000038858 ) ) ;
#1006 = DIRECTION ( 'NONE',  ( 0.000000000000000000, -1.000000000000000000, 0.000000000000000000 ) ) ;
#1007 = ADVANCED_FACE ( 'NONE', ( #2281 ), #2903, .T. ) ;
#1008 = AXIS2_PLACEMENT_3D ( 'NONE', #221, #2594, #3435 ) ;
#1009 = ORIENTED_EDGE ( 'NONE', *, *, #3126, .F. ) ;
#1010 = LINE ( 'NONE', #992, #2228 ) ;
#1011 = EDGE_CURVE ( 'NONE', #3255, #669, #1247, .T. ) ;
#1012 = AXIS2_PLACEMENT_3D ( 'NONE', #403, #2172, #1812 ) ;
#1013 = DIRECTION ( 'NONE',  ( 9.442638579934136424E-17, 0.7071067811865487940, -0.7071067811865463515 ) ) ;
#1014 = ORIENTED_EDGE ( 'NONE', *, *, #3599, .T. ) ;
#1015 = DIRECTION ( 'NONE',  ( 0.000000000000000000, 1.000000000000000000, 0.000000000000000000 ) ) ;
#1016 = DIRECTION ( 'NONE',  ( 0.000000000000000000, 0.000000000000000000, 1.000000000000000000 ) ) ;
#1017 = ORIENTED_EDGE ( 'NONE', *, *, #3305, .F. ) ;
#1018 = DIRECTION ( 'NONE',  ( -0.000000000000000000, -1.000000000000000000, -0.000000000000000000 ) ) ;
#1019 = DIRECTION ( 'NONE',  ( 1.000000000000000000, 0.000000000000000000, 0.000000000000000000 ) ) ;
#1020 = FACE_BOUND ( 'NONE', #525, .T. ) ;
#1021 = ADVANCED_FACE ( 'NONE', ( #1992 ), #777, .T. ) ;
#1022 = EDGE_LOOP ( 'NONE', ( #1017, #2780 ) ) ;
#1023 = ORIENTED_EDGE ( 'NONE', *, *, #3089, .T. ) ;
#1024 = DIRECTION ( 'NONE',  ( -0.000000000000000000, 1.000000000000000000, -0.000000000000000000 ) ) ;
#1025 = ADVANCED_FACE ( 'NONE', ( #238 ), #1374, .F. ) ;
#1026 = VECTOR ( 'NONE', #1805, 1000.000000000000000 ) ;
#1027 = VERTEX_POINT ( 'NONE', #1967 ) ;
#1028 = CARTESIAN_POINT ( 'NONE',  ( -6.749999999999891642, 5.000000000000000000, 11.69134295108998245 ) ) ;
#1029 = FACE_OUTER_BOUND ( 'NONE', #3207, .T. ) ;
#1030 = EDGE_LOOP ( 'NONE', ( #192, #2655, #1951, #2000 ) ) ;
#1031 = DIRECTION ( 'NONE',  ( 0.000000000000000000, -1.000000000000000000, 0.000000000000000000 ) ) ;
#1032 = CARTESIAN_POINT ( 'NONE',  ( 13.43502884254438001, -1.187907395172929833E-15, 13.43502884254442264 ) ) ;
#1033 = ORIENTED_EDGE ( 'NONE', *, *, #1064, .F. ) ;
#1034 = DIRECTION ( 'NONE',  ( 0.000000000000000000, 0.000000000000000000, 1.000000000000000000 ) ) ;
#1035 = CARTESIAN_POINT ( 'NONE',  ( 0.000000000000000000, 12.00000000000000000, -12.23000000000000043 ) ) ;
#1036 = DIRECTION ( 'NONE',  ( 1.000000000000000000, 0.000000000000000000, -1.040834085586086939E-14 ) ) ;
#1037 = AXIS2_PLACEMENT_3D ( 'NONE', #2310, #3796, #2930 ) ;
#1038 = CIRCLE ( 'NONE', #2906, 1.000000000000000888 ) ;
#1039 = ORIENTED_EDGE ( 'NONE', *, *, #1903, .F. ) ;
#1040 = ORIENTED_EDGE ( 'NONE', *, *, #886, .F. ) ;
#1041 = DIRECTION ( 'NONE',  ( 0.000000000000000000, 0.000000000000000000, 1.000000000000000000 ) ) ;
#1042 = UNCERTAINTY_MEASURE_WITH_UNIT (LENGTH_MEASURE( 1.000000000000000082E-05 ), #2647, 'distance_accuracy_value', 'NONE');
#1043 = AXIS2_PLACEMENT_3D ( 'NONE', #2760, #301, #2445 ) ;
#1044 = EDGE_LOOP ( 'NONE', ( #65, #173, #456, #2286 ) ) ;
#1045 = CARTESIAN_POINT ( 'NONE',  ( -13.43502884254438001, -1.187907395172929833E-15, -13.43502884254442264 ) ) ;
#1046 = CIRCLE ( 'NONE', #2605, 1.699999999999998623 ) ;
#1047 = VECTOR ( 'NONE', #2635, 1000.000000000000000 ) ;
#1048 = DIRECTION ( 'NONE',  ( -0.8571673007021113344, 1.049727191138617463E-16, 0.5150380749100558209 ) ) ;
#1049 = AXIS2_PLACEMENT_3D ( 'NONE', #2276, #3457, #792 ) ;
#1050 = ORIENTED_EDGE ( 'NONE', *, *, #1320, .F. ) ;
#1051 = LINE ( 'NONE', #1404, #1831 ) ;
#1052 = DIRECTION ( 'NONE',  ( 0.000000000000000000, -1.000000000000000000, 0.000000000000000000 ) ) ;
#1053 = CLOSED_SHELL ( 'NONE', ( #2557, #2385, #1534, #3192, #3544, #3749, #2722, #1552, #2765, #1760, #3073, #1762, #2576, #2200, #2324, #1241, #1998, #3324, #1342, #2775, #2845, #3716, #2915, #1025, #196, #3124, #1867, #313, #1132, #63, #3687, #1195, #2283, #2505, #1861, #2459, #2922, #3411, #2050, #3080, #2394, #2241, #2607, #370, #1748, #786, #1248, #691, #3538, #885, #168, #295, #2881, #1808, #2454, #1776, #2436, #3297, #2270, #2890, #840, #2518, #2003, #427, #2116, #1715, #1785, #1175, #78, #111, #2675, #993, #491, #2625, #1699, #2405, #2150, #3258, #848, #2452, #3820, #3091, #1366, #2064, #1360, #3460, #2674, #2688, #1523, #956, #377, #148, #1459, #3346, #1911, #2043, #809, #779, #3643, #3818, #6, #3529, #3520, #716, #1189, #1742, #1222, #1456, #3495, #1989, #3004, #3484, #2166, #905, #1652, #728, #241, #3860, #3523, #2105, #829, #1460, #2865, #1021, #2285, #1385, #26, #2523, #1007, #474, #1283, #3662 ) ) ;
#1054 = EDGE_CURVE ( 'NONE', #117, #30, #501, .T. ) ;
#1055 = EDGE_CURVE ( 'NONE', #1507, #3539, #2263, .T. ) ;
#1056 = EDGE_CURVE ( 'NONE', #1156, #1804, #1952, .T. ) ;
#1057 = ORIENTED_EDGE ( 'NONE', *, *, #2784, .T. ) ;
#1058 = VECTOR ( 'NONE', #2171, 1000.000000000000000 ) ;
#1059 = LINE ( 'NONE', #2248, #1384 ) ;
#1060 = EDGE_CURVE ( 'NONE', #88, #1403, #2192, .T. ) ;
#1061 = CARTESIAN_POINT ( 'NONE',  ( 12.99038105676658361, 0.4999999999999978351, 22.50000000000001066 ) ) ;
#1062 = FACE_BOUND ( 'NONE', #1570, .T. ) ;
#1063 = STYLED_ITEM ( 'NONE', ( #3783 ), #1760 ) ;
#1064 = EDGE_CURVE ( 'NONE', #3494, #645, #3503, .T. ) ;
#1065 = EDGE_LOOP ( 'NONE', ( #787, #2653, #2563, #3300, #487, #845 ) ) ;
#1066 = VERTEX_POINT ( 'NONE', #3212 ) ;
#1067 = CARTESIAN_POINT ( 'NONE',  ( -7.216878364870324525, 6.499999999999992895, -22.50000000000001066 ) ) ;
#1068 = VECTOR ( 'NONE', #31, 1000.000000000000114 ) ;
#1069 = ORIENTED_EDGE ( 'NONE', *, *, #2657, .F. ) ;
#1070 =( NAMED_UNIT ( * ) PLANE_ANGLE_UNIT ( ) SI_UNIT ( $, .RADIAN. ) );
#1071 = DIRECTION ( 'NONE',  ( -0.000000000000000000, -1.000000000000000000, -0.000000000000000000 ) ) ;
#1072 = EDGE_CURVE ( 'NONE', #3149, #2254, #185, .T. ) ;
#1073 = FACE_OUTER_BOUND ( 'NONE', #1890, .T. ) ;
#1074 = ORIENTED_EDGE ( 'NONE', *, *, #1345, .T. ) ;
#1075 = EDGE_CURVE ( 'NONE', #2818, #673, #2687, .T. ) ;
#1076 = CARTESIAN_POINT ( 'NONE',  ( 15.44411970082246199, 7.000000000000000000, -17.25000000000000355 ) ) ;
#1077 = DIRECTION ( 'NONE',  ( -0.000000000000000000, -1.000000000000000000, -0.000000000000000000 ) ) ;
#1078 = EDGE_LOOP ( 'NONE', ( #189, #3244, #2701, #854 ) ) ;
#1079 = EDGE_CURVE ( 'NONE', #2501, #2110, #1059, .T. ) ;
#1080 = DIRECTION ( 'NONE',  ( 0.000000000000000000, -1.000000000000000000, -0.000000000000000000 ) ) ;
#1081 = CARTESIAN_POINT ( 'NONE',  ( 6.750000000000135891, 0.000000000000000000, 11.69134295108984212 ) ) ;
#1082 =( NAMED_UNIT ( * ) PLANE_ANGLE_UNIT ( ) SI_UNIT ( $, .RADIAN. ) );
#1083 = ORIENTED_EDGE ( 'NONE', *, *, #144, .F. ) ;
#1084 = CARTESIAN_POINT ( 'NONE',  ( 6.750000000000135891, 3.851859888774471706E-31, 11.69134295108984212 ) ) ;
#1085 = ORIENTED_EDGE ( 'NONE', *, *, #2272, .T. ) ;
#1086 = FACE_OUTER_BOUND ( 'NONE', #58, .T. ) ;
#1087 = EDGE_LOOP ( 'NONE', ( #3722, #1941, #394, #1700 ) ) ;
#1088 = DIRECTION ( 'NONE',  ( 0.000000000000000000, -1.000000000000000000, 0.000000000000000000 ) ) ;
#1089 = AXIS2_PLACEMENT_3D ( 'NONE', #1625, #2811, #736 ) ;
#1090 = STYLED_ITEM ( 'NONE', ( #3480 ), #3694 ) ;
#1091 = CARTESIAN_POINT ( 'NONE',  ( 13.43502884254437824, 6.802581857082681260, 13.43502884254442264 ) ) ;
#1092 = ORIENTED_EDGE ( 'NONE', *, *, #3854, .F. ) ;
#1093 = DIRECTION ( 'NONE',  ( -0.8660254037844367092, 0.000000000000000000, 0.5000000000000035527 ) ) ;
#1094 = EDGE_CURVE ( 'NONE', #1310, #397, #1391, .T. ) ;
#1095 = VERTEX_POINT ( 'NONE', #800 ) ;
#1096 = CARTESIAN_POINT ( 'NONE',  ( -11.89052879396031415, 12.00000000000000000, 6.865000000000057057 ) ) ;
#1097 = CARTESIAN_POINT ( 'NONE',  ( 15.44411970082248153, 7.000000000000000000, 17.25000000000000000 ) ) ;
#1098 = DIRECTION ( 'NONE',  ( 0.000000000000000000, -1.000000000000000000, -0.000000000000000000 ) ) ;
#1099 = ORIENTED_EDGE ( 'NONE', *, *, #350, .T. ) ;
#1100 = DIRECTION ( 'NONE',  ( 0.7423286577013618048, 0.5150380749100548217, -0.4285836503510593309 ) ) ;
#1101 = ORIENTED_EDGE ( 'NONE', *, *, #3248, .F. ) ;
#1102 = CYLINDRICAL_SURFACE ( 'NONE', #994, 1.499999999999999556 ) ;
#1103 = CIRCLE ( 'NONE', #1607, 1.699999999999996403 ) ;
#1104 = VERTEX_POINT ( 'NONE', #3464 ) ;
#1105 = EDGE_CURVE ( 'NONE', #1869, #1115, #1116, .T. ) ;
#1106 = LINE ( 'NONE', #2314, #3273 ) ;
#1107 = AXIS2_PLACEMENT_3D ( 'NONE', #3695, #3677, #3655 ) ;
#1108 = AXIS2_PLACEMENT_3D ( 'NONE', #3775, #3826, #255 ) ;
#1109 = DIRECTION ( 'NONE',  ( -0.5000000000000039968, 0.000000000000000000, -0.8660254037844363761 ) ) ;
#1110 = ORIENTED_EDGE ( 'NONE', *, *, #3254, .T. ) ;
#1111 = CARTESIAN_POINT ( 'NONE',  ( 7.216878364870319196, 7.000000000000000000, 21.99999999999999645 ) ) ;
#1112 = AXIS2_PLACEMENT_3D ( 'NONE', #3661, #3352, #1312 ) ;
#1113 = DIRECTION ( 'NONE',  ( 0.000000000000000000, 1.000000000000000000, 0.000000000000000000 ) ) ;
#1114 = AXIS2_PLACEMENT_3D ( 'NONE', #2082, #274, #3249 ) ;
#1115 = VERTEX_POINT ( 'NONE', #2010 ) ;
#1116 = LINE ( 'NONE', #2306, #3551 ) ;
#1117 = CARTESIAN_POINT ( 'NONE',  ( -13.50000000000000000, 5.000000000000000000, 0.000000000000000000 ) ) ;
#1118 = AXIS2_PLACEMENT_3D ( 'NONE', #2738, #3251, #1772 ) ;
#1119 = CARTESIAN_POINT ( 'NONE',  ( -6.750000000000055067, 12.00000000000000000, -11.69134295108989363 ) ) ;
#1120 = VERTEX_POINT ( 'NONE', #3195 ) ;
#1121 = LINE ( 'NONE', #824, #1537 ) ;
#1122 = ORIENTED_EDGE ( 'NONE', *, *, #124, .T. ) ;
#1123 = CIRCLE ( 'NONE', #2673, 1.499999999999999334 ) ;
#1124 = DIRECTION ( 'NONE',  ( -0.8660254037844432595, 0.000000000000000000, -0.4999999999999919509 ) ) ;
#1125 = ORIENTED_EDGE ( 'NONE', *, *, #681, .T. ) ;
#1126 = CYLINDRICAL_SURFACE ( 'NONE', #1845, 18.00000000000000355 ) ;
#1127 = EDGE_CURVE ( 'NONE', #194, #2031, #570, .T. ) ;
#1128 = FACE_OUTER_BOUND ( 'NONE', #1348, .T. ) ;
#1129 = ORIENTED_EDGE ( 'NONE', *, *, #2366, .T. ) ;
#1130 = LINE ( 'NONE', #3499, #432 ) ;
#1131 = LINE ( 'NONE', #535, #597 ) ;
#1132 = ADVANCED_FACE ( 'NONE', ( #2649 ), #626, .F. ) ;
#1133 = VERTEX_POINT ( 'NONE', #3825 ) ;
#1134 = DIRECTION ( 'NONE',  ( 0.000000000000000000, -1.000000000000000000, 0.000000000000000000 ) ) ;
#1135 = SURFACE_STYLE_USAGE ( .BOTH. , #2341 ) ;
#1136 = ORIENTED_EDGE ( 'NONE', *, *, #3711, .T. ) ;
#1137 = DIRECTION ( 'NONE',  ( 0.000000000000000000, 0.000000000000000000, 1.000000000000000000 ) ) ;
#1138 = VERTEX_POINT ( 'NONE', #292 ) ;
#1139 = LINE ( 'NONE', #1414, #2304 ) ;
#1140 = EDGE_CURVE ( 'NONE', #3675, #244, #855, .T. ) ;
#1141 = EDGE_LOOP ( 'NONE', ( #1099, #610, #2311, #1369 ) ) ;
#1142 = EDGE_CURVE ( 'NONE', #1202, #88, #1826, .T. ) ;
#1143 = DIRECTION ( 'NONE',  ( 0.000000000000000000, -1.000000000000000000, 0.000000000000000000 ) ) ;
#1144 = EDGE_CURVE ( 'NONE', #1120, #2115, #2062, .T. ) ;
#1145 = VECTOR ( 'NONE', #1503, 1000.000000000000114 ) ;
#1146 = CARTESIAN_POINT ( 'NONE',  ( 19.48557158514982746, 3.500000000000000000, -11.25000000000009237 ) ) ;
#1147 = DIRECTION ( 'NONE',  ( 0.000000000000000000, -1.000000000000000000, 0.000000000000000000 ) ) ;
#1148 = AXIS2_PLACEMENT_3D ( 'NONE', #2020, #1455, #868 ) ;
#1149 = VECTOR ( 'NONE', #2244, 1000.000000000000000 ) ;
#1150 = EDGE_LOOP ( 'NONE', ( #3374, #1940 ) ) ;
#1151 = CARTESIAN_POINT ( 'NONE',  ( -7.216878364870324525, 6.499999999999992895, -12.50000000000000888 ) ) ;
#1152 = FACE_OUTER_BOUND ( 'NONE', #3525, .T. ) ;
#1153 = DIRECTION ( 'NONE',  ( 0.4999999999999993894, 0.000000000000000000, -0.8660254037844389297 ) ) ;
#1154 = VERTEX_POINT ( 'NONE', #1482 ) ;
#1155 = DIRECTION ( 'NONE',  ( -0.000000000000000000, -1.000000000000000000, 0.000000000000000000 ) ) ;
#1156 = VERTEX_POINT ( 'NONE', #3245 ) ;
#1157 = SURFACE_STYLE_FILL_AREA ( #1438 ) ;
#1158 = EDGE_LOOP ( 'NONE', ( #2183, #1490, #3765, #615 ) ) ;
#1159 = UNCERTAINTY_MEASURE_WITH_UNIT (LENGTH_MEASURE( 1.000000000000000082E-05 ), #2312, 'distance_accuracy_value', 'NONE');
#1160 = DIRECTION ( 'NONE',  ( 0.8660254037844433705, 0.000000000000000000, 0.4999999999999918399 ) ) ;
#1161 = CARTESIAN_POINT ( 'NONE',  ( 13.50000000000000000, 0.000000000000000000, 2.999999999999995559 ) ) ;
#1162 = CIRCLE ( 'NONE', #2602, 2.999999999999992450 ) ;
#1163 = DIRECTION ( 'NONE',  ( -0.000000000000000000, 1.000000000000000000, -0.000000000000000000 ) ) ;
#1164 = AXIS2_PLACEMENT_3D ( 'NONE', #1529, #2086, #48 ) ;
#1165 = AXIS2_PLACEMENT_3D ( 'NONE', #3304, #624, #1186 ) ;
#1166 = ORIENTED_EDGE ( 'NONE', *, *, #1687, .F. ) ;
#1167 = CYLINDRICAL_SURFACE ( 'NONE', #1213, 2.999999999999996891 ) ;
#1168 = FACE_OUTER_BOUND ( 'NONE', #110, .T. ) ;
#1169 = FACE_OUTER_BOUND ( 'NONE', #452, .T. ) ;
#1170 = EDGE_CURVE ( 'NONE', #3061, #3079, #890, .T. ) ;
#1171 = CIRCLE ( 'NONE', #1674, 10.00000000000000000 ) ;
#1172 = ADVANCED_BREP_SHAPE_REPRESENTATION ( 'J6输出轴', ( #3694, #706 ), #1648 ) ;
#1173 = AXIS2_PLACEMENT_3D ( 'NONE', #3029, #1884, #2491 ) ;
#1174 = EDGE_CURVE ( 'NONE', #2115, #3061, #183, .T. ) ;
#1175 = ADVANCED_FACE ( 'NONE', ( #3557 ), #1167, .F. ) ;
#1176 = FACE_OUTER_BOUND ( 'NONE', #2699, .T. ) ;
#1177 = ORIENTED_EDGE ( 'NONE', *, *, #1948, .T. ) ;
#1178 = FACE_OUTER_BOUND ( 'NONE', #2472, .T. ) ;
#1179 = ORIENTED_EDGE ( 'NONE', *, *, #3198, .F. ) ;
#1180 = VECTOR ( 'NONE', #2527, 1000.000000000000000 ) ;
#1181 = EDGE_CURVE ( 'NONE', #2538, #388, #2339, .T. ) ;
#1182 = CARTESIAN_POINT ( 'NONE',  ( 13.43502884254437646, 5.000000000000000000, -13.43502884254442620 ) ) ;
#1183 = EDGE_LOOP ( 'NONE', ( #2606, #924, #917, #2376 ) ) ;
#1184 = CARTESIAN_POINT ( 'NONE',  ( -13.43502884254438001, 5.000000000000000000, -13.43502884254442264 ) ) ;
#1185 = FILL_AREA_STYLE_COLOUR ( '', #454 ) ;
#1186 = DIRECTION ( 'NONE',  ( 1.000000000000000000, 0.000000000000000000, 0.000000000000000000 ) ) ;
#1187 =( GEOMETRIC_REPRESENTATION_CONTEXT ( 3 ) GLOBAL_UNCERTAINTY_ASSIGNED_CONTEXT ( ( #2991 ) ) GLOBAL_UNIT_ASSIGNED_CONTEXT ( ( #643, #3337, #2466 ) ) REPRESENTATION_CONTEXT ( 'NONE', 'WORKASPACE' ) );
#1188 = EDGE_CURVE ( 'NONE', #534, #1233, #2391, .T. ) ;
#1189 = ADVANCED_FACE ( 'NONE', ( #3845 ), #3289, .F. ) ;
#1190 = ORIENTED_EDGE ( 'NONE', *, *, #1931, .T. ) ;
#1191 = CYLINDRICAL_SURFACE ( 'NONE', #326, 2.999999999999996891 ) ;
#1192 = CARTESIAN_POINT ( 'NONE',  ( 1.000000000000000000, 0.000000000000000000, -17.50000000000000711 ) ) ;
#1193 = DIRECTION ( 'NONE',  ( 0.000000000000000000, -1.000000000000000000, 0.000000000000000000 ) ) ;
#1194 = AXIS2_PLACEMENT_3D ( 'NONE', #1151, #3863, #1208 ) ;
#1195 = ADVANCED_FACE ( 'NONE', ( #1786 ), #1191, .F. ) ;
#1196 = LINE ( 'NONE', #3267, #2418 ) ;
#1197 = ORIENTED_EDGE ( 'NONE', *, *, #2508, .F. ) ;
#1198 = DIRECTION ( 'NONE',  ( -0.000000000000000000, -1.000000000000000000, 0.000000000000000000 ) ) ;
#1199 = ORIENTED_EDGE ( 'NONE', *, *, #3843, .F. ) ;
#1200 = CARTESIAN_POINT ( 'NONE',  ( 7.216878364870320972, 7.000000000000000000, 12.50000000000000888 ) ) ;
#1201 = VERTEX_POINT ( 'NONE', #933 ) ;
#1202 = VERTEX_POINT ( 'NONE', #2101 ) ;
#1203 = PRESENTATION_STYLE_ASSIGNMENT (( #3648 ) ) ;
#1204 = FACE_OUTER_BOUND ( 'NONE', #582, .T. ) ;
#1205 = DIRECTION ( 'NONE',  ( -0.6123724356957936932, -0.7071067811865480168, -0.3535533905932740084 ) ) ;
#1206 = PRESENTATION_STYLE_ASSIGNMENT (( #3262 ) ) ;
#1207 = ORIENTED_EDGE ( 'NONE', *, *, #3140, .T. ) ;
#1208 = DIRECTION ( 'NONE',  ( 1.734723475976807094E-15, 0.000000000000000000, 1.000000000000000000 ) ) ;
#1209 = CARTESIAN_POINT ( 'NONE',  ( 7.599999999999968558, 5.000000000000000000, -13.16358613752348283 ) ) ;
#1210 = PLANE ( 'NONE',  #3347 ) ;
#1211 = CIRCLE ( 'NONE', #3012, 9.500000000000000000 ) ;
#1212 = EDGE_CURVE ( 'NONE', #3417, #3204, #611, .T. ) ;
#1213 = AXIS2_PLACEMENT_3D ( 'NONE', #2358, #2047, #269 ) ;
#1214 = CARTESIAN_POINT ( 'NONE',  ( -13.50000000000000000, 0.000000000000000000, 2.999999999999995559 ) ) ;
#1215 = ORIENTED_EDGE ( 'NONE', *, *, #281, .F. ) ;
#1216 = CARTESIAN_POINT ( 'NONE',  ( -13.50000000000000000, 0.000000000000000000, -1.699999999999997513 ) ) ;
#1217 = ORIENTED_EDGE ( 'NONE', *, *, #574, .F. ) ;
#1218 = CARTESIAN_POINT ( 'NONE',  ( 6.750000000000135891, 5.000000000000000000, 11.69134295108984212 ) ) ;
#1219 = ORIENTED_EDGE ( 'NONE', *, *, #3670, .T. ) ;
#1220 = ORIENTED_EDGE ( 'NONE', *, *, #1072, .F. ) ;
#1221 = CARTESIAN_POINT ( 'NONE',  ( 0.000000000000000000, 7.000000000000000000, 0.000000000000000000 ) ) ;
#1222 = ADVANCED_FACE ( 'NONE', ( #2996 ), #1524, .T. ) ;
#1223 = DIRECTION ( 'NONE',  ( 1.000000000000000000, 0.000000000000000000, -1.040834085586085834E-14 ) ) ;
#1224 = CIRCLE ( 'NONE', #3710, 1.699999999999997069 ) ;
#1225 = VECTOR ( 'NONE', #2126, 1000.000000000000000 ) ;
#1226 = EDGE_LOOP ( 'NONE', ( #35, #3316, #198, #2659 ) ) ;
#1227 = CARTESIAN_POINT ( 'NONE',  ( 10.59149068828374318, 12.00000000000000000, 6.114999999999902514 ) ) ;
#1228 = DIRECTION ( 'NONE',  ( -0.000000000000000000, -1.000000000000000000, -0.000000000000000000 ) ) ;
#1229 = CARTESIAN_POINT ( 'NONE',  ( 9.292452582607078071, 12.00000000000000000, 5.364999999999914948 ) ) ;
#1230 = VECTOR ( 'NONE', #1319, 1000.000000000000000 ) ;
#1231 = CIRCLE ( 'NONE', #1107, 1.699999999999997069 ) ;
#1232 = LINE ( 'NONE', #937, #3036 ) ;
#1233 = VERTEX_POINT ( 'NONE', #15 ) ;
#1234 = DIRECTION ( 'NONE',  ( -0.6123724356957958026, 0.7071067811865463515, -0.3535533905932739529 ) ) ;
#1235 = DIRECTION ( 'NONE',  ( -0.5000000000000044409, 0.000000000000000000, -0.8660254037844361541 ) ) ;
#1236 = DIRECTION ( 'NONE',  ( 0.000000000000000000, -1.000000000000000000, 0.000000000000000000 ) ) ;
#1237 = VECTOR ( 'NONE', #554, 999.9999999999998863 ) ;
#1238 = EDGE_CURVE ( 'NONE', #253, #2254, #3014, .T. ) ;
#1239 = VECTOR ( 'NONE', #3578, 1000.000000000000000 ) ;
#1240 = EDGE_LOOP ( 'NONE', ( #3252, #2636, #3359, #564 ) ) ;
#1241 = ADVANCED_FACE ( 'NONE', ( #3307 ), #3016, .F. ) ;
#1242 = ORIENTED_EDGE ( 'NONE', *, *, #3238, .T. ) ;
#1243 = DIRECTION ( 'NONE',  ( 0.000000000000000000, 0.000000000000000000, -1.000000000000000000 ) ) ;
#1244 = VECTOR ( 'NONE', #1260, 1000.000000000000114 ) ;
#1245 = DIRECTION ( 'NONE',  ( 0.000000000000000000, 0.000000000000000000, 1.000000000000000000 ) ) ;
#1246 = VERTEX_POINT ( 'NONE', #398 ) ;
#1247 = CIRCLE ( 'NONE', #1864, 9.500000000000001776 ) ;
#1248 = ADVANCED_FACE ( 'NONE', ( #358, #1604 ), #2140, .F. ) ;
#1249 = LINE ( 'NONE', #2122, #638 ) ;
#1250 = AXIS2_PLACEMENT_3D ( 'NONE', #1921, #2196, #1005 ) ;
#1251 = CARTESIAN_POINT ( 'NONE',  ( 0.000000000000000000, 8.000000000000000000, -10.73000000000000220 ) ) ;
#1252 = VERTEX_POINT ( 'NONE', #996 ) ;
#1253 = DIRECTION ( 'NONE',  ( 0.4999999999999998890, 0.000000000000000000, -0.8660254037844387076 ) ) ;
#1254 = LINE ( 'NONE', #1586, #2221 ) ;
#1255 = FACE_BOUND ( 'NONE', #449, .T. ) ;
#1256 = MECHANICAL_DESIGN_GEOMETRIC_PRESENTATION_REPRESENTATION (  '', ( #3848 ), #1187 ) ;
#1257 = LINE ( 'NONE', #1962, #2861 ) ;
#1258 = ORIENTED_EDGE ( 'NONE', *, *, #3363, .F. ) ;
#1259 = CARTESIAN_POINT ( 'NONE',  ( 13.43502884254438001, 5.000000000000000000, 10.43502884254442442 ) ) ;
#1260 = DIRECTION ( 'NONE',  ( 0.000000000000000000, -0.7071067811865500152, -0.7071067811865451302 ) ) ;
#1261 = DIRECTION ( 'NONE',  ( 0.000000000000000000, -1.000000000000000000, 0.000000000000000000 ) ) ;
#1262 = ORIENTED_EDGE ( 'NONE', *, *, #1982, .F. ) ;
#1263 = VERTEX_POINT ( 'NONE', #1891 ) ;
#1264 = CARTESIAN_POINT ( 'NONE',  ( -10.43502884254428409, 5.000000000000000000, 13.43502884254448837 ) ) ;
#1265 = DIRECTION ( 'NONE',  ( -0.8660254037844360431, 0.000000000000000000, 0.5000000000000043299 ) ) ;
#1266 = ORIENTED_EDGE ( 'NONE', *, *, #2840, .T. ) ;
#1267 = LINE ( 'NONE', #3631, #3133 ) ;
#1268 = DIRECTION ( 'NONE',  ( 0.000000000000000000, 0.000000000000000000, 1.000000000000000000 ) ) ;
#1269 = VERTEX_POINT ( 'NONE', #2790 ) ;
#1270 = LINE ( 'NONE', #3680, #2075 ) ;
#1271 = CARTESIAN_POINT ( 'NONE',  ( -5.277756813566515603, 0.000000000000000000, -12.54134295108989861 ) ) ;
#1272 = CARTESIAN_POINT ( 'NONE',  ( -13.43502884254438001, -1.187907395172929833E-15, -10.43502884254443153 ) ) ;
#1273 = EDGE_CURVE ( 'NONE', #477, #1095, #100, .T. ) ;
#1274 = ORIENTED_EDGE ( 'NONE', *, *, #768, .F. ) ;
#1275 = DIRECTION ( 'NONE',  ( 1.000000000000000000, -0.000000000000000000, 1.335390754433031373E-16 ) ) ;
#1276 = CARTESIAN_POINT ( 'NONE',  ( 1.102182119232617714E-15, 0.5000000000000056621, 9.000000000000000000 ) ) ;
#1277 = DIRECTION ( 'NONE',  ( -0.8660254037844400399, 0.000000000000000000, -0.4999999999999978351 ) ) ;
#1278 = VECTOR ( 'NONE', #1205, 1000.000000000000114 ) ;
#1279 = ORIENTED_EDGE ( 'NONE', *, *, #2745, .T. ) ;
#1280 = ORIENTED_EDGE ( 'NONE', *, *, #3805, .T. ) ;
#1281 = DIRECTION ( 'NONE',  ( -0.000000000000000000, 1.000000000000000000, -0.000000000000000000 ) ) ;
#1282 = DIRECTION ( 'NONE',  ( 0.000000000000000000, 1.000000000000000000, 0.000000000000000000 ) ) ;
#1283 = ADVANCED_FACE ( 'NONE', ( #2184 ), #80, .F. ) ;
#1284 = ORIENTED_EDGE ( 'NONE', *, *, #1633, .F. ) ;
#1285 = CARTESIAN_POINT ( 'NONE',  ( -11.89052879396031415, 8.000000000000000000, 6.865000000000057057 ) ) ;
#1286 = CARTESIAN_POINT ( 'NONE',  ( 13.50000000000000000, 5.000000000000000000, 0.000000000000000000 ) ) ;
#1287 = ORIENTED_EDGE ( 'NONE', *, *, #57, .T. ) ;
#1288 = DIRECTION ( 'NONE',  ( 0.000000000000000000, -0.7071067811865474617, -0.7071067811865474617 ) ) ;
#1289 = DIRECTION ( 'NONE',  ( 0.000000000000000000, -1.000000000000000000, 0.000000000000000000 ) ) ;
#1290 = FACE_BOUND ( 'NONE', #1321, .T. ) ;
#1291 = ORIENTED_EDGE ( 'NONE', *, *, #3571, .T. ) ;
#1292 = DIRECTION ( 'NONE',  ( 8.659560562354963673E-17, 0.7071067811865450192, -0.7071067811865500152 ) ) ;
#1293 = CARTESIAN_POINT ( 'NONE',  ( -9.348076211353218312, 0.000000000000000000, 10.19134295109000909 ) ) ;
#1294 = CARTESIAN_POINT ( 'NONE',  ( 13.50000000000000000, 5.000000000000000000, 2.999999999999997780 ) ) ;
#1295 = EDGE_CURVE ( 'NONE', #1133, #2717, #1710, .T. ) ;
#1296 = VECTOR ( 'NONE', #3090, 1000.000000000000000 ) ;
#1297 = AXIS2_PLACEMENT_3D ( 'NONE', #1035, #2888, #2816 ) ;
#1298 = AXIS2_PLACEMENT_3D ( 'NONE', #1028, #2182, #969 ) ;
#1299 = ORIENTED_EDGE ( 'NONE', *, *, #2489, .F. ) ;
#1300 = ORIENTED_EDGE ( 'NONE', *, *, #732, .T. ) ;
#1301 = VECTOR ( 'NONE', #383, 1000.000000000000000 ) ;
#1302 = DIRECTION ( 'NONE',  ( -0.000000000000000000, 1.000000000000000000, -0.000000000000000000 ) ) ;
#1303 = DIRECTION ( 'NONE',  ( -0.1736481776669274169, -0.000000000000000000, -0.9848077530122086864 ) ) ;
#1304 = AXIS2_PLACEMENT_3D ( 'NONE', #2142, #1753, #2439 ) ;
#1305 = VECTOR ( 'NONE', #3224, 1000.000000000000114 ) ;
#1306 = EDGE_LOOP ( 'NONE', ( #1833, #3814, #3501, #2638 ) ) ;
#1307 = VECTOR ( 'NONE', #2793, 1000.000000000000000 ) ;
#1308 = CARTESIAN_POINT ( 'NONE',  ( 7.216878364870305873, 6.499999999999992895, -12.50000000000000533 ) ) ;
#1309 = CONICAL_SURFACE ( 'NONE', #2180, 9.499999999999998224, 0.7853981633974500554 ) ;
#1310 = VERTEX_POINT ( 'NONE', #2456 ) ;
#1311 = CARTESIAN_POINT ( 'NONE',  ( 1.000000000000000000, 1.000000000000000000, -17.50000000000000711 ) ) ;
#1312 = DIRECTION ( 'NONE',  ( 1.000000000000000000, 0.000000000000000000, -0.000000000000000000 ) ) ;
#1313 = EDGE_CURVE ( 'NONE', #3417, #1655, #1270, .T. ) ;
#1314 = EDGE_CURVE ( 'NONE', #1403, #88, #2389, .T. ) ;
#1315 = EDGE_CURVE ( 'NONE', #3454, #2024, #3568, .T. ) ;
#1316 = VERTEX_POINT ( 'NONE', #3699 ) ;
#1317 = CARTESIAN_POINT ( 'NONE',  ( 2.937859659752668478E-15, 7.000000000000000000, -21.99999999999999645 ) ) ;
#1318 = LINE ( 'NONE', #386, #2238 ) ;
#1319 = DIRECTION ( 'NONE',  ( -2.168404344971008621E-16, -0.000000000000000000, 1.000000000000000000 ) ) ;
#1320 = EDGE_CURVE ( 'NONE', #234, #448, #440, .T. ) ;
#1321 = EDGE_LOOP ( 'NONE', ( #1101, #3658, #329, #2446, #1793, #723, #1730, #3335, #1331 ) ) ;
#1322 = ORIENTED_EDGE ( 'NONE', *, *, #2331, .T. ) ;
#1323 = FACE_OUTER_BOUND ( 'NONE', #938, .T. ) ;
#1324 = APPLICATION_CONTEXT ( 'automotive_design' ) ;
#1325 = ORIENTED_EDGE ( 'NONE', *, *, #442, .T. ) ;
#1326 = DIRECTION ( 'NONE',  ( 0.000000000000000000, 0.5150380749100549327, 0.8571673007021118895 ) ) ;
#1327 = DIRECTION ( 'NONE',  ( 0.000000000000000000, -1.000000000000000000, 0.000000000000000000 ) ) ;
#1328 = ORIENTED_EDGE ( 'NONE', *, *, #1982, .T. ) ;
#1329 = DIRECTION ( 'NONE',  ( 2.168404344971008621E-16, 0.000000000000000000, -1.000000000000000000 ) ) ;
#1330 = DIRECTION ( 'NONE',  ( 0.000000000000000000, 1.000000000000000000, 0.000000000000000000 ) ) ;
#1331 = ORIENTED_EDGE ( 'NONE', *, *, #1474, .T. ) ;
#1332 = DIRECTION ( 'NONE',  ( 0.000000000000000000, -1.000000000000000000, 0.000000000000000000 ) ) ;
#1333 = DIRECTION ( 'NONE',  ( -0.000000000000000000, -1.000000000000000000, 0.000000000000000000 ) ) ;
#1334 = CARTESIAN_POINT ( 'NONE',  ( 0.000000000000000000, 0.000000000000000000, 0.000000000000000000 ) ) ;
#1335 = CIRCLE ( 'NONE', #3502, 1.699999999999997291 ) ;
#1336 = EDGE_LOOP ( 'NONE', ( #2965, #1912, #2461, #39 ) ) ;
#1337 = EDGE_LOOP ( 'NONE', ( #1956, #807, #401, #3533 ) ) ;
#1338 = CARTESIAN_POINT ( 'NONE',  ( -19.05255888325765667, 0.000000000000000000, -11.00000000000000178 ) ) ;
#1339 = AXIS2_PLACEMENT_3D ( 'NONE', #1566, #2511, #1253 ) ;
#1340 = ORIENTED_EDGE ( 'NONE', *, *, #1822, .F. ) ;
#1341 = DIRECTION ( 'NONE',  ( 0.000000000000000000, 0.000000000000000000, -1.000000000000000000 ) ) ;
#1342 = ADVANCED_FACE ( 'NONE', ( #3617 ), #9, .F. ) ;
#1343 = LINE ( 'NONE', #2242, #3726 ) ;
#1344 = ORIENTED_EDGE ( 'NONE', *, *, #2152, .F. ) ;
#1345 = EDGE_CURVE ( 'NONE', #8, #745, #1898, .T. ) ;
#1346 = FACE_OUTER_BOUND ( 'NONE', #1824, .T. ) ;
#1347 = LINE ( 'NONE', #714, #1480 ) ;
#1348 = EDGE_LOOP ( 'NONE', ( #1886, #438, #1991, #1287, #3216 ) ) ;
#1349 = DIRECTION ( 'NONE',  ( 0.000000000000000000, 1.000000000000000000, 0.000000000000000000 ) ) ;
#1350 = CARTESIAN_POINT ( 'NONE',  ( -7.216878364870324525, 7.000000000000000000, -12.50000000000000888 ) ) ;
#1351 = DIRECTION ( 'NONE',  ( -0.6123724356957924719, 0.7071067811865499042, 0.3535533905932726206 ) ) ;
#1352 = VECTOR ( 'NONE', #898, 1000.000000000000000 ) ;
#1353 = ORIENTED_EDGE ( 'NONE', *, *, #2380, .F. ) ;
#1354 = ORIENTED_EDGE ( 'NONE', *, *, #2926, .T. ) ;
#1355 = AXIS2_PLACEMENT_3D ( 'NONE', #1673, #530, #2567 ) ;
#1356 = CYLINDRICAL_SURFACE ( 'NONE', #1250, 1.699999999999997291 ) ;
#1357 = AXIS2_PLACEMENT_3D ( 'NONE', #1897, #123, #387 ) ;
#1358 = EDGE_CURVE ( 'NONE', #325, #2230, #3077, .T. ) ;
#1359 = AXIS2_PLACEMENT_3D ( 'NONE', #2355, #331, #3555 ) ;
#1360 = ADVANCED_FACE ( 'NONE', ( #60 ), #420, .F. ) ;
#1361 = ORIENTED_EDGE ( 'NONE', *, *, #2175, .T. ) ;
#1362 =( NAMED_UNIT ( * ) SI_UNIT ( $, .STERADIAN. ) SOLID_ANGLE_UNIT ( ) );
#1363 = CARTESIAN_POINT ( 'NONE',  ( 13.50000000000000000, 5.000000000000000000, 0.000000000000000000 ) ) ;
#1364 = VECTOR ( 'NONE', #1147, 1000.000000000000000 ) ;
#1365 = VECTOR ( 'NONE', #1559, 1000.000000000000000 ) ;
#1366 = ADVANCED_FACE ( 'NONE', ( #2162 ), #3038, .F. ) ;
#1367 = LINE ( 'NONE', #134, #1796 ) ;
#1368 = AXIS2_PLACEMENT_3D ( 'NONE', #2646, #3841, #1422 ) ;
#1369 = ORIENTED_EDGE ( 'NONE', *, *, #2695, .F. ) ;
#1370 = CARTESIAN_POINT ( 'NONE',  ( 0.000000000000000000, 12.00000000000000000, 0.000000000000000000 ) ) ;
#1371 = CARTESIAN_POINT ( 'NONE',  ( 7.216878364870307649, 7.000000000000000000, -22.50000000000000711 ) ) ;
#1372 = ORIENTED_EDGE ( 'NONE', *, *, #544, .F. ) ;
#1373 = CIRCLE ( 'NONE', #1561, 1.699999999999996625 ) ;
#1374 = CYLINDRICAL_SURFACE ( 'NONE', #3370, 2.999999999999996891 ) ;
#1375 = CARTESIAN_POINT ( 'NONE',  ( -1.000000000000008216, 1.000000000000000000, -22.50000000000001066 ) ) ;
#1376 = DIRECTION ( 'NONE',  ( -0.5000000000000002220, 0.000000000000000000, -0.8660254037844384856 ) ) ;
#1377 = ORIENTED_EDGE ( 'NONE', *, *, #1825, .T. ) ;
#1378 = CARTESIAN_POINT ( 'NONE',  ( 0.000000000000000000, 12.00000000000000000, 0.000000000000000000 ) ) ;
#1379 = VERTEX_POINT ( 'NONE', #3635 ) ;
#1380 = CYLINDRICAL_SURFACE ( 'NONE', #930, 1.649999999999998135 ) ;
#1381 = AXIS2_PLACEMENT_3D ( 'NONE', #52, #1532, #665 ) ;
#1382 = ORIENTED_EDGE ( 'NONE', *, *, #3026, .T. ) ;
#1383 = LINE ( 'NONE', #3424, #3650 ) ;
#1384 = VECTOR ( 'NONE', #460, 1000.000000000000114 ) ;
#1385 = ADVANCED_FACE ( 'NONE', ( #2732 ), #2895, .T. ) ;
#1386 = CARTESIAN_POINT ( 'NONE',  ( -20.31057158514995820, 3.500000000000000000, -9.821058083755495716 ) ) ;
#1387 = ORIENTED_EDGE ( 'NONE', *, *, #233, .F. ) ;
#1388 = FACE_OUTER_BOUND ( 'NONE', #2427, .T. ) ;
#1389 = CIRCLE ( 'NONE', #190, 1.000000000000000888 ) ;
#1390 = ORIENTED_EDGE ( 'NONE', *, *, #1181, .T. ) ;
#1391 = LINE ( 'NONE', #2577, #304 ) ;
#1392 = CARTESIAN_POINT ( 'NONE',  ( -6.750000000000055067, 3.851859888774471706E-31, -11.69134295108989363 ) ) ;
#1393 = DIRECTION ( 'NONE',  ( -0.000000000000000000, -1.000000000000000000, 0.000000000000000000 ) ) ;
#1394 = EDGE_CURVE ( 'NONE', #745, #8, #3754, .T. ) ;
#1395 = ORIENTED_EDGE ( 'NONE', *, *, #1983, .F. ) ;
#1396 = CARTESIAN_POINT ( 'NONE',  ( -7.216878364870324525, 0.5000000000000004441, -12.50000000000000888 ) ) ;
#1397 = ORIENTED_EDGE ( 'NONE', *, *, #3607, .F. ) ;
#1398 = LINE ( 'NONE', #2148, #108 ) ;
#1399 = EDGE_LOOP ( 'NONE', ( #3745, #1217, #2753, #1092 ) ) ;
#1400 = DIRECTION ( 'NONE',  ( 0.000000000000000000, 0.000000000000000000, -1.000000000000000000 ) ) ;
#1401 = EDGE_CURVE ( 'NONE', #2024, #578, #1051, .T. ) ;
#1402 = CARTESIAN_POINT ( 'NONE',  ( -15.44411970082248509, 7.000000000000000000, 17.25000000000000000 ) ) ;
#1403 = VERTEX_POINT ( 'NONE', #795 ) ;
#1404 = CARTESIAN_POINT ( 'NONE',  ( -23.09401076758503990, 0.5000000000000004441, 5.000000000000001776 ) ) ;
#1405 = LINE ( 'NONE', #3483, #3221 ) ;
#1406 = ORIENTED_EDGE ( 'NONE', *, *, #1644, .T. ) ;
#1407 = DIRECTION ( 'NONE',  ( -1.000000000000000000, 0.000000000000000000, -1.335390754433030140E-16 ) ) ;
#1408 = CARTESIAN_POINT ( 'NONE',  ( 4.151923788646843860, 3.851859888774471706E-31, 13.19134295108987054 ) ) ;
#1409 =( NAMED_UNIT ( * ) SI_UNIT ( $, .STERADIAN. ) SOLID_ANGLE_UNIT ( ) );
#1410 = ORIENTED_EDGE ( 'NONE', *, *, #470, .T. ) ;
#1411 = EDGE_CURVE ( 'NONE', #3358, #3799, #2551, .T. ) ;
#1412 = DIRECTION ( 'NONE',  ( 0.000000000000000000, 0.000000000000000000, -1.000000000000000000 ) ) ;
#1413 = EDGE_LOOP ( 'NONE', ( #2390, #298, #827, #167 ) ) ;
#1414 = CARTESIAN_POINT ( 'NONE',  ( -15.87713240271471093, 6.499999999999992895, -17.50000000000000711 ) ) ;
#1415 = CIRCLE ( 'NONE', #2785, 1.499999999999999556 ) ;
#1416 = ORIENTED_EDGE ( 'NONE', *, *, #472, .F. ) ;
#1417 = VECTOR ( 'NONE', #87, 1000.000000000000000 ) ;
#1418 = EDGE_CURVE ( 'NONE', #430, #380, #2334, .T. ) ;
#1419 = DIRECTION ( 'NONE',  ( 0.000000000000000000, -1.000000000000000000, 0.000000000000000000 ) ) ;
#1420 = CIRCLE ( 'NONE', #3585, 18.00000000000000355 ) ;
#1421 = CIRCLE ( 'NONE', #1297, 1.499999999999999556 ) ;
#1422 = DIRECTION ( 'NONE',  ( -0.4999999999999920619, 0.000000000000000000, 0.8660254037844433705 ) ) ;
#1423 = ORIENTED_EDGE ( 'NONE', *, *, #1588, .F. ) ;
#1424 = DIRECTION ( 'NONE',  ( 0.6123724356957960246, -0.7071067811865464625, -0.3535533905932732313 ) ) ;
#1425 = CIRCLE ( 'NONE', #3410, 1.000000000000000888 ) ;
#1426 = DIRECTION ( 'NONE',  ( 0.000000000000000000, 0.000000000000000000, -1.000000000000000000 ) ) ;
#1427 = AXIS2_PLACEMENT_3D ( 'NONE', #1119, #2651, #2693 ) ;
#1428 = AXIS2_PLACEMENT_3D ( 'NONE', #552, #2934, #264 ) ;
#1429 = EDGE_CURVE ( 'NONE', #641, #3807, #1713, .T. ) ;
#1430 = ORIENTED_EDGE ( 'NONE', *, *, #2681, .F. ) ;
#1431 = CARTESIAN_POINT ( 'NONE',  ( -6.749999999999891642, 0.000000000000000000, 11.69134295108998245 ) ) ;
#1432 = SURFACE_STYLE_FILL_AREA ( #222 ) ;
#1433 = DIRECTION ( 'NONE',  ( 0.000000000000000000, 0.000000000000000000, -1.000000000000000000 ) ) ;
#1434 = EDGE_CURVE ( 'NONE', #3085, #3294, #3816, .T. ) ;
#1435 = ORIENTED_EDGE ( 'NONE', *, *, #3237, .F. ) ;
#1436 = DIRECTION ( 'NONE',  ( 0.000000000000000000, -1.000000000000000000, 0.000000000000000000 ) ) ;
#1437 = VERTEX_POINT ( 'NONE', #1076 ) ;
#1438 = FILL_AREA_STYLE ('',( #2564 ) ) ;
#1439 = ORIENTED_EDGE ( 'NONE', *, *, #1830, .F. ) ;
#1440 = AXIS2_PLACEMENT_3D ( 'NONE', #2006, #3431, #3190 ) ;
#1441 = DIRECTION ( 'NONE',  ( 0.8660254037844328234, 0.000000000000000000, -0.5000000000000099920 ) ) ;
#1442 = FACE_OUTER_BOUND ( 'NONE', #2403, .T. ) ;
#1443 = ORIENTED_EDGE ( 'NONE', *, *, #3642, .T. ) ;
#1444 = CARTESIAN_POINT ( 'NONE',  ( 13.50000000000000000, 0.000000000000000000, 0.000000000000000000 ) ) ;
#1445 = VERTEX_POINT ( 'NONE', #1111 ) ;
#1446 = DIRECTION ( 'NONE',  ( -0.000000000000000000, 1.000000000000000000, -0.000000000000000000 ) ) ;
#1447 = SURFACE_STYLE_FILL_AREA ( #3197 ) ;
#1448 = PLANE ( 'NONE',  #3416 ) ;
#1449 = EDGE_LOOP ( 'NONE', ( #170, #730, #291, #3015 ) ) ;
#1450 = CARTESIAN_POINT ( 'NONE',  ( -1.650000000000002576, 3.500000000000000000, 22.50000000000000711 ) ) ;
#1451 = ORIENTED_EDGE ( 'NONE', *, *, #470, .F. ) ;
#1452 = DIRECTION ( 'NONE',  ( 0.000000000000000000, -1.000000000000000000, 0.000000000000000000 ) ) ;
#1453 = ORIENTED_EDGE ( 'NONE', *, *, #3611, .F. ) ;
#1454 = CARTESIAN_POINT ( 'NONE',  ( 9.292452582607078071, 8.000000000000000000, 5.364999999999914948 ) ) ;
#1455 = DIRECTION ( 'NONE',  ( 0.000000000000000000, -1.000000000000000000, 0.000000000000000000 ) ) ;
#1456 = ADVANCED_FACE ( 'NONE', ( #1346 ), #3737, .F. ) ;
#1457 = LINE ( 'NONE', #1536, #2167 ) ;
#1458 = EDGE_CURVE ( 'NONE', #1624, #3394, #964, .T. ) ;
#1459 = ADVANCED_FACE ( 'NONE', ( #499 ), #2590, .F. ) ;
#1460 = ADVANCED_FACE ( 'NONE', ( #2573 ), #49, .T. ) ;
#1461 = ORIENTED_EDGE ( 'NONE', *, *, #2640, .T. ) ;
#1462 = CARTESIAN_POINT ( 'NONE',  ( 6.749999999999973355, 0.000000000000000000, -11.69134295108993804 ) ) ;
#1463 =( LENGTH_UNIT ( ) NAMED_UNIT ( * ) SI_UNIT ( .MILLI., .METRE. ) );
#1464 = FACE_OUTER_BOUND ( 'NONE', #1766, .T. ) ;
#1465 = PRODUCT_RELATED_PRODUCT_CATEGORY ( 'part', '', ( #139 ) ) ;
#1466 = DIRECTION ( 'NONE',  ( 0.9848077530122086864, -0.000000000000000000, 0.1736481776669271393 ) ) ;
#1467 = ORIENTED_EDGE ( 'NONE', *, *, #2369, .F. ) ;
#1468 = CARTESIAN_POINT ( 'NONE',  ( 6.750000000000135891, 12.00000000000000000, 11.69134295108984212 ) ) ;
#1469 = ORIENTED_EDGE ( 'NONE', *, *, #1434, .F. ) ;
#1470 = CARTESIAN_POINT ( 'NONE',  ( 0.000000000000000000, 12.00000000000000000, -12.23000000000000043 ) ) ;
#1471 = ORIENTED_EDGE ( 'NONE', *, *, #2094, .T. ) ;
#1472 = EDGE_CURVE ( 'NONE', #1246, #3180, #3752, .T. ) ;
#1473 = DIRECTION ( 'NONE',  ( -0.000000000000000000, -1.000000000000000000, -0.000000000000000000 ) ) ;
#1474 = EDGE_CURVE ( 'NONE', #1269, #2129, #2620, .T. ) ;
#1475 = SURFACE_STYLE_FILL_AREA ( #3241 ) ;
#1476 = CIRCLE ( 'NONE', #152, 1.649999999999997469 ) ;
#1477 = FACE_OUTER_BOUND ( 'NONE', #682, .T. ) ;
#1478 = CONICAL_SURFACE ( 'NONE', #1357, 2.999999999999999112, 1.029744258676654090 ) ;
#1479 = EDGE_CURVE ( 'NONE', #2211, #1619, #1130, .T. ) ;
#1480 = VECTOR ( 'NONE', #3060, 1000.000000000000000 ) ;
#1481 = VERTEX_POINT ( 'NONE', #2022 ) ;
#1482 = CARTESIAN_POINT ( 'NONE',  ( -4.151923788646748825, 5.000000000000000000, -13.19134295108990429 ) ) ;
#1483 = DIRECTION ( 'NONE',  ( 0.000000000000000000, -1.000000000000000000, 0.000000000000000000 ) ) ;
#1484 = CARTESIAN_POINT ( 'NONE',  ( 9.348076211353291143, 5.000000000000000000, -10.19134295108994515 ) ) ;
#1485 = CIRCLE ( 'NONE', #1428, 2.999999999999992450 ) ;
#1486 = DIRECTION ( 'NONE',  ( 0.000000000000000000, 1.000000000000000000, 0.000000000000000000 ) ) ;
#1487 = VECTOR ( 'NONE', #3233, 1000.000000000000000 ) ;
#1488 = EDGE_LOOP ( 'NONE', ( #1377, #3452, #305, #3130 ) ) ;
#1489 = CARTESIAN_POINT ( 'NONE',  ( -25.98076211353316722, 7.000000000000000000, 3.206309531681586310E-15 ) ) ;
#1490 = ORIENTED_EDGE ( 'NONE', *, *, #883, .T. ) ;
#1491 = AXIS2_PLACEMENT_3D ( 'NONE', #2824, #3092, #44 ) ;
#1492 = DIRECTION ( 'NONE',  ( -1.000000000000000000, 0.000000000000000000, 3.469446951953615372E-15 ) ) ;
#1493 = VECTOR ( 'NONE', #844, 1000.000000000000000 ) ;
#1494 = ORIENTED_EDGE ( 'NONE', *, *, #1295, .T. ) ;
#1495 = CARTESIAN_POINT ( 'NONE',  ( 13.43502884254438001, 5.000000000000000000, 16.43502884254441909 ) ) ;
#1496 = FACE_OUTER_BOUND ( 'NONE', #1065, .T. ) ;
#1497 = DIRECTION ( 'NONE',  ( 1.000000000000000000, 0.000000000000000000, -1.040834085586084572E-14 ) ) ;
#1498 = DIRECTION ( 'NONE',  ( 0.8660254037844433705, 0.000000000000000000, 0.4999999999999918399 ) ) ;
#1499 = EDGE_CURVE ( 'NONE', #3606, #2713, #2428, .T. ) ;
#1500 = CIRCLE ( 'NONE', #367, 9.499999999999989342 ) ;
#1501 = EDGE_LOOP ( 'NONE', ( #1340, #697 ) ) ;
#1502 = CARTESIAN_POINT ( 'NONE',  ( 1.649999999999993028, 3.500000000000000000, 11.00000000000000711 ) ) ;
#1503 = DIRECTION ( 'NONE',  ( -0.4999999999999993894, 0.000000000000000000, 0.8660254037844389297 ) ) ;
#1504 = CARTESIAN_POINT ( 'NONE',  ( 7.216878364870305873, 0.5000000000000004441, -12.50000000000000533 ) ) ;
#1505 = VECTOR ( 'NONE', #1683, 1000.000000000000000 ) ;
#1506 = LINE ( 'NONE', #576, #1047 ) ;
#1507 = VERTEX_POINT ( 'NONE', #10 ) ;
#1508 = CARTESIAN_POINT ( 'NONE',  ( -4.151923788646750602, 0.000000000000000000, -13.19134295108990251 ) ) ;
#1509 = ORIENTED_EDGE ( 'NONE', *, *, #1574, .T. ) ;
#1510 = CARTESIAN_POINT ( 'NONE',  ( 8.222243186433670914, 5.000000000000000000, 10.84134295108982649 ) ) ;
#1511 = EDGE_CURVE ( 'NONE', #669, #3255, #2247, .T. ) ;
#1512 = ORIENTED_EDGE ( 'NONE', *, *, #524, .T. ) ;
#1513 = ORIENTED_EDGE ( 'NONE', *, *, #606, .F. ) ;
#1514 = CARTESIAN_POINT ( 'NONE',  ( 19.48557158514982746, 3.500000000000000000, -11.25000000000009237 ) ) ;
#1515 = CYLINDRICAL_SURFACE ( 'NONE', #2610, 2.999999999999996003 ) ;
#1516 = LINE ( 'NONE', #2751, #896 ) ;
#1517 = DIRECTION ( 'NONE',  ( 0.000000000000000000, 0.000000000000000000, -1.000000000000000000 ) ) ;
#1518 = CIRCLE ( 'NONE', #2641, 10.00000000000000000 ) ;
#1519 = ORIENTED_EDGE ( 'NONE', *, *, #2380, .T. ) ;
#1520 = CARTESIAN_POINT ( 'NONE',  ( 7.216878364870319196, 7.000000000000000000, 22.50000000000001066 ) ) ;
#1521 = CARTESIAN_POINT ( 'NONE',  ( 3.422894331142499524, 9.000000000000001776, -18.68913573169804820 ) ) ;
#1522 = CARTESIAN_POINT ( 'NONE',  ( -15.44411970082248864, 0.000000000000000000, 17.25000000000000711 ) ) ;
#1523 = ADVANCED_FACE ( 'NONE', ( #306 ), #3318, .F. ) ;
#1524 = CONICAL_SURFACE ( 'NONE', #575, 9.500000000000000000, 0.7853981633974482790 ) ;
#1525 = CARTESIAN_POINT ( 'NONE',  ( 11.89052879396040652, 8.000000000000000000, 6.864999999999890079 ) ) ;
#1526 = VERTEX_POINT ( 'NONE', #2967 ) ;
#1527 = CYLINDRICAL_SURFACE ( 'NONE', #1118, 1.499999999999999334 ) ;
#1528 = CARTESIAN_POINT ( 'NONE',  ( -15.19999999999999751, 5.000000000000000000, 0.000000000000000000 ) ) ;
#1529 = CARTESIAN_POINT ( 'NONE',  ( -1.160900368822715967, 7.000000000000000000, -20.00000000000000000 ) ) ;
#1530 = ORIENTED_EDGE ( 'NONE', *, *, #68, .F. ) ;
#1531 = ORIENTED_EDGE ( 'NONE', *, *, #1181, .F. ) ;
#1532 = DIRECTION ( 'NONE',  ( 0.000000000000000000, -1.000000000000000000, 0.000000000000000000 ) ) ;
#1533 = DIRECTION ( 'NONE',  ( 0.000000000000000000, 1.000000000000000000, 0.000000000000000000 ) ) ;
#1534 = ADVANCED_FACE ( 'NONE', ( #945 ), #747, .F. ) ;
#1535 = CARTESIAN_POINT ( 'NONE',  ( 13.43502884254438001, 0.000000000000000000, 13.43502884254442264 ) ) ;
#1536 = CARTESIAN_POINT ( 'NONE',  ( -1.999999999999998668, 9.000000000000001776, -21.00000000000000000 ) ) ;
#1537 = VECTOR ( 'NONE', #1100, 999.9999999999998863 ) ;
#1538 = ORIENTED_EDGE ( 'NONE', *, *, #496, .F. ) ;
#1539 = CARTESIAN_POINT ( 'NONE',  ( 1.102182119232617714E-15, 12.00000000000000000, 9.000000000000000000 ) ) ;
#1540 = DIRECTION ( 'NONE',  ( -0.8660254037844432595, 0.000000000000000000, -0.4999999999999919509 ) ) ;
#1541 = LINE ( 'NONE', #589, #2797 ) ;
#1542 = CONICAL_SURFACE ( 'NONE', #3715, 2.999999999999999112, 1.029744258676654090 ) ;
#1543 = CONICAL_SURFACE ( 'NONE', #2726, 2.999999999999999112, 1.029744258676654090 ) ;
#1544 = EDGE_CURVE ( 'NONE', #1869, #209, #2703, .T. ) ;
#1545 = CARTESIAN_POINT ( 'NONE',  ( 5.277756813566602645, 0.000000000000000000, 12.54134295108985775 ) ) ;
#1546 = ORIENTED_EDGE ( 'NONE', *, *, #1358, .F. ) ;
#1547 = DIRECTION ( 'NONE',  ( 0.000000000000000000, -1.000000000000000000, 0.000000000000000000 ) ) ;
#1548 = DIRECTION ( 'NONE',  ( 0.000000000000000000, 0.000000000000000000, -1.000000000000000000 ) ) ;
#1549 = FACE_OUTER_BOUND ( 'NONE', #1784, .T. ) ;
#1550 = CONICAL_SURFACE ( 'NONE', #1731, 1.649999999999997469, 1.029744258676652535 ) ;
#1551 = CIRCLE ( 'NONE', #3532, 1.000000000000000888 ) ;
#1552 = ADVANCED_FACE ( 'NONE', ( #1839 ), #2383, .F. ) ;
#1553 = AXIS2_PLACEMENT_3D ( 'NONE', #455, #337, #2843 ) ;
#1554 = ORIENTED_EDGE ( 'NONE', *, *, #1747, .F. ) ;
#1555 = ORIENTED_EDGE ( 'NONE', *, *, #3599, .F. ) ;
#1556 = DIRECTION ( 'NONE',  ( 0.8660254037844363761, 0.000000000000000000, -0.5000000000000041078 ) ) ;
#1557 = AXIS2_PLACEMENT_3D ( 'NONE', #899, #2085, #3271 ) ;
#1558 = UNCERTAINTY_MEASURE_WITH_UNIT (LENGTH_MEASURE( 1.000000000000000082E-05 ), #1888, 'distance_accuracy_value', 'NONE');
#1559 = DIRECTION ( 'NONE',  ( -0.8571673007021121116, -0.5150380749100544886, 2.992783634667965118E-15 ) ) ;
#1560 = ORIENTED_EDGE ( 'NONE', *, *, #59, .T. ) ;
#1561 = AXIS2_PLACEMENT_3D ( 'NONE', #2225, #2480, #2189 ) ;
#1562 = CYLINDRICAL_SURFACE ( 'NONE', #258, 1.499999999999999334 ) ;
#1563 = AXIS2_PLACEMENT_3D ( 'NONE', #2290, #1452, #3183 ) ;
#1564 = LINE ( 'NONE', #436, #414 ) ;
#1565 = ORIENTED_EDGE ( 'NONE', *, *, #3174, .F. ) ;
#1566 = CARTESIAN_POINT ( 'NONE',  ( -12.99038105676658361, 7.000000000000000000, -22.50000000000001066 ) ) ;
#1567 = DIRECTION ( 'NONE',  ( -0.4999999999999917843, 0.000000000000000000, 0.8660254037844433705 ) ) ;
#1568 = CARTESIAN_POINT ( 'NONE',  ( -1.160900368822715967, 9.000000000000001776, -20.00000000000000000 ) ) ;
#1569 = COLOUR_RGB ( '',0.8666666666666666963, 0.8666666666666666963, 0.8901960784313724950 ) ;
#1570 = EDGE_LOOP ( 'NONE', ( #799, #2962 ) ) ;
#1571 = DIRECTION ( 'NONE',  ( 0.000000000000000000, -1.000000000000000000, 0.000000000000000000 ) ) ;
#1572 = CYLINDRICAL_SURFACE ( 'NONE', #823, 2.999999999999996891 ) ;
#1573 = DIRECTION ( 'NONE',  ( 0.000000000000000000, -1.000000000000000000, -0.000000000000000000 ) ) ;
#1574 = EDGE_CURVE ( 'NONE', #209, #2581, #1500, .T. ) ;
#1575 = VERTEX_POINT ( 'NONE', #965 ) ;
#1576 = ORIENTED_EDGE ( 'NONE', *, *, #246, .T. ) ;
#1577 = LINE ( 'NONE', #1338, #2187 ) ;
#1578 = DIRECTION ( 'NONE',  ( 0.000000000000000000, -1.000000000000000000, -0.000000000000000000 ) ) ;
#1579 = VERTEX_POINT ( 'NONE', #2118 ) ;
#1580 = FACE_OUTER_BOUND ( 'NONE', #2488, .T. ) ;
#1581 = DIRECTION ( 'NONE',  ( -0.000000000000000000, -1.000000000000000000, -0.000000000000000000 ) ) ;
#1582 = EDGE_CURVE ( 'NONE', #129, #1246, #926, .T. ) ;
#1583 = ORIENTED_EDGE ( 'NONE', *, *, #2028, .F. ) ;
#1584 = EDGE_CURVE ( 'NONE', #178, #3788, #2747, .T. ) ;
#1585 = CARTESIAN_POINT ( 'NONE',  ( 6.749999999999973355, 3.851859888774471706E-31, -11.69134295108993804 ) ) ;
#1586 = CARTESIAN_POINT ( 'NONE',  ( 10.43502884254438001, 0.000000000000000000, -13.43502884254441554 ) ) ;
#1587 = CARTESIAN_POINT ( 'NONE',  ( 13.43502884254437646, 6.802581857082681260, -13.43502884254442442 ) ) ;
#1588 = EDGE_CURVE ( 'NONE', #30, #1027, #621, .T. ) ;
#1589 = ORIENTED_EDGE ( 'NONE', *, *, #3537, .F. ) ;
#1590 = DIRECTION ( 'NONE',  ( 0.000000000000000000, -1.000000000000000000, 0.000000000000000000 ) ) ;
#1591 = CARTESIAN_POINT ( 'NONE',  ( 0.000000000000000000, 8.000000000000000000, -10.73000000000000220 ) ) ;
#1592 = CARTESIAN_POINT ( 'NONE',  ( -23.09401076758503990, 0.5000000000000004441, 5.000000000000002665 ) ) ;
#1593 = AXIS2_PLACEMENT_3D ( 'NONE', #333, #694, #40 ) ;
#1594 = AXIS2_PLACEMENT_3D ( 'NONE', #948, #378, #1803 ) ;
#1595 = ORIENTED_EDGE ( 'NONE', *, *, #3427, .F. ) ;
#1596 = ORIENTED_EDGE ( 'NONE', *, *, #1646, .F. ) ;
#1597 = CARTESIAN_POINT ( 'NONE',  ( -23.09401076758503635, 6.499999999999992895, 5.000000000000004441 ) ) ;
#1598 = DIRECTION ( 'NONE',  ( 0.8660254037844362651, 0.000000000000000000, -0.5000000000000041078 ) ) ;
#1599 = ORIENTED_EDGE ( 'NONE', *, *, #1582, .F. ) ;
#1600 = EDGE_CURVE ( 'NONE', #2717, #1133, #3543, .T. ) ;
#1601 = DIRECTION ( 'NONE',  ( -0.8660254037844431485, 0.000000000000000000, -0.4999999999999920064 ) ) ;
#1602 = EDGE_CURVE ( 'NONE', #3450, #3149, #1690, .T. ) ;
#1603 = ORIENTED_EDGE ( 'NONE', *, *, #248, .F. ) ;
#1604 = FACE_OUTER_BOUND ( 'NONE', #1158, .T. ) ;
#1605 = CYLINDRICAL_SURFACE ( 'NONE', #416, 10.00000000000000000 ) ;
#1606 = EDGE_CURVE ( 'NONE', #1672, #1310, #1577, .T. ) ;
#1607 = AXIS2_PLACEMENT_3D ( 'NONE', #3780, #2562, #3451 ) ;
#1608 = ORIENTED_EDGE ( 'NONE', *, *, #1142, .T. ) ;
#1609 = PLANE ( 'NONE',  #2666 ) ;
#1610 = CARTESIAN_POINT ( 'NONE',  ( -4.151923788646752378, 3.851859888774471706E-31, -13.19134295108990251 ) ) ;
#1611 = FACE_BOUND ( 'NONE', #2886, .T. ) ;
#1612 = VECTOR ( 'NONE', #1326, 1000.000000000000000 ) ;
#1613 = AXIS2_PLACEMENT_3D ( 'NONE', #2074, #415, #2199 ) ;
#1614 = EDGE_LOOP ( 'NONE', ( #2035, #1530, #744, #3556 ) ) ;
#1615 = ORIENTED_EDGE ( 'NONE', *, *, #941, .F. ) ;
#1616 = AXIS2_PLACEMENT_3D ( 'NONE', #737, #441, #3393 ) ;
#1617 = DIRECTION ( 'NONE',  ( 0.000000000000000000, 1.000000000000000000, 0.000000000000000000 ) ) ;
#1618 = CIRCLE ( 'NONE', #3162, 2.999999999999997780 ) ;
#1619 = VERTEX_POINT ( 'NONE', #1883 ) ;
#1620 = VECTOR ( 'NONE', #1547, 1000.000000000000000 ) ;
#1621 = CARTESIAN_POINT ( 'NONE',  ( -13.50000000000000000, 12.00000000000000000, -1.699999999999996625 ) ) ;
#1622 = CARTESIAN_POINT ( 'NONE',  ( -7.216878364870324525, 7.000000000000000000, -22.00000000000000000 ) ) ;
#1623 = COLOUR_RGB ( '',0.8666666666666666963, 0.8666666666666666963, 0.8901960784313724950 ) ;
#1624 = VERTEX_POINT ( 'NONE', #2837 ) ;
#1625 = CARTESIAN_POINT ( 'NONE',  ( 13.43502884254437646, 0.000000000000000000, -13.43502884254442620 ) ) ;
#1626 = DIRECTION ( 'NONE',  ( -0.8746197071393921885, 0.000000000000000000, 0.4848096202463434978 ) ) ;
#1627 = EDGE_LOOP ( 'NONE', ( #3201, #3114, #2188, #1589 ) ) ;
#1628 = CARTESIAN_POINT ( 'NONE',  ( 7.216878364870320972, 0.000000000000000000, 12.50000000000000888 ) ) ;
#1629 = DIRECTION ( 'NONE',  ( 0.4999999999999998890, 0.000000000000000000, -0.8660254037844387076 ) ) ;
#1630 = DIRECTION ( 'NONE',  ( 0.000000000000000000, 0.000000000000000000, 1.000000000000000000 ) ) ;
#1631 = ORIENTED_EDGE ( 'NONE', *, *, #2522, .F. ) ;
#1632 = ORIENTED_EDGE ( 'NONE', *, *, #2860, .T. ) ;
#1633 = EDGE_CURVE ( 'NONE', #448, #1775, #812, .T. ) ;
#1634 = LINE ( 'NONE', #2233, #289 ) ;
#1635 = VERTEX_POINT ( 'NONE', #746 ) ;
#1636 = DIRECTION ( 'NONE',  ( 0.000000000000000000, 0.000000000000000000, 1.000000000000000000 ) ) ;
#1637 = CARTESIAN_POINT ( 'NONE',  ( 23.09401076758502214, 6.499999999999992895, -5.000000000000003553 ) ) ;
#1638 = ORIENTED_EDGE ( 'NONE', *, *, #355, .T. ) ;
#1639 = DIRECTION ( 'NONE',  ( -0.8660254037844399289, 0.000000000000000000, -0.4999999999999979461 ) ) ;
#1640 = LINE ( 'NONE', #2513, #33 ) ;
#1641 = ORIENTED_EDGE ( 'NONE', *, *, #3806, .F. ) ;
#1642 = LINE ( 'NONE', #1895, #2299 ) ;
#1643 = CARTESIAN_POINT ( 'NONE',  ( -19.05255888325765312, 7.000000000000000000, -10.99999999999999822 ) ) ;
#1644 = EDGE_CURVE ( 'NONE', #2479, #3236, #2521, .T. ) ;
#1645 = CARTESIAN_POINT ( 'NONE',  ( -13.43502884254428231, -1.187907395172929833E-15, 13.43502884254452034 ) ) ;
#1646 = EDGE_CURVE ( 'NONE', #2259, #3061, #3746, .T. ) ;
#1647 = AXIS2_PLACEMENT_3D ( 'NONE', #3230, #1483, #2670 ) ;
#1648 =( GEOMETRIC_REPRESENTATION_CONTEXT ( 3 ) GLOBAL_UNCERTAINTY_ASSIGNED_CONTEXT ( ( #725 ) ) GLOBAL_UNIT_ASSIGNED_CONTEXT ( ( #708, #2545, #1362 ) ) REPRESENTATION_CONTEXT ( 'NONE', 'WORKASPACE' ) );
#1649 = ORIENTED_EDGE ( 'NONE', *, *, #2400, .T. ) ;
#1650 = ORIENTED_EDGE ( 'NONE', *, *, #1681, .T. ) ;
#1651 = FACE_BOUND ( 'NONE', #1501, .T. ) ;
#1652 = ADVANCED_FACE ( 'NONE', ( #431 ), #2055, .T. ) ;
#1653 = CIRCLE ( 'NONE', #2832, 1.649999999999999467 ) ;
#1654 = AXIS2_PLACEMENT_3D ( 'NONE', #1847, #2219, #649 ) ;
#1655 = VERTEX_POINT ( 'NONE', #1668 ) ;
#1656 = FACE_OUTER_BOUND ( 'NONE', #1141, .T. ) ;
#1657 = LINE ( 'NONE', #1637, #486 ) ;
#1658 = EDGE_LOOP ( 'NONE', ( #2902, #3048 ) ) ;
#1659 = DIRECTION ( 'NONE',  ( -0.5000000000000044409, 0.000000000000000000, -0.8660254037844361541 ) ) ;
#1660 = CARTESIAN_POINT ( 'NONE',  ( -2.145708121834924764, 9.000000000000001776, -20.17364817766693008 ) ) ;
#1661 = ORIENTED_EDGE ( 'NONE', *, *, #951, .T. ) ;
#1662 = CARTESIAN_POINT ( 'NONE',  ( 0.000000000000000000, 0.5000000000000056621, 0.000000000000000000 ) ) ;
#1663 = DIRECTION ( 'NONE',  ( -0.000000000000000000, -0.000000000000000000, 1.000000000000000000 ) ) ;
#1664 = LINE ( 'NONE', #2517, #1417 ) ;
#1665 = VERTEX_POINT ( 'NONE', #2782 ) ;
#1666 = CARTESIAN_POINT ( 'NONE',  ( -7.216878364870328966, 0.000000000000000000, 22.00000000000000711 ) ) ;
#1667 = ORIENTED_EDGE ( 'NONE', *, *, #3386, .T. ) ;
#1668 = CARTESIAN_POINT ( 'NONE',  ( 7.216878364870319196, 0.000000000000000000, 22.00000000000001066 ) ) ;
#1669 = AXIS2_PLACEMENT_3D ( 'NONE', #2379, #658, #581 ) ;
#1670 = COLOUR_RGB ( '',0.8666666666666666963, 0.8666666666666666963, 0.8901960784313724950 ) ;
#1671 = AXIS2_PLACEMENT_3D ( 'NONE', #201, #1113, #3446 ) ;
#1672 = VERTEX_POINT ( 'NONE', #408 ) ;
#1673 = CARTESIAN_POINT ( 'NONE',  ( 7.216878364870305873, 7.000000000000000000, -12.50000000000000533 ) ) ;
#1674 = AXIS2_PLACEMENT_3D ( 'NONE', #912, #1828, #955 ) ;
#1675 = VECTOR ( 'NONE', #1153, 1000.000000000000114 ) ;
#1676 = CARTESIAN_POINT ( 'NONE',  ( 15.87713240271468962, 6.499999999999992895, -17.50000000000001066 ) ) ;
#1677 = AXIS2_PLACEMENT_3D ( 'NONE', #3428, #2258, #711 ) ;
#1678 = ORIENTED_EDGE ( 'NONE', *, *, #609, .F. ) ;
#1679 = FILL_AREA_STYLE ('',( #1696 ) ) ;
#1680 = DIRECTION ( 'NONE',  ( -0.000000000000000000, -1.000000000000000000, -0.000000000000000000 ) ) ;
#1681 = EDGE_CURVE ( 'NONE', #2230, #8, #1634, .T. ) ;
#1682 = ORIENTED_EDGE ( 'NONE', *, *, #447, .F. ) ;
#1683 = DIRECTION ( 'NONE',  ( 0.000000000000000000, -1.000000000000000000, 0.000000000000000000 ) ) ;
#1684 = FACE_OUTER_BOUND ( 'NONE', #1030, .T. ) ;
#1685 = CARTESIAN_POINT ( 'NONE',  ( -6.749999999999891642, 3.851859888774471706E-31, 11.69134295108998245 ) ) ;
#1686 = ORIENTED_EDGE ( 'NONE', *, *, #2193, .F. ) ;
#1687 = EDGE_CURVE ( 'NONE', #1481, #1027, #1990, .T. ) ;
#1688 = DIRECTION ( 'NONE',  ( 0.000000000000000000, 0.000000000000000000, 1.000000000000000000 ) ) ;
#1689 = ORIENTED_EDGE ( 'NONE', *, *, #1140, .T. ) ;
#1690 = CIRCLE ( 'NONE', #1873, 1.499999999999999334 ) ;
#1691 = ORIENTED_EDGE ( 'NONE', *, *, #2168, .T. ) ;
#1692 = DIRECTION ( 'NONE',  ( 0.000000000000000000, -1.000000000000000000, 0.000000000000000000 ) ) ;
#1693 = AXIS2_PLACEMENT_3D ( 'NONE', #837, #1446, #3135 ) ;
#1694 = CARTESIAN_POINT ( 'NONE',  ( -13.43502884254438001, 0.000000000000000000, -10.43502884254442797 ) ) ;
#1695 = ORIENTED_EDGE ( 'NONE', *, *, #3248, .T. ) ;
#1696 = FILL_AREA_STYLE_COLOUR ( '', #3176 ) ;
#1697 = FACE_OUTER_BOUND ( 'NONE', #275, .T. ) ;
#1698 = AXIS2_PLACEMENT_3D ( 'NONE', #959, #67, #940 ) ;
#1699 = ADVANCED_FACE ( 'NONE', ( #1086 ), #2490, .F. ) ;
#1700 = ORIENTED_EDGE ( 'NONE', *, *, #652, .F. ) ;
#1701 = FACE_OUTER_BOUND ( 'NONE', #3743, .T. ) ;
#1702 = DIRECTION ( 'NONE',  ( 1.000000000000000000, 0.000000000000000000, 1.335390754433030140E-16 ) ) ;
#1703 = DIRECTION ( 'NONE',  ( -0.6123724356957945814, 0.7071067811865474617, 0.3535533905932740084 ) ) ;
#1704 = EDGE_CURVE ( 'NONE', #1575, #1115, #3068, .T. ) ;
#1705 = ORIENTED_EDGE ( 'NONE', *, *, #2319, .F. ) ;
#1706 = LINE ( 'NONE', #783, #2529 ) ;
#1707 = ORIENTED_EDGE ( 'NONE', *, *, #1600, .F. ) ;
#1708 = ORIENTED_EDGE ( 'NONE', *, *, #2968, .T. ) ;
#1709 = DIRECTION ( 'NONE',  ( -0.000000000000000000, -1.000000000000000000, -0.000000000000000000 ) ) ;
#1710 = CIRCLE ( 'NONE', #393, 1.699999999999996625 ) ;
#1711 = CARTESIAN_POINT ( 'NONE',  ( 1.160900368822718409, 9.000000000000001776, -20.00000000000000000 ) ) ;
#1712 = EDGE_LOOP ( 'NONE', ( #3380, #3037, #3074, #3199 ) ) ;
#1713 = LINE ( 'NONE', #157, #1149 ) ;
#1714 = CARTESIAN_POINT ( 'NONE',  ( -2.561276623396233187, 7.000000000000000000, -17.81684208995646301 ) ) ;
#1715 = ADVANCED_FACE ( 'NONE', ( #3673 ), #1356, .F. ) ;
#1716 = ORIENTED_EDGE ( 'NONE', *, *, #1127, .F. ) ;
#1717 = CARTESIAN_POINT ( 'NONE',  ( 23.09401076758502214, 6.499999999999992895, -5.000000000000005329 ) ) ;
#1718 = CYLINDRICAL_SURFACE ( 'NONE', #2329, 1.649999999999998135 ) ;
#1719 = CARTESIAN_POINT ( 'NONE',  ( 0.000000000000000000, 9.000000000000001776, 0.000000000000000000 ) ) ;
#1720 = VERTEX_POINT ( 'NONE', #3419 ) ;
#1721 = LINE ( 'NONE', #1450, #2901 ) ;
#1722 = ORIENTED_EDGE ( 'NONE', *, *, #64, .T. ) ;
#1723 = SURFACE_STYLE_USAGE ( .BOTH. , #2932 ) ;
#1724 = AXIS2_PLACEMENT_3D ( 'NONE', #2421, #1234, #2986 ) ;
#1725 = CIRCLE ( 'NONE', #214, 2.999999999999993783 ) ;
#1726 = ORIENTED_EDGE ( 'NONE', *, *, #2813, .T. ) ;
#1727 = CARTESIAN_POINT ( 'NONE',  ( 10.43502884254437646, 5.000000000000000000, -13.43502884254441554 ) ) ;
#1728 = AXIS2_PLACEMENT_3D ( 'NONE', #56, #2493, #1905 ) ;
#1729 =( NAMED_UNIT ( * ) PLANE_ANGLE_UNIT ( ) SI_UNIT ( $, .RADIAN. ) );
#1730 = ORIENTED_EDGE ( 'NONE', *, *, #1881, .T. ) ;
#1731 = AXIS2_PLACEMENT_3D ( 'NONE', #935, #3309, #628 ) ;
#1732 = CARTESIAN_POINT ( 'NONE',  ( -7.216878364870328966, 7.000000000000000000, 21.99999999999999645 ) ) ;
#1733 = VECTOR ( 'NONE', #2395, 1000.000000000000000 ) ;
#1734 = EDGE_LOOP ( 'NONE', ( #1439, #384, #601 ) ) ;
#1735 = DIRECTION ( 'NONE',  ( 0.8660254037844327124, 0.000000000000000000, -0.5000000000000102141 ) ) ;
#1736 = DIRECTION ( 'NONE',  ( -0.000000000000000000, -1.000000000000000000, -0.000000000000000000 ) ) ;
#1737 = AXIS2_PLACEMENT_3D ( 'NONE', #756, #3774, #1407 ) ;
#1738 = ORIENTED_EDGE ( 'NONE', *, *, #3645, .T. ) ;
#1739 = CARTESIAN_POINT ( 'NONE',  ( -19.48557158514997312, 3.500000000000000000, -11.24999999999982592 ) ) ;
#1740 = ORIENTED_EDGE ( 'NONE', *, *, #478, .F. ) ;
#1741 = AXIS2_PLACEMENT_3D ( 'NONE', #684, #2802, #704 ) ;
#1742 = ADVANCED_FACE ( 'NONE', ( #3360 ), #1309, .T. ) ;
#1743 = ORIENTED_EDGE ( 'NONE', *, *, #2689, .T. ) ;
#1744 = EDGE_CURVE ( 'NONE', #3061, #3539, #724, .T. ) ;
#1745 = AXIS2_PLACEMENT_3D ( 'NONE', #479, #216, #1659 ) ;
#1746 = DIRECTION ( 'NONE',  ( 0.000000000000000000, 0.000000000000000000, -1.000000000000000000 ) ) ;
#1747 = EDGE_CURVE ( 'NONE', #2266, #3093, #1123, .T. ) ;
#1748 = ADVANCED_FACE ( 'NONE', ( #1651, #1323 ), #3440, .F. ) ;
#1749 = FILL_AREA_STYLE ('',( #266 ) ) ;
#1750 = ORIENTED_EDGE ( 'NONE', *, *, #781, .F. ) ;
#1751 = CARTESIAN_POINT ( 'NONE',  ( -13.50000000000000000, 0.000000000000000000, 0.000000000000000000 ) ) ;
#1752 = CARTESIAN_POINT ( 'NONE',  ( -7.216878364870328966, 6.499999999999992895, 22.50000000000000711 ) ) ;
#1753 = DIRECTION ( 'NONE',  ( 0.000000000000000000, 1.000000000000000000, 0.000000000000000000 ) ) ;
#1754 = EDGE_CURVE ( 'NONE', #3833, #2510, #3690, .T. ) ;
#1755 = DIRECTION ( 'NONE',  ( -0.000000000000000000, -0.000000000000000000, 1.000000000000000000 ) ) ;
#1756 = VERTEX_POINT ( 'NONE', #466 ) ;
#1757 = LINE ( 'NONE', #1508, #2218 ) ;
#1758 = ORIENTED_EDGE ( 'NONE', *, *, #2292, .F. ) ;
#1759 = CARTESIAN_POINT ( 'NONE',  ( -13.50000000000000000, 5.000000000000000000, 2.999999999999997335 ) ) ;
#1760 = ADVANCED_FACE ( 'NONE', ( #2859 ), #1380, .F. ) ;
#1761 = ORIENTED_EDGE ( 'NONE', *, *, #3330, .T. ) ;
#1762 = ADVANCED_FACE ( 'NONE', ( #3764 ), #1102, .F. ) ;
#1763 = CARTESIAN_POINT ( 'NONE',  ( 15.87713240271468962, 6.499999999999992895, -17.50000000000001066 ) ) ;
#1764 = FACE_OUTER_BOUND ( 'NONE', #1449, .T. ) ;
#1765 = CIRCLE ( 'NONE', #3138, 1.499999999999999334 ) ;
#1766 = EDGE_LOOP ( 'NONE', ( #2021, #2979, #1390, #371, #3398, #376, #2054, #2401, #2017 ) ) ;
#1767 = CARTESIAN_POINT ( 'NONE',  ( -16.43502884254427698, 0.000000000000000000, 13.43502884254455054 ) ) ;
#1768 = DIRECTION ( 'NONE',  ( 0.000000000000000000, -1.000000000000000000, 0.000000000000000000 ) ) ;
#1769 = CYLINDRICAL_SURFACE ( 'NONE', #2106, 1.699999999999997069 ) ;
#1770 = LINE ( 'NONE', #297, #988 ) ;
#1771 = ORIENTED_EDGE ( 'NONE', *, *, #1072, .T. ) ;
#1772 = DIRECTION ( 'NONE',  ( 0.8660254037844362651, 0.000000000000000000, -0.5000000000000041078 ) ) ;
#1773 = ORIENTED_EDGE ( 'NONE', *, *, #3019, .T. ) ;
#1774 = LINE ( 'NONE', #3583, #428 ) ;
#1775 = VERTEX_POINT ( 'NONE', #2912 ) ;
#1776 = ADVANCED_FACE ( 'NONE', ( #2346 ), #2639, .F. ) ;
#1777 = CARTESIAN_POINT ( 'NONE',  ( 1.836970198721029194E-16, 12.00000000000000000, -13.73000000000000043 ) ) ;
#1778 = CARTESIAN_POINT ( 'NONE',  ( -13.50000000000000000, 3.851859888774471706E-31, 2.999999999999993783 ) ) ;
#1779 = CARTESIAN_POINT ( 'NONE',  ( 14.43375672974063662, 0.5000000000000004441, 0.000000000000000000 ) ) ;
#1780 = AXIS2_PLACEMENT_3D ( 'NONE', #828, #770, #2608 ) ;
#1781 = LINE ( 'NONE', #2336, #2169 ) ;
#1782 = AXIS2_PLACEMENT_3D ( 'NONE', #2957, #2595, #3265 ) ;
#1783 = CIRCLE ( 'NONE', #3281, 2.999999999999992450 ) ;
#1784 = EDGE_LOOP ( 'NONE', ( #3185, #766, #3852, #3736 ) ) ;
#1785 = ADVANCED_FACE ( 'NONE', ( #3530, #210 ), #3798, .F. ) ;
#1786 = FACE_OUTER_BOUND ( 'NONE', #3567, .T. ) ;
#1787 = CARTESIAN_POINT ( 'NONE',  ( -7.216878364870327189, 6.499999999999992895, 12.50000000000000533 ) ) ;
#1788 = DIRECTION ( 'NONE',  ( 0.6123724356957939152, 0.7071067811865482389, -0.3535533905932736198 ) ) ;
#1789 = CIRCLE ( 'NONE', #2353, 2.999999999999999112 ) ;
#1790 = AXIS2_PLACEMENT_3D ( 'NONE', #3384, #1578, #53 ) ;
#1791 = DIRECTION ( 'NONE',  ( -1.000000000000000000, 0.000000000000000000, -1.335390754433031373E-16 ) ) ;
#1792 = CIRCLE ( 'NONE', #604, 1.699999999999998845 ) ;
#1793 = ORIENTED_EDGE ( 'NONE', *, *, #114, .T. ) ;
#1794 = CARTESIAN_POINT ( 'NONE',  ( 12.99038105676656585, 7.000000000000000000, -22.50000000000000711 ) ) ;
#1795 = CARTESIAN_POINT ( 'NONE',  ( 9.348076211353287590, 3.851859888774471706E-31, -10.19134295108994870 ) ) ;
#1796 = VECTOR ( 'NONE', #1048, 1000.000000000000000 ) ;
#1797 = DIRECTION ( 'NONE',  ( -0.5000000000000002220, 0.000000000000000000, -0.8660254037844385966 ) ) ;
#1798 = AXIS2_PLACEMENT_3D ( 'NONE', #3730, #763, #2503 ) ;
#1799 = ORIENTED_EDGE ( 'NONE', *, *, #3434, .T. ) ;
#1800 = ORIENTED_EDGE ( 'NONE', *, *, #1273, .T. ) ;
#1801 = DIRECTION ( 'NONE',  ( -0.5000000000000044409, 0.000000000000000000, -0.8660254037844361541 ) ) ;
#1802 = DIRECTION ( 'NONE',  ( 0.000000000000000000, -1.000000000000000000, 0.000000000000000000 ) ) ;
#1803 = DIRECTION ( 'NONE',  ( 0.000000000000000000, 0.000000000000000000, 1.000000000000000000 ) ) ;
#1804 = VERTEX_POINT ( 'NONE', #808 ) ;
#1805 = DIRECTION ( 'NONE',  ( -0.000000000000000000, 1.000000000000000000, -0.000000000000000000 ) ) ;
#1806 = DIRECTION ( 'NONE',  ( -0.8660254037844363761, 0.000000000000000000, 0.5000000000000038858 ) ) ;
#1807 = DIRECTION ( 'NONE',  ( 0.000000000000000000, 1.000000000000000000, 0.000000000000000000 ) ) ;
#1808 = ADVANCED_FACE ( 'NONE', ( #3163 ), #490, .T. ) ;
#1809 = DIRECTION ( 'NONE',  ( 0.000000000000000000, -1.000000000000000000, 0.000000000000000000 ) ) ;
#1810 = VERTEX_POINT ( 'NONE', #3815 ) ;
#1811 = CARTESIAN_POINT ( 'NONE',  ( 0.000000000000000000, 12.00000000000000000, 0.000000000000000000 ) ) ;
#1812 = DIRECTION ( 'NONE',  ( 0.000000000000000000, 0.000000000000000000, 1.000000000000000000 ) ) ;
#1813 = CARTESIAN_POINT ( 'NONE',  ( 8.222243186433669138, 12.00000000000000000, 10.84134295108982649 ) ) ;
#1814 = EDGE_CURVE ( 'NONE', #1655, #529, #2056, .T. ) ;
#1815 = ORIENTED_EDGE ( 'NONE', *, *, #2553, .T. ) ;
#1816 = ORIENTED_EDGE ( 'NONE', *, *, #710, .T. ) ;
#1817 = DIRECTION ( 'NONE',  ( 0.000000000000000000, 1.000000000000000000, 0.000000000000000000 ) ) ;
#1818 = DIRECTION ( 'NONE',  ( -0.8660254037844361541, 0.000000000000000000, 0.5000000000000043299 ) ) ;
#1819 = ORIENTED_EDGE ( 'NONE', *, *, #114, .F. ) ;
#1820 = DIRECTION ( 'NONE',  ( 0.000000000000000000, -1.000000000000000000, 0.000000000000000000 ) ) ;
#1821 = CYLINDRICAL_SURFACE ( 'NONE', #1359, 2.999999999999995559 ) ;
#1822 = EDGE_CURVE ( 'NONE', #2442, #1104, #3169, .T. ) ;
#1823 = VECTOR ( 'NONE', #838, 1000.000000000000000 ) ;
#1824 = EDGE_LOOP ( 'NONE', ( #3158, #140, #3612, #2668 ) ) ;
#1825 = EDGE_CURVE ( 'NONE', #2115, #1316, #1139, .T. ) ;
#1826 = LINE ( 'NONE', #1539, #876 ) ;
#1827 = CARTESIAN_POINT ( 'NONE',  ( -13.43502884254437824, 6.802581857082681260, -13.43502884254442264 ) ) ;
#1828 = DIRECTION ( 'NONE',  ( 0.000000000000000000, -1.000000000000000000, 0.000000000000000000 ) ) ;
#1829 = VECTOR ( 'NONE', #265, 999.9999999999998863 ) ;
#1830 = EDGE_CURVE ( 'NONE', #129, #3675, #2328, .T. ) ;
#1831 = VECTOR ( 'NONE', #1424, 1000.000000000000000 ) ;
#1832 = PLANE ( 'NONE',  #2298 ) ;
#1833 = ORIENTED_EDGE ( 'NONE', *, *, #1105, .T. ) ;
#1834 = LINE ( 'NONE', #3832, #1487 ) ;
#1835 = CARTESIAN_POINT ( 'NONE',  ( -3.422894331142495083, 7.000000000000000000, -18.68913573169804820 ) ) ;
#1836 = CARTESIAN_POINT ( 'NONE',  ( -6.749999999999891642, 0.000000000000000000, 11.69134295108998245 ) ) ;
#1837 = VERTEX_POINT ( 'NONE', #1759 ) ;
#1838 = ORIENTED_EDGE ( 'NONE', *, *, #2953, .F. ) ;
#1839 = FACE_OUTER_BOUND ( 'NONE', #2682, .T. ) ;
#1840 = DIRECTION ( 'NONE',  ( 0.000000000000000000, -1.000000000000000000, 0.000000000000000000 ) ) ;
#1841 = ORIENTED_EDGE ( 'NONE', *, *, #3020, .T. ) ;
#1842 = CARTESIAN_POINT ( 'NONE',  ( -10.35127944162886493, 3.500000000000000000, -4.071058083755588974 ) ) ;
#1843 = DIRECTION ( 'NONE',  ( 0.000000000000000000, -1.000000000000000000, -0.000000000000000000 ) ) ;
#1844 = CIRCLE ( 'NONE', #3401, 2.999999999999994671 ) ;
#1846 = EDGE_LOOP ( 'NONE', ( #1599, #2262, #3634 ) ) ;
#1845 = AXIS2_PLACEMENT_3D ( 'NONE', #2239, #3786, #1400 ) ;
#1847 = CARTESIAN_POINT ( 'NONE',  ( 6.749999999999973355, 3.851859888774471706E-31, -11.69134295108993804 ) ) ;
#1848 = CARTESIAN_POINT ( 'NONE',  ( 8.222243186433519924, 5.000000000000000000, -10.84134295108994372 ) ) ;
#1849 = CARTESIAN_POINT ( 'NONE',  ( -9.526279441628879852, 3.500000000000000000, -5.499999999999918288 ) ) ;
#1850 = CIRCLE ( 'NONE', #278, 18.00000000000000355 ) ;
#1851 = VECTOR ( 'NONE', #3208, 1000.000000000000000 ) ;
#1852 = VERTEX_POINT ( 'NONE', #3220 ) ;
#1853 = DIRECTION ( 'NONE',  ( 0.000000000000000000, -1.000000000000000000, 0.000000000000000000 ) ) ;
#1854 = FACE_OUTER_BOUND ( 'NONE', #3507, .T. ) ;
#1855 = LINE ( 'NONE', #2740, #3032 ) ;
#1856 = AXIS2_PLACEMENT_3D ( 'NONE', #2496, #360, #1933 ) ;
#1857 = VECTOR ( 'NONE', #888, 1000.000000000000000 ) ;
#1858 = ORIENTED_EDGE ( 'NONE', *, *, #3164, .T. ) ;
#1859 = ORIENTED_EDGE ( 'NONE', *, *, #816, .T. ) ;
#1860 = CARTESIAN_POINT ( 'NONE',  ( 0.000000000000000000, 12.00000000000000000, 9.500000000000015987 ) ) ;
#1861 = ADVANCED_FACE ( 'NONE', ( #2876 ), #193, .F. ) ;
#1862 = EDGE_CURVE ( 'NONE', #655, #312, #1398, .T. ) ;
#1863 = ORIENTED_EDGE ( 'NONE', *, *, #2627, .T. ) ;
#1864 = AXIS2_PLACEMENT_3D ( 'NONE', #2617, #484, #2887 ) ;
#1865 = CARTESIAN_POINT ( 'NONE',  ( -9.348076211353358644, 3.851859888774471706E-31, -10.19134295108988297 ) ) ;
#1866 = EDGE_CURVE ( 'NONE', #3616, #2593, #1774, .T. ) ;
#1867 = ADVANCED_FACE ( 'NONE', ( #1549 ), #2716, .F. ) ;
#1868 = CARTESIAN_POINT ( 'NONE',  ( 15.44411970082249042, 0.000000000000000000, 17.25000000000000355 ) ) ;
#1869 = VERTEX_POINT ( 'NONE', #25 ) ;
#1870 = CARTESIAN_POINT ( 'NONE',  ( 7.216878364870320972, 7.000000000000000000, 12.50000000000000888 ) ) ;
#1871 = LINE ( 'NONE', #2457, #1225 ) ;
#1872 = DIRECTION ( 'NONE',  ( -0.4999999999999920619, 0.000000000000000000, 0.8660254037844433705 ) ) ;
#1873 = AXIS2_PLACEMENT_3D ( 'NONE', #2448, #1817, #3627 ) ;
#1874 = ORIENTED_EDGE ( 'NONE', *, *, #3805, .F. ) ;
#1875 = CYLINDRICAL_SURFACE ( 'NONE', #3286, 2.999999999999995559 ) ;
#1876 = CARTESIAN_POINT ( 'NONE',  ( 9.526279441628808797, 3.500000000000000000, -5.500000000000044409 ) ) ;
#1877 = CARTESIAN_POINT ( 'NONE',  ( 1.000000000000000000, 1.000000000000000000, -17.50000000000000711 ) ) ;
#1878 = VECTOR ( 'NONE', #3517, 1000.000000000000000 ) ;
#1879 = EDGE_CURVE ( 'NONE', #759, #1526, #2983, .T. ) ;
#1880 = ORIENTED_EDGE ( 'NONE', *, *, #3288, .T. ) ;
#1881 = EDGE_CURVE ( 'NONE', #825, #2479, #743, .T. ) ;
#1882 = ORIENTED_EDGE ( 'NONE', *, *, #1170, .T. ) ;
#1883 = CARTESIAN_POINT ( 'NONE',  ( 23.09401076758502924, 0.5000000000000004441, 4.999999999999990230 ) ) ;
#1884 = DIRECTION ( 'NONE',  ( -0.000000000000000000, -1.000000000000000000, -0.000000000000000000 ) ) ;
#1885 = VECTOR ( 'NONE', #3376, 1000.000000000000000 ) ;
#1886 = ORIENTED_EDGE ( 'NONE', *, *, #2554, .T. ) ;
#1887 = EDGE_CURVE ( 'NONE', #1379, #1579, #2700, .T. ) ;
#1888 =( LENGTH_UNIT ( ) NAMED_UNIT ( * ) SI_UNIT ( .MILLI., .METRE. ) );
#1889 = DIRECTION ( 'NONE',  ( 0.5000000000000001110, 0.000000000000000000, 0.8660254037844387076 ) ) ;
#1890 = EDGE_LOOP ( 'NONE', ( #2370, #104, #259 ) ) ;
#1891 = CARTESIAN_POINT ( 'NONE',  ( 13.43502884254438001, 5.000000000000000000, 10.43502884254442442 ) ) ;
#1892 = FACE_BOUND ( 'NONE', #944, .T. ) ;
#1893 = DIRECTION ( 'NONE',  ( 0.000000000000000000, -1.000000000000000000, -0.000000000000000000 ) ) ;
#1894 = EDGE_LOOP ( 'NONE', ( #1207, #3399, #1899, #1033 ) ) ;
#1895 = CARTESIAN_POINT ( 'NONE',  ( 15.87713240271471093, 6.499999999999992895, 17.50000000000000355 ) ) ;
#1896 = LINE ( 'NONE', #3623, #550 ) ;
#1897 = CARTESIAN_POINT ( 'NONE',  ( 13.43502884254437646, 5.000000000000000000, -13.43502884254442620 ) ) ;
#1898 = CIRCLE ( 'NONE', #1654, 2.999999999999994227 ) ;
#1899 = ORIENTED_EDGE ( 'NONE', *, *, #3493, .F. ) ;
#1900 = VERTEX_POINT ( 'NONE', #2963 ) ;
#1901 = CARTESIAN_POINT ( 'NONE',  ( 6.749999999999973355, 5.000000000000000000, -11.69134295108993804 ) ) ;
#1902 = DIRECTION ( 'NONE',  ( 0.000000000000000000, -1.000000000000000000, 0.000000000000000000 ) ) ;
#1903 = EDGE_CURVE ( 'NONE', #2205, #1403, #3624, .T. ) ;
#1904 = EDGE_LOOP ( 'NONE', ( #319, #3418, #2320, #1004 ) ) ;
#1905 = DIRECTION ( 'NONE',  ( 1.000000000000000000, 0.000000000000000000, -1.040834085586085834E-14 ) ) ;
#1906 = DIRECTION ( 'NONE',  ( 1.000000000000000000, 0.000000000000000000, 0.000000000000000000 ) ) ;
#1907 = VERTEX_POINT ( 'NONE', #1510 ) ;
#1908 = DIRECTION ( 'NONE',  ( -0.000000000000000000, -1.000000000000000000, 0.000000000000000000 ) ) ;
#1909 = CARTESIAN_POINT ( 'NONE',  ( 16.43502884254437646, 5.000000000000000000, -13.43502884254443686 ) ) ;
#1910 = VECTOR ( 'NONE', #546, 1000.000000000000000 ) ;
#1911 = ADVANCED_FACE ( 'NONE', ( #2132 ), #341, .F. ) ;
#1912 = ORIENTED_EDGE ( 'NONE', *, *, #1606, .F. ) ;
#1913 = DIRECTION ( 'NONE',  ( -0.4999999999999993894, -0.000000000000000000, 0.8660254037844389297 ) ) ;
#1914 = CARTESIAN_POINT ( 'NONE',  ( 8.222243186433518147, 12.00000000000000000, -10.84134295108994372 ) ) ;
#1915 = FACE_BOUND ( 'NONE', #2719, .T. ) ;
#1916 = AXIS2_PLACEMENT_3D ( 'NONE', #2406, #3570, #605 ) ;
#1917 = CIRCLE ( 'NONE', #2966, 1.000000000000000888 ) ;
#1918 = ORIENTED_EDGE ( 'NONE', *, *, #248, .T. ) ;
#1919 = VERTEX_POINT ( 'NONE', #1813 ) ;
#1920 = VECTOR ( 'NONE', #2919, 1000.000000000000114 ) ;
#1921 = CARTESIAN_POINT ( 'NONE',  ( -6.750000000000055067, 0.000000000000000000, -11.69134295108989363 ) ) ;
#1922 = AXIS2_PLACEMENT_3D ( 'NONE', #644, #1840, #1818 ) ;
#1923 = ORIENTED_EDGE ( 'NONE', *, *, #1054, .F. ) ;
#1924 = CARTESIAN_POINT ( 'NONE',  ( 1.000000000000000000, 1.000000000000000000, -17.50000000000000711 ) ) ;
#1925 = CARTESIAN_POINT ( 'NONE',  ( 5.277756813566428562, 12.00000000000000000, -12.54134295108993236 ) ) ;
#1926 = CONICAL_SURFACE ( 'NONE', #43, 9.500000000000000000, 0.7853981633974482790 ) ;
#1927 = EDGE_CURVE ( 'NONE', #242, #1907, #2598, .T. ) ;
#1928 = FACE_OUTER_BOUND ( 'NONE', #2679, .T. ) ;
#1929 = AXIS2_PLACEMENT_3D ( 'NONE', #2423, #1236, #3853 ) ;
#1930 = EDGE_LOOP ( 'NONE', ( #2212, #1863, #1057 ) ) ;
#1931 = EDGE_CURVE ( 'NONE', #600, #3117, #2848, .T. ) ;
#1932 = CARTESIAN_POINT ( 'NONE',  ( -13.43502884254438001, 0.000000000000000000, -13.43502884254442264 ) ) ;
#1933 = DIRECTION ( 'NONE',  ( 0.000000000000000000, -0.000000000000000000, 1.000000000000000000 ) ) ;
#1934 = ORIENTED_EDGE ( 'NONE', *, *, #2862, .T. ) ;
#1935 = PRESENTATION_LAYER_ASSIGNMENT (  '', '', ( #3848 ) ) ;
#1936 = EDGE_CURVE ( 'NONE', #1635, #2593, #2069, .T. ) ;
#1937 = CARTESIAN_POINT ( 'NONE',  ( -13.43502884254438001, 5.000000000000000000, -13.43502884254442264 ) ) ;
#1938 = DIRECTION ( 'NONE',  ( 0.4999999999999993894, 0.000000000000000000, -0.8660254037844389297 ) ) ;
#1939 = FACE_OUTER_BOUND ( 'NONE', #884, .T. ) ;
#1940 = ORIENTED_EDGE ( 'NONE', *, *, #760, .F. ) ;
#1941 = ORIENTED_EDGE ( 'NONE', *, *, #2745, .F. ) ;
#1942 = CARTESIAN_POINT ( 'NONE',  ( -14.43375672974065260, 0.000000000000000000, 2.602085213965210642E-15 ) ) ;
#1943 = ORIENTED_EDGE ( 'NONE', *, *, #101, .F. ) ;
#1944 = PRESENTATION_STYLE_ASSIGNMENT (( #3423 ) ) ;
#1945 = DIRECTION ( 'NONE',  ( 0.000000000000000000, 1.000000000000000000, 0.000000000000000000 ) ) ;
#1946 = CARTESIAN_POINT ( 'NONE',  ( -10.59149068828365969, 8.000000000000000000, 6.115000000000050839 ) ) ;
#1947 = EDGE_LOOP ( 'NONE', ( #1050, #3719, #1177, #3407 ) ) ;
#1948 = EDGE_CURVE ( 'NONE', #2690, #1775, #3025, .T. ) ;
#1949 = SURFACE_SIDE_STYLE ('',( #2260 ) ) ;
#1950 = CYLINDRICAL_SURFACE ( 'NONE', #280, 2.999999999999995559 ) ;
#1951 = ORIENTED_EDGE ( 'NONE', *, *, #3784, .F. ) ;
#1952 = LINE ( 'NONE', #3153, #1505 ) ;
#1953 = FACE_OUTER_BOUND ( 'NONE', #970, .T. ) ;
#1954 = CARTESIAN_POINT ( 'NONE',  ( 1.649999999999993916, 3.500000000000000000, 22.50000000000000711 ) ) ;
#1955 = ORIENTED_EDGE ( 'NONE', *, *, #1394, .T. ) ;
#1956 = ORIENTED_EDGE ( 'NONE', *, *, #3742, .F. ) ;
#1957 = CARTESIAN_POINT ( 'NONE',  ( 19.05255888325764246, 0.000000000000000000, -11.00000000000000000 ) ) ;
#1958 = CIRCLE ( 'NONE', #2948, 1.699999999999996625 ) ;
#1959 = ORIENTED_EDGE ( 'NONE', *, *, #2434, .T. ) ;
#1960 = FACE_OUTER_BOUND ( 'NONE', #2052, .T. ) ;
#1961 = FACE_OUTER_BOUND ( 'NONE', #2015, .T. ) ;
#1962 = CARTESIAN_POINT ( 'NONE',  ( -3.242741997924468489, 12.00000000000000000, -17.70549700897709755 ) ) ;
#1963 = EDGE_LOOP ( 'NONE', ( #2987, #2251, #2088, #2029 ) ) ;
#1964 = LINE ( 'NONE', #1714, #1920 ) ;
#1965 = EDGE_CURVE ( 'NONE', #2762, #1437, #1855, .T. ) ;
#1966 = VERTEX_POINT ( 'NONE', #3314 ) ;
#1967 = CARTESIAN_POINT ( 'NONE',  ( 1.836970198721029194E-16, 12.00000000000000000, -13.73000000000000043 ) ) ;
#1968 = DIRECTION ( 'NONE',  ( 0.8660254037844328234, 0.000000000000000000, -0.5000000000000101030 ) ) ;
#1969 = ORIENTED_EDGE ( 'NONE', *, *, #1479, .F. ) ;
#1970 = CARTESIAN_POINT ( 'NONE',  ( -7.216878364870328966, 6.499999999999992895, 22.50000000000000711 ) ) ;
#1971 = ORIENTED_EDGE ( 'NONE', *, *, #3097, .F. ) ;
#1972 = CIRCLE ( 'NONE', #343, 2.999999999999997335 ) ;
#1973 = CARTESIAN_POINT ( 'NONE',  ( 19.48557158514982746, 3.500000000000000000, -11.25000000000009237 ) ) ;
#1974 = VECTOR ( 'NONE', #2482, 1000.000000000000000 ) ;
#1975 = CIRCLE ( 'NONE', #3467, 9.500000000000000000 ) ;
#1976 = AXIS2_PLACEMENT_3D ( 'NONE', #696, #1893, #3078 ) ;
#1977 = EDGE_LOOP ( 'NONE', ( #3512, #2708 ) ) ;
#1978 = FACE_OUTER_BOUND ( 'NONE', #79, .T. ) ;
#1979 = EDGE_CURVE ( 'NONE', #1445, #146, #2533, .T. ) ;
#1980 = AXIS2_PLACEMENT_3D ( 'NONE', #839, #240, #2925 ) ;
#1981 = AXIS2_PLACEMENT_3D ( 'NONE', #2058, #249, #846 ) ;
#1982 = EDGE_CURVE ( 'NONE', #120, #3802, #153, .T. ) ;
#1983 = EDGE_CURVE ( 'NONE', #3855, #178, #2408, .T. ) ;
#1984 = CIRCLE ( 'NONE', #2977, 2.999999999999999112 ) ;
#1985 = FACE_OUTER_BOUND ( 'NONE', #1183, .T. ) ;
#1986 = ORIENTED_EDGE ( 'NONE', *, *, #2796, .F. ) ;
#1987 = DIRECTION ( 'NONE',  ( 0.6123724356957909176, 0.7071067811865517916, -0.3535533905932716769 ) ) ;
#1988 = CARTESIAN_POINT ( 'NONE',  ( -1.160900368822715967, 7.000000000000000000, -21.00000000000000000 ) ) ;
#1989 = ADVANCED_FACE ( 'NONE', ( #3565 ), #218, .T. ) ;
#1990 = CIRCLE ( 'NONE', #362, 1.499999999999999556 ) ;
#1991 = ORIENTED_EDGE ( 'NONE', *, *, #1584, .F. ) ;
#1992 = FACE_OUTER_BOUND ( 'NONE', #1712, .T. ) ;
#1993 = CARTESIAN_POINT ( 'NONE',  ( 3.242741997924472930, 7.000000000000000000, -17.70549700897709755 ) ) ;
#1994 = CARTESIAN_POINT ( 'NONE',  ( 22.66099806569280872, 0.000000000000000000, 4.749999999999990230 ) ) ;
#1995 = ORIENTED_EDGE ( 'NONE', *, *, #3206, .T. ) ;
#1996 = CARTESIAN_POINT ( 'NONE',  ( 13.50000000000000000, 12.00000000000000000, -1.699999999999996625 ) ) ;
#1997 = EDGE_LOOP ( 'NONE', ( #237, #2519, #3311, #3458 ) ) ;
#1998 = ADVANCED_FACE ( 'NONE', ( #3045 ), #1542, .F. ) ;
#1999 = EDGE_CURVE ( 'NONE', #509, #2259, #742, .T. ) ;
#2000 = ORIENTED_EDGE ( 'NONE', *, *, #2331, .F. ) ;
#2001 = DIRECTION ( 'NONE',  ( 0.000000000000000000, 0.000000000000000000, -1.000000000000000000 ) ) ;
#2002 = AXIS2_PLACEMENT_3D ( 'NONE', #1662, #2871, #3486 ) ;
#2003 = ADVANCED_FACE ( 'NONE', ( #3641 ), #2817, .F. ) ;
#2004 = DIRECTION ( 'NONE',  ( 0.000000000000000000, -1.000000000000000000, 0.000000000000000000 ) ) ;
#2005 = ORIENTED_EDGE ( 'NONE', *, *, #2810, .T. ) ;
#2006 = CARTESIAN_POINT ( 'NONE',  ( 1.160900368822718409, 7.000000000000000000, -20.00000000000000000 ) ) ;
#2007 = CARTESIAN_POINT ( 'NONE',  ( 13.50000000000000000, 0.000000000000000000, 0.000000000000000000 ) ) ;
#2008 = CONICAL_SURFACE ( 'NONE', #2504, 1.649999999999997913, 1.029744258676652535 ) ;
#2009 = ORIENTED_EDGE ( 'NONE', *, *, #3144, .T. ) ;
#2010 = CARTESIAN_POINT ( 'NONE',  ( -23.09401076758503990, 6.499999999999992895, 5.000000000000002665 ) ) ;
#2011 = DIRECTION ( 'NONE',  ( -0.4999999999999993894, 0.000000000000000000, 0.8660254037844389297 ) ) ;
#2012 = FILL_AREA_STYLE_COLOUR ( '', #3161 ) ;
#2013 = VERTEX_POINT ( 'NONE', #3437 ) ;
#2014 = DIRECTION ( 'NONE',  ( 0.000000000000000000, 0.000000000000000000, 1.000000000000000000 ) ) ;
#2015 = EDGE_LOOP ( 'NONE', ( #1274, #2867, #2854 ) ) ;
#2016 = AXIS2_PLACEMENT_3D ( 'NONE', #819, #2307, #2011 ) ;
#2017 = ORIENTED_EDGE ( 'NONE', *, *, #302, .T. ) ;
#2018 = DIRECTION ( 'NONE',  ( -0.000000000000000000, -0.000000000000000000, 1.000000000000000000 ) ) ;
#2019 = VECTOR ( 'NONE', #3408, 1000.000000000000000 ) ;
#2020 = CARTESIAN_POINT ( 'NONE',  ( -6.750000000000055067, 0.000000000000000000, -11.69134295108989363 ) ) ;
#2021 = ORIENTED_EDGE ( 'NONE', *, *, #2681, .T. ) ;
#2022 = CARTESIAN_POINT ( 'NONE',  ( 0.000000000000000000, 12.00000000000000000, -10.73000000000000220 ) ) ;
#2023 = CARTESIAN_POINT ( 'NONE',  ( -6.750000000000055067, 5.000000000000000000, -11.69134295108989363 ) ) ;
#2024 = VERTEX_POINT ( 'NONE', #1592 ) ;
#2025 = DIRECTION ( 'NONE',  ( 0.5000000000000002220, 0.000000000000000000, 0.8660254037844384856 ) ) ;
#2026 = DIRECTION ( 'NONE',  ( 0.6123724356957960246, 0.7071067811865464625, -0.3535533905932731757 ) ) ;
#2027 = CARTESIAN_POINT ( 'NONE',  ( 25.98076211353315301, 0.5000000000000004441, -3.489324058411262266E-15 ) ) ;
#2028 = EDGE_CURVE ( 'NONE', #2031, #1966, #2227, .T. ) ;
#2029 = ORIENTED_EDGE ( 'NONE', *, *, #1879, .F. ) ;
#2030 = DIRECTION ( 'NONE',  ( 0.8660254037844328234, 0.000000000000000000, -0.5000000000000099920 ) ) ;
#2031 = VERTEX_POINT ( 'NONE', #2463 ) ;
#2032 = EDGE_CURVE ( 'NONE', #1837, #1201, #3829, .T. ) ;
#2033 =( NAMED_UNIT ( * ) PLANE_ANGLE_UNIT ( ) SI_UNIT ( $, .RADIAN. ) );
#2034 = CONICAL_SURFACE ( 'NONE', #531, 17.49999999999999645, 0.7853981633974415066 ) ;
#2035 = ORIENTED_EDGE ( 'NONE', *, *, #2120, .F. ) ;
#2036 = VECTOR ( 'NONE', #942, 1000.000000000000000 ) ;
#2037 = LINE ( 'NONE', #1763, #1305 ) ;
#2038 = CIRCLE ( 'NONE', #727, 2.999999999999999112 ) ;
#2039 = CARTESIAN_POINT ( 'NONE',  ( -15.87713240271471093, 0.5000000000000004441, 17.50000000000000711 ) ) ;
#2040 = AXIS2_PLACEMENT_3D ( 'NONE', #2007, #797, #815 ) ;
#2041 = AXIS2_PLACEMENT_3D ( 'NONE', #3087, #1282, #1245 ) ;
#2042 = DIRECTION ( 'NONE',  ( 0.000000000000000000, 0.000000000000000000, -1.000000000000000000 ) ) ;
#2043 = ADVANCED_FACE ( 'NONE', ( #2795 ), #726, .F. ) ;
#2044 = AXIS2_PLACEMENT_3D ( 'NONE', #2950, #232, #2898 ) ;
#2045 = EDGE_CURVE ( 'NONE', #2538, #825, #107, .T. ) ;
#2046 = ORIENTED_EDGE ( 'NONE', *, *, #229, .T. ) ;
#2047 = DIRECTION ( 'NONE',  ( 0.000000000000000000, -1.000000000000000000, 0.000000000000000000 ) ) ;
#2048 = DIRECTION ( 'NONE',  ( -0.8660254037844395958, 0.000000000000000000, -0.4999999999999982792 ) ) ;
#2049 = CONICAL_SURFACE ( 'NONE', #2735, 9.499999999999989342, 0.7853981633974517207 ) ;
#2050 = ADVANCED_FACE ( 'NONE', ( #2191, #1001, #3378, #1020, #1611, #3415, #462, #719, #1915, #1062, #446, #700 ), #3139, .F. ) ;
#2051 = DIRECTION ( 'NONE',  ( 1.000000000000000000, 0.000000000000000000, 1.335390754433030140E-16 ) ) ;
#2052 = EDGE_LOOP ( 'NONE', ( #434, #3429, #3608, #1615 ) ) ;
#2053 = CARTESIAN_POINT ( 'NONE',  ( -2.438086578130286508, 7.000000000000000000, -18.51548755403112168 ) ) ;
#2054 = ORIENTED_EDGE ( 'NONE', *, *, #513, .T. ) ;
#2055 = CONICAL_SURFACE ( 'NONE', #1741, 9.499999999999998224, 0.7853981633974500554 ) ;
#2056 = LINE ( 'NONE', #826, #2804 ) ;
#2057 = EDGE_LOOP ( 'NONE', ( #3862, #2330, #707, #220 ) ) ;
#2058 = CARTESIAN_POINT ( 'NONE',  ( -4.336808689942017736E-15, 3.500000000000000000, 11.00000000000000711 ) ) ;
#2059 = CARTESIAN_POINT ( 'NONE',  ( 18.66057158514982106, 3.500000000000000000, -12.67894191624441014 ) ) ;
#2060 = DIRECTION ( 'NONE',  ( 0.000000000000000000, 1.000000000000000000, 0.000000000000000000 ) ) ;
#2061 = ORIENTED_EDGE ( 'NONE', *, *, #2292, .T. ) ;
#2062 = LINE ( 'NONE', #3229, #3057 ) ;
#2063 = PLANE ( 'NONE',  #3782 ) ;
#2064 = ADVANCED_FACE ( 'NONE', ( #1939 ), #1478, .F. ) ;
#2065 = CARTESIAN_POINT ( 'NONE',  ( -8.701279441628894773, 3.500000000000000000, -6.928941916244247601 ) ) ;
#2066 = ORIENTED_EDGE ( 'NONE', *, *, #2224, .F. ) ;
#2067 = FACE_OUTER_BOUND ( 'NONE', #3031, .T. ) ;
#2068 = VERTEX_POINT ( 'NONE', #3083 ) ;
#2069 = LINE ( 'NONE', #3298, #2036 ) ;
#2070 = ORIENTED_EDGE ( 'NONE', *, *, #2235, .T. ) ;
#2071 = CARTESIAN_POINT ( 'NONE',  ( 0.000000000000000000, 12.00000000000000000, 0.000000000000000000 ) ) ;
#2072 = EDGE_CURVE ( 'NONE', #1202, #3294, #1664, .T. ) ;
#2073 = FACE_OUTER_BOUND ( 'NONE', #2528, .T. ) ;
#2074 = CARTESIAN_POINT ( 'NONE',  ( 13.50000000000000000, 3.851859888774471706E-31, 0.000000000000000000 ) ) ;
#2075 = VECTOR ( 'NONE', #1288, 1000.000000000000114 ) ;
#2076 = AXIS2_PLACEMENT_3D ( 'NONE', #646, #2685, #2386 ) ;
#2077 = VERTEX_POINT ( 'NONE', #1294 ) ;
#2078 = DIRECTION ( 'NONE',  ( 0.000000000000000000, -1.000000000000000000, -0.000000000000000000 ) ) ;
#2079 = PLANE ( 'NONE',  #2016 ) ;
#2080 = DIRECTION ( 'NONE',  ( 0.000000000000000000, 0.000000000000000000, 1.000000000000000000 ) ) ;
#2081 = EDGE_CURVE ( 'NONE', #1138, #3855, #404, .T. ) ;
#2082 = CARTESIAN_POINT ( 'NONE',  ( -13.43502884254438001, 0.000000000000000000, -13.43502884254442264 ) ) ;
#2083 = ORIENTED_EDGE ( 'NONE', *, *, #2941, .T. ) ;
#2084 = DIRECTION ( 'NONE',  ( -0.000000000000000000, -1.000000000000000000, -0.000000000000000000 ) ) ;
#2085 = DIRECTION ( 'NONE',  ( -0.000000000000000000, -1.000000000000000000, -0.000000000000000000 ) ) ;
#2086 = DIRECTION ( 'NONE',  ( -0.000000000000000000, -1.000000000000000000, -0.000000000000000000 ) ) ;
#2087 = ORIENTED_EDGE ( 'NONE', *, *, #1754, .T. ) ;
#2088 = ORIENTED_EDGE ( 'NONE', *, *, #2257, .T. ) ;
#2089 = SURFACE_STYLE_FILL_AREA ( #3569 ) ;
#2090 = UNCERTAINTY_MEASURE_WITH_UNIT (LENGTH_MEASURE( 1.000000000000000082E-05 ), #2323, 'distance_accuracy_value', 'NONE');
#2091 = DIRECTION ( 'NONE',  ( 0.8660254037844431485, 0.000000000000000000, 0.4999999999999922284 ) ) ;
#2092 = AXIS2_PLACEMENT_3D ( 'NONE', #1378, #3508, #1137 ) ;
#2093 = DIRECTION ( 'NONE',  ( 0.000000000000000000, 0.000000000000000000, -1.000000000000000000 ) ) ;
#2094 = EDGE_CURVE ( 'NONE', #146, #1156, #3120, .T. ) ;
#2095 = CONICAL_SURFACE ( 'NONE', #2537, 2.999999999999999112, 1.029744258676654090 ) ;
#2096 = CARTESIAN_POINT ( 'NONE',  ( 10.59149068828374318, 8.000000000000000000, 6.114999999999902514 ) ) ;
#2097 = VECTOR ( 'NONE', #41, 1000.000000000000000 ) ;
#2098 = AXIS2_PLACEMENT_3D ( 'NONE', #1308, #2453, #2786 ) ;
#2099 = CONICAL_SURFACE ( 'NONE', #1976, 2.999999999999999112, 1.029744258676654090 ) ;
#2100 = ORIENTED_EDGE ( 'NONE', *, *, #513, .F. ) ;
#2101 = CARTESIAN_POINT ( 'NONE',  ( 1.102182119232617714E-15, 11.49999999999998757, 9.000000000000000000 ) ) ;
#2102 = DIRECTION ( 'NONE',  ( -0.8660254037844432595, 0.000000000000000000, -0.4999999999999919509 ) ) ;
#2103 = FACE_BOUND ( 'NONE', #3489, .T. ) ;
#2104 = EDGE_CURVE ( 'NONE', #244, #3180, #2660, .T. ) ;
#2105 = ADVANCED_FACE ( 'NONE', ( #143 ), #2833, .T. ) ;
#2106 = AXIS2_PLACEMENT_3D ( 'NONE', #2958, #3559, #892 ) ;
#2107 = CIRCLE ( 'NONE', #1922, 2.999999999999997780 ) ;
#2108 = LINE ( 'NONE', #2419, #349 ) ;
#2109 = AXIS2_PLACEMENT_3D ( 'NONE', #593, #1198, #2363 ) ;
#2110 = VERTEX_POINT ( 'NONE', #69 ) ;
#2111 = CARTESIAN_POINT ( 'NONE',  ( 9.348076211353431475, 5.000000000000000000, 10.19134295108981370 ) ) ;
#2112 = FACE_OUTER_BOUND ( 'NONE', #3047, .T. ) ;
#2113 = DIRECTION ( 'NONE',  ( 0.8660254037844330455, 0.000000000000000000, -0.5000000000000095479 ) ) ;
#2114 = MECHANICAL_DESIGN_GEOMETRIC_PRESENTATION_REPRESENTATION (  '', ( #1063 ), #3421 ) ;
#2115 = VERTEX_POINT ( 'NONE', #206 ) ;
#2116 = ADVANCED_FACE ( 'NONE', ( #223 ), #3505, .F. ) ;
#2117 = ORIENTED_EDGE ( 'NONE', *, *, #12, .T. ) ;
#2118 = CARTESIAN_POINT ( 'NONE',  ( 13.50000000000000000, 3.851859888774471706E-31, -2.999999999999993783 ) ) ;
#2119 = CARTESIAN_POINT ( 'NONE',  ( -9.292452582607005240, 12.00000000000000000, 5.365000000000045510 ) ) ;
#2120 = EDGE_CURVE ( 'NONE', #3582, #1104, #3214, .T. ) ;
#2121 = VECTOR ( 'NONE', #2614, 1000.000000000000000 ) ;
#2122 = CARTESIAN_POINT ( 'NONE',  ( -13.43502884254438001, 5.000000000000000000, -10.43502884254442442 ) ) ;
#2123 = DIRECTION ( 'NONE',  ( -0.8660254037844431485, 0.000000000000000000, -0.4999999999999920064 ) ) ;
#2124 = EDGE_LOOP ( 'NONE', ( #2914, #712, #2301, #2599 ) ) ;
#2125 = DIRECTION ( 'NONE',  ( -0.8660254037844431485, 0.000000000000000000, -0.4999999999999920064 ) ) ;
#2126 = DIRECTION ( 'NONE',  ( 1.049727191138618079E-16, 0.5150380749100549327, -0.8571673007021118895 ) ) ;
#2127 = PLANE ( 'NONE',  #3835 ) ;
#2128 = CARTESIAN_POINT ( 'NONE',  ( 22.66099806569280517, 7.000000000000000000, 4.749999999999992006 ) ) ;
#2129 = VERTEX_POINT ( 'NONE', #523 ) ;
#2130 = PLANE ( 'NONE',  #422 ) ;
#2131 = DIRECTION ( 'NONE',  ( 0.000000000000000000, 1.000000000000000000, 0.000000000000000000 ) ) ;
#2132 = FACE_OUTER_BOUND ( 'NONE', #3672, .T. ) ;
#2133 = ORIENTED_EDGE ( 'NONE', *, *, #1418, .T. ) ;
#2134 = EDGE_LOOP ( 'NONE', ( #1695, #2550, #2893, #943 ) ) ;
#2135 = LINE ( 'NONE', #986, #3657 ) ;
#2136 = EDGE_LOOP ( 'NONE', ( #1986, #3763 ) ) ;
#2137 = DIRECTION ( 'NONE',  ( 0.8660254037844362651, 0.000000000000000000, -0.5000000000000041078 ) ) ;
#2138 = FACE_OUTER_BOUND ( 'NONE', #1846, .T. ) ;
#2139 = ORIENTED_EDGE ( 'NONE', *, *, #1600, .T. ) ;
#2140 = PLANE ( 'NONE',  #1339 ) ;
#2141 = CARTESIAN_POINT ( 'NONE',  ( 4.151923788646840308, 5.000000000000000000, 13.19134295108987232 ) ) ;
#2142 = CARTESIAN_POINT ( 'NONE',  ( 0.000000000000000000, 11.49999999999998757, 0.000000000000000000 ) ) ;
#2143 = AXIS2_PLACEMENT_3D ( 'NONE', #532, #3801, #3170 ) ;
#2144 = AXIS2_PLACEMENT_3D ( 'NONE', #1370, #2317, #179 ) ;
#2145 = EDGE_LOOP ( 'NONE', ( #3067, #2539 ) ) ;
#2146 = FACE_OUTER_BOUND ( 'NONE', #903, .T. ) ;
#2147 = DIRECTION ( 'NONE',  ( 0.000000000000000000, -1.000000000000000000, 0.000000000000000000 ) ) ;
#2148 = CARTESIAN_POINT ( 'NONE',  ( 1.000000000000000000, 0.000000000000000000, -17.50000000000000711 ) ) ;
#2149 = EDGE_CURVE ( 'NONE', #2013, #3548, #2223, .T. ) ;
#2150 = ADVANCED_FACE ( 'NONE', ( #2905 ), #3488, .F. ) ;
#2151 = EDGE_CURVE ( 'NONE', #3127, #21, #2483, .T. ) ;
#2153 = ORIENTED_EDGE ( 'NONE', *, *, #2369, .T. ) ;
#2152 = EDGE_CURVE ( 'NONE', #2713, #1263, #1789, .T. ) ;
#2154 = ORIENTED_EDGE ( 'NONE', *, *, #984, .F. ) ;
#2155 = DIRECTION ( 'NONE',  ( 4.336808689942017120E-17, 0.000000000000000000, -1.000000000000000000 ) ) ;
#2156 = DIRECTION ( 'NONE',  ( 0.000000000000000000, -0.7071067811865474617, -0.7071067811865474617 ) ) ;
#2157 = EDGE_LOOP ( 'NONE', ( #2561, #3739, #3088, #3586 ) ) ;
#2158 = DIRECTION ( 'NONE',  ( 0.000000000000000000, 0.000000000000000000, 1.000000000000000000 ) ) ;
#2159 = CARTESIAN_POINT ( 'NONE',  ( 13.50000000000000000, 5.000000000000000000, 0.000000000000000000 ) ) ;
#2161 = ORIENTED_EDGE ( 'NONE', *, *, #2803, .T. ) ;
#2160 = AXIS2_PLACEMENT_3D ( 'NONE', #2768, #379, #2752 ) ;
#2162 = FACE_OUTER_BOUND ( 'NONE', #925, .T. ) ;
#2163 = DIRECTION ( 'NONE',  ( 0.000000000000000000, 0.000000000000000000, 1.000000000000000000 ) ) ;
#2164 = FACE_OUTER_BOUND ( 'NONE', #3844, .T. ) ;
#2165 = AXIS2_PLACEMENT_3D ( 'NONE', #3064, #2209, #3669 ) ;
#2166 = ADVANCED_FACE ( 'NONE', ( #1152 ), #3155, .F. ) ;
#2167 = VECTOR ( 'NONE', #3822, 1000.000000000000000 ) ;
#2168 = EDGE_CURVE ( 'NONE', #3651, #2316, #2619, .T. ) ;
#2169 = VECTOR ( 'NONE', #2686, 1000.000000000000000 ) ;
#2170 = ORIENTED_EDGE ( 'NONE', *, *, #57, .F. ) ;
#2171 = DIRECTION ( 'NONE',  ( -0.000000000000000000, -1.000000000000000000, -0.000000000000000000 ) ) ;
#2172 = DIRECTION ( 'NONE',  ( 0.000000000000000000, -1.000000000000000000, 0.000000000000000000 ) ) ;
#2173 = DIRECTION ( 'NONE',  ( 0.000000000000000000, -1.000000000000000000, 0.000000000000000000 ) ) ;
#2174 = VECTOR ( 'NONE', #3857, 1000.000000000000000 ) ;
#2175 = EDGE_CURVE ( 'NONE', #3450, #253, #2579, .T. ) ;
#2176 = EDGE_LOOP ( 'NONE', ( #2555, #126, #902, #1743 ) ) ;
#2177 = ORIENTED_EDGE ( 'NONE', *, *, #951, .F. ) ;
#2178 = DIRECTION ( 'NONE',  ( 0.000000000000000000, 1.000000000000000000, 0.000000000000000000 ) ) ;
#2179 = DIRECTION ( 'NONE',  ( 0.000000000000000000, 0.000000000000000000, -1.000000000000000000 ) ) ;
#2180 = AXIS2_PLACEMENT_3D ( 'NONE', #1942, #1617, #3125 ) ;
#2181 = EDGE_LOOP ( 'NONE', ( #3056, #1758, #1197, #1372 ) ) ;
#2182 = DIRECTION ( 'NONE',  ( 0.000000000000000000, -1.000000000000000000, 0.000000000000000000 ) ) ;
#2183 = ORIENTED_EDGE ( 'NONE', *, *, #603, .T. ) ;
#2184 = FACE_OUTER_BOUND ( 'NONE', #889, .T. ) ;
#2185 = DIRECTION ( 'NONE',  ( 0.000000000000000000, 0.000000000000000000, 1.000000000000000000 ) ) ;
#2186 = CARTESIAN_POINT ( 'NONE',  ( 18.66057158514982106, 3.500000000000000000, -12.67894191624441014 ) ) ;
#2187 = VECTOR ( 'NONE', #147, 1000.000000000000000 ) ;
#2188 = ORIENTED_EDGE ( 'NONE', *, *, #2193, .T. ) ;
#2189 = DIRECTION ( 'NONE',  ( 0.000000000000000000, 0.000000000000000000, -1.000000000000000000 ) ) ;
#2190 = FACE_OUTER_BOUND ( 'NONE', #3364, .T. ) ;
#2191 = FACE_BOUND ( 'NONE', #2145, .T. ) ;
#2192 = CIRCLE ( 'NONE', #2002, 9.000000000000000000 ) ;
#2193 = EDGE_CURVE ( 'NONE', #3799, #2875, #97, .T. ) ;
#2194 = ORIENTED_EDGE ( 'NONE', *, *, #1401, .F. ) ;
#2195 = EDGE_LOOP ( 'NONE', ( #3121, #89, #1726, #735, #2087, #2544, #560, #1279, #3824, #1859, #1291, #2749, #2616, #2836, #3773, #93 ) ) ;
#2196 = DIRECTION ( 'NONE',  ( 0.000000000000000000, -1.000000000000000000, 0.000000000000000000 ) ) ;
#2197 = CARTESIAN_POINT ( 'NONE',  ( -10.59149068828365969, 8.000000000000000000, 6.115000000000050839 ) ) ;
#2198 = AXIS2_PLACEMENT_3D ( 'NONE', #3333, #3101, #3449 ) ;
#2199 = DIRECTION ( 'NONE',  ( 0.000000000000000000, 0.000000000000000000, -1.000000000000000000 ) ) ;
#2200 = ADVANCED_FACE ( 'NONE', ( #857 ), #188, .F. ) ;
#2201 = FACE_OUTER_BOUND ( 'NONE', #3791, .T. ) ;
#2202 = ORIENTED_EDGE ( 'NONE', *, *, #1999, .F. ) ;
#2203 = CARTESIAN_POINT ( 'NONE',  ( -13.43502884254438001, 5.000000000000000000, -13.43502884254442264 ) ) ;
#2204 = CARTESIAN_POINT ( 'NONE',  ( 0.000000000000000000, 7.000000000000000000, 0.000000000000000000 ) ) ;
#2205 = VERTEX_POINT ( 'NONE', #803 ) ;
#2206 = CARTESIAN_POINT ( 'NONE',  ( 1.000000000000001110, 1.000000000000000000, -22.50000000000001066 ) ) ;
#2207 = CYLINDRICAL_SURFACE ( 'NONE', #692, 10.00000000000000000 ) ;
#2208 = PRODUCT_DEFINITION_FORMATION_WITH_SPECIFIED_SOURCE ( '任何', '', #139, .NOT_KNOWN. ) ;
#2209 = DIRECTION ( 'NONE',  ( 0.000000000000000000, 1.000000000000000000, 0.000000000000000000 ) ) ;
#2210 = AXIS2_PLACEMENT_3D ( 'NONE', #1932, #3350, #3115 ) ;
#2211 = VERTEX_POINT ( 'NONE', #1994 ) ;
#2212 = ORIENTED_EDGE ( 'NONE', *, *, #3122, .F. ) ;
#2213 = DIRECTION ( 'NONE',  ( -0.000000000000000000, -1.000000000000000000, 0.000000000000000000 ) ) ;
#2214 = DIRECTION ( 'NONE',  ( 0.000000000000000000, 0.000000000000000000, 1.000000000000000000 ) ) ;
#2215 = LINE ( 'NONE', #3633, #2289 ) ;
#2216 = LINE ( 'NONE', #1545, #3664 ) ;
#2217 = EDGE_LOOP ( 'NONE', ( #2873, #2583, #1242 ) ) ;
#2218 = VECTOR ( 'NONE', #579, 1000.000000000000000 ) ;
#2219 = DIRECTION ( 'NONE',  ( -0.000000000000000000, -1.000000000000000000, 0.000000000000000000 ) ) ;
#2220 = FACE_OUTER_BOUND ( 'NONE', #277, .T. ) ;
#2221 = VECTOR ( 'NONE', #315, 1000.000000000000000 ) ;
#2222 = EDGE_LOOP ( 'NONE', ( #1353, #2520 ) ) ;
#2223 = CIRCLE ( 'NONE', #273, 18.00000000000000355 ) ;
#2224 = EDGE_CURVE ( 'NONE', #2236, #2327, #667, .T. ) ;
#2225 = CARTESIAN_POINT ( 'NONE',  ( 13.50000000000000000, 12.00000000000000000, 0.000000000000000000 ) ) ;
#2226 = DIRECTION ( 'NONE',  ( 0.6123724356957953585, -0.7071067811865466846, 0.3535533905932740084 ) ) ;
#2227 = LINE ( 'NONE', #1954, #473 ) ;
#2228 = VECTOR ( 'NONE', #1889, 999.9999999999998863 ) ;
#2229 = ORIENTED_EDGE ( 'NONE', *, *, #439, .T. ) ;
#2230 = VERTEX_POINT ( 'NONE', #1484 ) ;
#2231 = AXIS2_PLACEMENT_3D ( 'NONE', #2458, #62, #138 ) ;
#2232 = AXIS2_PLACEMENT_3D ( 'NONE', #1184, #1143, #307 ) ;
#2233 = CARTESIAN_POINT ( 'NONE',  ( 9.348076211353289366, 0.000000000000000000, -10.19134295108994692 ) ) ;
#2234 = CIRCLE ( 'NONE', #668, 2.999999999999994671 ) ;
#2235 = EDGE_CURVE ( 'NONE', #1233, #2762, #482, .T. ) ;
#2236 = VERTEX_POINT ( 'NONE', #3847 ) ;
#2237 = SURFACE_SIDE_STYLE ('',( #2525 ) ) ;
#2238 = VECTOR ( 'NONE', #2499, 1000.000000000000114 ) ;
#2239 = CARTESIAN_POINT ( 'NONE',  ( 0.000000000000000000, 12.00000000000000000, 0.000000000000000000 ) ) ;
#2240 = EDGE_CURVE ( 'NONE', #2205, #1202, #598, .T. ) ;
#2241 = ADVANCED_FACE ( 'NONE', ( #3827, #1169, #271, #2734, #2360, #1255, #256, #3329, #2103, #42, #3542 ), #1210, .T. ) ;
#2242 = CARTESIAN_POINT ( 'NONE',  ( -19.05255888325765312, 0.000000000000000000, 11.00000000000000178 ) ) ;
#2243 = EDGE_LOOP ( 'NONE', ( #1166, #586 ) ) ;
#2244 = DIRECTION ( 'NONE',  ( -0.000000000000000000, -1.000000000000000000, -0.000000000000000000 ) ) ;
#2245 = DIRECTION ( 'NONE',  ( 0.8660254037844431485, 0.000000000000000000, 0.4999999999999921729 ) ) ;
#2246 = EDGE_LOOP ( 'NONE', ( #2426, #2769 ) ) ;
#2247 = CIRCLE ( 'NONE', #2431, 9.500000000000001776 ) ;
#2248 = CARTESIAN_POINT ( 'NONE',  ( 25.98076211353315301, 0.5000000000000004441, -3.489324058411262266E-15 ) ) ;
#2249 = DIRECTION ( 'NONE',  ( 0.000000000000000000, 0.000000000000000000, -1.000000000000000000 ) ) ;
#2250 = CARTESIAN_POINT ( 'NONE',  ( 6.749999999999973355, 0.000000000000000000, -11.69134295108993804 ) ) ;
#2251 = ORIENTED_EDGE ( 'NONE', *, *, #765, .F. ) ;
#2252 = ORIENTED_EDGE ( 'NONE', *, *, #353, .T. ) ;
#2253 = CARTESIAN_POINT ( 'NONE',  ( -1.160900368822715967, 9.000000000000001776, -21.00000000000000000 ) ) ;
#2254 = VERTEX_POINT ( 'NONE', #1229 ) ;
#2255 = CARTESIAN_POINT ( 'NONE',  ( -7.216878364870324525, 0.000000000000000000, -12.50000000000000888 ) ) ;
#2256 = LINE ( 'NONE', #3477, #3718 ) ;
#2257 = EDGE_CURVE ( 'NONE', #3485, #1526, #3619, .T. ) ;
#2258 = DIRECTION ( 'NONE',  ( 1.335390754433030140E-16, 0.000000000000000000, -1.000000000000000000 ) ) ;
#2259 = VERTEX_POINT ( 'NONE', #875 ) ;
#2260 = SURFACE_STYLE_FILL_AREA ( #1679 ) ;
#2261 = DIRECTION ( 'NONE',  ( 0.000000000000000000, 0.000000000000000000, -1.000000000000000000 ) ) ;
#2262 = ORIENTED_EDGE ( 'NONE', *, *, #1830, .T. ) ;
#2263 = LINE ( 'NONE', #2924, #3679 ) ;
#2264 = CARTESIAN_POINT ( 'NONE',  ( 4.151923788646841196, 0.000000000000000000, 13.19134295108987232 ) ) ;
#2265 = STYLED_ITEM ( 'NONE', ( #1944 ), #1172 ) ;
#2266 = VERTEX_POINT ( 'NONE', #2940 ) ;
#2267 = EDGE_CURVE ( 'NONE', #645, #534, #1171, .T. ) ;
#2268 = CARTESIAN_POINT ( 'NONE',  ( 7.216878364870320972, 6.499999999999992895, 12.50000000000000888 ) ) ;
#2269 = EDGE_LOOP ( 'NONE', ( #7, #1689, #2325, #2622 ) ) ;
#2270 = ADVANCED_FACE ( 'NONE', ( #1464 ), #2063, .F. ) ;
#2271 = DIRECTION ( 'NONE',  ( 0.000000000000000000, 1.000000000000000000, 0.000000000000000000 ) ) ;
#2272 = EDGE_CURVE ( 'NONE', #1635, #2259, #1541, .T. ) ;
#2273 = AXIS2_PLACEMENT_3D ( 'NONE', #1779, #929, #2972 ) ;
#2274 = ORIENTED_EDGE ( 'NONE', *, *, #12, .F. ) ;
#2275 = LINE ( 'NONE', #3442, #471 ) ;
#2276 = CARTESIAN_POINT ( 'NONE',  ( 6.750000000000135891, 5.000000000000000000, 11.69134295108984212 ) ) ;
#2277 = ORIENTED_EDGE ( 'NONE', *, *, #1687, .T. ) ;
#2278 =( LENGTH_UNIT ( ) NAMED_UNIT ( * ) SI_UNIT ( .MILLI., .METRE. ) );
#2279 = CARTESIAN_POINT ( 'NONE',  ( 22.66099806569280162, 0.000000000000000000, -4.750000000000003553 ) ) ;
#2280 = ORIENTED_EDGE ( 'NONE', *, *, #2689, .F. ) ;
#2281 = FACE_OUTER_BOUND ( 'NONE', #3469, .T. ) ;
#2282 = FACE_OUTER_BOUND ( 'NONE', #989, .T. ) ;
#2283 = ADVANCED_FACE ( 'NONE', ( #2373 ), #1769, .F. ) ;
#2284 = DIRECTION ( 'NONE',  ( -0.000000000000000000, -0.000000000000000000, 1.000000000000000000 ) ) ;
#2285 = ADVANCED_FACE ( 'NONE', ( #3266 ), #2127, .T. ) ;
#2286 = ORIENTED_EDGE ( 'NONE', *, *, #355, .F. ) ;
#2287 = DIRECTION ( 'NONE',  ( 0.000000000000000000, -1.000000000000000000, 0.000000000000000000 ) ) ;
#2288 = EDGE_LOOP ( 'NONE', ( #2083, #1382 ) ) ;
#2289 = VECTOR ( 'NONE', #2507, 999.9999999999998863 ) ;
#2290 = CARTESIAN_POINT ( 'NONE',  ( 7.216878364870320972, 7.000000000000000000, 12.50000000000000888 ) ) ;
#2291 = AXIS2_PLACEMENT_3D ( 'NONE', #1392, #3119, #164 ) ;
#2292 = EDGE_CURVE ( 'NONE', #2110, #3706, #2663, .T. ) ;
#2293 = MECHANICAL_DESIGN_GEOMETRIC_PRESENTATION_REPRESENTATION (  '', ( #3280 ), #595 ) ;
#2294 = CIRCLE ( 'NONE', #1616, 1.000000000000000888 ) ;
#2295 = VERTEX_POINT ( 'NONE', #335 ) ;
#2296 = DIRECTION ( 'NONE',  ( -1.533293416683376603E-16, -0.7071067811865463515, 0.7071067811865487940 ) ) ;
#2297 = MECHANICAL_DESIGN_GEOMETRIC_PRESENTATION_REPRESENTATION (  '', ( #922 ), #3283 ) ;
#2298 = AXIS2_PLACEMENT_3D ( 'NONE', #3545, #1466, #3600 ) ;
#2299 = VECTOR ( 'NONE', #1913, 1000.000000000000114 ) ;
#2300 = CYLINDRICAL_SURFACE ( 'NONE', #1148, 1.699999999999997291 ) ;
#2301 = ORIENTED_EDGE ( 'NONE', *, *, #350, .F. ) ;
#2302 = DIRECTION ( 'NONE',  ( 0.000000000000000000, 0.000000000000000000, -1.000000000000000000 ) ) ;
#2303 = FACE_OUTER_BOUND ( 'NONE', #878, .T. ) ;
#2304 = VECTOR ( 'NONE', #563, 1000.000000000000000 ) ;
#2305 = ORIENTED_EDGE ( 'NONE', *, *, #400, .T. ) ;
#2306 = CARTESIAN_POINT ( 'NONE',  ( -22.66099806569280872, 7.000000000000000000, 4.749999999999997335 ) ) ;
#2307 = DIRECTION ( 'NONE',  ( -0.8660254037844390407, 0.000000000000000000, -0.4999999999999994449 ) ) ;
#2308 = DIRECTION ( 'NONE',  ( 0.8660254037844363761, 0.000000000000000000, -0.5000000000000039968 ) ) ;
#2309 = ORIENTED_EDGE ( 'NONE', *, *, #1142, .F. ) ;
#2310 = CARTESIAN_POINT ( 'NONE',  ( 6.749999999999973355, 12.00000000000000000, -11.69134295108993804 ) ) ;
#2311 = ORIENTED_EDGE ( 'NONE', *, *, #3140, .F. ) ;
#2312 =( LENGTH_UNIT ( ) NAMED_UNIT ( * ) SI_UNIT ( .MILLI., .METRE. ) );
#2313 = ORIENTED_EDGE ( 'NONE', *, *, #2592, .T. ) ;
#2314 = CARTESIAN_POINT ( 'NONE',  ( 13.43502884254438001, 0.000000000000000000, 10.43502884254442797 ) ) ;
#2315 = PLANE ( 'NONE',  #2143 ) ;
#2316 = VERTEX_POINT ( 'NONE', #1522 ) ;
#2317 = DIRECTION ( 'NONE',  ( -0.000000000000000000, -1.000000000000000000, -0.000000000000000000 ) ) ;
#2318 = DIRECTION ( 'NONE',  ( -0.000000000000000000, 1.000000000000000000, -0.000000000000000000 ) ) ;
#2319 = EDGE_CURVE ( 'NONE', #2110, #3494, #2711, .T. ) ;
#2320 = ORIENTED_EDGE ( 'NONE', *, *, #2750, .T. ) ;
#2321 = CARTESIAN_POINT ( 'NONE',  ( 0.000000000000000000, 1.000000000000000000, -17.50000000000000711 ) ) ;
#2322 = DIRECTION ( 'NONE',  ( 0.000000000000000000, 0.000000000000000000, 1.000000000000000000 ) ) ;
#2323 =( LENGTH_UNIT ( ) NAMED_UNIT ( * ) SI_UNIT ( .MILLI., .METRE. ) );
#2324 = ADVANCED_FACE ( 'NONE', ( #3598 ), #1550, .F. ) ;
#2325 = ORIENTED_EDGE ( 'NONE', *, *, #2104, .T. ) ;
#2326 = CARTESIAN_POINT ( 'NONE',  ( -8.701279441628894773, 3.500000000000000000, -6.928941916244247601 ) ) ;
#2327 = VERTEX_POINT ( 'NONE', #119 ) ;
#2328 = LINE ( 'NONE', #2946, #1493 ) ;
#2329 = AXIS2_PLACEMENT_3D ( 'NONE', #3518, #2102, #1567 ) ;
#2330 = ORIENTED_EDGE ( 'NONE', *, *, #637, .F. ) ;
#2331 = EDGE_CURVE ( 'NONE', #1316, #2910, #1347, .T. ) ;
#2332 = CARTESIAN_POINT ( 'NONE',  ( -6.750000000000055067, 5.000000000000000000, -11.69134295108989363 ) ) ;
#2333 = EDGE_CURVE ( 'NONE', #3812, #3358, #3035, .T. ) ;
#2334 = CIRCLE ( 'NONE', #642, 1.699999999999998623 ) ;
#2335 =( LENGTH_UNIT ( ) NAMED_UNIT ( * ) SI_UNIT ( .MILLI., .METRE. ) );
#2336 = CARTESIAN_POINT ( 'NONE',  ( 2.438086578130289173, 7.000000000000000000, -18.51548755403112168 ) ) ;
#2337 = EDGE_CURVE ( 'NONE', #3236, #2538, #1425, .T. ) ;
#2338 = ORIENTED_EDGE ( 'NONE', *, *, #2028, .T. ) ;
#2339 = LINE ( 'NONE', #3540, #3392 ) ;
#2340 =( NAMED_UNIT ( * ) SI_UNIT ( $, .STERADIAN. ) SOLID_ANGLE_UNIT ( ) );
#2341 = SURFACE_SIDE_STYLE ('',( #1447 ) ) ;
#2342 = CARTESIAN_POINT ( 'NONE',  ( -8.222243186433594531, 0.000000000000000000, -10.84134295108988688 ) ) ;
#2343 = ORIENTED_EDGE ( 'NONE', *, *, #2235, .F. ) ;
#2344 = CARTESIAN_POINT ( 'NONE',  ( -9.348076211353362197, 5.000000000000000000, -10.19134295108988120 ) ) ;
#2345 = FACE_OUTER_BOUND ( 'NONE', #2955, .T. ) ;
#2346 = FACE_OUTER_BOUND ( 'NONE', #2134, .T. ) ;
#2347 = AXIS2_PLACEMENT_3D ( 'NONE', #225, #508, #2014 ) ;
#2348 = CIRCLE ( 'NONE', #659, 9.499999999999989342 ) ;
#2349 = ORIENTED_EDGE ( 'NONE', *, *, #3330, .F. ) ;
#2350 = AXIS2_PLACEMENT_3D ( 'NONE', #2250, #758, #1277 ) ;
#2351 = CARTESIAN_POINT ( 'NONE',  ( 7.216878364870307649, 6.499999999999992895, -22.50000000000000711 ) ) ;
#2352 = LINE ( 'NONE', #3535, #395 ) ;
#2353 = AXIS2_PLACEMENT_3D ( 'NONE', #3809, #1736, #1433 ) ;
#2354 = CIRCLE ( 'NONE', #1790, 2.999999999999992450 ) ;
#2355 = CARTESIAN_POINT ( 'NONE',  ( -13.50000000000000000, 0.000000000000000000, 0.000000000000000000 ) ) ;
#2356 = CIRCLE ( 'NONE', #2044, 1.699999999999996625 ) ;
#2357 = ORIENTED_EDGE ( 'NONE', *, *, #3238, .F. ) ;
#2358 = CARTESIAN_POINT ( 'NONE',  ( -6.750000000000055067, 0.000000000000000000, -11.69134295108989363 ) ) ;
#2359 = DIRECTION ( 'NONE',  ( 0.000000000000000000, -1.000000000000000000, 0.000000000000000000 ) ) ;
#2360 = FACE_BOUND ( 'NONE', #2243, .T. ) ;
#2361 = DIRECTION ( 'NONE',  ( 0.000000000000000000, -0.7071067811865426878, 0.7071067811865524577 ) ) ;
#2362 = ORIENTED_EDGE ( 'NONE', *, *, #3806, .T. ) ;
#2363 = DIRECTION ( 'NONE',  ( 0.000000000000000000, 0.000000000000000000, -1.000000000000000000 ) ) ;
#2364 = ORIENTED_EDGE ( 'NONE', *, *, #3478, .F. ) ;
#2365 = DIRECTION ( 'NONE',  ( 0.000000000000000000, -1.000000000000000000, 0.000000000000000000 ) ) ;
#2366 = EDGE_CURVE ( 'NONE', #3769, #226, #158, .T. ) ;
#2367 = VERTEX_POINT ( 'NONE', #1272 ) ;
#2368 = CARTESIAN_POINT ( 'NONE',  ( 13.43502884254438001, 5.000000000000000000, 13.43502884254442264 ) ) ;
#2369 = EDGE_CURVE ( 'NONE', #2435, #2985, #3409, .T. ) ;
#2370 = ORIENTED_EDGE ( 'NONE', *, *, #636, .F. ) ;
#2371 = DIRECTION ( 'NONE',  ( -0.000000000000000000, -1.000000000000000000, 0.000000000000000000 ) ) ;
#2372 = DIRECTION ( 'NONE',  ( 0.000000000000000000, 0.7071067811865426878, 0.7071067811865524577 ) ) ;
#2373 = FACE_OUTER_BOUND ( 'NONE', #1997, .T. ) ;
#2374 = AXIS2_PLACEMENT_3D ( 'NONE', #3136, #1663, #1019 ) ;
#2375 = DIRECTION ( 'NONE',  ( 1.000000000000000000, 0.000000000000000000, -1.040834085586084572E-14 ) ) ;
#2376 = ORIENTED_EDGE ( 'NONE', *, *, #182, .F. ) ;
#2377 = DIRECTION ( 'NONE',  ( 0.000000000000000000, 0.000000000000000000, 1.000000000000000000 ) ) ;
#2378 = EDGE_LOOP ( 'NONE', ( #1423, #1923, #2630, #2277 ) ) ;
#2379 = CARTESIAN_POINT ( 'NONE',  ( 0.000000000000000000, 1.000000000000000000, -17.50000000000000711 ) ) ;
#2380 = EDGE_CURVE ( 'NONE', #3394, #1624, #1783, .T. ) ;
#2381 = ORIENTED_EDGE ( 'NONE', *, *, #639, .F. ) ;
#2382 = ORIENTED_EDGE ( 'NONE', *, *, #281, .T. ) ;
#2383 = CYLINDRICAL_SURFACE ( 'NONE', #495, 1.649999999999997913 ) ;
#2384 = CARTESIAN_POINT ( 'NONE',  ( 13.50000000000000000, 5.000000000000000000, 0.000000000000000000 ) ) ;
#2385 = ADVANCED_FACE ( 'NONE', ( #2220 ), #3531, .F. ) ;
#2386 = DIRECTION ( 'NONE',  ( 0.8660254037844362651, 0.000000000000000000, -0.5000000000000041078 ) ) ;
#2387 = EDGE_CURVE ( 'NONE', #2883, #226, #2294, .T. ) ;
#2388 = DIRECTION ( 'NONE',  ( -0.000000000000000000, -1.000000000000000000, 0.000000000000000000 ) ) ;
#2389 = CIRCLE ( 'NONE', #3256, 9.000000000000000000 ) ;
#2390 = ORIENTED_EDGE ( 'NONE', *, *, #2803, .F. ) ;
#2391 = LINE ( 'NONE', #2938, #2707 ) ;
#2392 = LINE ( 'NONE', #3618, #3270 ) ;
#2393 = CARTESIAN_POINT ( 'NONE',  ( 0.000000000000000000, 12.00000000000000000, 0.000000000000000000 ) ) ;
#2394 = ADVANCED_FACE ( 'NONE', ( #2164, #1290 ), #102, .T. ) ;
#2395 = DIRECTION ( 'NONE',  ( 0.000000000000000000, -1.000000000000000000, 0.000000000000000000 ) ) ;
#2396 = ORIENTED_EDGE ( 'NONE', *, *, #311, .F. ) ;
#2397 = CARTESIAN_POINT ( 'NONE',  ( 0.000000000000000000, 12.00000000000000000, 0.000000000000000000 ) ) ;
#2398 = ORIENTED_EDGE ( 'NONE', *, *, #2860, .F. ) ;
#2399 = DIRECTION ( 'NONE',  ( 0.000000000000000000, 0.000000000000000000, 1.000000000000000000 ) ) ;
#2400 = EDGE_CURVE ( 'NONE', #1919, #1907, #1640, .T. ) ;
#2401 = ORIENTED_EDGE ( 'NONE', *, *, #2841, .T. ) ;
#2402 = CIRCLE ( 'NONE', #1037, 1.699999999999996403 ) ;
#2403 = EDGE_LOOP ( 'NONE', ( #2066, #1325, #2133, #3546 ) ) ;
#2404 = CARTESIAN_POINT ( 'NONE',  ( -7.216878364870327189, 7.000000000000000000, 12.50000000000000533 ) ) ;
#2405 = ADVANCED_FACE ( 'NONE', ( #2530, #2828 ), #2476, .F. ) ;
#2406 = CARTESIAN_POINT ( 'NONE',  ( 6.750000000000135891, 5.000000000000000000, 11.69134295108984212 ) ) ;
#2407 = CIRCLE ( 'NONE', #2721, 1.649999999999998135 ) ;
#2408 = CIRCLE ( 'NONE', #1669, 1.000000000000000888 ) ;
#2409 = CARTESIAN_POINT ( 'NONE',  ( -18.66057158514998804, 3.500000000000000000, -12.67894191624415612 ) ) ;
#2410 = CIRCLE ( 'NONE', #3219, 2.999999999999997335 ) ;
#2411 = CARTESIAN_POINT ( 'NONE',  ( 13.50000000000000000, 3.851859888774471706E-31, 2.999999999999993783 ) ) ;
#2412 = CIRCLE ( 'NONE', #2291, 2.999999999999994227 ) ;
#2413 = AXIS2_PLACEMENT_3D ( 'NONE', #3842, #870, #1517 ) ;
#2414 = ORIENTED_EDGE ( 'NONE', *, *, #2175, .F. ) ;
#2415 = DIRECTION ( 'NONE',  ( 0.000000000000000000, 1.000000000000000000, 0.000000000000000000 ) ) ;
#2416 = DIRECTION ( 'NONE',  ( 0.8660254037844397068, 0.000000000000000000, 0.4999999999999979461 ) ) ;
#2417 = DIRECTION ( 'NONE',  ( -0.000000000000000000, 1.000000000000000000, -0.000000000000000000 ) ) ;
#2418 = VECTOR ( 'NONE', #2051, 1000.000000000000000 ) ;
#2419 = CARTESIAN_POINT ( 'NONE',  ( 13.43502884254438001, 0.000000000000000000, 16.43502884254441909 ) ) ;
#2420 = ORIENTED_EDGE ( 'NONE', *, *, #268, .F. ) ;
#2421 = CARTESIAN_POINT ( 'NONE',  ( 12.99038105676658361, 0.5000000000000004441, 22.50000000000001066 ) ) ;
#2422 = DIRECTION ( 'NONE',  ( -0.000000000000000000, -1.000000000000000000, -0.000000000000000000 ) ) ;
#2423 = CARTESIAN_POINT ( 'NONE',  ( 0.000000000000000000, 11.49999999999998579, 0.000000000000000000 ) ) ;
#2424 = VECTOR ( 'NONE', #3792, 1000.000000000000000 ) ;
#2425 = VECTOR ( 'NONE', #450, 1000.000000000000114 ) ;
#2426 = ORIENTED_EDGE ( 'NONE', *, *, #2474, .F. ) ;
#2427 = EDGE_LOOP ( 'NONE', ( #1471, #406, #817, #2349 ) ) ;
#2428 = LINE ( 'NONE', #1495, #936 ) ;
#2429 = DIRECTION ( 'NONE',  ( -0.000000000000000000, -0.000000000000000000, 1.000000000000000000 ) ) ;
#2430 = VERTEX_POINT ( 'NONE', #2756 ) ;
#2431 = AXIS2_PLACEMENT_3D ( 'NONE', #3278, #327, #3856 ) ;
#2432 = CARTESIAN_POINT ( 'NONE',  ( -13.50000000000000000, 5.000000000000000000, -1.699999999999998179 ) ) ;
#2433 = CARTESIAN_POINT ( 'NONE',  ( -5.277756813566340632, 12.00000000000000000, 12.54134295108996788 ) ) ;
#2434 = EDGE_CURVE ( 'NONE', #1756, #3751, #160, .T. ) ;
#2435 = VERTEX_POINT ( 'NONE', #1587 ) ;
#2436 = ADVANCED_FACE ( 'NONE', ( #651 ), #3637, .F. ) ;
#2437 = CARTESIAN_POINT ( 'NONE',  ( -14.43375672974065260, 0.5000000000000004441, 2.602085213965210642E-15 ) ) ;
#2438 = CARTESIAN_POINT ( 'NONE',  ( -2.438086578130286508, 9.000000000000001776, -18.51548755403112168 ) ) ;
#2439 = DIRECTION ( 'NONE',  ( 0.000000000000000000, 0.000000000000000000, 1.000000000000000000 ) ) ;
#2440 = EDGE_CURVE ( 'NONE', #2068, #3812, #676, .T. ) ;
#2441 = CARTESIAN_POINT ( 'NONE',  ( 0.000000000000000000, 0.000000000000000000, 0.000000000000000000 ) ) ;
#2442 = VERTEX_POINT ( 'NONE', #2186 ) ;
#2443 = DIRECTION ( 'NONE',  ( -0.000000000000000000, -1.000000000000000000, -0.000000000000000000 ) ) ;
#2444 = DIRECTION ( 'NONE',  ( 0.000000000000000000, -1.000000000000000000, -0.000000000000000000 ) ) ;
#2445 = DIRECTION ( 'NONE',  ( 0.000000000000000000, 0.000000000000000000, 1.000000000000000000 ) ) ;
#2446 = ORIENTED_EDGE ( 'NONE', *, *, #3055, .F. ) ;
#2447 = ORIENTED_EDGE ( 'NONE', *, *, #1314, .T. ) ;
#2448 = CARTESIAN_POINT ( 'NONE',  ( 10.59149068828374318, 8.000000000000000000, 6.114999999999902514 ) ) ;
#2449 = CARTESIAN_POINT ( 'NONE',  ( 2.000000000000001332, 7.000000000000000000, -21.00000000000000000 ) ) ;
#2450 = ORIENTED_EDGE ( 'NONE', *, *, #2104, .F. ) ;
#2451 = CARTESIAN_POINT ( 'NONE',  ( 13.50000000000000000, 5.000000000000000000, -1.699999999999998401 ) ) ;
#2452 = ADVANCED_FACE ( 'NONE', ( #3373 ), #2099, .F. ) ;
#2453 = DIRECTION ( 'NONE',  ( 0.000000000000000000, -1.000000000000000000, 0.000000000000000000 ) ) ;
#2454 = ADVANCED_FACE ( 'NONE', ( #399 ), #1605, .T. ) ;
#2455 = ORIENTED_EDGE ( 'NONE', *, *, #3560, .F. ) ;
#2456 = CARTESIAN_POINT ( 'NONE',  ( -15.44411970082249042, 0.000000000000000000, -17.25000000000000711 ) ) ;
#2457 = CARTESIAN_POINT ( 'NONE',  ( 1.836970198721028948E-16, 8.000000000000000000, -13.73000000000000043 ) ) ;
#2458 = CARTESIAN_POINT ( 'NONE',  ( 7.600000000000152411, 5.000000000000000000, 13.16358613752337803 ) ) ;
#2459 = ADVANCED_FACE ( 'NONE', ( #1697 ), #3753, .F. ) ;
#2460 =( GEOMETRIC_REPRESENTATION_CONTEXT ( 3 ) GLOBAL_UNCERTAINTY_ASSIGNED_CONTEXT ( ( #373 ) ) GLOBAL_UNIT_ASSIGNED_CONTEXT ( ( #2335, #1729, #2629 ) ) REPRESENTATION_CONTEXT ( 'NONE', 'WORKASPACE' ) );
#2461 = ORIENTED_EDGE ( 'NONE', *, *, #186, .F. ) ;
#2462 = CARTESIAN_POINT ( 'NONE',  ( -9.348076211353362197, 0.000000000000000000, -10.19134295108988297 ) ) ;
#2463 = CARTESIAN_POINT ( 'NONE',  ( 1.649999999999993028, 3.500000000000000000, 11.00000000000000711 ) ) ;
#2464 = ORIENTED_EDGE ( 'NONE', *, *, #3823, .T. ) ;
#2465 = ORIENTED_EDGE ( 'NONE', *, *, #2045, .T. ) ;
#2466 =( NAMED_UNIT ( * ) SI_UNIT ( $, .STERADIAN. ) SOLID_ANGLE_UNIT ( ) );
#2467 = CARTESIAN_POINT ( 'NONE',  ( 7.216878364870319196, 6.499999999999992895, 22.50000000000001066 ) ) ;
#2468 = ORIENTED_EDGE ( 'NONE', *, *, #2976, .T. ) ;
#2469 = CARTESIAN_POINT ( 'NONE',  ( -1.000000000000008216, 1.000000000000000000, -22.50000000000001066 ) ) ;
#2470 = DIRECTION ( 'NONE',  ( -0.000000000000000000, -1.000000000000000000, -0.000000000000000000 ) ) ;
#2472 = EDGE_LOOP ( 'NONE', ( #3781, #247, #662, #2937 ) ) ;
#2471 = AXIS2_PLACEMENT_3D ( 'NONE', #2071, #906, #565 ) ;
#2473 = CARTESIAN_POINT ( 'NONE',  ( -13.43502884254438001, 5.000000000000000000, -16.43502884254441909 ) ) ;
#2474 = EDGE_CURVE ( 'NONE', #380, #430, #1046, .T. ) ;
#2475 = CARTESIAN_POINT ( 'NONE',  ( -1.000000000000004663, 0.5000000000000032196, -22.50000000000001066 ) ) ;
#2476 = PLANE ( 'NONE',  #2231 ) ;
#2477 = CIRCLE ( 'NONE', #793, 1.499999999999999334 ) ;
#2478 = VECTOR ( 'NONE', #2417, 1000.000000000000000 ) ;
#2479 = VERTEX_POINT ( 'NONE', #1988 ) ;
#2480 = DIRECTION ( 'NONE',  ( -0.000000000000000000, -1.000000000000000000, -0.000000000000000000 ) ) ;
#2481 = CARTESIAN_POINT ( 'NONE',  ( -13.43502884254428231, 6.802581857082681260, 13.43502884254451857 ) ) ;
#2482 = DIRECTION ( 'NONE',  ( -1.000000000000000000, 0.000000000000000000, -1.335390754433031373E-16 ) ) ;
#2483 = CIRCLE ( 'NONE', #3103, 2.999999999999994671 ) ;
#2484 = CONICAL_SURFACE ( 'NONE', #1173, 2.999999999999999112, 1.029744258676654090 ) ;
#2485 = AXIS2_PLACEMENT_3D ( 'NONE', #3547, #2084, #2377 ) ;
#2486 = CONICAL_SURFACE ( 'NONE', #2543, 1.649999999999997469, 1.029744258676652535 ) ;
#2487 = ORIENTED_EDGE ( 'NONE', *, *, #76, .F. ) ;
#2488 = EDGE_LOOP ( 'NONE', ( #2100, #2, #3027, #502 ) ) ;
#2489 = EDGE_CURVE ( 'NONE', #2581, #580, #3132, .T. ) ;
#2490 = CYLINDRICAL_SURFACE ( 'NONE', #2549, 1.699999999999997069 ) ;
#2491 = DIRECTION ( 'NONE',  ( 0.000000000000000000, 0.000000000000000000, -1.000000000000000000 ) ) ;
#2492 = AXIS2_PLACEMENT_3D ( 'NONE', #2603, #549, #262 ) ;
#2493 = DIRECTION ( 'NONE',  ( 0.000000000000000000, -1.000000000000000000, -0.000000000000000000 ) ) ;
#2494 = ORIENTED_EDGE ( 'NONE', *, *, #2951, .F. ) ;
#2495 = DIRECTION ( 'NONE',  ( 0.000000000000000000, -1.000000000000000000, 0.000000000000000000 ) ) ;
#2496 = CARTESIAN_POINT ( 'NONE',  ( 0.000000000000000000, 7.000000000000000000, 0.000000000000000000 ) ) ;
#2497 = ORIENTED_EDGE ( 'NONE', *, *, #2627, .F. ) ;
#2498 = CARTESIAN_POINT ( 'NONE',  ( -9.526279441628879852, 3.500000000000000000, -5.499999999999918288 ) ) ;
#2499 = DIRECTION ( 'NONE',  ( -0.7423286577013676890, 0.5150380749100549327, -0.4285836503510491169 ) ) ;
#2500 = DIRECTION ( 'NONE',  ( 0.000000000000000000, -1.000000000000000000, -0.000000000000000000 ) ) ;
#2501 = VERTEX_POINT ( 'NONE', #235 ) ;
#2502 = ORIENTED_EDGE ( 'NONE', *, *, #1315, .F. ) ;
#2503 = DIRECTION ( 'NONE',  ( 0.5000000000000002220, 0.000000000000000000, 0.8660254037844384856 ) ) ;
#2504 = AXIS2_PLACEMENT_3D ( 'NONE', #504, #757, #3741 ) ;
#2505 = ADVANCED_FACE ( 'NONE', ( #2869 ), #1950, .F. ) ;
#2506 = ORIENTED_EDGE ( 'NONE', *, *, #3711, .F. ) ;
#2507 = DIRECTION ( 'NONE',  ( -0.1736481776669274169, -0.000000000000000000, -0.9848077530122086864 ) ) ;
#2508 = EDGE_CURVE ( 'NONE', #3833, #2110, #1405, .T. ) ;
#2509 = CARTESIAN_POINT ( 'NONE',  ( -12.99038105676658184, 0.5000000000000004441, 22.50000000000000711 ) ) ;
#2510 = VERTEX_POINT ( 'NONE', #2279 ) ;
#2511 = DIRECTION ( 'NONE',  ( 0.8660254037844387076, -0.000000000000000000, 0.4999999999999998890 ) ) ;
#2512 = MECHANICAL_DESIGN_GEOMETRIC_PRESENTATION_REPRESENTATION (  '', ( #629 ), #3194 ) ;
#2513 = CARTESIAN_POINT ( 'NONE',  ( 8.222243186433669138, 0.000000000000000000, 10.84134295108982649 ) ) ;
#2514 = ORIENTED_EDGE ( 'NONE', *, *, #932, .F. ) ;
#2515 = FACE_OUTER_BOUND ( 'NONE', #2124, .T. ) ;
#2516 = DIRECTION ( 'NONE',  ( -0.8660254037844397068, 0.000000000000000000, -0.4999999999999979461 ) ) ;
#2517 = CARTESIAN_POINT ( 'NONE',  ( 0.000000000000000000, 11.49999999999998757, 9.000000000000000000 ) ) ;
#2518 = ADVANCED_FACE ( 'NONE', ( #3173 ), #180, .F. ) ;
#2519 = ORIENTED_EDGE ( 'NONE', *, *, #1320, .T. ) ;
#2520 = ORIENTED_EDGE ( 'NONE', *, *, #1458, .F. ) ;
#2521 = LINE ( 'NONE', #2253, #3676 ) ;
#2522 = EDGE_CURVE ( 'NONE', #3751, #21, #3459, .T. ) ;
#2523 = ADVANCED_FACE ( 'NONE', ( #1388 ), #3432, .T. ) ;
#2524 = ORIENTED_EDGE ( 'NONE', *, *, #3240, .F. ) ;
#2525 = SURFACE_STYLE_FILL_AREA ( #3366 ) ;
#2526 = CARTESIAN_POINT ( 'NONE',  ( 0.000000000000000000, 12.00000000000000000, -18.00000000000000355 ) ) ;
#2527 = DIRECTION ( 'NONE',  ( -0.8660254037844432595, 0.000000000000000000, -0.4999999999999919509 ) ) ;
#2528 = EDGE_LOOP ( 'NONE', ( #1344, #897, #3218, #1838 ) ) ;
#2529 = VECTOR ( 'NONE', #2855, 1000.000000000000114 ) ;
#2530 = FACE_BOUND ( 'NONE', #2829, .T. ) ;
#2531 = AXIS2_PLACEMENT_3D ( 'NONE', #2684, #2644, #2704 ) ;
#2532 = ORIENTED_EDGE ( 'NONE', *, *, #2569, .T. ) ;
#2533 = CIRCLE ( 'NONE', #791, 9.499999999999989342 ) ;
#2534 = DIRECTION ( 'NONE',  ( 0.000000000000000000, 0.000000000000000000, 1.000000000000000000 ) ) ;
#2535 = LINE ( 'NONE', #3757, #2880 ) ;
#2536 = DIRECTION ( 'NONE',  ( -0.5000000000000000000, 0.000000000000000000, -0.8660254037844385966 ) ) ;
#2537 = AXIS2_PLACEMENT_3D ( 'NONE', #3186, #3147, #750 ) ;
#2538 = VERTEX_POINT ( 'NONE', #1660 ) ;
#2539 = ORIENTED_EDGE ( 'NONE', *, *, #1011, .T. ) ;
#2540 = VECTOR ( 'NONE', #217, 1000.000000000000000 ) ;
#2541 = CIRCLE ( 'NONE', #859, 2.999999999999999112 ) ;
#2542 = DIRECTION ( 'NONE',  ( 0.8660254037844362651, 0.000000000000000000, -0.5000000000000041078 ) ) ;
#2543 = AXIS2_PLACEMENT_3D ( 'NONE', #630, #1755, #1906 ) ;
#2544 = ORIENTED_EDGE ( 'NONE', *, *, #392, .T. ) ;
#2545 =( NAMED_UNIT ( * ) PLANE_ANGLE_UNIT ( ) SI_UNIT ( $, .RADIAN. ) );
#2546 = FACE_OUTER_BOUND ( 'NONE', #2181, .T. ) ;
#2547 = VECTOR ( 'NONE', #141, 1000.000000000000000 ) ;
#2548 = DIRECTION ( 'NONE',  ( 0.000000000000000000, 1.000000000000000000, 0.000000000000000000 ) ) ;
#2549 = AXIS2_PLACEMENT_3D ( 'NONE', #3086, #3400, #127 ) ;
#2550 = ORIENTED_EDGE ( 'NONE', *, *, #3379, .T. ) ;
#2551 = LINE ( 'NONE', #3172, #137 ) ;
#2552 = DIRECTION ( 'NONE',  ( -0.4999999999999993894, 0.000000000000000000, 0.8660254037844389297 ) ) ;
#2553 = EDGE_CURVE ( 'NONE', #3079, #3706, #3500, .T. ) ;
#2554 = EDGE_CURVE ( 'NONE', #2593, #509, #3804, .T. ) ;
#2555 = ORIENTED_EDGE ( 'NONE', *, *, #3645, .F. ) ;
#2556 = CYLINDRICAL_SURFACE ( 'NONE', #2920, 1.699999999999997513 ) ;
#2557 = ADVANCED_FACE ( 'NONE', ( #2846 ), #3468, .T. ) ;
#2558 = CYLINDRICAL_SURFACE ( 'NONE', #790, 1.699999999999997069 ) ;
#2559 = DIRECTION ( 'NONE',  ( 0.000000000000000000, -1.000000000000000000, 0.000000000000000000 ) ) ;
#2560 = EDGE_CURVE ( 'NONE', #1269, #2479, #2615, .T. ) ;
#2561 = ORIENTED_EDGE ( 'NONE', *, *, #2862, .F. ) ;
#2562 = DIRECTION ( 'NONE',  ( -0.000000000000000000, -1.000000000000000000, 0.000000000000000000 ) ) ;
#2563 = ORIENTED_EDGE ( 'NONE', *, *, #2951, .T. ) ;
#2564 = FILL_AREA_STYLE_COLOUR ( '', #1623 ) ;
#2565 = AXIS2_PLACEMENT_3D ( 'NONE', #1751, #2980, #873 ) ;
#2566 = ORIENTED_EDGE ( 'NONE', *, *, #1055, .T. ) ;
#2567 = DIRECTION ( 'NONE',  ( 0.000000000000000000, 0.000000000000000000, -1.000000000000000000 ) ) ;
#2568 = VECTOR ( 'NONE', #2444, 1000.000000000000000 ) ;
#2569 = EDGE_CURVE ( 'NONE', #1437, #1507, #921, .T. ) ;
#2570 = DIRECTION ( 'NONE',  ( 0.000000000000000000, -1.000000000000000000, -0.000000000000000000 ) ) ;
#2571 = EDGE_LOOP ( 'NONE', ( #2177, #1125, #3320, #3287 ) ) ;
#2572 = EDGE_CURVE ( 'NONE', #1252, #3450, #1131, .T. ) ;
#2573 = FACE_OUTER_BOUND ( 'NONE', #465, .T. ) ;
#2574 = CARTESIAN_POINT ( 'NONE',  ( 0.000000000000000000, 12.00000000000000000, 0.000000000000000000 ) ) ;
#2575 = ORIENTED_EDGE ( 'NONE', *, *, #1127, .T. ) ;
#2576 = ADVANCED_FACE ( 'NONE', ( #2303 ), #983, .F. ) ;
#2577 = CARTESIAN_POINT ( 'NONE',  ( -15.44411970082249042, 0.000000000000000000, -17.25000000000000711 ) ) ;
#2578 = DIRECTION ( 'NONE',  ( 0.000000000000000000, -1.000000000000000000, -0.000000000000000000 ) ) ;
#2579 = LINE ( 'NONE', #780, #987 ) ;
#2580 =( GEOMETRIC_REPRESENTATION_CONTEXT ( 3 ) GLOBAL_UNCERTAINTY_ASSIGNED_CONTEXT ( ( #1558 ) ) GLOBAL_UNIT_ASSIGNED_CONTEXT ( ( #1888, #1070, #413 ) ) REPRESENTATION_CONTEXT ( 'NONE', 'WORKASPACE' ) );
#2581 = VERTEX_POINT ( 'NONE', #1732 ) ;
#2582 = DIRECTION ( 'NONE',  ( 0.000000000000000000, -1.000000000000000000, 0.000000000000000000 ) ) ;
#2583 = ORIENTED_EDGE ( 'NONE', *, *, #636, .T. ) ;
#2584 = DIRECTION ( 'NONE',  ( 0.1736481776669273891, 0.000000000000000000, 0.9848077530122085754 ) ) ;
#2585 = AXIS2_PLACEMENT_3D ( 'NONE', #2956, #2669, #254 ) ;
#2586 = ORIENTED_EDGE ( 'NONE', *, *, #1429, .T. ) ;
#2587 = DIRECTION ( 'NONE',  ( -0.000000000000000000, -1.000000000000000000, -0.000000000000000000 ) ) ;
#2588 = DIRECTION ( 'NONE',  ( -0.000000000000000000, -1.000000000000000000, -0.000000000000000000 ) ) ;
#2589 = EDGE_LOOP ( 'NONE', ( #2274, #2838, #14 ) ) ;
#2590 = CYLINDRICAL_SURFACE ( 'NONE', #1745, 1.649999999999997913 ) ;
#2591 = DIRECTION ( 'NONE',  ( 0.000000000000000000, -1.000000000000000000, 0.000000000000000000 ) ) ;
#2592 = EDGE_CURVE ( 'NONE', #825, #677, #1964, .T. ) ;
#2593 = VERTEX_POINT ( 'NONE', #2936 ) ;
#2594 = DIRECTION ( 'NONE',  ( 0.000000000000000000, -1.000000000000000000, 0.000000000000000000 ) ) ;
#2595 = DIRECTION ( 'NONE',  ( 0.000000000000000000, -1.000000000000000000, 0.000000000000000000 ) ) ;
#2596 = CARTESIAN_POINT ( 'NONE',  ( -15.87713240271471093, 0.5000000000000002220, 17.50000000000000711 ) ) ;
#2597 = AXIS2_PLACEMENT_3D ( 'NONE', #169, #3200, #2600 ) ;
#2598 = CIRCLE ( 'NONE', #409, 1.699999999999998623 ) ;
#2599 = ORIENTED_EDGE ( 'NONE', *, *, #1170, .F. ) ;
#2600 = DIRECTION ( 'NONE',  ( 1.734723475976807489E-15, 0.000000000000000000, 1.000000000000000000 ) ) ;
#2601 = ORIENTED_EDGE ( 'NONE', *, *, #2072, .T. ) ;
#2602 = AXIS2_PLACEMENT_3D ( 'NONE', #1045, #175, #151 ) ;
#2603 = CARTESIAN_POINT ( 'NONE',  ( 13.50000000000000000, 0.000000000000000000, 0.000000000000000000 ) ) ;
#2604 = VECTOR ( 'NONE', #445, 1000.000000000000000 ) ;
#2605 = AXIS2_PLACEMENT_3D ( 'NONE', #2023, #2591, #1093 ) ;
#2606 = ORIENTED_EDGE ( 'NONE', *, *, #3276, .T. ) ;
#2607 = ADVANCED_FACE ( 'NONE', ( #3573 ), #2994, .F. ) ;
#2608 = DIRECTION ( 'NONE',  ( 0.000000000000000000, 0.000000000000000000, -1.000000000000000000 ) ) ;
#2609 = VECTOR ( 'NONE', #820, 1000.000000000000000 ) ;
#2610 = AXIS2_PLACEMENT_3D ( 'NONE', #11, #2949, #1160 ) ;
#2611 = VECTOR ( 'NONE', #1571, 1000.000000000000000 ) ;
#2612 = CYLINDRICAL_SURFACE ( 'NONE', #991, 1.000000000000000888 ) ;
#2613 = ORIENTED_EDGE ( 'NONE', *, *, #2796, .T. ) ;
#2614 = DIRECTION ( 'NONE',  ( 0.000000000000000000, -1.000000000000000000, -0.000000000000000000 ) ) ;
#2615 = LINE ( 'NONE', #3790, #1851 ) ;
#2616 = ORIENTED_EDGE ( 'NONE', *, *, #1606, .T. ) ;
#2617 = CARTESIAN_POINT ( 'NONE',  ( 0.000000000000000000, 0.000000000000000000, 0.000000000000000000 ) ) ;
#2618 = SURFACE_STYLE_USAGE ( .BOTH. , #2939 ) ;
#2619 = LINE ( 'NONE', #2596, #2609 ) ;
#2620 = CIRCLE ( 'NONE', #1440, 1.000000000000000888 ) ;
#2621 = EDGE_CURVE ( 'NONE', #443, #2883, #1781, .T. ) ;
#2622 = ORIENTED_EDGE ( 'NONE', *, *, #1472, .F. ) ;
#2623 = CARTESIAN_POINT ( 'NONE',  ( -13.50000000000000000, 3.851859888774471706E-31, -2.999999999999993783 ) ) ;
#2624 = ORIENTED_EDGE ( 'NONE', *, *, #1358, .T. ) ;
#2625 = ADVANCED_FACE ( 'NONE', ( #1764 ), #310, .F. ) ;
#2626 = ORIENTED_EDGE ( 'NONE', *, *, #768, .T. ) ;
#2627 = EDGE_CURVE ( 'NONE', #263, #3582, #2706, .T. ) ;
#2628 = CARTESIAN_POINT ( 'NONE',  ( 2.145708121834926985, 9.000000000000001776, -20.17364817766693008 ) ) ;
#2629 =( NAMED_UNIT ( * ) SI_UNIT ( $, .STERADIAN. ) SOLID_ANGLE_UNIT ( ) );
#2630 = ORIENTED_EDGE ( 'NONE', *, *, #3363, .T. ) ;
#2631 = DIRECTION ( 'NONE',  ( 0.000000000000000000, 0.000000000000000000, -1.000000000000000000 ) ) ;
#2632 = VERTEX_POINT ( 'NONE', #2665 ) ;
#2633 = DIRECTION ( 'NONE',  ( 0.000000000000000000, 1.000000000000000000, 0.000000000000000000 ) ) ;
#2634 = DIRECTION ( 'NONE',  ( -0.000000000000000000, -1.000000000000000000, 0.000000000000000000 ) ) ;
#2635 = DIRECTION ( 'NONE',  ( -0.000000000000000000, 1.000000000000000000, -0.000000000000000000 ) ) ;
#2636 = ORIENTED_EDGE ( 'NONE', *, *, #2640, .F. ) ;
#2637 = DIRECTION ( 'NONE',  ( -0.8660254037844432595, 0.000000000000000000, -0.4999999999999919509 ) ) ;
#2638 = ORIENTED_EDGE ( 'NONE', *, *, #1544, .F. ) ;
#2639 = PLANE ( 'NONE',  #3108 ) ;
#2640 = EDGE_CURVE ( 'NONE', #738, #407, #858, .T. ) ;
#2641 = AXIS2_PLACEMENT_3D ( 'NONE', #1787, #522, #874 ) ;
#2642 = VERTEX_POINT ( 'NONE', #2411 ) ;
#2643 = UNCERTAINTY_MEASURE_WITH_UNIT (LENGTH_MEASURE( 1.000000000000000082E-05 ), #2278, 'distance_accuracy_value', 'NONE');
#2644 = DIRECTION ( 'NONE',  ( -0.8660254037844432595, 0.000000000000000000, -0.4999999999999919509 ) ) ;
#2645 = AXIS2_PLACEMENT_3D ( 'NONE', #1227, #2415, #2125 ) ;
#2646 = CARTESIAN_POINT ( 'NONE',  ( -9.526279441628879852, 3.500000000000000000, -5.499999999999918288 ) ) ;
#2647 =( LENGTH_UNIT ( ) NAMED_UNIT ( * ) SI_UNIT ( .MILLI., .METRE. ) );
#2648 = ORIENTED_EDGE ( 'NONE', *, *, #311, .T. ) ;
#2649 = FACE_OUTER_BOUND ( 'NONE', #459, .T. ) ;
#2650 = CYLINDRICAL_SURFACE ( 'NONE', #1108, 10.00000000000000000 ) ;
#2651 = DIRECTION ( 'NONE',  ( 0.000000000000000000, -1.000000000000000000, 0.000000000000000000 ) ) ;
#2652 = DIRECTION ( 'NONE',  ( 0.000000000000000000, -1.000000000000000000, -0.000000000000000000 ) ) ;
#2653 = ORIENTED_EDGE ( 'NONE', *, *, #1879, .T. ) ;
#2654 = DIRECTION ( 'NONE',  ( -0.5000000000000000000, 0.000000000000000000, -0.8660254037844385966 ) ) ;
#2655 = ORIENTED_EDGE ( 'NONE', *, *, #1144, .F. ) ;
#2656 = DIRECTION ( 'NONE',  ( -0.4999999999999917843, 0.000000000000000000, 0.8660254037844433705 ) ) ;
#2657 = EDGE_CURVE ( 'NONE', #3149, #3450, #2477, .T. ) ;
#2658 = AXIS2_PLACEMENT_3D ( 'NONE', #3496, #212, #2864 ) ;
#2659 = ORIENTED_EDGE ( 'NONE', *, *, #3305, .T. ) ;
#2660 = CIRCLE ( 'NONE', #979, 2.999999999999992450 ) ;
#2661 = CARTESIAN_POINT ( 'NONE',  ( -7.216878364870324525, 6.499999999999992895, -22.50000000000001066 ) ) ;
#2662 = CIRCLE ( 'NONE', #1613, 2.999999999999993783 ) ;
#2663 = CIRCLE ( 'NONE', #3656, 10.00000000000000000 ) ;
#2664 = CIRCLE ( 'NONE', #3348, 2.999999999999992450 ) ;
#2665 = CARTESIAN_POINT ( 'NONE',  ( -10.59149068828365969, 7.098709071458658926, 6.115000000000051728 ) ) ;
#2666 = AXIS2_PLACEMENT_3D ( 'NONE', #3639, #424, #444 ) ;
#2667 = CIRCLE ( 'NONE', #1049, 1.699999999999998623 ) ;
#2668 = ORIENTED_EDGE ( 'NONE', *, *, #2810, .F. ) ;
#2669 = DIRECTION ( 'NONE',  ( 0.6123724356957934711, 0.7071067811865487940, 0.3535533905932730647 ) ) ;
#2670 = DIRECTION ( 'NONE',  ( 0.000000000000000000, 0.000000000000000000, 1.000000000000000000 ) ) ;
#2671 = DIRECTION ( 'NONE',  ( 0.000000000000000000, 1.000000000000000000, 0.000000000000000000 ) ) ;
#2672 = EDGE_CURVE ( 'NONE', #207, #2013, #1850, .T. ) ;
#2673 = AXIS2_PLACEMENT_3D ( 'NONE', #112, #3383, #2542 ) ;
#2674 = ADVANCED_FACE ( 'NONE', ( #3285 ), #252, .F. ) ;
#2675 = ADVANCED_FACE ( 'NONE', ( #1477 ), #1821, .F. ) ;
#2676 = CARTESIAN_POINT ( 'NONE',  ( -13.43502884254428231, 5.000000000000000000, 13.43502884254452034 ) ) ;
#2677 = ORIENTED_EDGE ( 'NONE', *, *, #2319, .T. ) ;
#2678 = CARTESIAN_POINT ( 'NONE',  ( 2.204364238465235822E-15, 11.49999999999998579, 18.00000000000000355 ) ) ;
#2679 = EDGE_LOOP ( 'NONE', ( #999, #3692, #752, #2252 ) ) ;
#2680 = DIRECTION ( 'NONE',  ( 0.000000000000000000, 0.000000000000000000, 1.000000000000000000 ) ) ;
#2681 = EDGE_CURVE ( 'NONE', #71, #3236, #1457, .T. ) ;
#2682 = EDGE_LOOP ( 'NONE', ( #84, #773, #483, #3439 ) ) ;
#2683 = DIRECTION ( 'NONE',  ( 0.000000000000000000, 0.000000000000000000, 1.000000000000000000 ) ) ;
#2684 = CARTESIAN_POINT ( 'NONE',  ( -9.526279441628879852, 3.500000000000000000, -5.499999999999918288 ) ) ;
#2685 = DIRECTION ( 'NONE',  ( 0.000000000000000000, 1.000000000000000000, 0.000000000000000000 ) ) ;
#2686 = DIRECTION ( 'NONE',  ( -0.000000000000000000, -1.000000000000000000, -0.000000000000000000 ) ) ;
#2687 = CIRCLE ( 'NONE', #1008, 1.699999999999996625 ) ;
#2688 = ADVANCED_FACE ( 'NONE', ( #2728 ), #3834, .F. ) ;
#2689 = EDGE_CURVE ( 'NONE', #1579, #2642, #2662, .T. ) ;
#2690 = VERTEX_POINT ( 'NONE', #1925 ) ;
#2691 = DIRECTION ( 'NONE',  ( -0.000000000000000000, -1.000000000000000000, -0.000000000000000000 ) ) ;
#2692 = CARTESIAN_POINT ( 'NONE',  ( 19.05255888325766023, 0.000000000000000000, 10.99999999999998757 ) ) ;
#2693 = DIRECTION ( 'NONE',  ( -0.8660254037844363761, 0.000000000000000000, 0.5000000000000038858 ) ) ;
#2694 = AXIS2_PLACEMENT_3D ( 'NONE', #1876, #106, #1235 ) ;
#2695 = EDGE_CURVE ( 'NONE', #3079, #3494, #3343, .T. ) ;
#2696 = LINE ( 'NONE', #2342, #1239 ) ;
#2697 = ORIENTED_EDGE ( 'NONE', *, *, #949, .T. ) ;
#2698 = LINE ( 'NONE', #3023, #1352 ) ;
#2699 = EDGE_LOOP ( 'NONE', ( #2870, #2117, #3729 ) ) ;
#2700 = LINE ( 'NONE', #3604, #3341 ) ;
#2701 = ORIENTED_EDGE ( 'NONE', *, *, #1511, .F. ) ;
#2702 = EDGE_LOOP ( 'NONE', ( #1632, #2005, #2229, #3646 ) ) ;
#2703 = LINE ( 'NONE', #985, #1068 ) ;
#2704 = DIRECTION ( 'NONE',  ( -0.4999999999999920619, 0.000000000000000000, 0.8660254037844433705 ) ) ;
#2705 = CARTESIAN_POINT ( 'NONE',  ( -13.43502884254428231, 0.000000000000000000, 13.43502884254452034 ) ) ;
#2706 = LINE ( 'NONE', #3514, #1237 ) ;
#2707 = VECTOR ( 'NONE', #3575, 1000.000000000000114 ) ;
#2708 = ORIENTED_EDGE ( 'NONE', *, *, #2151, .F. ) ;
#2709 = DIRECTION ( 'NONE',  ( 0.000000000000000000, 0.000000000000000000, 1.000000000000000000 ) ) ;
#2710 = DIRECTION ( 'NONE',  ( 0.000000000000000000, -1.000000000000000000, 0.000000000000000000 ) ) ;
#2711 = LINE ( 'NONE', #17, #2478 ) ;
#2712 = DIRECTION ( 'NONE',  ( -0.8660254037844431485, 0.000000000000000000, -0.4999999999999920064 ) ) ;
#2713 = VERTEX_POINT ( 'NONE', #396 ) ;
#2714 = CARTESIAN_POINT ( 'NONE',  ( 13.50000000000000000, 0.000000000000000000, 1.699999999999997513 ) ) ;
#2715 = DIRECTION ( 'NONE',  ( 0.000000000000000000, 1.000000000000000000, 0.000000000000000000 ) ) ;
#2716 = CYLINDRICAL_SURFACE ( 'NONE', #2921, 1.699999999999997513 ) ;
#2717 = VERTEX_POINT ( 'NONE', #2433 ) ;
#2718 = CIRCLE ( 'NONE', #149, 1.000000000000000888 ) ;
#2719 = EDGE_LOOP ( 'NONE', ( #631, #2524 ) ) ;
#2720 = DIRECTION ( 'NONE',  ( 0.8660254037844362651, 0.000000000000000000, -0.5000000000000041078 ) ) ;
#2721 = AXIS2_PLACEMENT_3D ( 'NONE', #1739, #2637, #3159 ) ;
#2722 = ADVANCED_FACE ( 'NONE', ( #672 ), #3528, .F. ) ;
#2723 = ORIENTED_EDGE ( 'NONE', *, *, #1238, .F. ) ;
#2724 = VECTOR ( 'NONE', #900, 1000.000000000000000 ) ;
#2725 = CARTESIAN_POINT ( 'NONE',  ( -13.50000000000000000, 12.00000000000000000, 0.000000000000000000 ) ) ;
#2726 = AXIS2_PLACEMENT_3D ( 'NONE', #647, #1843, #3034 ) ;
#2727 = EDGE_CURVE ( 'NONE', #1900, #3807, #94, .T. ) ;
#2728 = FACE_OUTER_BOUND ( 'NONE', #3516, .T. ) ;
#2729 = VECTOR ( 'NONE', #1626, 1000.000000000000227 ) ;
#2730 = AXIS2_PLACEMENT_3D ( 'NONE', #257, #1486, #2712 ) ;
#2731 = ORIENTED_EDGE ( 'NONE', *, *, #3761, .T. ) ;
#2732 = FACE_OUTER_BOUND ( 'NONE', #2057, .T. ) ;
#2733 = CARTESIAN_POINT ( 'NONE',  ( -15.87713240271471093, 7.000000000000000000, 17.50000000000000711 ) ) ;
#2734 = FACE_BOUND ( 'NONE', #569, .T. ) ;
#2735 = AXIS2_PLACEMENT_3D ( 'NONE', #919, #3082, #1548 ) ;
#2736 = DIRECTION ( 'NONE',  ( 0.000000000000000000, 0.000000000000000000, -1.000000000000000000 ) ) ;
#2737 = ORIENTED_EDGE ( 'NONE', *, *, #2267, .F. ) ;
#2738 = CARTESIAN_POINT ( 'NONE',  ( -10.59149068828365969, 12.00000000000000000, 6.115000000000050839 ) ) ;
#2739 = CARTESIAN_POINT ( 'NONE',  ( 12.99038105676656585, 1.000000000000000000, -22.50000000000000711 ) ) ;
#2740 = CARTESIAN_POINT ( 'NONE',  ( 15.44411970082246199, 7.000000000000000000, -17.25000000000001066 ) ) ;
#2741 = CIRCLE ( 'NONE', #866, 9.499999999999987566 ) ;
#2742 = EDGE_CURVE ( 'NONE', #3751, #1756, #980, .T. ) ;
#2743 = AXIS2_PLACEMENT_3D ( 'NONE', #245, #2271, #3492 ) ;
#2744 = VERTEX_POINT ( 'NONE', #1868 ) ;
#2745 = EDGE_CURVE ( 'NONE', #2744, #1655, #1975, .T. ) ;
#2746 = ORIENTED_EDGE ( 'NONE', *, *, #816, .F. ) ;
#2747 = LINE ( 'NONE', #2763, #3052 ) ;
#2748 = LINE ( 'NONE', #2449, #283 ) ;
#2749 = ORIENTED_EDGE ( 'NONE', *, *, #781, .T. ) ;
#2750 = EDGE_CURVE ( 'NONE', #1619, #534, #1564, .T. ) ;
#2751 = CARTESIAN_POINT ( 'NONE',  ( 3.242741997924472930, 12.00000000000000000, -17.70549700897709755 ) ) ;
#2752 = DIRECTION ( 'NONE',  ( -0.5000000000000044409, 0.000000000000000000, -0.8660254037844361541 ) ) ;
#2753 = ORIENTED_EDGE ( 'NONE', *, *, #2272, .F. ) ;
#2754 = DIRECTION ( 'NONE',  ( 0.000000000000000000, 0.000000000000000000, 1.000000000000000000 ) ) ;
#2755 = DIRECTION ( 'NONE',  ( -1.826024711554534012E-15, 0.000000000000000000, 1.000000000000000000 ) ) ;
#2756 = CARTESIAN_POINT ( 'NONE',  ( -8.222243186433443540, 5.000000000000000000, 10.84134295108999702 ) ) ;
#2757 = ORIENTED_EDGE ( 'NONE', *, *, #3209, .F. ) ;
#2758 = DIRECTION ( 'NONE',  ( 9.442638579934113005E-17, 0.7071067811865512365, -0.7071067811865439090 ) ) ;
#2759 = CARTESIAN_POINT ( 'NONE',  ( -6.750000000000055067, 0.000000000000000000, -11.69134295108989363 ) ) ;
#2760 = CARTESIAN_POINT ( 'NONE',  ( -7.216878364870327189, 0.000000000000000000, 12.50000000000000533 ) ) ;
#2761 = ORIENTED_EDGE ( 'NONE', *, *, #3235, .T. ) ;
#2762 = VERTEX_POINT ( 'NONE', #3071 ) ;
#2763 = CARTESIAN_POINT ( 'NONE',  ( -1.000000000000000000, 1.000000000000000000, -17.50000000000000711 ) ) ;
#2764 = CARTESIAN_POINT ( 'NONE',  ( -6.750000000000055067, 3.851859888774471706E-31, -11.69134295108989363 ) ) ;
#2765 = ADVANCED_FACE ( 'NONE', ( #3615 ), #2852, .F. ) ;
#2766 = ORIENTED_EDGE ( 'NONE', *, *, #538, .F. ) ;
#2767 = CARTESIAN_POINT ( 'NONE',  ( 10.59149068828374318, 12.00000000000000000, 6.114999999999902514 ) ) ;
#2768 = CARTESIAN_POINT ( 'NONE',  ( 9.526279441628808797, 3.500000000000000000, -5.500000000000044409 ) ) ;
#2769 = ORIENTED_EDGE ( 'NONE', *, *, #1418, .F. ) ;
#2770 = DIRECTION ( 'NONE',  ( -0.000000000000000000, -1.000000000000000000, 0.000000000000000000 ) ) ;
#2771 = DIRECTION ( 'NONE',  ( 8.659560562354903276E-17, -0.7071067811865500152, 0.7071067811865451302 ) ) ;
#2772 = AXIS2_PLACEMENT_3D ( 'NONE', #713, #1908, #3095 ) ;
#2773 = DIRECTION ( 'NONE',  ( 0.000000000000000000, 0.000000000000000000, 1.000000000000000000 ) ) ;
#2774 = AXIS2_PLACEMENT_3D ( 'NONE', #3053, #3321, #1497 ) ;
#2775 = ADVANCED_FACE ( 'NONE', ( #731 ), #3323, .F. ) ;
#2776 = EDGE_LOOP ( 'NONE', ( #2455, #2575, #3331 ) ) ;
#2777 = LINE ( 'NONE', #364, #2547 ) ;
#2778 = LINE ( 'NONE', #2462, #309 ) ;
#2779 = DIRECTION ( 'NONE',  ( 0.6123724356957983561, -0.7071067811865449082, 0.3535533905932724541 ) ) ;
#2780 = ORIENTED_EDGE ( 'NONE', *, *, #3144, .F. ) ;
#2781 = EDGE_LOOP ( 'NONE', ( #3228, #1959 ) ) ;
#2782 = CARTESIAN_POINT ( 'NONE',  ( -13.43502884254438001, 5.000000000000000000, -10.43502884254442442 ) ) ;
#2783 = DIRECTION ( 'NONE',  ( 0.000000000000000000, 0.000000000000000000, -1.000000000000000000 ) ) ;
#2784 = EDGE_CURVE ( 'NONE', #3582, #3382, #850, .T. ) ;
#2785 = AXIS2_PLACEMENT_3D ( 'NONE', #3017, #911, #2163 ) ;
#2786 = DIRECTION ( 'NONE',  ( 1.734723475976807094E-15, 0.000000000000000000, 1.000000000000000000 ) ) ;
#2788 = ORIENTED_EDGE ( 'NONE', *, *, #3761, .F. ) ;
#2787 = AXIS2_PLACEMENT_3D ( 'NONE', #950, #3404, #1268 ) ;
#2789 = CIRCLE ( 'NONE', #3275, 1.699999999999998401 ) ;
#2790 = CARTESIAN_POINT ( 'NONE',  ( 1.160900368822718409, 7.000000000000000000, -21.00000000000000000 ) ) ;
#2791 = CARTESIAN_POINT ( 'NONE',  ( -7.216878364870327189, 7.000000000000000000, 12.50000000000000533 ) ) ;
#2792 = EDGE_LOOP ( 'NONE', ( #592, #3498, #2863, #861 ) ) ;
#2793 = DIRECTION ( 'NONE',  ( -0.4999999999999998890, 0.000000000000000000, 0.8660254037844387076 ) ) ;
#2794 = PLANE ( 'NONE',  #882 ) ;
#2795 = FACE_OUTER_BOUND ( 'NONE', #2217, .T. ) ;
#2796 = EDGE_CURVE ( 'NONE', #3807, #1900, #28, .T. ) ;
#2797 = VECTOR ( 'NONE', #613, 1000.000000000000114 ) ;
#2798 = AXIS2_PLACEMENT_3D ( 'NONE', #2764, #1902, #1265 ) ;
#2799 = AXIS2_PLACEMENT_3D ( 'NONE', #2397, #339, #3851 ) ;
#2800 = ORIENTED_EDGE ( 'NONE', *, *, #886, .T. ) ;
#2801 = ORIENTED_EDGE ( 'NONE', *, *, #2333, .T. ) ;
#2802 = DIRECTION ( 'NONE',  ( 0.000000000000000000, 1.000000000000000000, 0.000000000000000000 ) ) ;
#2803 = EDGE_CURVE ( 'NONE', #1066, #1919, #1231, .T. ) ;
#2804 = VECTOR ( 'NONE', #3202, 1000.000000000000000 ) ;
#2805 = ORIENTED_EDGE ( 'NONE', *, *, #2695, .T. ) ;
#2806 = APPLICATION_PROTOCOL_DEFINITION ( 'draft international standard', 'automotive_design', 1998, #250 ) ;
#2807 = DIRECTION ( 'NONE',  ( -0.000000000000000000, 1.000000000000000000, -0.000000000000000000 ) ) ;
#2808 = CARTESIAN_POINT ( 'NONE',  ( 0.000000000000000000, 12.00000000000000000, -17.49999999999999645 ) ) ;
#2809 = ORIENTED_EDGE ( 'NONE', *, *, #2953, .T. ) ;
#2810 = EDGE_CURVE ( 'NONE', #2024, #3651, #1010, .T. ) ;
#2811 = DIRECTION ( 'NONE',  ( 0.000000000000000000, -1.000000000000000000, 0.000000000000000000 ) ) ;
#2812 = DIRECTION ( 'NONE',  ( 0.000000000000000000, -1.000000000000000000, 0.000000000000000000 ) ) ;
#2813 = EDGE_CURVE ( 'NONE', #655, #539, #3368, .T. ) ;
#2814 = ORIENTED_EDGE ( 'NONE', *, *, #1315, .T. ) ;
#2815 = CARTESIAN_POINT ( 'NONE',  ( -2.145708121834924764, 7.000000000000000000, -20.17364817766693008 ) ) ;
#2816 = DIRECTION ( 'NONE',  ( 0.000000000000000000, 0.000000000000000000, 1.000000000000000000 ) ) ;
#2817 = CYLINDRICAL_SURFACE ( 'NONE', #2350, 1.699999999999997069 ) ;
#2818 = VERTEX_POINT ( 'NONE', #1621 ) ;
#2819 = EDGE_LOOP ( 'NONE', ( #2280, #1565 ) ) ;
#2820 = CARTESIAN_POINT ( 'NONE',  ( -7.216878364870324525, 7.000000000000000000, -22.50000000000001066 ) ) ;
#2821 = ORIENTED_EDGE ( 'NONE', *, *, #442, .F. ) ;
#2822 = DIRECTION ( 'NONE',  ( -0.000000000000000000, -1.000000000000000000, 0.000000000000000000 ) ) ;
#2823 = DIRECTION ( 'NONE',  ( -0.000000000000000000, -1.000000000000000000, -0.000000000000000000 ) ) ;
#2824 = CARTESIAN_POINT ( 'NONE',  ( 0.000000000000000000, 11.49999999999998757, 0.000000000000000000 ) ) ;
#2825 = ORIENTED_EDGE ( 'NONE', *, *, #701, .T. ) ;
#2826 = CARTESIAN_POINT ( 'NONE',  ( -7.216878364870327189, 7.000000000000000000, 12.50000000000000533 ) ) ;
#2827 = AXIS2_PLACEMENT_3D ( 'NONE', #1209, #3076, #2416 ) ;
#2828 = FACE_OUTER_BOUND ( 'NONE', #303, .T. ) ;
#2829 = EDGE_LOOP ( 'NONE', ( #1397, #345 ) ) ;
#2830 = CARTESIAN_POINT ( 'NONE',  ( -12.99038105676658361, 0.5000000000000013323, -22.50000000000001066 ) ) ;
#2831 = CARTESIAN_POINT ( 'NONE',  ( 8.667684517279820255, 3.500000000000000000, -5.004289989302300512 ) ) ;
#2832 = AXIS2_PLACEMENT_3D ( 'NONE', #1146, #2882, #1109 ) ;
#2833 = PLANE ( 'NONE',  #3405 ) ;
#2834 = AXIS2_PLACEMENT_3D ( 'NONE', #1311, #674, #1329 ) ;
#2835 = ORIENTED_EDGE ( 'NONE', *, *, #537, .T. ) ;
#2836 = ORIENTED_EDGE ( 'NONE', *, *, #3854, .T. ) ;
#2837 = CARTESIAN_POINT ( 'NONE',  ( 13.43502884254438001, -1.187907395172929833E-15, 16.43502884254441199 ) ) ;
#2838 = ORIENTED_EDGE ( 'NONE', *, *, #2572, .T. ) ;
#2839 = DIRECTION ( 'NONE',  ( 0.000000000000000000, 1.000000000000000000, 0.000000000000000000 ) ) ;
#2840 = EDGE_CURVE ( 'NONE', #688, #117, #115, .T. ) ;
#2841 = EDGE_CURVE ( 'NONE', #443, #3109, #2215, .T. ) ;
#2842 = EDGE_CURVE ( 'NONE', #1201, #1837, #3521, .T. ) ;
#2843 = DIRECTION ( 'NONE',  ( -1.000000000000000000, 0.000000000000000000, -1.335390754433031373E-16 ) ) ;
#2844 = ORIENTED_EDGE ( 'NONE', *, *, #2333, .F. ) ;
#2845 = ADVANCED_FACE ( 'NONE', ( #2138 ), #1543, .F. ) ;
#2846 = FACE_OUTER_BOUND ( 'NONE', #703, .T. ) ;
#2847 = ORIENTED_EDGE ( 'NONE', *, *, #710, .F. ) ;
#2848 = CIRCLE ( 'NONE', #536, 2.999999999999993783 ) ;
#2849 = DIRECTION ( 'NONE',  ( 0.8660254037844434816, 0.000000000000000000, 0.4999999999999915623 ) ) ;
#2850 = CARTESIAN_POINT ( 'NONE',  ( -15.44411970082248509, 7.000000000000000000, 17.25000000000000000 ) ) ;
#2851 = PRESENTATION_STYLE_ASSIGNMENT (( #1135 ) ) ;
#2852 = CONICAL_SURFACE ( 'NONE', #2160, 1.649999999999997913, 1.029744258676652535 ) ;
#2853 = AXIS2_PLACEMENT_3D ( 'NONE', #481, #1077, #2631 ) ;
#2854 = ORIENTED_EDGE ( 'NONE', *, *, #2152, .T. ) ;
#2855 = DIRECTION ( 'NONE',  ( 0.000000000000000000, 0.7071067811865474617, -0.7071067811865474617 ) ) ;
#2856 = EDGE_LOOP ( 'NONE', ( #489, #1661 ) ) ;
#2857 = AXIS2_PLACEMENT_3D ( 'NONE', #3865, #2671, #2080 ) ;
#2858 = CIRCLE ( 'NONE', #923, 1.649999999999998801 ) ;
#2859 = FACE_OUTER_BOUND ( 'NONE', #1627, .T. ) ;
#2860 = EDGE_CURVE ( 'NONE', #1115, #2024, #2275, .T. ) ;
#2861 = VECTOR ( 'NONE', #3443, 1000.000000000000000 ) ;
#2862 = EDGE_CURVE ( 'NONE', #419, #655, #2256, .T. ) ;
#2863 = ORIENTED_EDGE ( 'NONE', *, *, #1479, .T. ) ;
#2864 = DIRECTION ( 'NONE',  ( 0.000000000000000000, 0.000000000000000000, 1.000000000000000000 ) ) ;
#2865 = ADVANCED_FACE ( 'NONE', ( #1656 ), #3030, .T. ) ;
#2866 = PLANE ( 'NONE',  #1553 ) ;
#2867 = ORIENTED_EDGE ( 'NONE', *, *, #1499, .T. ) ;
#2868 = CARTESIAN_POINT ( 'NONE',  ( -6.750000000000055067, 5.000000000000000000, -11.69134295108989363 ) ) ;
#2869 = FACE_OUTER_BOUND ( 'NONE', #619, .T. ) ;
#2870 = ORIENTED_EDGE ( 'NONE', *, *, #2572, .F. ) ;
#2871 = DIRECTION ( 'NONE',  ( -0.000000000000000000, -1.000000000000000000, -0.000000000000000000 ) ) ;
#2872 = PLANE ( 'NONE',  #3094 ) ;
#2873 = ORIENTED_EDGE ( 'NONE', *, *, #3709, .F. ) ;
#2874 = DIRECTION ( 'NONE',  ( 0.000000000000000000, 0.000000000000000000, 1.000000000000000000 ) ) ;
#2875 = VERTEX_POINT ( 'NONE', #2879 ) ;
#2876 = FACE_OUTER_BOUND ( 'NONE', #2571, .T. ) ;
#2877 = VECTOR ( 'NONE', #3808, 1000.000000000000000 ) ;
#2878 = ORIENTED_EDGE ( 'NONE', *, *, #1646, .T. ) ;
#2879 = CARTESIAN_POINT ( 'NONE',  ( -20.31057158514995820, 3.500000000000000000, -9.821058083755495716 ) ) ;
#2880 = VECTOR ( 'NONE', #1702, 1000.000000000000000 ) ;
#2881 = ADVANCED_FACE ( 'NONE', ( #1978 ), #131, .T. ) ;
#2882 = DIRECTION ( 'NONE',  ( 0.8660254037844362651, 0.000000000000000000, -0.5000000000000039968 ) ) ;
#2883 = VERTEX_POINT ( 'NONE', #3748 ) ;
#2884 = DIRECTION ( 'NONE',  ( 0.000000000000000000, -1.000000000000000000, 0.000000000000000000 ) ) ;
#2885 = CARTESIAN_POINT ( 'NONE',  ( 19.05255888325765312, 7.000000000000000000, 10.99999999999998401 ) ) ;
#2886 = EDGE_LOOP ( 'NONE', ( #1435, #2450 ) ) ;
#2887 = DIRECTION ( 'NONE',  ( 0.000000000000000000, 0.000000000000000000, 1.000000000000000000 ) ) ;
#2888 = DIRECTION ( 'NONE',  ( -0.000000000000000000, 1.000000000000000000, -0.000000000000000000 ) ) ;
#2889 = CARTESIAN_POINT ( 'NONE',  ( 6.750000000000135891, 0.000000000000000000, 11.69134295108984212 ) ) ;
#2890 = ADVANCED_FACE ( 'NONE', ( #788 ), #811, .F. ) ;
#2891 = ORIENTED_EDGE ( 'NONE', *, *, #3065, .F. ) ;
#2892 = DIRECTION ( 'NONE',  ( 0.000000000000000000, 0.000000000000000000, -1.000000000000000000 ) ) ;
#2893 = ORIENTED_EDGE ( 'NONE', *, *, #2841, .F. ) ;
#2894 = CARTESIAN_POINT ( 'NONE',  ( 2.000000000000001332, 9.000000000000001776, -21.00000000000000000 ) ) ;
#2895 = CONICAL_SURFACE ( 'NONE', #3511, 9.499999999999989342, 0.7853981633974517207 ) ;
#2896 = VERTEX_POINT ( 'NONE', #1727 ) ;
#2897 = CARTESIAN_POINT ( 'NONE',  ( -7.216878364870324525, 7.000000000000000000, -12.50000000000000888 ) ) ;
#2898 = DIRECTION ( 'NONE',  ( 0.000000000000000000, 0.000000000000000000, -1.000000000000000000 ) ) ;
#2899 = ORIENTED_EDGE ( 'NONE', *, *, #3381, .F. ) ;
#2900 = DIRECTION ( 'NONE',  ( 0.000000000000000000, -1.000000000000000000, 0.000000000000000000 ) ) ;
#2901 = VECTOR ( 'NONE', #3490, 1000.000000000000000 ) ;
#2902 = ORIENTED_EDGE ( 'NONE', *, *, #3198, .T. ) ;
#2903 = PLANE ( 'NONE',  #230 ) ;
#2904 = FILL_AREA_STYLE_COLOUR ( '', #514 ) ;
#2905 = FACE_OUTER_BOUND ( 'NONE', #1240, .T. ) ;
#2906 = AXIS2_PLACEMENT_3D ( 'NONE', #1521, #997, #1412 ) ;
#2907 = AXIS2_PLACEMENT_3D ( 'NONE', #1334, #680, #426 ) ;
#2908 = ORIENTED_EDGE ( 'NONE', *, *, #894, .T. ) ;
#2909 = DIRECTION ( 'NONE',  ( 0.000000000000000000, 0.000000000000000000, 1.000000000000000000 ) ) ;
#2910 = VERTEX_POINT ( 'NONE', #3168 ) ;
#2911 = CONICAL_SURFACE ( 'NONE', #2531, 1.649999999999997247, 1.029744258676652535 ) ;
#2912 = CARTESIAN_POINT ( 'NONE',  ( 5.277756813566426786, 5.000000000000000000, -12.54134295108993413 ) ) ;
#2913 = AXIS2_PLACEMENT_3D ( 'NONE', #122, #1333, #2516 ) ;
#2914 = ORIENTED_EDGE ( 'NONE', *, *, #1744, .T. ) ;
#2915 = ADVANCED_FACE ( 'NONE', ( #1961 ), #2095, .F. ) ;
#2916 = DIRECTION ( 'NONE',  ( 0.000000000000000000, -1.000000000000000000, -0.000000000000000000 ) ) ;
#2917 = AXIS2_PLACEMENT_3D ( 'NONE', #2676, #2652, #2375 ) ;
#2918 = ORIENTED_EDGE ( 'NONE', *, *, #447, .T. ) ;
#2919 = DIRECTION ( 'NONE',  ( -0.1736481776669271393, -0.000000000000000000, 0.9848077530122086864 ) ) ;
#2920 = AXIS2_PLACEMENT_3D ( 'NONE', #1431, #3177, #2849 ) ;
#2921 = AXIS2_PLACEMENT_3D ( 'NONE', #1836, #3003, #618 ) ;
#2922 = ADVANCED_FACE ( 'NONE', ( #3734 ), #1126, .T. ) ;
#2923 = ORIENTED_EDGE ( 'NONE', *, *, #3209, .T. ) ;
#2924 = CARTESIAN_POINT ( 'NONE',  ( -7.216878364870324525, 7.000000000000000000, -21.99999999999999645 ) ) ;
#2925 = DIRECTION ( 'NONE',  ( -0.4999999999999917843, 0.000000000000000000, 0.8660254037844433705 ) ) ;
#2926 = EDGE_CURVE ( 'NONE', #3855, #312, #512, .T. ) ;
#2927 = AXIS2_PLACEMENT_3D ( 'NONE', #753, #3720, #3789 ) ;
#2928 = EDGE_LOOP ( 'NONE', ( #2933, #3817 ) ) ;
#2929 = EDGE_CURVE ( 'NONE', #3797, #2031, #1476, .T. ) ;
#2930 = DIRECTION ( 'NONE',  ( -0.8660254037844398178, 0.000000000000000000, -0.4999999999999980571 ) ) ;
#2931 = ORIENTED_EDGE ( 'NONE', *, *, #538, .T. ) ;
#2932 = SURFACE_SIDE_STYLE ('',( #1157 ) ) ;
#2933 = ORIENTED_EDGE ( 'NONE', *, *, #661, .T. ) ;
#2934 = DIRECTION ( 'NONE',  ( 0.000000000000000000, -1.000000000000000000, 0.000000000000000000 ) ) ;
#2935 = LINE ( 'NONE', #3553, #3506 ) ;
#2936 = CARTESIAN_POINT ( 'NONE',  ( -1.000000000000007772, 0.000000000000000000, -22.00000000000000711 ) ) ;
#2937 = ORIENTED_EDGE ( 'NONE', *, *, #2045, .F. ) ;
#2938 = CARTESIAN_POINT ( 'NONE',  ( 23.09401076758502924, 6.499999999999992895, 4.999999999999990230 ) ) ;
#2939 = SURFACE_SIDE_STYLE ('',( #1432 ) ) ;
#2940 = CARTESIAN_POINT ( 'NONE',  ( -11.89052879396031415, 12.00000000000000000, 6.865000000000057057 ) ) ;
#2941 = EDGE_CURVE ( 'NONE', #1379, #2077, #2410, .T. ) ;
#2942 = DIRECTION ( 'NONE',  ( 0.000000000000000000, -1.000000000000000000, 0.000000000000000000 ) ) ;
#2943 = ORIENTED_EDGE ( 'NONE', *, *, #368, .T. ) ;
#2944 = FACE_OUTER_BOUND ( 'NONE', #2792, .T. ) ;
#2945 = ORIENTED_EDGE ( 'NONE', *, *, #869, .T. ) ;
#2946 = CARTESIAN_POINT ( 'NONE',  ( -16.43502884254428054, 5.000000000000000000, 13.43502884254455054 ) ) ;
#2947 = ORIENTED_EDGE ( 'NONE', *, *, #1056, .F. ) ;
#2948 = AXIS2_PLACEMENT_3D ( 'NONE', #2725, #1820, #2158 ) ;
#2949 = DIRECTION ( 'NONE',  ( 0.000000000000000000, -1.000000000000000000, 0.000000000000000000 ) ) ;
#2950 = CARTESIAN_POINT ( 'NONE',  ( 13.50000000000000000, 12.00000000000000000, 0.000000000000000000 ) ) ;
#2951 = EDGE_CURVE ( 'NONE', #1526, #2013, #3766, .T. ) ;
#2952 =( NAMED_UNIT ( * ) SI_UNIT ( $, .STERADIAN. ) SOLID_ANGLE_UNIT ( ) );
#2953 = EDGE_CURVE ( 'NONE', #1263, #3394, #1106, .T. ) ;
#2954 = EDGE_CURVE ( 'NONE', #3539, #1316, #2348, .T. ) ;
#2955 = EDGE_LOOP ( 'NONE', ( #2381, #2757, #1819, #2364 ) ) ;
#2956 = CARTESIAN_POINT ( 'NONE',  ( -12.99038105676658361, 0.5000000000000004441, -22.50000000000001066 ) ) ;
#2957 = CARTESIAN_POINT ( 'NONE',  ( 0.000000000000000000, 11.49999999999998579, 0.000000000000000000 ) ) ;
#2958 = CARTESIAN_POINT ( 'NONE',  ( 6.749999999999973355, 0.000000000000000000, -11.69134295108993804 ) ) ;
#2959 = DIRECTION ( 'NONE',  ( -1.000000000000000000, 0.000000000000000000, 3.469446951953622866E-15 ) ) ;
#2960 = ORIENTED_EDGE ( 'NONE', *, *, #2750, .F. ) ;
#2961 = DIRECTION ( 'NONE',  ( 0.000000000000000000, -1.000000000000000000, -0.000000000000000000 ) ) ;
#2962 = ORIENTED_EDGE ( 'NONE', *, *, #1345, .F. ) ;
#2963 = CARTESIAN_POINT ( 'NONE',  ( 13.50000000000000000, 5.000000000000000000, 1.699999999999998179 ) ) ;
#2964 = CONICAL_SURFACE ( 'NONE', #272, 9.499999999999998224, 0.7853981633974500554 ) ;
#2965 = ORIENTED_EDGE ( 'NONE', *, *, #1094, .F. ) ;
#2966 = AXIS2_PLACEMENT_3D ( 'NONE', #856, #3558, #270 ) ;
#2967 = CARTESIAN_POINT ( 'NONE',  ( 0.000000000000000000, 11.49999999999998579, -18.00000000000000355 ) ) ;
#2968 = EDGE_CURVE ( 'NONE', #3651, #3625, #410, .T. ) ;
#2969 = LINE ( 'NONE', #3800, #2174 ) ;
#2970 = EDGE_CURVE ( 'NONE', #2367, #1810, #1162, .T. ) ;
#2971 = VECTOR ( 'NONE', #2900, 1000.000000000000000 ) ;
#2972 = DIRECTION ( 'NONE',  ( 0.000000000000000000, 0.000000000000000000, 1.000000000000000000 ) ) ;
#2973 = AXIS2_PLACEMENT_3D ( 'NONE', #2027, #1703, #1376 ) ;
#2974 = AXIS2_PLACEMENT_3D ( 'NONE', #2197, #3361, #2720 ) ;
#2975 = DIRECTION ( 'NONE',  ( 0.000000000000000000, -1.000000000000000000, 0.000000000000000000 ) ) ;
#2976 = EDGE_CURVE ( 'NONE', #2717, #3702, #1383, .T. ) ;
#2977 = AXIS2_PLACEMENT_3D ( 'NONE', #1937, #1853, #3118 ) ;
#2978 = CONICAL_SURFACE ( 'NONE', #804, 9.499999999999989342, 0.7853981633974517207 ) ;
#2979 = ORIENTED_EDGE ( 'NONE', *, *, #2337, .T. ) ;
#2980 = DIRECTION ( 'NONE',  ( 0.000000000000000000, -1.000000000000000000, 0.000000000000000000 ) ) ;
#2981 = LINE ( 'NONE', #3846, #128 ) ;
#2982 = DIRECTION ( 'NONE',  ( 0.5000000000000002220, -0.000000000000000000, 0.8660254037844384856 ) ) ;
#2983 = CIRCLE ( 'NONE', #1929, 18.00000000000000355 ) ;
#2984 = FACE_OUTER_BOUND ( 'NONE', #3000, .T. ) ;
#2985 = VERTEX_POINT ( 'NONE', #3205 ) ;
#2986 = DIRECTION ( 'NONE',  ( 0.4999999999999993894, 0.000000000000000000, -0.8660254037844389297 ) ) ;
#2987 = ORIENTED_EDGE ( 'NONE', *, *, #3823, .F. ) ;
#2988 = CARTESIAN_POINT ( 'NONE',  ( -13.50000000000000000, 3.851859888774471706E-31, 0.000000000000000000 ) ) ;
#2989 = ORIENTED_EDGE ( 'NONE', *, *, #1238, .T. ) ;
#2990 = ORIENTED_EDGE ( 'NONE', *, *, #19, .T. ) ;
#2991 = UNCERTAINTY_MEASURE_WITH_UNIT (LENGTH_MEASURE( 1.000000000000000082E-05 ), #643, 'distance_accuracy_value', 'NONE');
#2992 = DIRECTION ( 'NONE',  ( -0.000000000000000000, -1.000000000000000000, -0.000000000000000000 ) ) ;
#2993 = FACE_OUTER_BOUND ( 'NONE', #3747, .T. ) ;
#2994 = CYLINDRICAL_SURFACE ( 'NONE', #2413, 9.000000000000000000 ) ;
#2995 = ORIENTED_EDGE ( 'NONE', *, *, #869, .F. ) ;
#2996 = FACE_OUTER_BOUND ( 'NONE', #1399, .T. ) ;
#2997 = PLANE ( 'NONE',  #3581 ) ;
#2998 = CARTESIAN_POINT ( 'NONE',  ( 19.05255888325763536, 7.000000000000000000, -10.99999999999999822 ) ) ;
#2999 = FACE_OUTER_BOUND ( 'NONE', #3564, .T. ) ;
#3000 = EDGE_LOOP ( 'NONE', ( #813, #2908, #1280, #640 ) ) ;
#3001 = DIRECTION ( 'NONE',  ( -1.335390754433031373E-16, 0.000000000000000000, 1.000000000000000000 ) ) ;
#3002 = CYLINDRICAL_SURFACE ( 'NONE', #1012, 1.699999999999997513 ) ;
#3003 = DIRECTION ( 'NONE',  ( 0.000000000000000000, -1.000000000000000000, 0.000000000000000000 ) ) ;
#3004 = ADVANCED_FACE ( 'NONE', ( #2546 ), #2964, .T. ) ;
#3005 = EDGE_LOOP ( 'NONE', ( #389, #1361, #2989, #1220 ) ) ;
#3006 = ORIENTED_EDGE ( 'NONE', *, *, #1588, .T. ) ;
#3007 = AXIS2_PLACEMENT_3D ( 'NONE', #3660, #1228, #2755 ) ;
#3008 = DIRECTION ( 'NONE',  ( 0.000000000000000000, 0.000000000000000000, 1.000000000000000000 ) ) ;
#3009 = DIRECTION ( 'NONE',  ( 0.000000000000000000, 1.000000000000000000, 0.000000000000000000 ) ) ;
#3010 = ORIENTED_EDGE ( 'NONE', *, *, #3537, .T. ) ;
#3011 = CARTESIAN_POINT ( 'NONE',  ( -22.66099806569281228, 7.000000000000000000, -4.749999999999993783 ) ) ;
#3012 = AXIS2_PLACEMENT_3D ( 'NONE', #2255, #3733, #435 ) ;
#3013 =( NAMED_UNIT ( * ) PLANE_ANGLE_UNIT ( ) SI_UNIT ( $, .RADIAN. ) );
#3014 = CIRCLE ( 'NONE', #2645, 1.499999999999999334 ) ;
#3015 = ORIENTED_EDGE ( 'NONE', *, *, #83, .T. ) ;
#3016 = CYLINDRICAL_SURFACE ( 'NONE', #1593, 2.999999999999995559 ) ;
#3017 = CARTESIAN_POINT ( 'NONE',  ( 0.000000000000000000, 8.000000000000000000, -12.23000000000000043 ) ) ;
#3018 = DIRECTION ( 'NONE',  ( 0.000000000000000000, 1.000000000000000000, 0.000000000000000000 ) ) ;
#3019 = EDGE_CURVE ( 'NONE', #2985, #3175, #887, .T. ) ;
#3020 = EDGE_CURVE ( 'NONE', #1263, #2713, #2038, .T. ) ;
#3021 = CARTESIAN_POINT ( 'NONE',  ( 2.145708121834926985, 9.000000000000001776, -20.17364817766693008 ) ) ;
#3022 = ORIENTED_EDGE ( 'NONE', *, *, #762, .T. ) ;
#3023 = CARTESIAN_POINT ( 'NONE',  ( 2.204364238465235822E-15, 12.00000000000000000, 18.00000000000000355 ) ) ;
#3024 = LINE ( 'NONE', #2739, #3727 ) ;
#3025 = LINE ( 'NONE', #596, #2724 ) ;
#3026 = EDGE_CURVE ( 'NONE', #2077, #1379, #1972, .T. ) ;
#3027 = ORIENTED_EDGE ( 'NONE', *, *, #2387, .F. ) ;
#3028 = ORIENTED_EDGE ( 'NONE', *, *, #609, .T. ) ;
#3029 = CARTESIAN_POINT ( 'NONE',  ( 13.43502884254438001, 5.000000000000000000, 13.43502884254442264 ) ) ;
#3030 = CONICAL_SURFACE ( 'NONE', #1355, 9.499999999999989342, 0.7853981633974517207 ) ;
#3031 = EDGE_LOOP ( 'NONE', ( #2154, #2357, #3476, #2362 ) ) ;
#3032 = VECTOR ( 'NONE', #1797, 999.9999999999998863 ) ;
#3033 = CYLINDRICAL_SURFACE ( 'NONE', #769, 2.999999999999995559 ) ;
#3034 = DIRECTION ( 'NONE',  ( 1.000000000000000000, 0.000000000000000000, -1.040834085586084572E-14 ) ) ;
#3035 = CIRCLE ( 'NONE', #542, 1.649999999999997247 ) ;
#3036 = VECTOR ( 'NONE', #3310, 1000.000000000000000 ) ;
#3037 = ORIENTED_EDGE ( 'NONE', *, *, #353, .F. ) ;
#3038 = CYLINDRICAL_SURFACE ( 'NONE', #2210, 2.999999999999995559 ) ;
#3039 = CARTESIAN_POINT ( 'NONE',  ( 1.163414459189985682E-15, 0.000000000000000000, 9.500000000000001776 ) ) ;
#3040 = DIRECTION ( 'NONE',  ( 0.000000000000000000, 1.000000000000000000, 0.000000000000000000 ) ) ;
#3041 = CONICAL_SURFACE ( 'NONE', #287, 1.499999999999999334, 1.029744258676653645 ) ;
#3042 = ORIENTED_EDGE ( 'NONE', *, *, #603, .F. ) ;
#3043 = CARTESIAN_POINT ( 'NONE',  ( 13.43502884254438001, 0.000000000000000000, 13.43502884254442264 ) ) ;
#3044 = LINE ( 'NONE', #340, #1885 ) ;
#3045 = FACE_OUTER_BOUND ( 'NONE', #3630, .T. ) ;
#3046 = AXIS2_PLACEMENT_3D ( 'NONE', #975, #1590, #717 ) ;
#3047 = EDGE_LOOP ( 'NONE', ( #1009, #1816, #45, #1943 ) ) ;
#3048 = ORIENTED_EDGE ( 'NONE', *, *, #3126, .T. ) ;
#3049 = FILL_AREA_STYLE_COLOUR ( '', #1569 ) ;
#3050 = CYLINDRICAL_SURFACE ( 'NONE', #37, 1.499999999999999334 ) ;
#3051 = EDGE_LOOP ( 'NONE', ( #2382, #1300, #1129, #909, #261, #2494 ) ) ;
#3052 = VECTOR ( 'NONE', #2155, 1000.000000000000000 ) ;
#3053 = CARTESIAN_POINT ( 'NONE',  ( -13.43502884254428231, 5.000000000000000000, 13.43502884254452034 ) ) ;
#3054 = CARTESIAN_POINT ( 'NONE',  ( 7.216878364870320972, 0.000000000000000000, 12.50000000000000888 ) ) ;
#3055 = EDGE_CURVE ( 'NONE', #3471, #3769, #1420, .T. ) ;
#3056 = ORIENTED_EDGE ( 'NONE', *, *, #654, .T. ) ;
#3057 = VECTOR ( 'NONE', #3264, 1000.000000000000000 ) ;
#3058 = DIRECTION ( 'NONE',  ( 0.000000000000000000, -1.000000000000000000, 0.000000000000000000 ) ) ;
#3059 = CARTESIAN_POINT ( 'NONE',  ( -7.599999999999877076, 5.000000000000000000, 13.16358613752353612 ) ) ;
#3060 = DIRECTION ( 'NONE',  ( -0.4999999999999998890, 0.000000000000000000, 0.8660254037844387076 ) ) ;
#3061 = VERTEX_POINT ( 'NONE', #2661 ) ;
#3062 = LINE ( 'NONE', #2206, #1058 ) ;
#3063 = DIRECTION ( 'NONE',  ( 0.000000000000000000, 0.000000000000000000, 1.000000000000000000 ) ) ;
#3064 = CARTESIAN_POINT ( 'NONE',  ( -10.59149068828365969, 8.000000000000000000, 6.115000000000050839 ) ) ;
#3065 = EDGE_CURVE ( 'NONE', #407, #738, #853, .T. ) ;
#3066 = EDGE_LOOP ( 'NONE', ( #1678, #3160, #2338, #2761 ) ) ;
#3067 = ORIENTED_EDGE ( 'NONE', *, *, #1511, .T. ) ;
#3068 = LINE ( 'NONE', #1597, #553 ) ;
#3069 = CARTESIAN_POINT ( 'NONE',  ( 13.50000000000000000, 3.851859888774471706E-31, 0.000000000000000000 ) ) ;
#3070 = VERTEX_POINT ( 'NONE', #622 ) ;
#3071 = CARTESIAN_POINT ( 'NONE',  ( 22.66099806569279451, 7.000000000000000000, -4.749999999999997335 ) ) ;
#3072 = AXIS2_PLACEMENT_3D ( 'NONE', #689, #3387, #3110 ) ;
#3073 = ADVANCED_FACE ( 'NONE', ( #3552 ), #2911, .F. ) ;
#3074 = ORIENTED_EDGE ( 'NONE', *, *, #3362, .F. ) ;
#3075 = DIRECTION ( 'NONE',  ( 0.000000000000000000, 0.000000000000000000, 1.000000000000000000 ) ) ;
#3076 = DIRECTION ( 'NONE',  ( -0.000000000000000000, 1.000000000000000000, 0.000000000000000000 ) ) ;
#3077 = CIRCLE ( 'NONE', #2772, 2.999999999999997780 ) ;
#3078 = DIRECTION ( 'NONE',  ( 1.000000000000000000, 0.000000000000000000, -1.040834085586084572E-14 ) ) ;
#3079 = VERTEX_POINT ( 'NONE', #2351 ) ;
#3080 = ADVANCED_FACE ( 'NONE', ( #1496 ), #3302, .T. ) ;
#3081 = CARTESIAN_POINT ( 'NONE',  ( -13.43502884254438001, 0.000000000000000000, -16.43502884254441909 ) ) ;
#3082 = DIRECTION ( 'NONE',  ( 0.000000000000000000, -1.000000000000000000, 0.000000000000000000 ) ) ;
#3083 = CARTESIAN_POINT ( 'NONE',  ( -8.667684517279880652, 3.500000000000000000, -5.004289989302190378 ) ) ;
#3084 = ORIENTED_EDGE ( 'NONE', *, *, #1079, .T. ) ;
#3085 = VERTEX_POINT ( 'NONE', #867 ) ;
#3086 = CARTESIAN_POINT ( 'NONE',  ( 6.750000000000135891, 0.000000000000000000, 11.69134295108984212 ) ) ;
#3087 = CARTESIAN_POINT ( 'NONE',  ( 0.000000000000000000, 11.49999999999998757, 0.000000000000000000 ) ) ;
#3088 = ORIENTED_EDGE ( 'NONE', *, *, #654, .F. ) ;
#3089 = EDGE_CURVE ( 'NONE', #3702, #2430, #3828, .T. ) ;
#3090 = DIRECTION ( 'NONE',  ( 1.000000000000000000, 0.000000000000000000, 1.335390754433031373E-16 ) ) ;
#3091 = ADVANCED_FACE ( 'NONE', ( #3839 ), #98, .F. ) ;
#3092 = DIRECTION ( 'NONE',  ( 0.000000000000000000, 1.000000000000000000, 0.000000000000000000 ) ) ;
#3093 = VERTEX_POINT ( 'NONE', #2119 ) ;
#3094 = AXIS2_PLACEMENT_3D ( 'NONE', #1643, #425, #1629 ) ;
#3095 = DIRECTION ( 'NONE',  ( -0.8660254037844397068, 0.000000000000000000, -0.4999999999999979461 ) ) ;
#3096 = CARTESIAN_POINT ( 'NONE',  ( 0.000000000000000000, 11.49999999999998757, 0.000000000000000000 ) ) ;
#3097 = EDGE_CURVE ( 'NONE', #3070, #202, #2234, .T. ) ;
#3098 = AXIS2_PLACEMENT_3D ( 'NONE', #3191, #2318, #518 ) ;
#3099 = ORIENTED_EDGE ( 'NONE', *, *, #2032, .T. ) ;
#3100 = CARTESIAN_POINT ( 'NONE',  ( -14.43375672974065260, 7.000000000000000000, 2.602085213965210642E-15 ) ) ;
#3101 = DIRECTION ( 'NONE',  ( 0.000000000000000000, 1.000000000000000000, 0.000000000000000000 ) ) ;
#3102 = CARTESIAN_POINT ( 'NONE',  ( -2.145708121834924764, 9.000000000000001776, -20.17364817766693008 ) ) ;
#3103 = AXIS2_PLACEMENT_3D ( 'NONE', #1685, #2559, #3179 ) ;
#3104 = VECTOR ( 'NONE', #2156, 1000.000000000000114 ) ;
#3105 = ORIENTED_EDGE ( 'NONE', *, *, #585, .T. ) ;
#3106 = ORIENTED_EDGE ( 'NONE', *, *, #392, .F. ) ;
#3107 = DIRECTION ( 'NONE',  ( -0.8660254037844395958, 0.000000000000000000, -0.4999999999999982792 ) ) ;
#3108 = AXIS2_PLACEMENT_3D ( 'NONE', #2894, #227, #2584 ) ;
#3109 = VERTEX_POINT ( 'NONE', #2628 ) ;
#3110 = DIRECTION ( 'NONE',  ( 0.000000000000000000, 0.000000000000000000, -1.000000000000000000 ) ) ;
#3111 = CARTESIAN_POINT ( 'NONE',  ( 10.59149068828374318, 8.000000000000000000, 6.114999999999902514 ) ) ;
#3112 = AXIS2_PLACEMENT_3D ( 'NONE', #72, #285, #1243 ) ;
#3113 = DIRECTION ( 'NONE',  ( -0.000000000000000000, -1.000000000000000000, -0.000000000000000000 ) ) ;
#3114 = ORIENTED_EDGE ( 'NONE', *, *, #1411, .T. ) ;
#3115 = DIRECTION ( 'NONE',  ( 0.000000000000000000, 0.000000000000000000, 1.000000000000000000 ) ) ;
#3116 = DIRECTION ( 'NONE',  ( -0.000000000000000000, -1.000000000000000000, -0.000000000000000000 ) ) ;
#3117 = VERTEX_POINT ( 'NONE', #1778 ) ;
#3118 = DIRECTION ( 'NONE',  ( 0.000000000000000000, 0.000000000000000000, 1.000000000000000000 ) ) ;
#3119 = DIRECTION ( 'NONE',  ( 0.000000000000000000, -1.000000000000000000, 0.000000000000000000 ) ) ;
#3120 = LINE ( 'NONE', #3705, #660 ) ;
#3121 = ORIENTED_EDGE ( 'NONE', *, *, #3254, .F. ) ;
#3122 = EDGE_CURVE ( 'NONE', #263, #3382, #2969, .T. ) ;
#3123 = ORIENTED_EDGE ( 'NONE', *, *, #3206, .F. ) ;
#3124 = ADVANCED_FACE ( 'NONE', ( #1204 ), #1515, .F. ) ;
#3125 = DIRECTION ( 'NONE',  ( 0.000000000000000000, 0.000000000000000000, 1.000000000000000000 ) ) ;
#3126 = EDGE_CURVE ( 'NONE', #1154, #594, #1618, .T. ) ;
#3127 = VERTEX_POINT ( 'NONE', #3819 ) ;
#3128 = DIRECTION ( 'NONE',  ( 0.000000000000000000, 0.000000000000000000, 1.000000000000000000 ) ) ;
#3129 = DIRECTION ( 'NONE',  ( 0.8660254037844362651, 0.000000000000000000, -0.5000000000000041078 ) ) ;
#3130 = ORIENTED_EDGE ( 'NONE', *, *, #1174, .F. ) ;
#3131 = PRESENTATION_STYLE_ASSIGNMENT (( #517 ) ) ;
#3132 = LINE ( 'NONE', #775, #3590 ) ;
#3133 = VECTOR ( 'NONE', #3591, 1000.000000000000000 ) ;
#3134 = ORIENTED_EDGE ( 'NONE', *, *, #1903, .T. ) ;
#3135 = DIRECTION ( 'NONE',  ( 0.000000000000000000, 0.000000000000000000, 1.000000000000000000 ) ) ;
#3136 = CARTESIAN_POINT ( 'NONE',  ( -4.336808689942017736E-15, 3.500000000000000000, 22.50000000000000711 ) ) ;
#3137 = EDGE_CURVE ( 'NONE', #2031, #3797, #543, .T. ) ;
#3138 = AXIS2_PLACEMENT_3D ( 'NONE', #3613, #584, #2137 ) ;
#3139 = PLANE ( 'NONE',  #2907 ) ;
#3140 = EDGE_CURVE ( 'NONE', #3494, #1437, #2037, .T. ) ;
#3141 = EDGE_LOOP ( 'NONE', ( #3689, #54, #1085, #2202 ) ) ;
#3142 = ORIENTED_EDGE ( 'NONE', *, *, #2970, .T. ) ;
#3143 = DIRECTION ( 'NONE',  ( 0.5000000000000002220, 0.000000000000000000, 0.8660254037844385966 ) ) ;
#3144 = EDGE_CURVE ( 'NONE', #3175, #1720, #1485, .T. ) ;
#3145 = EDGE_LOOP ( 'NONE', ( #2821, #357, #1667, #3232 ) ) ;
#3146 = DIRECTION ( 'NONE',  ( 1.000000000000000000, 0.000000000000000000, 0.000000000000000000 ) ) ;
#3147 = DIRECTION ( 'NONE',  ( -0.000000000000000000, -1.000000000000000000, -0.000000000000000000 ) ) ;
#3148 = FACE_OUTER_BOUND ( 'NONE', #3141, .T. ) ;
#3149 = VERTEX_POINT ( 'NONE', #1454 ) ;
#3150 = DIRECTION ( 'NONE',  ( 0.7423286577013676890, 0.5150380749100549327, 0.4285836503510491724 ) ) ;
#3151 = EDGE_LOOP ( 'NONE', ( #145, #1136, #1799 ) ) ;
#3152 = VECTOR ( 'NONE', #366, 1000.000000000000000 ) ;
#3153 = CARTESIAN_POINT ( 'NONE',  ( 15.87713240271471093, 7.000000000000000000, 17.50000000000000355 ) ) ;
#3154 = LINE ( 'NONE', #2264, #3554 ) ;
#3155 = PLANE ( 'NONE',  #2973 ) ;
#3156 = AXIS2_PLACEMENT_3D ( 'NONE', #3111, #3344, #1601 ) ;
#3157 = AXIS2_PLACEMENT_3D ( 'NONE', #851, #3243, #3861 ) ;
#3158 = ORIENTED_EDGE ( 'NONE', *, *, #1401, .T. ) ;
#3159 = DIRECTION ( 'NONE',  ( -0.4999999999999917843, 0.000000000000000000, 0.8660254037844433705 ) ) ;
#3160 = ORIENTED_EDGE ( 'NONE', *, *, #3137, .F. ) ;
#3161 = COLOUR_RGB ( '',0.8666666666666666963, 0.8666666666666666963, 0.8901960784313724950 ) ;
#3162 = AXIS2_PLACEMENT_3D ( 'NONE', #2332, #3534, #3513 ) ;
#3163 = FACE_OUTER_BOUND ( 'NONE', #338, .T. ) ;
#3164 = EDGE_CURVE ( 'NONE', #1202, #2205, #161, .T. ) ;
#3165 = AXIS2_PLACEMENT_3D ( 'NONE', #1317, #2758, #1275 ) ;
#3166 = CONICAL_SURFACE ( 'NONE', #1491, 9.000000000000000000, 0.7853981633974518317 ) ;
#3167 = ORIENTED_EDGE ( 'NONE', *, *, #537, .F. ) ;
#3168 = CARTESIAN_POINT ( 'NONE',  ( -22.66099806569281228, 7.000000000000000000, -4.749999999999993783 ) ) ;
#3169 = CIRCLE ( 'NONE', #3227, 1.649999999999999467 ) ;
#3170 = DIRECTION ( 'NONE',  ( -4.336808689942017120E-17, 0.000000000000000000, 1.000000000000000000 ) ) ;
#3171 = ORIENTED_EDGE ( 'NONE', *, *, #3367, .T. ) ;
#3172 = CARTESIAN_POINT ( 'NONE',  ( -18.66057158514998804, 3.500000000000000000, -12.67894191624415612 ) ) ;
#3173 = FACE_OUTER_BOUND ( 'NONE', #2176, .T. ) ;
#3174 = EDGE_CURVE ( 'NONE', #2642, #1579, #3473, .T. ) ;
#3175 = VERTEX_POINT ( 'NONE', #3674 ) ;
#3176 = COLOUR_RGB ( '',0.8666666666666666963, 0.8666666666666666963, 0.8901960784313724950 ) ;
#3177 = DIRECTION ( 'NONE',  ( 0.000000000000000000, -1.000000000000000000, 0.000000000000000000 ) ) ;
#3178 = CARTESIAN_POINT ( 'NONE',  ( -16.43502884254427343, -1.187907395172929833E-15, 13.43502884254455054 ) ) ;
#3179 = DIRECTION ( 'NONE',  ( 0.8660254037844431485, 0.000000000000000000, 0.4999999999999920619 ) ) ;
#3180 = VERTEX_POINT ( 'NONE', #391 ) ;
#3181 = CARTESIAN_POINT ( 'NONE',  ( -22.66099806569281583, 0.000000000000000000, 4.750000000000001776 ) ) ;
#3182 = ORIENTED_EDGE ( 'NONE', *, *, #2081, .F. ) ;
#3183 = DIRECTION ( 'NONE',  ( 0.000000000000000000, 0.000000000000000000, -1.000000000000000000 ) ) ;
#3184 = VECTOR ( 'NONE', #2633, 1000.000000000000000 ) ;
#3185 = ORIENTED_EDGE ( 'NONE', *, *, #1295, .F. ) ;
#3186 = CARTESIAN_POINT ( 'NONE',  ( 13.43502884254438001, 5.000000000000000000, 13.43502884254442264 ) ) ;
#3187 = CIRCLE ( 'NONE', #2374, 1.649999999999998801 ) ;
#3188 = DIRECTION ( 'NONE',  ( -0.6123724356957945814, -0.7071067811865474617, -0.3535533905932737864 ) ) ;
#3189 = EDGE_LOOP ( 'NONE', ( #1262, #2396 ) ) ;
#3190 = DIRECTION ( 'NONE',  ( 0.000000000000000000, 0.000000000000000000, 1.000000000000000000 ) ) ;
#3191 = CARTESIAN_POINT ( 'NONE',  ( 0.000000000000000000, 8.000000000000000000, -12.23000000000000043 ) ) ;
#3192 = ADVANCED_FACE ( 'NONE', ( #946 ), #3050, .F. ) ;
#3193 = ORIENTED_EDGE ( 'NONE', *, *, #2970, .F. ) ;
#3194 =( GEOMETRIC_REPRESENTATION_CONTEXT ( 3 ) GLOBAL_UNCERTAINTY_ASSIGNED_CONTEXT ( ( #3838 ) ) GLOBAL_UNIT_ASSIGNED_CONTEXT ( ( #1463, #239, #2340 ) ) REPRESENTATION_CONTEXT ( 'NONE', 'WORKASPACE' ) );
#3195 = CARTESIAN_POINT ( 'NONE',  ( -23.09401076758503990, 6.499999999999992895, -4.999999999999997335 ) ) ;
#3196 = FACE_OUTER_BOUND ( 'NONE', #429, .T. ) ;
#3197 = FILL_AREA_STYLE ('',( #2012 ) ) ;
#3198 = EDGE_CURVE ( 'NONE', #594, #1154, #2107, .T. ) ;
#3199 = ORIENTED_EDGE ( 'NONE', *, *, #3367, .F. ) ;
#3200 = DIRECTION ( 'NONE',  ( -0.000000000000000000, -1.000000000000000000, -0.000000000000000000 ) ) ;
#3201 = ORIENTED_EDGE ( 'NONE', *, *, #3642, .F. ) ;
#3202 = DIRECTION ( 'NONE',  ( -1.000000000000000000, 0.000000000000000000, -1.335390754433030140E-16 ) ) ;
#3203 = AXIS2_PLACEMENT_3D ( 'NONE', #1585, #2770, #1639 ) ;
#3204 = VERTEX_POINT ( 'NONE', #2467 ) ;
#3205 = CARTESIAN_POINT ( 'NONE',  ( 16.43502884254437646, 5.000000000000000000, -13.43502884254443686 ) ) ;
#3206 = EDGE_CURVE ( 'NONE', #2435, #2896, #3628, .T. ) ;
#3207 = EDGE_LOOP ( 'NONE', ( #162, #3779, #2601, #1469 ) ) ;
#3208 = DIRECTION ( 'NONE',  ( -1.000000000000000000, -0.000000000000000000, -0.000000000000000000 ) ) ;
#3209 = EDGE_CURVE ( 'NONE', #677, #388, #2135, .T. ) ;
#3210 = VECTOR ( 'NONE', #3622, 1000.000000000000000 ) ;
#3211 = ORIENTED_EDGE ( 'NONE', *, *, #2240, .F. ) ;
#3212 = CARTESIAN_POINT ( 'NONE',  ( 5.277756813566602645, 12.00000000000000000, 12.54134295108985775 ) ) ;
#3213 = FACE_OUTER_BOUND ( 'NONE', #1904, .T. ) ;
#3214 = LINE ( 'NONE', #3777, #27 ) ;
#3215 = AXIS2_PLACEMENT_3D ( 'NONE', #3686, #2173, #1630 ) ;
#3216 = ORIENTED_EDGE ( 'NONE', *, *, #1866, .T. ) ;
#3217 = LINE ( 'NONE', #2326, #1910 ) ;
#3218 = ORIENTED_EDGE ( 'NONE', *, *, #1458, .T. ) ;
#3219 = AXIS2_PLACEMENT_3D ( 'NONE', #1363, #1071, #1341 ) ;
#3220 = CARTESIAN_POINT ( 'NONE',  ( -1.650000000000003242, 3.500000000000000000, 22.50000000000000711 ) ) ;
#3221 = VECTOR ( 'NONE', #159, 1000.000000000000000 ) ;
#3222 = CIRCLE ( 'NONE', #2974, 1.499999999999999334 ) ;
#3223 = ORIENTED_EDGE ( 'NONE', *, *, #2968, .F. ) ;
#3224 = DIRECTION ( 'NONE',  ( -0.6123724356957958026, 0.7071067811865445751, 0.3535533905932772281 ) ) ;
#3225 = CARTESIAN_POINT ( 'NONE',  ( -7.216878364870328966, 0.5000000000000004441, 22.50000000000000711 ) ) ;
#3226 = VECTOR ( 'NONE', #1292, 1000.000000000000000 ) ;
#3227 = AXIS2_PLACEMENT_3D ( 'NONE', #1973, #510, #528 ) ;
#3228 = ORIENTED_EDGE ( 'NONE', *, *, #2742, .T. ) ;
#3229 = CARTESIAN_POINT ( 'NONE',  ( -15.87713240271471093, 6.499999999999992895, -17.50000000000000711 ) ) ;
#3230 = CARTESIAN_POINT ( 'NONE',  ( -13.50000000000000000, 0.000000000000000000, 0.000000000000000000 ) ) ;
#3231 = DIRECTION ( 'NONE',  ( -9.442638579934146285E-17, 0.7071067811865487940, 0.7071067811865463515 ) ) ;
#3232 = ORIENTED_EDGE ( 'NONE', *, *, #2474, .T. ) ;
#3233 = DIRECTION ( 'NONE',  ( 0.000000000000000000, -1.000000000000000000, 0.000000000000000000 ) ) ;
#3234 = CYLINDRICAL_SURFACE ( 'NONE', #1557, 1.000000000000000888 ) ;
#3235 = EDGE_CURVE ( 'NONE', #1966, #1852, #2858, .T. ) ;
#3236 = VERTEX_POINT ( 'NONE', #328 ) ;
#3237 = EDGE_CURVE ( 'NONE', #3180, #244, #2354, .T. ) ;
#3238 = EDGE_CURVE ( 'NONE', #184, #527, #3222, .T. ) ;
#3239 = DIRECTION ( 'NONE',  ( 0.000000000000000000, -1.000000000000000000, 0.000000000000000000 ) ) ;
#3240 = EDGE_CURVE ( 'NONE', #109, #3795, #34, .T. ) ;
#3241 = FILL_AREA_STYLE ('',( #1185 ) ) ;
#3242 = PRODUCT_DEFINITION ( '未知', '', #2208, #685 ) ;
#3243 = DIRECTION ( 'NONE',  ( 0.000000000000000000, -1.000000000000000000, -0.000000000000000000 ) ) ;
#3244 = ORIENTED_EDGE ( 'NONE', *, *, #472, .T. ) ;
#3245 = CARTESIAN_POINT ( 'NONE',  ( 15.87713240271471093, 6.499999999999992895, 17.50000000000000355 ) ) ;
#3246 = CARTESIAN_POINT ( 'NONE',  ( 4.151923788646655566, 5.000000000000000000, -13.19134295108993093 ) ) ;
#3247 = CARTESIAN_POINT ( 'NONE',  ( 0.000000000000000000, 12.00000000000000000, -17.49999999999999645 ) ) ;
#3248 = EDGE_CURVE ( 'NONE', #2883, #2129, #2748, .T. ) ;
#3249 = DIRECTION ( 'NONE',  ( 0.000000000000000000, 0.000000000000000000, 1.000000000000000000 ) ) ;
#3250 = EDGE_LOOP ( 'NONE', ( #211, #2835, #1443 ) ) ;
#3251 = DIRECTION ( 'NONE',  ( 0.000000000000000000, 1.000000000000000000, 0.000000000000000000 ) ) ;
#3252 = ORIENTED_EDGE ( 'NONE', *, *, #181, .F. ) ;
#3253 = DIRECTION ( 'NONE',  ( 0.000000000000000000, 1.000000000000000000, 0.000000000000000000 ) ) ;
#3254 = EDGE_CURVE ( 'NONE', #312, #3616, #1551, .T. ) ;
#3255 = VERTEX_POINT ( 'NONE', #686 ) ;
#3256 = AXIS2_PLACEMENT_3D ( 'NONE', #118, #3391, #953 ) ;
#3257 = CARTESIAN_POINT ( 'NONE',  ( -25.98076211353316722, 0.5000000000000004441, 3.206309531681586310E-15 ) ) ;
#3258 = ADVANCED_FACE ( 'NONE', ( #73 ), #2484, .F. ) ;
#3259 = CIRCLE ( 'NONE', #2273, 10.00000000000000000 ) ;
#3260 = CARTESIAN_POINT ( 'NONE',  ( -6.749999999999891642, 5.000000000000000000, 11.69134295108998245 ) ) ;
#3261 = CARTESIAN_POINT ( 'NONE',  ( -5.277756813566338856, 5.000000000000000000, 12.54134295108996966 ) ) ;
#3262 = SURFACE_STYLE_USAGE ( .BOTH. , #608 ) ;
#3263 = EDGE_LOOP ( 'NONE', ( #3574, #1546, #3438, #1955 ) ) ;
#3264 = DIRECTION ( 'NONE',  ( 0.4999999999999998890, 0.000000000000000000, -0.8660254037844387076 ) ) ;
#3265 = DIRECTION ( 'NONE',  ( 0.000000000000000000, 0.000000000000000000, 1.000000000000000000 ) ) ;
#3266 = FACE_OUTER_BOUND ( 'NONE', #1894, .T. ) ;
#3267 = CARTESIAN_POINT ( 'NONE',  ( 7.216878364870319196, 7.000000000000000000, 21.99999999999999645 ) ) ;
#3268 = ORIENTED_EDGE ( 'NONE', *, *, #941, .T. ) ;
#3269 = PLANE ( 'NONE',  #847 ) ;
#3270 = VECTOR ( 'NONE', #2710, 1000.000000000000000 ) ;
#3271 = DIRECTION ( 'NONE',  ( 0.000000000000000000, 0.000000000000000000, -1.000000000000000000 ) ) ;
#3272 = DIRECTION ( 'NONE',  ( -0.8660254037844431485, 0.000000000000000000, -0.4999999999999920064 ) ) ;
#3273 = VECTOR ( 'NONE', #3456, 1000.000000000000000 ) ;
#3274 = ORIENTED_EDGE ( 'NONE', *, *, #492, .F. ) ;
#3275 = AXIS2_PLACEMENT_3D ( 'NONE', #1117, #1768, #2322 ) ;
#3276 = EDGE_CURVE ( 'NONE', #3625, #529, #346, .T. ) ;
#3277 = ORIENTED_EDGE ( 'NONE', *, *, #199, .T. ) ;
#3278 = CARTESIAN_POINT ( 'NONE',  ( 0.000000000000000000, 0.000000000000000000, 0.000000000000000000 ) ) ;
#3279 = CARTESIAN_POINT ( 'NONE',  ( 6.750000000000135891, 3.851859888774471706E-31, 11.69134295108984212 ) ) ;
#3280 = STYLED_ITEM ( 'NONE', ( #1206 ), #2674 ) ;
#3281 = AXIS2_PLACEMENT_3D ( 'NONE', #1032, #3116, #3681 ) ;
#3282 = FACE_OUTER_BOUND ( 'NONE', #3005, .T. ) ;
#3283 =( GEOMETRIC_REPRESENTATION_CONTEXT ( 3 ) GLOBAL_UNCERTAINTY_ASSIGNED_CONTEXT ( ( #2090 ) ) GLOBAL_UNIT_ASSIGNED_CONTEXT ( ( #2323, #1082, #1409 ) ) REPRESENTATION_CONTEXT ( 'NONE', 'WORKASPACE' ) );
#3284 = VECTOR ( 'NONE', #318, 1000.000000000000000 ) ;
#3285 = FACE_OUTER_BOUND ( 'NONE', #3066, .T. ) ;
#3286 = AXIS2_PLACEMENT_3D ( 'NONE', #3043, #1018, #402 ) ;
#3287 = ORIENTED_EDGE ( 'NONE', *, *, #1429, .F. ) ;
#3288 = EDGE_CURVE ( 'NONE', #2896, #2985, #798, .T. ) ;
#3289 = PLANE ( 'NONE',  #2585 ) ;
#3290 = FACE_OUTER_BOUND ( 'NONE', #822, .T. ) ;
#3291 = DIRECTION ( 'NONE',  ( 0.000000000000000000, -0.000000000000000000, -1.000000000000000000 ) ) ;
#3292 = VECTOR ( 'NONE', #3143, 999.9999999999998863 ) ;
#3293 = LINE ( 'NONE', #3021, #3284 ) ;
#3294 = VERTEX_POINT ( 'NONE', #1860 ) ;
#3295 = FACE_OUTER_BOUND ( 'NONE', #2702, .T. ) ;
#3296 = DIRECTION ( 'NONE',  ( 0.000000000000000000, -1.000000000000000000, 0.000000000000000000 ) ) ;
#3297 = ADVANCED_FACE ( 'NONE', ( #2999 ), #1832, .F. ) ;
#3298 = CARTESIAN_POINT ( 'NONE',  ( 2.937859659752669662E-15, 0.000000000000000000, -22.00000000000000711 ) ) ;
#3299 = ORIENTED_EDGE ( 'NONE', *, *, #496, .T. ) ;
#3300 = ORIENTED_EDGE ( 'NONE', *, *, #2672, .F. ) ;
#3301 = DIRECTION ( 'NONE',  ( 0.8571673007021121116, -0.5150380749100544886, -8.978350904003895353E-15 ) ) ;
#3302 = CYLINDRICAL_SURFACE ( 'NONE', #2471, 18.00000000000000355 ) ;
#3303 = CYLINDRICAL_SURFACE ( 'NONE', #771, 2.999999999999995559 ) ;
#3304 = CARTESIAN_POINT ( 'NONE',  ( -4.336808689942017736E-15, 3.500000000000000000, 22.50000000000000711 ) ) ;
#3305 = EDGE_CURVE ( 'NONE', #1720, #3175, #2664, .T. ) ;
#3306 = EDGE_LOOP ( 'NONE', ( #1971, #1513 ) ) ;
#3307 = FACE_OUTER_BOUND ( 'NONE', #3412, .T. ) ;
#3308 = FACE_OUTER_BOUND ( 'NONE', #363, .T. ) ;
#3309 = DIRECTION ( 'NONE',  ( -0.000000000000000000, -0.000000000000000000, 1.000000000000000000 ) ) ;
#3310 = DIRECTION ( 'NONE',  ( 0.000000000000000000, -1.000000000000000000, 0.000000000000000000 ) ) ;
#3311 = ORIENTED_EDGE ( 'NONE', *, *, #1633, .T. ) ;
#3312 = DIRECTION ( 'NONE',  ( 0.000000000000000000, -1.000000000000000000, 0.000000000000000000 ) ) ;
#3313 = CARTESIAN_POINT ( 'NONE',  ( -13.50000000000000000, 5.000000000000000000, 1.699999999999998401 ) ) ;
#3314 = CARTESIAN_POINT ( 'NONE',  ( 1.649999999999994582, 3.500000000000000000, 22.50000000000000711 ) ) ;
#3315 = ORIENTED_EDGE ( 'NONE', *, *, #3778, .T. ) ;
#3316 = ORIENTED_EDGE ( 'NONE', *, *, #3288, .F. ) ;
#3317 = VECTOR ( 'NONE', #934, 1000.000000000000000 ) ;
#3318 = CYLINDRICAL_SURFACE ( 'NONE', #555, 1.499999999999999556 ) ;
#3319 = DIRECTION ( 'NONE',  ( 0.000000000000000000, -1.000000000000000000, 0.000000000000000000 ) ) ;
#3320 = ORIENTED_EDGE ( 'NONE', *, *, #2727, .T. ) ;
#3321 = DIRECTION ( 'NONE',  ( 0.000000000000000000, -1.000000000000000000, -0.000000000000000000 ) ) ;
#3322 = PRESENTATION_LAYER_ASSIGNMENT (  '', '', ( #1090 ) ) ;
#3323 = CYLINDRICAL_SURFACE ( 'NONE', #1728, 2.999999999999995559 ) ;
#3324 = ADVANCED_FACE ( 'NONE', ( #2984 ), #3811, .F. ) ;
#3325 = VECTOR ( 'NONE', #3371, 1000.000000000000000 ) ;
#3326 = ORIENTED_EDGE ( 'NONE', *, *, #3026, .F. ) ;
#3327 = DIRECTION ( 'NONE',  ( 0.8660254037844433705, 0.000000000000000000, 0.4999999999999918399 ) ) ;
#3328 = CARTESIAN_POINT ( 'NONE',  ( 2.438086578130289617, 9.000000000000001776, -18.51548755403112168 ) ) ;
#3329 = FACE_BOUND ( 'NONE', #215, .T. ) ;
#3330 = EDGE_CURVE ( 'NONE', #146, #1233, #3849, .T. ) ;
#3331 = ORIENTED_EDGE ( 'NONE', *, *, #3137, .T. ) ;
#3332 = PLANE ( 'NONE',  #3165 ) ;
#3333 = CARTESIAN_POINT ( 'NONE',  ( 10.59149068828374318, 12.00000000000000000, 6.114999999999902514 ) ) ;
#3334 = CARTESIAN_POINT ( 'NONE',  ( -13.50000000000000000, 5.000000000000000000, 0.000000000000000000 ) ) ;
#3335 = ORIENTED_EDGE ( 'NONE', *, *, #2560, .F. ) ;
#3336 = ORIENTED_EDGE ( 'NONE', *, *, #3614, .T. ) ;
#3337 =( NAMED_UNIT ( * ) PLANE_ANGLE_UNIT ( ) SI_UNIT ( $, .RADIAN. ) );
#3338 = CARTESIAN_POINT ( 'NONE',  ( 13.43502884254437646, 5.000000000000000000, -13.43502884254442620 ) ) ;
#3339 = VECTOR ( 'NONE', #3239, 1000.000000000000000 ) ;
#3340 = ORIENTED_EDGE ( 'NONE', *, *, #3065, .T. ) ;
#3341 = VECTOR ( 'NONE', #920, 1000.000000000000000 ) ;
#3342 = CARTESIAN_POINT ( 'NONE',  ( 7.216878364870307649, 0.5000000000000004441, -22.50000000000000711 ) ) ;
#3343 = CIRCLE ( 'NONE', #2098, 10.00000000000000000 ) ;
#3344 = DIRECTION ( 'NONE',  ( 0.000000000000000000, 1.000000000000000000, 0.000000000000000000 ) ) ;
#3345 = AXIS2_PLACEMENT_3D ( 'NONE', #2574, #3738, #2261 ) ;
#3346 = ADVANCED_FACE ( 'NONE', ( #1176 ), #599, .F. ) ;
#3347 = AXIS2_PLACEMENT_3D ( 'NONE', #2393, #1807, #294 ) ;
#3348 = AXIS2_PLACEMENT_3D ( 'NONE', #877, #2942, #2959 ) ;
#3349 = ORIENTED_EDGE ( 'NONE', *, *, #1887, .F. ) ;
#3350 = DIRECTION ( 'NONE',  ( 0.000000000000000000, -1.000000000000000000, 0.000000000000000000 ) ) ;
#3351 = FACE_BOUND ( 'NONE', #1150, .T. ) ;
#3352 = DIRECTION ( 'NONE',  ( 0.000000000000000000, 0.000000000000000000, 1.000000000000000000 ) ) ;
#3353 = CONICAL_SURFACE ( 'NONE', #3475, 9.500000000000001776, 0.7853981633974447263 ) ;
#3354 = ORIENTED_EDGE ( 'NONE', *, *, #1544, .T. ) ;
#3355 = FACE_OUTER_BOUND ( 'NONE', #156, .T. ) ;
#3356 = DIRECTION ( 'NONE',  ( 0.000000000000000000, 0.000000000000000000, -1.000000000000000000 ) ) ;
#3357 = DIRECTION ( 'NONE',  ( 0.000000000000000000, -1.000000000000000000, 0.000000000000000000 ) ) ;
#3358 = VERTEX_POINT ( 'NONE', #2065 ) ;
#3359 = ORIENTED_EDGE ( 'NONE', *, *, #76, .T. ) ;
#3360 = FACE_OUTER_BOUND ( 'NONE', #981, .T. ) ;
#3361 = DIRECTION ( 'NONE',  ( 0.000000000000000000, 1.000000000000000000, 0.000000000000000000 ) ) ;
#3362 = EDGE_CURVE ( 'NONE', #1445, #3204, #1770, .T. ) ;
#3363 = EDGE_CURVE ( 'NONE', #117, #1481, #1506, .T. ) ;
#3364 = EDGE_LOOP ( 'NONE', ( #782, #2343, #74, #2737 ) ) ;
#3365 = VECTOR ( 'NONE', #3301, 1000.000000000000000 ) ;
#3366 = FILL_AREA_STYLE ('',( #130 ) ) ;
#3367 = EDGE_CURVE ( 'NONE', #2581, #1445, #1196, .T. ) ;
#3368 = LINE ( 'NONE', #3388, #1296 ) ;
#3369 = EDGE_LOOP ( 'NONE', ( #516, #1708, #3638, #2943 ) ) ;
#3370 = AXIS2_PLACEMENT_3D ( 'NONE', #521, #1080, #1735 ) ;
#3371 = DIRECTION ( 'NONE',  ( -1.049727191138618449E-16, -0.5150380749100544886, -0.8571673007021121116 ) ) ;
#3372 = CARTESIAN_POINT ( 'NONE',  ( -6.750000000000055067, 12.00000000000000000, -11.69134295108989363 ) ) ;
#3373 = FACE_OUTER_BOUND ( 'NONE', #1734, .T. ) ;
#3374 = ORIENTED_EDGE ( 'NONE', *, *, #3089, .F. ) ;
#3375 = DIRECTION ( 'NONE',  ( 0.000000000000000000, 1.000000000000000000, 0.000000000000000000 ) ) ;
#3376 = DIRECTION ( 'NONE',  ( -1.000000000000000000, 0.000000000000000000, -1.335390754433031373E-16 ) ) ;
#3377 = CIRCLE ( 'NONE', #2198, 1.499999999999999334 ) ;
#3378 = FACE_BOUND ( 'NONE', #1022, .T. ) ;
#3379 = EDGE_CURVE ( 'NONE', #2129, #3109, #3293, .T. ) ;
#3380 = ORIENTED_EDGE ( 'NONE', *, *, #2489, .T. ) ;
#3381 = EDGE_CURVE ( 'NONE', #1246, #3675, #734, .T. ) ;
#3382 = VERTEX_POINT ( 'NONE', #916 ) ;
#3383 = DIRECTION ( 'NONE',  ( 0.000000000000000000, 1.000000000000000000, 0.000000000000000000 ) ) ;
#3384 = CARTESIAN_POINT ( 'NONE',  ( -13.43502884254428231, -1.187907395172929833E-15, 13.43502884254452034 ) ) ;
#3385 = ORIENTED_EDGE ( 'NONE', *, *, #637, .T. ) ;
#3386 = EDGE_CURVE ( 'NONE', #2327, #380, #2696, .T. ) ;
#3387 = DIRECTION ( 'NONE',  ( 0.000000000000000000, -1.000000000000000000, 0.000000000000000000 ) ) ;
#3388 = CARTESIAN_POINT ( 'NONE',  ( 2.937859659752669662E-15, 0.000000000000000000, -22.00000000000000711 ) ) ;
#3389 = PLANE ( 'NONE',  #1677 ) ;
#3390 = ORIENTED_EDGE ( 'NONE', *, *, #3560, .T. ) ;
#3391 = DIRECTION ( 'NONE',  ( -0.000000000000000000, -1.000000000000000000, -0.000000000000000000 ) ) ;
#3392 = VECTOR ( 'NONE', #557, 1000.000000000000114 ) ;
#3393 = DIRECTION ( 'NONE',  ( 0.000000000000000000, 0.000000000000000000, 1.000000000000000000 ) ) ;
#3394 = VERTEX_POINT ( 'NONE', #591 ) ;
#3395 = CYLINDRICAL_SURFACE ( 'NONE', #3046, 10.00000000000000178 ) ;
#3396 = DIRECTION ( 'NONE',  ( -0.000000000000000000, -1.000000000000000000, -0.000000000000000000 ) ) ;
#3397 = CARTESIAN_POINT ( 'NONE',  ( 12.99038105676656585, 0.5000000000000004441, -22.50000000000000711 ) ) ;
#3398 = ORIENTED_EDGE ( 'NONE', *, *, #2672, .T. ) ;
#3399 = ORIENTED_EDGE ( 'NONE', *, *, #1965, .F. ) ;
#3400 = DIRECTION ( 'NONE',  ( 0.000000000000000000, -1.000000000000000000, -0.000000000000000000 ) ) ;
#3401 = AXIS2_PLACEMENT_3D ( 'NONE', #1084, #842, #2030 ) ;
#3402 = ORIENTED_EDGE ( 'NONE', *, *, #101, .T. ) ;
#3403 = VECTOR ( 'NONE', #2771, 1000.000000000000114 ) ;
#3404 = DIRECTION ( 'NONE',  ( 0.000000000000000000, -1.000000000000000000, 0.000000000000000000 ) ) ;
#3405 = AXIS2_PLACEMENT_3D ( 'NONE', #3725, #1351, #2536 ) ;
#3406 = FACE_BOUND ( 'NONE', #3760, .T. ) ;
#3407 = ORIENTED_EDGE ( 'NONE', *, *, #268, .T. ) ;
#3408 = DIRECTION ( 'NONE',  ( -0.000000000000000000, -1.000000000000000000, 0.000000000000000000 ) ) ;
#3409 = LINE ( 'NONE', #1909, #1301 ) ;
#3410 = AXIS2_PLACEMENT_3D ( 'NONE', #1568, #973, #3700 ) ;
#3411 = ADVANCED_FACE ( 'NONE', ( #3561 ), #1448, .F. ) ;
#3412 = EDGE_LOOP ( 'NONE', ( #1040, #1773, #2009, #3274 ) ) ;
#3413 = DIRECTION ( 'NONE',  ( -1.000000000000000000, 0.000000000000000000, 3.469446951953615372E-15 ) ) ;
#3414 = CARTESIAN_POINT ( 'NONE',  ( 11.89052879396040652, 12.00000000000000000, 6.864999999999890079 ) ) ;
#3415 = FACE_BOUND ( 'NONE', #3306, .T. ) ;
#3416 = AXIS2_PLACEMENT_3D ( 'NONE', #1, #3231, #1791 ) ;
#3417 = VERTEX_POINT ( 'NONE', #20 ) ;
#3418 = ORIENTED_EDGE ( 'NONE', *, *, #203, .T. ) ;
#3419 = CARTESIAN_POINT ( 'NONE',  ( 10.43502884254438356, -1.187907395172929833E-15, -13.43502884254441554 ) ) ;
#3420 = AXIS2_PLACEMENT_3D ( 'NONE', #3683, #1332, #3413 ) ;
#3421 =( GEOMETRIC_REPRESENTATION_CONTEXT ( 3 ) GLOBAL_UNCERTAINTY_ASSIGNED_CONTEXT ( ( #1159 ) ) GLOBAL_UNIT_ASSIGNED_CONTEXT ( ( #2312, #2033, #3474 ) ) REPRESENTATION_CONTEXT ( 'NONE', 'WORKASPACE' ) );
#3422 = ORIENTED_EDGE ( 'NONE', *, *, #1499, .F. ) ;
#3423 = SURFACE_STYLE_USAGE ( .BOTH. , #2237 ) ;
#3424 = CARTESIAN_POINT ( 'NONE',  ( -5.277756813566339744, 0.000000000000000000, 12.54134295108996788 ) ) ;
#3425 = PRODUCT_DEFINITION_SHAPE ( 'NONE', 'NONE',  #3242 ) ;
#3426 = MECHANICAL_DESIGN_GEOMETRIC_PRESENTATION_REPRESENTATION (  '', ( #871 ), #236 ) ;
#3427 = EDGE_CURVE ( 'NONE', #1837, #3117, #895, .T. ) ;
#3428 = CARTESIAN_POINT ( 'NONE',  ( -12.99038105676658184, 7.000000000000000000, 22.50000000000000711 ) ) ;
#3429 = ORIENTED_EDGE ( 'NONE', *, *, #585, .F. ) ;
#3430 = EDGE_CURVE ( 'NONE', #2713, #1624, #2108, .T. ) ;
#3431 = DIRECTION ( 'NONE',  ( -0.000000000000000000, -1.000000000000000000, -0.000000000000000000 ) ) ;
#3432 = PLANE ( 'NONE',  #348 ) ;
#3433 = ORIENTED_EDGE ( 'NONE', *, *, #1999, .T. ) ;
#3434 = EDGE_CURVE ( 'NONE', #1665, #1095, #2541, .T. ) ;
#3435 = DIRECTION ( 'NONE',  ( 0.000000000000000000, 0.000000000000000000, 1.000000000000000000 ) ) ;
#3436 = CARTESIAN_POINT ( 'NONE',  ( -1.000000000000000000, 1.000000000000000000, -17.50000000000000711 ) ) ;
#3437 = CARTESIAN_POINT ( 'NONE',  ( 0.000000000000000000, 9.000000000000001776, -18.00000000000000355 ) ) ;
#3438 = ORIENTED_EDGE ( 'NONE', *, *, #3843, .T. ) ;
#3439 = ORIENTED_EDGE ( 'NONE', *, *, #3701, .F. ) ;
#3440 = PLANE ( 'NONE',  #1798 ) ;
#3441 = EDGE_LOOP ( 'NONE', ( #3688, #1453, #2586, #2613 ) ) ;
#3442 = CARTESIAN_POINT ( 'NONE',  ( -23.09401076758503990, 7.000000000000000000, 5.000000000000002665 ) ) ;
#3443 = DIRECTION ( 'NONE',  ( -0.000000000000000000, -1.000000000000000000, -0.000000000000000000 ) ) ;
#3444 = ORIENTED_EDGE ( 'NONE', *, *, #2954, .T. ) ;
#3445 = DIRECTION ( 'NONE',  ( -0.8660254037844367092, 0.000000000000000000, 0.5000000000000035527 ) ) ;
#3446 = DIRECTION ( 'NONE',  ( 0.000000000000000000, 0.000000000000000000, 1.000000000000000000 ) ) ;
#3447 = EDGE_LOOP ( 'NONE', ( #1722, #2514, #3588, #3277, #3433, #2878, #1882, #1815 ) ) ;
#3448 = DIRECTION ( 'NONE',  ( -0.8660254037844432595, 0.000000000000000000, -0.4999999999999919509 ) ) ;
#3449 = DIRECTION ( 'NONE',  ( -0.8660254037844431485, 0.000000000000000000, -0.4999999999999920064 ) ) ;
#3450 = VERTEX_POINT ( 'NONE', #1525 ) ;
#3451 = DIRECTION ( 'NONE',  ( -0.8660254037844398178, 0.000000000000000000, -0.4999999999999980571 ) ) ;
#3452 = ORIENTED_EDGE ( 'NONE', *, *, #2954, .F. ) ;
#3453 = DIRECTION ( 'NONE',  ( 0.000000000000000000, 0.000000000000000000, 1.000000000000000000 ) ) ;
#3454 = VERTEX_POINT ( 'NONE', #860 ) ;
#3455 = EDGE_CURVE ( 'NONE', #1133, #2430, #1232, .T. ) ;
#3456 = DIRECTION ( 'NONE',  ( -0.000000000000000000, -1.000000000000000000, -0.000000000000000000 ) ) ;
#3457 = DIRECTION ( 'NONE',  ( 0.000000000000000000, -1.000000000000000000, -0.000000000000000000 ) ) ;
#3458 = ORIENTED_EDGE ( 'NONE', *, *, #1948, .F. ) ;
#3459 = LINE ( 'NONE', #458, #1364 ) ;
#3460 = ADVANCED_FACE ( 'NONE', ( #559 ), #2486, .F. ) ;
#3461 = VECTOR ( 'NONE', #2587, 1000.000000000000000 ) ;
#3462 = AXIS2_PLACEMENT_3D ( 'NONE', #142, #293, #2048 ) ;
#3463 = ORIENTED_EDGE ( 'NONE', *, *, #1075, .F. ) ;
#3464 = CARTESIAN_POINT ( 'NONE',  ( 20.31057158514983385, 3.500000000000000000, -9.821058083755772827 ) ) ;
#3465 = LINE ( 'NONE', #3724, #411 ) ;
#3466 = DIRECTION ( 'NONE',  ( 1.000000000000000000, 0.000000000000000000, 0.000000000000000000 ) ) ;
#3467 = AXIS2_PLACEMENT_3D ( 'NONE', #3054, #1581, #1636 ) ;
#3468 = CONICAL_SURFACE ( 'NONE', #3345, 17.49999999999999645, 0.7853981633974415066 ) ;
#3469 = EDGE_LOOP ( 'NONE', ( #2990, #967, #284, #957 ) ) ;
#3470 = CARTESIAN_POINT ( 'NONE',  ( -3.422894331142495083, 9.000000000000001776, -18.68913573169804820 ) ) ;
#3471 = VERTEX_POINT ( 'NONE', #177 ) ;
#3472 = AXIS2_PLACEMENT_3D ( 'NONE', #3759, #2284, #3466 ) ;
#3473 = CIRCLE ( 'NONE', #3836, 2.999999999999993783 ) ;
#3474 =( NAMED_UNIT ( * ) SI_UNIT ( $, .STERADIAN. ) SOLID_ANGLE_UNIT ( ) );
#3475 = AXIS2_PLACEMENT_3D ( 'NONE', #2441, #3113, #3620 ) ;
#3476 = ORIENTED_EDGE ( 'NONE', *, *, #901, .T. ) ;
#3477 = CARTESIAN_POINT ( 'NONE',  ( 1.000000000000002665, 0.5000000000000009992, -22.50000000000001066 ) ) ;
#3478 = EDGE_CURVE ( 'NONE', #207, #3471, #1257, .T. ) ;
#3479 = PRESENTATION_LAYER_ASSIGNMENT (  '', '', ( #1063 ) ) ;
#3480 = PRESENTATION_STYLE_ASSIGNMENT (( #567 ) ) ;
#3481 = ORIENTED_EDGE ( 'NONE', *, *, #1174, .T. ) ;
#3482 = DIRECTION ( 'NONE',  ( 0.5000000000000000000, -0.000000000000000000, 0.8660254037844385966 ) ) ;
#3483 = CARTESIAN_POINT ( 'NONE',  ( 15.44411970082246732, 0.000000000000000000, -17.25000000000000711 ) ) ;
#3484 = ADVANCED_FACE ( 'NONE', ( #1985 ), #3735, .F. ) ;
#3485 = VERTEX_POINT ( 'NONE', #2808 ) ;
#3486 = DIRECTION ( 'NONE',  ( 0.000000000000000000, 0.000000000000000000, 1.000000000000000000 ) ) ;
#3487 = LINE ( 'NONE', #1752, #1823 ) ;
#3488 = CYLINDRICAL_SURFACE ( 'NONE', #418, 2.999999999999996891 ) ;
#3489 = EDGE_LOOP ( 'NONE', ( #2305, #3626 ) ) ;
#3490 = DIRECTION ( 'NONE',  ( -0.000000000000000000, -0.000000000000000000, 1.000000000000000000 ) ) ;
#3491 = EDGE_LOOP ( 'NONE', ( #1387, #2814, #2398, #3105 ) ) ;
#3492 = DIRECTION ( 'NONE',  ( 0.8660254037844363761, 0.000000000000000000, -0.5000000000000039968 ) ) ;
#3493 = EDGE_CURVE ( 'NONE', #645, #2762, #1657, .T. ) ;
#3494 = VERTEX_POINT ( 'NONE', #1676 ) ;
#3495 = ADVANCED_FACE ( 'NONE', ( #3148 ), #2866, .F. ) ;
#3496 = CARTESIAN_POINT ( 'NONE',  ( -7.216878364870327189, 0.5000000000000004441, 12.50000000000000533 ) ) ;
#3497 = LINE ( 'NONE', #1694, #1857 ) ;
#3498 = ORIENTED_EDGE ( 'NONE', *, *, #433, .F. ) ;
#3499 = CARTESIAN_POINT ( 'NONE',  ( 22.66099806569280872, 0.000000000000000000, 4.749999999999990230 ) ) ;
#3500 = LINE ( 'NONE', #1371, #2971 ) ;
#3501 = ORIENTED_EDGE ( 'NONE', *, *, #3614, .F. ) ;
#3502 = AXIS2_PLACEMENT_3D ( 'NONE', #3372, #695, #1806 ) ;
#3503 = LINE ( 'NONE', #1717, #687 ) ;
#3504 = CARTESIAN_POINT ( 'NONE',  ( 7.216878364870307649, 6.499999999999992895, -22.50000000000000711 ) ) ;
#3505 = CYLINDRICAL_SURFACE ( 'NONE', #3652, 2.999999999999996891 ) ;
#3506 = VECTOR ( 'NONE', #3188, 1000.000000000000000 ) ;
#3507 = EDGE_LOOP ( 'NONE', ( #300, #776, #2945, #1328 ) ) ;
#3508 = DIRECTION ( 'NONE',  ( -0.000000000000000000, -1.000000000000000000, -0.000000000000000000 ) ) ;
#3509 = ORIENTED_EDGE ( 'NONE', *, *, #3455, .F. ) ;
#3510 = DIRECTION ( 'NONE',  ( -0.000000000000000000, 1.000000000000000000, -0.000000000000000000 ) ) ;
#3511 = AXIS2_PLACEMENT_3D ( 'NONE', #1870, #3058, #381 ) ;
#3512 = ORIENTED_EDGE ( 'NONE', *, *, #83, .F. ) ;
#3513 = DIRECTION ( 'NONE',  ( -0.8660254037844361541, 0.000000000000000000, 0.5000000000000043299 ) ) ;
#3514 = CARTESIAN_POINT ( 'NONE',  ( 10.35127944162881519, 3.500000000000000000, -4.071058083755726642 ) ) ;
#3515 = AXIS2_PLACEMENT_3D ( 'NONE', #2268, #2287, #2909 ) ;
#3516 = EDGE_LOOP ( 'NONE', ( #1682, #1266, #3566 ) ) ;
#3517 = DIRECTION ( 'NONE',  ( 0.8571673007021113344, 0.000000000000000000, 0.5150380749100558209 ) ) ;
#3518 = CARTESIAN_POINT ( 'NONE',  ( -19.48557158514997312, 3.500000000000000000, -11.24999999999982592 ) ) ;
#3519 = DIRECTION ( 'NONE',  ( -0.8660254037844397068, 0.000000000000000000, -0.4999999999999980571 ) ) ;
#3520 = ADVANCED_FACE ( 'NONE', ( #1029 ), #3166, .F. ) ;
#3521 = CIRCLE ( 'NONE', #2787, 2.999999999999997335 ) ;
#3522 = EDGE_CURVE ( 'NONE', #1066, #242, #2216, .T. ) ;
#3523 = ADVANCED_FACE ( 'NONE', ( #154 ), #2978, .T. ) ;
#3524 = CARTESIAN_POINT ( 'NONE',  ( -13.43502884254438001, 5.000000000000000000, -13.43502884254442264 ) ) ;
#3525 = EDGE_LOOP ( 'NONE', ( #556, #51, #805, #506 ) ) ;
#3526 = CARTESIAN_POINT ( 'NONE',  ( 0.000000000000000000, 0.000000000000000000, -9.500000000000001776 ) ) ;
#3527 = ORIENTED_EDGE ( 'NONE', *, *, #3235, .F. ) ;
#3528 = CONICAL_SURFACE ( 'NONE', #3156, 1.499999999999999334, 1.029744258676653645 ) ;
#3529 = ADVANCED_FACE ( 'NONE', ( #2201 ), #3353, .F. ) ;
#3530 = FACE_BOUND ( 'NONE', #2246, .T. ) ;
#3531 = CONICAL_SURFACE ( 'NONE', #664, 9.000000000000000000, 0.7853981633974518317 ) ;
#3532 = AXIS2_PLACEMENT_3D ( 'NONE', #32, #3319, #2179 ) ;
#3533 = ORIENTED_EDGE ( 'NONE', *, *, #901, .F. ) ;
#3534 = DIRECTION ( 'NONE',  ( 0.000000000000000000, -1.000000000000000000, 0.000000000000000000 ) ) ;
#3535 = CARTESIAN_POINT ( 'NONE',  ( -13.50000000000000000, 0.000000000000000000, -2.999999999999995559 ) ) ;
#3536 = DIRECTION ( 'NONE',  ( 0.000000000000000000, 0.000000000000000000, 1.000000000000000000 ) ) ;
#3537 = EDGE_CURVE ( 'NONE', #3812, #2875, #751, .T. ) ;
#3538 = ADVANCED_FACE ( 'NONE', ( #3406, #1928 ), #3389, .F. ) ;
#3539 = VERTEX_POINT ( 'NONE', #1622 ) ;
#3540 = CARTESIAN_POINT ( 'NONE',  ( -2.561276623396233187, 9.000000000000001776, -17.81684208995646301 ) ) ;
#3541 = FACE_OUTER_BOUND ( 'NONE', #3647, .T. ) ;
#3542 = FACE_BOUND ( 'NONE', #2856, .T. ) ;
#3543 = CIRCLE ( 'NONE', #1381, 1.699999999999996625 ) ;
#3544 = ADVANCED_FACE ( 'NONE', ( #1073 ), #3041, .F. ) ;
#3545 = CARTESIAN_POINT ( 'NONE',  ( -2.561276623396233187, 9.000000000000001776, -17.81684208995646301 ) ) ;
#3546 = ORIENTED_EDGE ( 'NONE', *, *, #3386, .F. ) ;
#3547 = CARTESIAN_POINT ( 'NONE',  ( -14.43375672974065260, 0.000000000000000000, 2.602085213965210642E-15 ) ) ;
#3548 = VERTEX_POINT ( 'NONE', #417 ) ;
#3549 = DIRECTION ( 'NONE',  ( 0.000000000000000000, 1.000000000000000000, 0.000000000000000000 ) ) ;
#3550 = ORIENTED_EDGE ( 'NONE', *, *, #1060, .T. ) ;
#3551 = VECTOR ( 'NONE', #818, 1000.000000000000000 ) ;
#3552 = FACE_OUTER_BOUND ( 'NONE', #3250, .T. ) ;
#3553 = CARTESIAN_POINT ( 'NONE',  ( 15.87713240271471093, 0.5000000000000003331, 17.50000000000000355 ) ) ;
#3554 = VECTOR ( 'NONE', #2578, 1000.000000000000000 ) ;
#3555 = DIRECTION ( 'NONE',  ( 0.000000000000000000, 0.000000000000000000, 1.000000000000000000 ) ) ;
#3556 = ORIENTED_EDGE ( 'NONE', *, *, #1822, .T. ) ;
#3557 = FACE_OUTER_BOUND ( 'NONE', #794, .T. ) ;
#3558 = DIRECTION ( 'NONE',  ( 0.000000000000000000, 1.000000000000000000, -0.000000000000000000 ) ) ;
#3559 = DIRECTION ( 'NONE',  ( -0.000000000000000000, -1.000000000000000000, 0.000000000000000000 ) ) ;
#3560 = EDGE_CURVE ( 'NONE', #194, #3797, #1367, .T. ) ;
#3561 = FACE_OUTER_BOUND ( 'NONE', #2157, .T. ) ;
#3562 = ORIENTED_EDGE ( 'NONE', *, *, #606, .T. ) ;
#3563 = FACE_OUTER_BOUND ( 'NONE', #1963, .T. ) ;
#3564 = EDGE_LOOP ( 'NONE', ( #1531, #2465, #2313, #2923 ) ) ;
#3565 = FACE_OUTER_BOUND ( 'NONE', #423, .T. ) ;
#3566 = ORIENTED_EDGE ( 'NONE', *, *, #1054, .T. ) ;
#3567 = EDGE_LOOP ( 'NONE', ( #1603, #1650, #1074, #1199 ) ) ;
#3568 = CIRCLE ( 'NONE', #893, 9.999999999999998224 ) ;
#3569 = FILL_AREA_STYLE ('',( #3049 ) ) ;
#3570 = DIRECTION ( 'NONE',  ( 0.000000000000000000, -1.000000000000000000, -0.000000000000000000 ) ) ;
#3571 = EDGE_CURVE ( 'NONE', #2316, #578, #1343, .T. ) ;
#3572 = CYLINDRICAL_SURFACE ( 'NONE', #3629, 1.000000000000000888 ) ;
#3573 = FACE_OUTER_BOUND ( 'NONE', #683, .T. ) ;
#3574 = ORIENTED_EDGE ( 'NONE', *, *, #1681, .F. ) ;
#3575 = DIRECTION ( 'NONE',  ( -0.6123724356957963577, 0.7071067811865453523, -0.3535533905932751186 ) ) ;
#3576 = CARTESIAN_POINT ( 'NONE',  ( 0.000000000000000000, 1.000000000000000000, -17.50000000000000711 ) ) ;
#3577 = DIRECTION ( 'NONE',  ( 0.000000000000000000, -0.7071067811865524577, -0.7071067811865426878 ) ) ;
#3578 = DIRECTION ( 'NONE',  ( 0.000000000000000000, -1.000000000000000000, 0.000000000000000000 ) ) ;
#3579 = EDGE_LOOP ( 'NONE', ( #1740, #3006, #1576, #1258 ) ) ;
#3580 = DIRECTION ( 'NONE',  ( 0.000000000000000000, -0.5150380749100544886, -0.8571673007021121116 ) ) ;
#3581 = AXIS2_PLACEMENT_3D ( 'NONE', #3059, #382, #1540 ) ;
#3582 = VERTEX_POINT ( 'NONE', #3750 ) ;
#3583 = CARTESIAN_POINT ( 'NONE',  ( -1.000000000000000000, 0.000000000000000000, -17.50000000000000711 ) ) ;
#3584 = AXIS2_PLACEMENT_3D ( 'NONE', #5, #3549, #3272 ) ;
#3585 = AXIS2_PLACEMENT_3D ( 'NONE', #1221, #928, #231 ) ;
#3586 = ORIENTED_EDGE ( 'NONE', *, *, #2813, .F. ) ;
#3587 = CIRCLE ( 'NONE', #3462, 1.699999999999998845 ) ;
#3588 = ORIENTED_EDGE ( 'NONE', *, *, #19, .F. ) ;
#3589 = DIRECTION ( 'NONE',  ( 0.000000000000000000, 0.000000000000000000, -1.000000000000000000 ) ) ;
#3590 = VECTOR ( 'NONE', #500, 1000.000000000000114 ) ;
#3591 = DIRECTION ( 'NONE',  ( 8.659560562354874926E-17, -0.7071067811865524577, 0.7071067811865426878 ) ) ;
#3592 = VECTOR ( 'NONE', #3577, 1000.000000000000000 ) ;
#3593 = AXIS2_PLACEMENT_3D ( 'NONE', #3338, #1006, #666 ) ;
#3594 = CARTESIAN_POINT ( 'NONE',  ( 0.000000000000000000, 9.000000000000001776, 0.000000000000000000 ) ) ;
#3595 = ORIENTED_EDGE ( 'NONE', *, *, #2257, .F. ) ;
#3596 = CARTESIAN_POINT ( 'NONE',  ( -7.216878364870324525, 0.000000000000000000, -12.50000000000000888 ) ) ;
#3597 = PLANE ( 'NONE',  #2827 ) ;
#3598 = FACE_OUTER_BOUND ( 'NONE', #125, .T. ) ;
#3599 = EDGE_CURVE ( 'NONE', #50, #3485, #3840, .T. ) ;
#3600 = DIRECTION ( 'NONE',  ( 0.1736481776669271393, 0.000000000000000000, -0.9848077530122086864 ) ) ;
#3601 = ORIENTED_EDGE ( 'NONE', *, *, #1979, .T. ) ;
#3602 = LINE ( 'NONE', #1259, #990 ) ;
#3603 = CARTESIAN_POINT ( 'NONE',  ( 0.000000000000000000, 0.000000000000000000, -9.500000000000001776 ) ) ;
#3604 = CARTESIAN_POINT ( 'NONE',  ( 13.50000000000000000, 0.000000000000000000, -2.999999999999995559 ) ) ;
#3605 = AXIS2_PLACEMENT_3D ( 'NONE', #2826, #3770, #2302 ) ;
#3606 = VERTEX_POINT ( 'NONE', #1091 ) ;
#3607 = EDGE_CURVE ( 'NONE', #1907, #242, #2667, .T. ) ;
#3608 = ORIENTED_EDGE ( 'NONE', *, *, #1105, .F. ) ;
#3609 = DIRECTION ( 'NONE',  ( 1.049727191138618449E-16, -0.5150380749100544886, 0.8571673007021121116 ) ) ;
#3610 = CARTESIAN_POINT ( 'NONE',  ( -4.336808689942017736E-15, 3.500000000000000000, 22.50000000000000711 ) ) ;
#3611 = EDGE_CURVE ( 'NONE', #641, #2295, #2356, .T. ) ;
#3612 = ORIENTED_EDGE ( 'NONE', *, *, #2168, .F. ) ;
#3613 = CARTESIAN_POINT ( 'NONE',  ( -10.59149068828365969, 8.000000000000000000, 6.115000000000050839 ) ) ;
#3614 = EDGE_CURVE ( 'NONE', #209, #1575, #497, .T. ) ;
#3615 = FACE_OUTER_BOUND ( 'NONE', #1930, .T. ) ;
#3616 = VERTEX_POINT ( 'NONE', #515 ) ;
#3617 = FACE_OUTER_BOUND ( 'NONE', #467, .T. ) ;
#3618 = CARTESIAN_POINT ( 'NONE',  ( 23.09401076758502214, 7.000000000000000000, -5.000000000000003553 ) ) ;
#3619 = LINE ( 'NONE', #3247, #3592 ) ;
#3620 = DIRECTION ( 'NONE',  ( 0.000000000000000000, 0.000000000000000000, -1.000000000000000000 ) ) ;
#3621 = ORIENTED_EDGE ( 'NONE', *, *, #3607, .T. ) ;
#3622 = DIRECTION ( 'NONE',  ( -0.000000000000000000, -1.000000000000000000, -0.000000000000000000 ) ) ;
#3623 = CARTESIAN_POINT ( 'NONE',  ( -1.000000000000000000, 1.000000000000000000, -17.50000000000000711 ) ) ;
#3624 = LINE ( 'NONE', #279, #3152 ) ;
#3625 = VERTEX_POINT ( 'NONE', #3225 ) ;
#3626 = ORIENTED_EDGE ( 'NONE', *, *, #2224, .T. ) ;
#3627 = DIRECTION ( 'NONE',  ( -0.8660254037844431485, 0.000000000000000000, -0.4999999999999920064 ) ) ;
#3628 = LINE ( 'NONE', #3649, #1365 ) ;
#3629 = AXIS2_PLACEMENT_3D ( 'NONE', #55, #907, #2093 ) ;
#3630 = EDGE_LOOP ( 'NONE', ( #3123, #2153, #2800 ) ) ;
#3631 = CARTESIAN_POINT ( 'NONE',  ( 2.143131898507867459E-15, 12.00000000000000000, 17.49999999999999645 ) ) ;
#3632 = VECTOR ( 'NONE', #330, 1000.000000000000114 ) ;
#3633 = CARTESIAN_POINT ( 'NONE',  ( 2.000000000000001332, 9.000000000000001776, -21.00000000000000000 ) ) ;
#3634 = ORIENTED_EDGE ( 'NONE', *, *, #3803, .T. ) ;
#3635 = CARTESIAN_POINT ( 'NONE',  ( 13.50000000000000000, 5.000000000000000000, -2.999999999999997335 ) ) ;
#3636 = DIRECTION ( 'NONE',  ( 0.000000000000000000, 0.000000000000000000, -1.000000000000000000 ) ) ;
#3637 = PLANE ( 'NONE',  #1112 ) ;
#3638 = ORIENTED_EDGE ( 'NONE', *, *, #764, .F. ) ;
#3639 = CARTESIAN_POINT ( 'NONE',  ( 15.19999999999999751, 5.000000000000000000, 0.000000000000000000 ) ) ;
#3640 = FACE_OUTER_BOUND ( 'NONE', #551, .T. ) ;
#3641 = FACE_OUTER_BOUND ( 'NONE', #1947, .T. ) ;
#3642 = EDGE_CURVE ( 'NONE', #3358, #3812, #864, .T. ) ;
#3643 = ADVANCED_FACE ( 'NONE', ( #197 ), #2612, .T. ) ;
#3644 = EDGE_CURVE ( 'NONE', #1665, #2367, #3497, .T. ) ;
#3646 = ORIENTED_EDGE ( 'NONE', *, *, #1704, .T. ) ;
#3645 = EDGE_CURVE ( 'NONE', #2077, #2642, #3787, .T. ) ;
#3647 = EDGE_LOOP ( 'NONE', ( #545, #2844, #3010, #2931 ) ) ;
#3648 = SURFACE_STYLE_USAGE ( .BOTH. , #372 ) ;
#3649 = CARTESIAN_POINT ( 'NONE',  ( 10.43502884254437646, 5.000000000000000000, -13.43502884254441554 ) ) ;
#3650 = VECTOR ( 'NONE', #1088, 1000.000000000000000 ) ;
#3651 = VERTEX_POINT ( 'NONE', #2039 ) ;
#3652 = AXIS2_PLACEMENT_3D ( 'NONE', #505, #1393, #3519 ) ;
#3653 = LINE ( 'NONE', #1285, #3632 ) ;
#3654 = PRESENTATION_LAYER_ASSIGNMENT (  '', '', ( #3280 ) ) ;
#3655 = DIRECTION ( 'NONE',  ( 0.8660254037844328234, 0.000000000000000000, -0.5000000000000101030 ) ) ;
#3656 = AXIS2_PLACEMENT_3D ( 'NONE', #1504, #3018, #316 ) ;
#3657 = VECTOR ( 'NONE', #1533, 1000.000000000000000 ) ;
#3658 = ORIENTED_EDGE ( 'NONE', *, *, #2387, .T. ) ;
#3659 = CARTESIAN_POINT ( 'NONE',  ( -6.749999999999891642, 12.00000000000000000, 11.69134295108998245 ) ) ;
#3660 = CARTESIAN_POINT ( 'NONE',  ( 14.43375672974063662, 0.000000000000000000, 0.000000000000000000 ) ) ;
#3661 = CARTESIAN_POINT ( 'NONE',  ( -1.999999999999998668, 9.000000000000001776, -21.00000000000000000 ) ) ;
#3662 = ADVANCED_FACE ( 'NONE', ( #1128 ), #2315, .F. ) ;
#3663 = CIRCLE ( 'NONE', #2485, 9.499999999999998224 ) ;
#3664 = VECTOR ( 'NONE', #2570, 1000.000000000000000 ) ;
#3665 = EDGE_CURVE ( 'NONE', #1104, #2442, #1653, .T. ) ;
#3666 = ORIENTED_EDGE ( 'NONE', *, *, #68, .T. ) ;
#3667 = DIRECTION ( 'NONE',  ( 0.000000000000000000, 0.000000000000000000, 1.000000000000000000 ) ) ;
#3668 = LINE ( 'NONE', #1293, #3859 ) ;
#3669 = DIRECTION ( 'NONE',  ( 0.8660254037844362651, 0.000000000000000000, -0.5000000000000041078 ) ) ;
#3670 = EDGE_CURVE ( 'NONE', #1201, #600, #2352, .T. ) ;
#3671 = ORIENTED_EDGE ( 'NONE', *, *, #932, .T. ) ;
#3672 = EDGE_LOOP ( 'NONE', ( #2414, #1069, #1771, #693 ) ) ;
#3673 = FACE_OUTER_BOUND ( 'NONE', #3145, .T. ) ;
#3674 = CARTESIAN_POINT ( 'NONE',  ( 16.43502884254436935, -1.187907395172929833E-15, -13.43502884254443686 ) ) ;
#3675 = VERTEX_POINT ( 'NONE', #831 ) ;
#3676 = VECTOR ( 'NONE', #1024, 1000.000000000000000 ) ;
#3677 = DIRECTION ( 'NONE',  ( 0.000000000000000000, -1.000000000000000000, -0.000000000000000000 ) ) ;
#3678 = ORIENTED_EDGE ( 'NONE', *, *, #701, .F. ) ;
#3679 = VECTOR ( 'NONE', #163, 1000.000000000000000 ) ;
#3680 = CARTESIAN_POINT ( 'NONE',  ( 7.216878364870319196, 0.5000000000000004441, 22.50000000000001066 ) ) ;
#3681 = DIRECTION ( 'NONE',  ( 0.000000000000000000, 0.000000000000000000, -1.000000000000000000 ) ) ;
#3682 = ORIENTED_EDGE ( 'NONE', *, *, #3174, .T. ) ;
#3683 = CARTESIAN_POINT ( 'NONE',  ( 13.43502884254437646, 5.000000000000000000, -13.43502884254442620 ) ) ;
#3684 = CARTESIAN_POINT ( 'NONE',  ( 5.277756813566601757, 5.000000000000000000, 12.54134295108985775 ) ) ;
#3685 = CIRCLE ( 'NONE', #1698, 2.999999999999994671 ) ;
#3686 = CARTESIAN_POINT ( 'NONE',  ( -13.50000000000000000, 5.000000000000000000, 0.000000000000000000 ) ) ;
#3687 = ADVANCED_FACE ( 'NONE', ( #1442 ), #2300, .F. ) ;
#3688 = ORIENTED_EDGE ( 'NONE', *, *, #681, .F. ) ;
#3689 = ORIENTED_EDGE ( 'NONE', *, *, #2554, .F. ) ;
#3690 = LINE ( 'NONE', #1957, #3292 ) ;
#3691 = VECTOR ( 'NONE', #2372, 1000.000000000000000 ) ;
#3692 = ORIENTED_EDGE ( 'NONE', *, *, #182, .T. ) ;
#3693 = CARTESIAN_POINT ( 'NONE',  ( 4.151923788646656455, 0.000000000000000000, -13.19134295108993093 ) ) ;
#3694 = MANIFOLD_SOLID_BREP ( '切除-拉伸1', #1053 ) ;
#3695 = CARTESIAN_POINT ( 'NONE',  ( 6.750000000000135891, 12.00000000000000000, 11.69134295108984212 ) ) ;
#3696 = EDGE_CURVE ( 'NONE', #1804, #2744, #2935, .T. ) ;
#3697 = DIRECTION ( 'NONE',  ( -0.6123724356957960246, 0.7071067811865449082, 0.3535533905932760623 ) ) ;
#3698 = ORIENTED_EDGE ( 'NONE', *, *, #3434, .F. ) ;
#3699 = CARTESIAN_POINT ( 'NONE',  ( -15.44411970082248864, 7.000000000000000000, -17.25000000000000355 ) ) ;
#3700 = DIRECTION ( 'NONE',  ( 0.000000000000000000, 0.000000000000000000, -1.000000000000000000 ) ) ;
#3701 = EDGE_CURVE ( 'NONE', #3382, #2442, #251, .T. ) ;
#3702 = VERTEX_POINT ( 'NONE', #3261 ) ;
#3703 = LINE ( 'NONE', #3081, #172 ) ;
#3704 = CARTESIAN_POINT ( 'NONE',  ( -9.292452582607005240, 8.000000000000000000, 5.365000000000045510 ) ) ;
#3705 = CARTESIAN_POINT ( 'NONE',  ( 15.44411970082248153, 7.000000000000000000, 17.25000000000000000 ) ) ;
#3706 = VERTEX_POINT ( 'NONE', #3342 ) ;
#3707 = ORIENTED_EDGE ( 'NONE', *, *, #1075, .T. ) ;
#3708 = DIRECTION ( 'NONE',  ( -0.000000000000000000, 1.000000000000000000, -0.000000000000000000 ) ) ;
#3709 = EDGE_CURVE ( 'NONE', #2632, #527, #3653, .T. ) ;
#3710 = AXIS2_PLACEMENT_3D ( 'NONE', #1468, #2961, #616 ) ;
#3711 = EDGE_CURVE ( 'NONE', #477, #1665, #1249, .T. ) ;
#3712 = ORIENTED_EDGE ( 'NONE', *, *, #1965, .T. ) ;
#3713 = LINE ( 'NONE', #3693, #573 ) ;
#3714 = DIRECTION ( 'NONE',  ( 1.000000000000000000, 0.000000000000000000, 0.000000000000000000 ) ) ;
#3715 = AXIS2_PLACEMENT_3D ( 'NONE', #1182, #2365, #1492 ) ;
#3716 = ADVANCED_FACE ( 'NONE', ( #2073 ), #3303, .F. ) ;
#3717 = DIRECTION ( 'NONE',  ( 1.000000000000000000, -0.000000000000000000, 1.335390754433030140E-16 ) ) ;
#3719 = ORIENTED_EDGE ( 'NONE', *, *, #661, .F. ) ;
#3718 = VECTOR ( 'NONE', #2296, 1000.000000000000000 ) ;
#3720 = DIRECTION ( 'NONE',  ( -0.000000000000000000, -1.000000000000000000, -0.000000000000000000 ) ) ;
#3721 = CARTESIAN_POINT ( 'NONE',  ( -6.749999999999891642, 5.000000000000000000, 11.69134295108998245 ) ) ;
#3722 = ORIENTED_EDGE ( 'NONE', *, *, #1313, .T. ) ;
#3723 = LINE ( 'NONE', #2830, #1307 ) ;
#3724 = CARTESIAN_POINT ( 'NONE',  ( -23.09401076758503990, 0.5000000000000012212, -4.999999999999997335 ) ) ;
#3725 = CARTESIAN_POINT ( 'NONE',  ( -19.05255888325764957, 7.000000000000000000, 10.99999999999999822 ) ) ;
#3726 = VECTOR ( 'NONE', #116, 1000.000000000000114 ) ;
#3727 = VECTOR ( 'NONE', #24, 1000.000000000000000 ) ;
#3728 = ORIENTED_EDGE ( 'NONE', *, *, #3430, .F. ) ;
#3729 = ORIENTED_EDGE ( 'NONE', *, *, #2657, .T. ) ;
#3730 = CARTESIAN_POINT ( 'NONE',  ( 25.98076211353315301, 7.000000000000000000, -3.489324058411262266E-15 ) ) ;
#3731 = CIRCLE ( 'NONE', #3420, 2.999999999999999112 ) ;
#3732 = VECTOR ( 'NONE', #3708, 1000.000000000000000 ) ;
#3733 = DIRECTION ( 'NONE',  ( -0.000000000000000000, -1.000000000000000000, -0.000000000000000000 ) ) ;
#3734 = FACE_OUTER_BOUND ( 'NONE', #3051, .T. ) ;
#3735 = PLANE ( 'NONE',  #671 ) ;
#3736 = ORIENTED_EDGE ( 'NONE', *, *, #2976, .F. ) ;
#3737 = PLANE ( 'NONE',  #457 ) ;
#3738 = DIRECTION ( 'NONE',  ( 0.000000000000000000, -1.000000000000000000, 0.000000000000000000 ) ) ;
#3739 = ORIENTED_EDGE ( 'NONE', *, *, #64, .F. ) ;
#3740 = DIRECTION ( 'NONE',  ( -0.4999999999999920619, 0.000000000000000000, 0.8660254037844433705 ) ) ;
#3741 = DIRECTION ( 'NONE',  ( -0.5000000000000044409, 0.000000000000000000, -0.8660254037844361541 ) ) ;
#3742 = EDGE_CURVE ( 'NONE', #527, #184, #1765, .T. ) ;
#3743 = EDGE_LOOP ( 'NONE', ( #3509, #1707, #2468, #1023 ) ) ;
#3744 = LINE ( 'NONE', #191, #720 ) ;
#3745 = ORIENTED_EDGE ( 'NONE', *, *, #1094, .T. ) ;
#3746 = LINE ( 'NONE', #2820, #3732 ) ;
#3747 = EDGE_LOOP ( 'NONE', ( #648, #2899, #841, #498 ) ) ;
#3748 = CARTESIAN_POINT ( 'NONE',  ( 2.438086578130289617, 7.000000000000000000, -18.51548755403112168 ) ) ;
#3749 = ADVANCED_FACE ( 'NONE', ( #3282 ), #1562, .F. ) ;
#3750 = CARTESIAN_POINT ( 'NONE',  ( 10.35127944162881342, 3.500000000000000000, -4.071058083755727530 ) ) ;
#3751 = VERTEX_POINT ( 'NONE', #75 ) ;
#3752 = LINE ( 'NONE', #814, #2121 ) ;
#3753 = CYLINDRICAL_SURFACE ( 'NONE', #2853, 9.000000000000000000 ) ;
#3754 = CIRCLE ( 'NONE', #3203, 2.999999999999994227 ) ;
#3755 = ORIENTED_EDGE ( 'NONE', *, *, #3020, .F. ) ;
#3756 = DIRECTION ( 'NONE',  ( -0.6123724356957940262, 0.7071067811865481278, -0.3535533905932735088 ) ) ;
#3757 = CARTESIAN_POINT ( 'NONE',  ( -12.99038105676658184, 0.5000000000000004441, 22.50000000000000711 ) ) ;
#3758 = CIRCLE ( 'NONE', #2076, 1.499999999999999334 ) ;
#3759 = CARTESIAN_POINT ( 'NONE',  ( -4.336808689942017736E-15, 3.500000000000000000, 22.50000000000000711 ) ) ;
#3760 = EDGE_LOOP ( 'NONE', ( #3527, #1083 ) ) ;
#3761 = EDGE_CURVE ( 'NONE', #1619, #2501, #3259, .T. ) ;
#3762 = DIRECTION ( 'NONE',  ( 0.000000000000000000, 1.000000000000000000, 0.000000000000000000 ) ) ;
#3763 = ORIENTED_EDGE ( 'NONE', *, *, #2727, .F. ) ;
#3764 = FACE_OUTER_BOUND ( 'NONE', #3579, .T. ) ;
#3765 = ORIENTED_EDGE ( 'NONE', *, *, #233, .T. ) ;
#3766 = LINE ( 'NONE', #2526, #978 ) ;
#3767 = DIRECTION ( 'NONE',  ( -0.6123724356957942483, -0.7071067811865456854, 0.3535533905932778387 ) ) ;
#3768 = AXIS2_PLACEMENT_3D ( 'NONE', #3576, #359, #3636 ) ;
#3769 = VERTEX_POINT ( 'NONE', #288 ) ;
#3770 = DIRECTION ( 'NONE',  ( 0.000000000000000000, -1.000000000000000000, 0.000000000000000000 ) ) ;
#3771 = DIRECTION ( 'NONE',  ( 0.000000000000000000, 0.000000000000000000, -1.000000000000000000 ) ) ;
#3772 = VECTOR ( 'NONE', #3396, 1000.000000000000000 ) ;
#3773 = ORIENTED_EDGE ( 'NONE', *, *, #1936, .T. ) ;
#3774 = DIRECTION ( 'NONE',  ( -9.442638579934104377E-17, 0.7071067811865512365, 0.7071067811865439090 ) ) ;
#3775 = CARTESIAN_POINT ( 'NONE',  ( 7.216878364870305873, 7.000000000000000000, -12.50000000000000533 ) ) ;
#3776 = EDGE_CURVE ( 'NONE', #226, #3548, #1516, .T. ) ;
#3777 = CARTESIAN_POINT ( 'NONE',  ( 20.31057158514983385, 3.500000000000000000, -9.821058083755772827 ) ) ;
#3778 = EDGE_CURVE ( 'NONE', #673, #2818, #1958, .T. ) ;
#3779 = ORIENTED_EDGE ( 'NONE', *, *, #3164, .F. ) ;
#3780 = CARTESIAN_POINT ( 'NONE',  ( 6.749999999999973355, 12.00000000000000000, -11.69134295108993804 ) ) ;
#3781 = ORIENTED_EDGE ( 'NONE', *, *, #2337, .F. ) ;
#3782 = AXIS2_PLACEMENT_3D ( 'NONE', #572, #1193, #3291 ) ;
#3783 = PRESENTATION_STYLE_ASSIGNMENT (( #1723 ) ) ;
#3784 = EDGE_CURVE ( 'NONE', #2910, #1120, #623, .T. ) ;
#3785 = ORIENTED_EDGE ( 'NONE', *, *, #821, .T. ) ;
#3786 = DIRECTION ( 'NONE',  ( -0.000000000000000000, -1.000000000000000000, -0.000000000000000000 ) ) ;
#3787 = LINE ( 'NONE', #1161, #166 ) ;
#3788 = VERTEX_POINT ( 'NONE', #2469 ) ;
#3789 = DIRECTION ( 'NONE',  ( 0.000000000000000000, 0.000000000000000000, -1.000000000000000000 ) ) ;
#3790 = CARTESIAN_POINT ( 'NONE',  ( -1.999999999999998668, 7.000000000000000000, -21.00000000000000000 ) ) ;
#3791 = EDGE_LOOP ( 'NONE', ( #1416, #931, #1560, #663 ) ) ;
#3792 = DIRECTION ( 'NONE',  ( 0.000000000000000000, 1.000000000000000000, 0.000000000000000000 ) ) ;
#3793 = PRESENTATION_STYLE_ASSIGNMENT (( #2618 ) ) ;
#3794 = DIRECTION ( 'NONE',  ( 0.000000000000000000, 1.000000000000000000, 0.000000000000000000 ) ) ;
#3795 = VERTEX_POINT ( 'NONE', #1865 ) ;
#3796 = DIRECTION ( 'NONE',  ( -0.000000000000000000, -1.000000000000000000, 0.000000000000000000 ) ) ;
#3797 = VERTEX_POINT ( 'NONE', #36 ) ;
#3798 = PLANE ( 'NONE',  #2743 ) ;
#3799 = VERTEX_POINT ( 'NONE', #2409 ) ;
#3800 = CARTESIAN_POINT ( 'NONE',  ( 8.701279441628802402, 3.500000000000000000, -6.928941916244362176 ) ) ;
#3801 = DIRECTION ( 'NONE',  ( -1.000000000000000000, 0.000000000000000000, -4.336808689942017120E-17 ) ) ;
#3802 = VERTEX_POINT ( 'NONE', #2432 ) ;
#3803 = EDGE_CURVE ( 'NONE', #3675, #1246, #577, .T. ) ;
#3804 = LINE ( 'NONE', #834, #2540 ) ;
#3805 = EDGE_CURVE ( 'NONE', #1810, #2367, #133, .T. ) ;
#3806 = EDGE_CURVE ( 'NONE', #3093, #2266, #3758, .T. ) ;
#3807 = VERTEX_POINT ( 'NONE', #2451 ) ;
#3808 = DIRECTION ( 'NONE',  ( 1.000000000000000000, 0.000000000000000000, 1.335390754433031373E-16 ) ) ;
#3809 = CARTESIAN_POINT ( 'NONE',  ( 13.43502884254438001, 5.000000000000000000, 13.43502884254442264 ) ) ;
#3810 = MECHANICAL_DESIGN_GEOMETRIC_PRESENTATION_REPRESENTATION (  '', ( #2265 ), #2580 ) ;
#3811 = CYLINDRICAL_SURFACE ( 'NONE', #1114, 2.999999999999995559 ) ;
#3812 = VERTEX_POINT ( 'NONE', #1842 ) ;
#3813 = CARTESIAN_POINT ( 'NONE',  ( 23.09401076758502214, 6.499999999999992895, -5.000000000000003553 ) ) ;
#3814 = ORIENTED_EDGE ( 'NONE', *, *, #1704, .F. ) ;
#3815 = CARTESIAN_POINT ( 'NONE',  ( -13.43502884254438001, -1.187907395172929833E-15, -16.43502884254441199 ) ) ;
#3816 = CIRCLE ( 'NONE', #2144, 9.500000000000015987 ) ;
#3817 = ORIENTED_EDGE ( 'NONE', *, *, #566, .T. ) ;
#3818 = ADVANCED_FACE ( 'NONE', ( #1580 ), #3572, .F. ) ;
#3819 = CARTESIAN_POINT ( 'NONE',  ( -9.348076211353216536, 3.851859888774471706E-31, 10.19134295109001087 ) ) ;
#3820 = ADVANCED_FACE ( 'NONE', ( #2993 ), #3033, .F. ) ;
#3821 = DIRECTION ( 'NONE',  ( 0.000000000000000000, -1.000000000000000000, 0.000000000000000000 ) ) ;
#3822 = DIRECTION ( 'NONE',  ( -1.000000000000000000, -0.000000000000000000, -0.000000000000000000 ) ) ;
#3823 = EDGE_CURVE ( 'NONE', #50, #759, #1267, .T. ) ;
#3824 = ORIENTED_EDGE ( 'NONE', *, *, #1814, .T. ) ;
#3825 = CARTESIAN_POINT ( 'NONE',  ( -8.222243186433441764, 12.00000000000000000, 10.84134295108999879 ) ) ;
#3826 = DIRECTION ( 'NONE',  ( 0.000000000000000000, -1.000000000000000000, 0.000000000000000000 ) ) ;
#3827 = FACE_BOUND ( 'NONE', #1003, .T. ) ;
#3828 = CIRCLE ( 'NONE', #219, 1.699999999999998845 ) ;
#3829 = CIRCLE ( 'NONE', #3215, 2.999999999999997335 ) ;
#3830 = DIRECTION ( 'NONE',  ( 0.000000000000000000, 0.000000000000000000, 1.000000000000000000 ) ) ;
#3831 = ORIENTED_EDGE ( 'NONE', *, *, #1862, .T. ) ;
#3832 = CARTESIAN_POINT ( 'NONE',  ( -7.216878364870328966, 7.000000000000000000, 22.50000000000000711 ) ) ;
#3833 = VERTEX_POINT ( 'NONE', #749 ) ;
#3834 = CONICAL_SURFACE ( 'NONE', #476, 1.499999999999999556, 1.029744258676653645 ) ;
#3835 = AXIS2_PLACEMENT_3D ( 'NONE', #2998, #1788, #2982 ) ;
#3836 = AXIS2_PLACEMENT_3D ( 'NONE', #3069, #91, #2783 ) ;
#3837 = EDGE_LOOP ( 'NONE', ( #1641, #1554 ) ) ;
#3838 = UNCERTAINTY_MEASURE_WITH_UNIT (LENGTH_MEASURE( 1.000000000000000082E-05 ), #1463, 'distance_accuracy_value', 'NONE');
#3839 = FACE_OUTER_BOUND ( 'NONE', #3151, .T. ) ;
#3840 = CIRCLE ( 'NONE', #548, 17.49999999999999645 ) ;
#3841 = DIRECTION ( 'NONE',  ( -0.8660254037844432595, 0.000000000000000000, -0.4999999999999919509 ) ) ;
#3842 = CARTESIAN_POINT ( 'NONE',  ( 0.000000000000000000, 12.00000000000000000, 0.000000000000000000 ) ) ;
#3843 = EDGE_CURVE ( 'NONE', #325, #745, #3713, .T. ) ;
#3844 = EDGE_LOOP ( 'NONE', ( #3601, #1761, #2070, #3712, #2532, #2566, #3444, #1322, #3268, #3354, #1509, #3171 ) ) ;
#3845 = FACE_OUTER_BOUND ( 'NONE', #1336, .T. ) ;
#3846 = CARTESIAN_POINT ( 'NONE',  ( 22.66099806569280162, 0.000000000000000000, -4.750000000000003553 ) ) ;
#3847 = CARTESIAN_POINT ( 'NONE',  ( -5.277756813566515603, 12.00000000000000000, -12.54134295108989861 ) ) ;
#3848 = STYLED_ITEM ( 'NONE', ( #1203 ), #1552 ) ;
#3849 = LINE ( 'NONE', #2128, #1675 ) ;
#3850 = EDGE_LOOP ( 'NONE', ( #3422, #2626, #1841 ) ) ;
#3851 = DIRECTION ( 'NONE',  ( 0.000000000000000000, 0.000000000000000000, 1.000000000000000000 ) ) ;
#3852 = ORIENTED_EDGE ( 'NONE', *, *, #760, .T. ) ;
#3853 = DIRECTION ( 'NONE',  ( 0.000000000000000000, 0.000000000000000000, 1.000000000000000000 ) ) ;
#3854 = EDGE_CURVE ( 'NONE', #1310, #1635, #1211, .T. ) ;
#3855 = VERTEX_POINT ( 'NONE', #1924 ) ;
#3856 = DIRECTION ( 'NONE',  ( 0.000000000000000000, 0.000000000000000000, 1.000000000000000000 ) ) ;
#3857 = DIRECTION ( 'NONE',  ( 0.01745240643728079508, 0.000000000000000000, -0.9998476951563912696 ) ) ;
#3858 = DIRECTION ( 'NONE',  ( -0.000000000000000000, -1.000000000000000000, -0.000000000000000000 ) ) ;
#3859 = VECTOR ( 'NONE', #633, 1000.000000000000000 ) ;
#3860 = ADVANCED_FACE ( 'NONE', ( #1960 ), #323, .T. ) ;
#3861 = DIRECTION ( 'NONE',  ( 0.8660254037844327124, 0.000000000000000000, -0.5000000000000102141 ) ) ;
#3862 = ORIENTED_EDGE ( 'NONE', *, *, #3362, .T. ) ;
#3863 = DIRECTION ( 'NONE',  ( 0.000000000000000000, -1.000000000000000000, 0.000000000000000000 ) ) ;
#3864 = LINE ( 'NONE', #2692, #1145 ) ;
#3865 = CARTESIAN_POINT ( 'NONE',  ( 14.43375672974063662, 7.000000000000000000, 0.000000000000000000 ) ) ;
ENDSEC;
END-ISO-10303-21;
